policy_stem,segment_id,labels,predicted
1017_sci-news.com,0,Other/Unclear|Policy Change,Other/Unclear|Policy Change
1017_sci-news.com,1,Data Collection,Data Collection|Other/Unclear
1017_sci-news.com,2,Data Collection|Data Retention,
1017_sci-news.com,3,Data Collection,Data Collection
1017_sci-news.com,4,Other/Unclear,Other/Unclear
1017_sci-news.com,5,Data Collection,Data Collection|Other/Unclear|User Control & Deletion
1017_sci-news.com,6,Data Collection|Other/Unclear,Other/Unclear
1017_sci-news.com,7,Other/Unclear|Third-Party Sharing,Other/Unclear
1017_sci-news.com,8,User Control & Deletion,Data Collection|User Control & Deletion
1017_sci-news.com,9,Policy Change|Third-Party Sharing,Other/Unclear|Third-Party Sharing|User Control & Deletion
1017_sci-news.com,10,Other/Unclear|User Control & Deletion,Other/Unclear|User Control & Deletion
1017_sci-news.com,11,Other/Unclear|User Control & Deletion,Data Collection|Other/Unclear|User Control & Deletion
1017_sci-news.com,12,Other/Unclear,Other/Unclear
1034_aol.com,0,Other/Unclear|Policy Change,Other/Unclear|Policy Change
1034_aol.com,1,Other/Unclear,Other/Unclear
1034_aol.com,2,Other/Unclear,
1034_aol.com,3,Data Collection,Data Collection
1034_aol.com,4,Other/Unclear,Other/Unclear
1034_aol.com,5,Data Collection|Other/Unclear,Data Collection|Other/Unclear
1034_aol.com,6,Data Collection|Other/Unclear|User Control & Deletion,Data Collection
1034_aol.com,7,Data Collection,Data Collection
1034_aol.com,8,Data Collection|Data Retention,Data Collection
1034_aol.com,9,Data Collection|Other/Unclear,Data Collection|Other/Unclear
1034_aol.com,10,Data Collection,Data Collection
1034_aol.com,11,Data Collection,Data Collection|User Control & Deletion
1034_aol.com,12,Data Collection,Data Collection|Third-Party Sharing
1034_aol.com,13,Other/Unclear,Data Collection|Other/Unclear
1034_aol.com,14,Data Collection,Data Collection
1034_aol.com,15,Data Collection|Other/Unclear,Data Collection|Third-Party Sharing
1034_aol.com,16,Data Collection|Other/Unclear,Data Collection|Other/Unclear|Third-Party Sharing
1034_aol.com,17,Third-Party Sharing,Third-Party Sharing
1034_aol.com,18,Third-Party Sharing,Third-Party Sharing
1034_aol.com,19,Third-Party Sharing,Third-Party Sharing
1034_aol.com,20,Third-Party Sharing|User Control & Deletion,Third-Party Sharing
1034_aol.com,21,Data Security|Other/Unclear|Third-Party Sharing,Other/Unclear|Third-Party Sharing
1034_aol.com,22,Other/Unclear,Third-Party Sharing
1034_aol.com,23,Other/Unclear|Third-Party Sharing,Data Collection|Third-Party Sharing
1034_aol.com,24,Other/Unclear,Other/Unclear|Third-Party Sharing|User Control & Deletion
1034_aol.com,25,Data Collection|Third-Party Sharing,Data Collection|Third-Party Sharing
1034_aol.com,26,Other/Unclear,Other/Unclear|Third-Party Sharing
1034_aol.com,27,Other/Unclear,Other/Unclear
1034_aol.com,28,Other/Unclear,Other/Unclear
1034_aol.com,29,User Control & Deletion,User Control & Deletion
1034_aol.com,30,Other/Unclear|User Control & Deletion,Other/Unclear|User Control & Deletion
1034_aol.com,31,Other/Unclear|User Control & Deletion,User Control & Deletion
1034_aol.com,32,User Control & Deletion,Data Collection|Third-Party Sharing
1034_aol.com,33,Other/Unclear,Other/Unclear|User Control & Deletion
1034_aol.com,34,Data Security,Data Security
1034_aol.com,35,Other/Unclear,Data Collection|Other/Unclear
1034_aol.com,36,Other/Unclear,Other/Unclear|User Control & Deletion
1034_aol.com,37,Other/Unclear,Other/Unclear
1034_aol.com,38,Other/Unclear|User Control & Deletion,Other/Unclear
1034_aol.com,39,Other/Unclear,Data Security|Other/Unclear
1034_aol.com,40,Other/Unclear,Other/Unclear
1034_aol.com,41,Other/Unclear|Policy Change,Policy Change
1034_aol.com,42,Policy Change,Policy Change
1050_honda.com,0,Other/Unclear,Other/Unclear
1050_honda.com,1,Other/Unclear,Data Security|Other/Unclear
1050_honda.com,2,Other/Unclear,Other/Unclear
1050_honda.com,3,Data Collection|Other/Unclear|User Control & Deletion,Other/Unclear
1050_honda.com,4,Data Collection|Other/Unclear|User Control & Deletion,Data Collection
1050_honda.com,5,Data Collection,Data Collection|User Control & Deletion
1050_honda.com,6,Data Collection|Data Retention|Other/Unclear,Data Collection
1050_honda.com,7,Data Collection,Data Collection
1050_honda.com,8,Data Collection|Data Retention,Data Collection
1050_honda.com,9,Data Collection|Third-Party Sharing|User Control & Deletion,Data Collection
1050_honda.com,10,Data Collection|Third-Party Sharing|User Control & Deletion,Data Collection|Third-Party Sharing|User Control & Deletion
1050_honda.com,11,Data Collection|Other/Unclear|Third-Party Sharing|User Control & Deletion,Data Collection|Third-Party Sharing
1050_honda.com,12,Data Collection|Third-Party Sharing,Data Collection|Other/Unclear|Third-Party Sharing|User Control & Deletion
1050_honda.com,13,Other/Unclear|Third-Party Sharing,Other/Unclear|Third-Party Sharing
1050_honda.com,14,Data Security,Data Security
1050_honda.com,15,Other/Unclear,Other/Unclear
1050_honda.com,16,Other/Unclear,Other/Unclear
1050_honda.com,17,Policy Change,Policy Change
1050_honda.com,18,Other/Unclear,Other/Unclear
1050_honda.com,19,Other/Unclear,Other/Unclear
1050_honda.com,20,Data Collection|Third-Party Sharing,Data Collection|User Control & Deletion
1050_honda.com,21,Data Collection,Data Collection
1050_honda.com,22,Data Collection|Other/Unclear,Data Collection|Third-Party Sharing|User Control & Deletion
1050_honda.com,23,Data Collection|Third-Party Sharing,Data Collection|Third-Party Sharing|User Control & Deletion
1050_honda.com,24,Data Collection,Data Collection|Other/Unclear|User Control & Deletion
1050_honda.com,25,Data Collection,Data Collection|User Control & Deletion
1050_honda.com,26,Data Collection|Third-Party Sharing,Data Collection|User Control & Deletion
1050_honda.com,27,Data Collection,Data Collection
1050_honda.com,28,Data Collection|Other/Unclear,Data Collection|Third-Party Sharing|User Control & Deletion
1050_honda.com,29,Data Collection|Third-Party Sharing,Third-Party Sharing|User Control & Deletion
1050_honda.com,30,Data Collection|Other/Unclear,Other/Unclear
1050_honda.com,31,Data Collection,Data Collection|Other/Unclear|User Control & Deletion
1050_honda.com,32,Data Collection,Data Collection|Other/Unclear|User Control & Deletion
1050_honda.com,33,Data Collection|Other/Unclear|User Control & Deletion,Other/Unclear|User Control & Deletion
1050_honda.com,34,Data Collection|User Control & Deletion,Data Collection|User Control & Deletion
1050_honda.com,35,Data Collection,Data Collection|User Control & Deletion
1050_honda.com,36,Data Collection|User Control & Deletion,Data Collection|Other/Unclear|User Control & Deletion
1050_honda.com,37,Data Collection,Data Collection
1050_honda.com,38,Other/Unclear,Other/Unclear
1050_honda.com,39,Data Collection,Data Collection|User Control & Deletion
1050_honda.com,40,Data Collection|User Control & Deletion,Data Collection|User Control & Deletion
1050_honda.com,41,Data Collection,Data Collection|User Control & Deletion
1050_honda.com,42,User Control & Deletion,User Control & Deletion
1050_honda.com,43,Third-Party Sharing|User Control & Deletion,Data Collection|Other/Unclear|Third-Party Sharing|User Control & Deletion
1050_honda.com,44,Data Collection,Data Collection|Other/Unclear|User Control & Deletion
1050_honda.com,45,Data Collection,Data Collection|Other/Unclear|User Control & Deletion
1050_honda.com,46,Data Collection,Data Collection|Other/Unclear|User Control & Deletion
1050_honda.com,47,Data Collection|User Control & Deletion,Data Collection|User Control & Deletion
1050_honda.com,48,Data Collection|User Control & Deletion,Data Collection|Third-Party Sharing|User Control & Deletion
1050_honda.com,49,User Control & Deletion,User Control & Deletion
1050_honda.com,50,Data Collection|User Control & Deletion,Data Collection
1050_honda.com,51,Data Collection|Data Security|Third-Party Sharing,Data Collection|Data Security
1050_honda.com,52,Data Collection|Data Retention,Data Collection|Data Retention|User Control & Deletion
1050_honda.com,53,Data Collection,Data Collection
1050_honda.com,54,Data Collection|User Control & Deletion,User Control & Deletion
1050_honda.com,55,Data Collection,Data Collection|Data Retention|User Control & Deletion
1050_honda.com,56,Data Collection,Data Collection
1050_honda.com,57,Data Collection|User Control & Deletion,User Control & Deletion
1050_honda.com,58,Other/Unclear|User Control & Deletion,Other/Unclear|User Control & Deletion
1050_honda.com,59,Other/Unclear|User Control & Deletion,Data Collection|Other/Unclear
1050_honda.com,60,Third-Party Sharing,Other/Unclear|Third-Party Sharing
1050_honda.com,61,Other/Unclear,Other/Unclear
1050_honda.com,62,Data Security|Other/Unclear,Other/Unclear
1050_honda.com,63,Data Security,Data Security
1050_honda.com,64,Data Collection,Data Collection
1050_honda.com,65,Third-Party Sharing,Third-Party Sharing
1050_honda.com,66,Third-Party Sharing,Other/Unclear|Third-Party Sharing
1050_honda.com,67,Third-Party Sharing,Data Collection|Third-Party Sharing
1050_honda.com,68,Policy Change,Policy Change
1050_honda.com,69,Data Collection,Data Collection|User Control & Deletion
1050_honda.com,70,Data Collection,Other/Unclear
1050_honda.com,71,Other/Unclear,Other/Unclear
105_amazon.com,0,Other/Unclear,Other/Unclear
105_amazon.com,1,Other/Unclear|Policy Change,Other/Unclear|Policy Change
105_amazon.com,2,Data Collection|Data Security|Other/Unclear|Policy Change|Third-Party Sharing|User Control & Deletion,Other/Unclear
105_amazon.com,3,Data Collection,Data Collection|Other/Unclear
105_amazon.com,4,Data Collection|Data Retention|User Control & Deletion,Data Collection|Other/Unclear
105_amazon.com,5,Data Collection|Data Retention,Data Collection|Other/Unclear
105_amazon.com,6,Data Collection|Third-Party Sharing|User Control & Deletion,Data Collection
105_amazon.com,7,Data Collection|Other/Unclear|User Control & Deletion,Data Collection|Other/Unclear|User Control & Deletion
105_amazon.com,8,Data Collection|Third-Party Sharing,Data Collection|Other/Unclear
105_amazon.com,9,Data Collection|Third-Party Sharing|User Control & Deletion,Data Collection|User Control & Deletion
105_amazon.com,10,Data Collection|Other/Unclear|Third-Party Sharing,Other/Unclear|Third-Party Sharing
105_amazon.com,11,Other/Unclear|Third-Party Sharing,Other/Unclear|Third-Party Sharing
105_amazon.com,12,Third-Party Sharing,Data Security|Third-Party Sharing
105_amazon.com,13,Data Collection|Other/Unclear|Third-Party Sharing|User Control & Deletion,Third-Party Sharing
105_amazon.com,14,Data Collection|Policy Change|Third-Party Sharing|User Control & Deletion,Third-Party Sharing
105_amazon.com,15,Data Collection|Other/Unclear|Third-Party Sharing,Third-Party Sharing
105_amazon.com,16,Third-Party Sharing|User Control & Deletion,Third-Party Sharing|User Control & Deletion
105_amazon.com,17,Data Security|Third-Party Sharing,Data Security
105_amazon.com,18,Other/Unclear|Third-Party Sharing,Other/Unclear|Third-Party Sharing
105_amazon.com,19,User Control & Deletion,
105_amazon.com,20,User Control & Deletion,User Control & Deletion
105_amazon.com,21,Data Retention|User Control & Deletion,Data Retention|Other/Unclear|User Control & Deletion
105_amazon.com,22,Policy Change|User Control & Deletion,Other/Unclear|Policy Change|User Control & Deletion
105_amazon.com,23,User Control & Deletion,User Control & Deletion
105_amazon.com,24,Other/Unclear|User Control & Deletion,User Control & Deletion
105_amazon.com,25,Other/Unclear,Other/Unclear
105_amazon.com,26,Data Security|Other/Unclear,Data Security|Other/Unclear
105_amazon.com,27,Data Collection|Data Security|Other/Unclear,Other/Unclear
105_amazon.com,28,Data Security|Other/Unclear,Other/Unclear
105_amazon.com,29,Other/Unclear|Policy Change|User Control & Deletion,Other/Unclear|Policy Change
105_amazon.com,30,Other/Unclear,
105_amazon.com,31,Data Collection,Data Collection
105_amazon.com,32,Data Collection,Data Collection
105_amazon.com,33,Data Collection|Other/Unclear|User Control & Deletion,Other/Unclear|User Control & Deletion
105_amazon.com,34,Data Collection|Third-Party Sharing,Data Collection
105_amazon.com,35,Other/Unclear|Third-Party Sharing,Other/Unclear
105_amazon.com,36,User Control & Deletion,Data Collection|User Control & Deletion
1070_wnep.com,0,Other/Unclear|Policy Change,Other/Unclear
1070_wnep.com,1,Data Collection|Other/Unclear,Other/Unclear
1070_wnep.com,2,Data Collection|Other/Unclear,Data Collection|Other/Unclear
1070_wnep.com,3,Data Collection,Data Collection
1070_wnep.com,4,Data Collection|Data Retention|Third-Party Sharing,Data Collection|Other/Unclear|Third-Party Sharing
1070_wnep.com,5,Data Collection,Data Collection|Other/Unclear
1070_wnep.com,6,Other/Unclear|Third-Party Sharing,Other/Unclear|Third-Party Sharing
1070_wnep.com,7,Data Collection,Data Collection
1070_wnep.com,8,Data Collection,Data Collection|Third-Party Sharing
1070_wnep.com,9,Data Collection|User Control & Deletion,User Control & Deletion
1070_wnep.com,10,Other/Unclear|Third-Party Sharing|User Control & Deletion,Other/Unclear|Third-Party Sharing|User Control & Deletion
1070_wnep.com,11,User Control & Deletion,Other/Unclear|User Control & Deletion
1070_wnep.com,12,Data Collection|Third-Party Sharing|User Control & Deletion,Data Collection
1070_wnep.com,13,Data Collection,Data Collection
1070_wnep.com,14,Data Collection|Third-Party Sharing,Data Collection|Other/Unclear|Third-Party Sharing
1070_wnep.com,15,Other/Unclear,Third-Party Sharing
1070_wnep.com,16,Third-Party Sharing,Third-Party Sharing
1070_wnep.com,17,Third-Party Sharing,Third-Party Sharing
1070_wnep.com,18,Other/Unclear|Third-Party Sharing,Data Collection|Other/Unclear|Third-Party Sharing
1070_wnep.com,19,Third-Party Sharing,Third-Party Sharing
1070_wnep.com,20,Third-Party Sharing,Third-Party Sharing
1070_wnep.com,21,Third-Party Sharing,Third-Party Sharing
1070_wnep.com,22,Other/Unclear|User Control & Deletion,Other/Unclear|User Control & Deletion
1070_wnep.com,23,Data Security,Data Security
1070_wnep.com,24,Other/Unclear,Other/Unclear|Third-Party Sharing
1070_wnep.com,25,Other/Unclear|Third-Party Sharing,Other/Unclear|Third-Party Sharing
1070_wnep.com,26,Other/Unclear,Other/Unclear
1070_wnep.com,27,Other/Unclear,Other/Unclear|Third-Party Sharing
1070_wnep.com,28,Other/Unclear,Other/Unclear
1070_wnep.com,29,Other/Unclear,Other/Unclear|User Control & Deletion
1070_wnep.com,30,Other/Unclear,Other/Unclear
1070_wnep.com,31,Policy Change,Policy Change
1083_highgearmedia.com,0,Other/Unclear,Other/Unclear
1083_highgearmedia.com,1,Other/Unclear,Other/Unclear
1083_highgearmedia.com,2,Data Collection|Other/Unclear|Third-Party Sharing,Other/Unclear|Third-Party Sharing
1083_highgearmedia.com,3,Data Collection|User Control & Deletion,Data Collection
1083_highgearmedia.com,4,Data Collection,Data Collection
1083_highgearmedia.com,5,Data Collection|Third-Party Sharing,Data Collection|Third-Party Sharing
1083_highgearmedia.com,6,Data Collection,Data Collection|Third-Party Sharing
1083_highgearmedia.com,7,Third-Party Sharing,Third-Party Sharing
1083_highgearmedia.com,8,Third-Party Sharing,Third-Party Sharing
1083_highgearmedia.com,9,Third-Party Sharing,Third-Party Sharing|User Control & Deletion
1083_highgearmedia.com,10,Data Collection|Other/Unclear,Data Collection
1083_highgearmedia.com,11,Data Collection|Other/Unclear,User Control & Deletion
1083_highgearmedia.com,12,User Control & Deletion,User Control & Deletion
1083_highgearmedia.com,13,Other/Unclear,Other/Unclear|Third-Party Sharing
1083_highgearmedia.com,14,Other/Unclear,Other/Unclear
1083_highgearmedia.com,15,Other/Unclear|Third-Party Sharing,Data Collection|Other/Unclear|Third-Party Sharing
1083_highgearmedia.com,16,Data Security|Other/Unclear,Third-Party Sharing
1083_highgearmedia.com,17,Data Collection|Other/Unclear,Data Collection|Other/Unclear
1083_highgearmedia.com,18,Data Collection|Other/Unclear|Third-Party Sharing,
1083_highgearmedia.com,19,User Control & Deletion,Data Collection|Other/Unclear|User Control & Deletion
1083_highgearmedia.com,20,Data Collection|Third-Party Sharing,Data Collection|Other/Unclear|Third-Party Sharing
1083_highgearmedia.com,21,Other/Unclear|User Control & Deletion,Other/Unclear
1083_highgearmedia.com,22,Data Collection|Other/Unclear,Other/Unclear
1083_highgearmedia.com,23,Data Security,Data Security|Other/Unclear
1083_highgearmedia.com,24,Policy Change,Policy Change
1083_highgearmedia.com,25,Data Retention|Other/Unclear|User Control & Deletion,Other/Unclear|User Control & Deletion
1083_highgearmedia.com,26,User Control & Deletion,User Control & Deletion
1083_highgearmedia.com,27,Other/Unclear|Third-Party Sharing|User Control & Deletion,Other/Unclear
1083_highgearmedia.com,28,Other/Unclear,Other/Unclear
1083_highgearmedia.com,29,Other/Unclear,Other/Unclear|User Control & Deletion
1083_highgearmedia.com,30,Other/Unclear,Other/Unclear
1083_highgearmedia.com,31,Other/Unclear,Other/Unclear
1089_freep.com,0,Other/Unclear,Other/Unclear
1089_freep.com,1,Other/Unclear,Data Collection|Other/Unclear
1089_freep.com,2,Other/Unclear|Policy Change,Other/Unclear|Policy Change
1089_freep.com,3,Other/Unclear,Other/Unclear|User Control & Deletion
1089_freep.com,4,Data Collection|Data Retention,Data Collection
1089_freep.com,5,Data Collection,Data Collection
1089_freep.com,6,Data Collection,Data Collection
1089_freep.com,7,Data Collection|Third-Party Sharing,Data Collection|Other/Unclear|Third-Party Sharing
1089_freep.com,8,Data Collection,Data Collection
1089_freep.com,9,Data Collection,Data Collection
1089_freep.com,10,Data Collection,Data Collection
1089_freep.com,11,Data Collection,Data Collection
1089_freep.com,12,Data Collection|User Control & Deletion,Data Collection|User Control & Deletion
1089_freep.com,13,User Control & Deletion,Other/Unclear|User Control & Deletion
1089_freep.com,14,Third-Party Sharing,Data Security|Third-Party Sharing
1089_freep.com,15,User Control & Deletion,Other/Unclear
1089_freep.com,16,Other/Unclear|Third-Party Sharing,Other/Unclear|Third-Party Sharing
1089_freep.com,17,Third-Party Sharing,Data Collection|Third-Party Sharing
1089_freep.com,18,Data Collection|Other/Unclear|Third-Party Sharing,Data Collection|Other/Unclear|Third-Party Sharing
1089_freep.com,19,Other/Unclear,Other/Unclear|Third-Party Sharing|User Control & Deletion
1089_freep.com,20,Third-Party Sharing,Third-Party Sharing
1089_freep.com,21,Third-Party Sharing,Third-Party Sharing
1089_freep.com,22,Data Security|Other/Unclear,Data Security|Other/Unclear
1089_freep.com,23,Data Collection,Data Collection|Third-Party Sharing
1089_freep.com,24,Data Collection|Third-Party Sharing,Data Collection|Third-Party Sharing
1089_freep.com,25,Data Collection|Third-Party Sharing,Data Collection
1089_freep.com,26,Other/Unclear|User Control & Deletion,Other/Unclear|User Control & Deletion
1089_freep.com,27,Other/Unclear|Third-Party Sharing,Other/Unclear|Third-Party Sharing
1089_freep.com,28,Data Collection|Other/Unclear,Other/Unclear
1089_freep.com,29,User Control & Deletion,User Control & Deletion
1089_freep.com,30,Data Security,Data Security
1089_freep.com,31,Other/Unclear,Other/Unclear
1089_freep.com,32,Other/Unclear,Other/Unclear
1099_enthusiastnetwork.com,0,Data Security|Other/Unclear,Other/Unclear
1099_enthusiastnetwork.com,1,Data Collection,Data Collection
1099_enthusiastnetwork.com,2,Data Collection,Data Collection
1099_enthusiastnetwork.com,3,Data Collection|Other/Unclear,Data Collection
1099_enthusiastnetwork.com,4,Data Collection|Data Retention|Other/Unclear|Third-Party Sharing|User Control & Deletion,Data Collection|User Control & Deletion
1099_enthusiastnetwork.com,5,Other/Unclear,Third-Party Sharing
1099_enthusiastnetwork.com,6,Third-Party Sharing,Third-Party Sharing
1099_enthusiastnetwork.com,7,Third-Party Sharing,Third-Party Sharing
1099_enthusiastnetwork.com,8,Third-Party Sharing,Third-Party Sharing
1099_enthusiastnetwork.com,9,Third-Party Sharing,Data Collection
1099_enthusiastnetwork.com,10,Third-Party Sharing,Data Collection|Third-Party Sharing
1099_enthusiastnetwork.com,11,Other/Unclear|Third-Party Sharing,Data Collection|Other/Unclear|Third-Party Sharing
1099_enthusiastnetwork.com,12,Third-Party Sharing|User Control & Deletion,Third-Party Sharing|User Control & Deletion
1099_enthusiastnetwork.com,13,Other/Unclear|Third-Party Sharing,Other/Unclear|Third-Party Sharing
1099_enthusiastnetwork.com,14,Third-Party Sharing,Data Collection|Third-Party Sharing
1099_enthusiastnetwork.com,15,Third-Party Sharing,Third-Party Sharing
1099_enthusiastnetwork.com,16,Data Collection|Other/Unclear|Third-Party Sharing|User Control & Deletion,Data Collection|User Control & Deletion
1099_enthusiastnetwork.com,17,Third-Party Sharing,Data Collection|Third-Party Sharing
1099_enthusiastnetwork.com,18,Data Collection|Other/Unclear,Data Collection
1099_enthusiastnetwork.com,19,Data Collection|Other/Unclear,Data Collection
1099_enthusiastnetwork.com,20,Data Collection|Other/Unclear|Third-Party Sharing,Other/Unclear|Third-Party Sharing
1099_enthusiastnetwork.com,21,Other/Unclear,User Control & Deletion
1099_enthusiastnetwork.com,22,User Control & Deletion,User Control & Deletion
1099_enthusiastnetwork.com,23,Other/Unclear|User Control & Deletion,Other/Unclear|User Control & Deletion
1099_enthusiastnetwork.com,24,User Control & Deletion,User Control & Deletion
1099_enthusiastnetwork.com,25,User Control & Deletion,Other/Unclear|Third-Party Sharing|User Control & Deletion
1099_enthusiastnetwork.com,26,Data Retention|Other/Unclear|User Control & Deletion,Other/Unclear|User Control & Deletion
1099_enthusiastnetwork.com,27,Other/Unclear,Other/Unclear
1099_enthusiastnetwork.com,28,Other/Unclear,Other/Unclear|User Control & Deletion
1099_enthusiastnetwork.com,29,Data Security|Other/Unclear,Data Security
1099_enthusiastnetwork.com,30,Other/Unclear,Data Collection|Other/Unclear
1099_enthusiastnetwork.com,31,Other/Unclear,Other/Unclear|Third-Party Sharing
1099_enthusiastnetwork.com,32,Other/Unclear,Other/Unclear|User Control & Deletion
1099_enthusiastnetwork.com,33,Other/Unclear,Other/Unclear
1099_enthusiastnetwork.com,34,Policy Change|User Control & Deletion,Other/Unclear|Policy Change|User Control & Deletion
1099_enthusiastnetwork.com,35,Policy Change,Other/Unclear|Policy Change
1099_enthusiastnetwork.com,36,Other/Unclear,Other/Unclear
1099_enthusiastnetwork.com,37,Other/Unclear,Other/Unclear
1099_enthusiastnetwork.com,38,Other/Unclear|Policy Change,Other/Unclear|Policy Change
1164_acbj.com,0,Other/Unclear,Other/Unclear
1164_acbj.com,1,Other/Unclear|Policy Change|User Control & Deletion,Other/Unclear|User Control & Deletion
1164_acbj.com,2,Other/Unclear,Other/Unclear
1164_acbj.com,3,Other/Unclear,Data Collection|Other/Unclear
1164_acbj.com,4,Data Collection,Data Collection
1164_acbj.com,5,Data Collection,Data Collection
1164_acbj.com,6,Data Collection|Third-Party Sharing|User Control & Deletion,Data Collection|Third-Party Sharing
1164_acbj.com,7,Data Collection,Data Collection
1164_acbj.com,8,Third-Party Sharing|User Control & Deletion,Third-Party Sharing|User Control & Deletion
1164_acbj.com,9,Data Collection|Other/Unclear|Third-Party Sharing,Data Collection|Data Security|Other/Unclear|Third-Party Sharing
1164_acbj.com,10,Data Collection|Third-Party Sharing,Data Collection|Third-Party Sharing
1164_acbj.com,11,Third-Party Sharing,Third-Party Sharing
1164_acbj.com,12,Data Collection,Data Collection
1164_acbj.com,13,Data Collection|Third-Party Sharing,Data Collection|Third-Party Sharing
1164_acbj.com,14,Third-Party Sharing,Third-Party Sharing
1164_acbj.com,15,Data Collection|Other/Unclear,Data Collection|Other/Unclear
1164_acbj.com,16,Data Collection|Data Retention|Other/Unclear|Third-Party Sharing,Data Collection|Third-Party Sharing
1164_acbj.com,17,User Control & Deletion,Other/Unclear|User Control & Deletion
1164_acbj.com,18,Data Collection|Other/Unclear,Data Collection|Third-Party Sharing
1164_acbj.com,19,Other/Unclear|User Control & Deletion,Other/Unclear|User Control & Deletion
1164_acbj.com,20,Third-Party Sharing|User Control & Deletion,Data Collection|Other/Unclear|Third-Party Sharing
1164_acbj.com,21,Other/Unclear|User Control & Deletion,Other/Unclear
1164_acbj.com,22,Data Security,Data Security
1164_acbj.com,23,Data Security,
1164_acbj.com,24,Data Security,Data Collection|Data Security
1164_acbj.com,25,Other/Unclear,Other/Unclear
1164_acbj.com,26,Other/Unclear,Other/Unclear|Third-Party Sharing|User Control & Deletion
1164_acbj.com,27,Other/Unclear,Other/Unclear
1164_acbj.com,28,Other/Unclear,Other/Unclear|User Control & Deletion
1164_acbj.com,29,Other/Unclear,Other/Unclear
1164_acbj.com,30,User Control & Deletion,Other/Unclear|Third-Party Sharing|User Control & Deletion
1164_acbj.com,31,User Control & Deletion,User Control & Deletion
1164_acbj.com,32,Other/Unclear,
1164_acbj.com,33,Other/Unclear,Other/Unclear
1164_acbj.com,34,Other/Unclear,Other/Unclear
1164_acbj.com,35,Other/Unclear|User Control & Deletion,Other/Unclear|User Control & Deletion
1164_acbj.com,36,Other/Unclear,Other/Unclear
1164_acbj.com,37,Other/Unclear,Other/Unclear
1205_opensecrets.org,0,Other/Unclear,Other/Unclear
1205_opensecrets.org,1,Other/Unclear,Other/Unclear
1205_opensecrets.org,2,Data Collection|Third-Party Sharing|User Control & Deletion,Third-Party Sharing|User Control & Deletion
1205_opensecrets.org,3,Data Collection,Other/Unclear|User Control & Deletion
1205_opensecrets.org,4,Data Collection|Data Retention|Third-Party Sharing,Data Collection|Third-Party Sharing
1205_opensecrets.org,5,Data Collection|Data Retention|Third-Party Sharing,Data Collection
1205_opensecrets.org,6,Other/Unclear|Policy Change,Other/Unclear|Policy Change
1205_opensecrets.org,7,Other/Unclear,Other/Unclear|Policy Change
1206_dcccd.edu,0,Data Security|Other/Unclear,Data Security|Other/Unclear
1206_dcccd.edu,1,Data Security|Other/Unclear,Other/Unclear
1206_dcccd.edu,2,Data Collection|Data Retention|Other/Unclear,Other/Unclear
1206_dcccd.edu,3,Data Security|Other/Unclear,Other/Unclear|User Control & Deletion
1206_dcccd.edu,4,Data Collection|Third-Party Sharing|User Control & Deletion,Data Collection
1206_dcccd.edu,5,User Control & Deletion,Other/Unclear|User Control & Deletion
1206_dcccd.edu,6,Data Collection|Third-Party Sharing|User Control & Deletion,Data Collection|Third-Party Sharing
1206_dcccd.edu,7,Data Collection,Data Collection
1206_dcccd.edu,8,Third-Party Sharing,Data Collection|Third-Party Sharing
1206_dcccd.edu,9,User Control & Deletion,Other/Unclear|User Control & Deletion
1206_dcccd.edu,10,Data Collection,Data Collection
1206_dcccd.edu,11,Data Security|User Control & Deletion,
1206_dcccd.edu,12,User Control & Deletion,Other/Unclear|User Control & Deletion
1206_dcccd.edu,13,User Control & Deletion,Other/Unclear|User Control & Deletion
1206_dcccd.edu,14,Data Security,Data Security
1206_dcccd.edu,15,Data Security,Data Security
1206_dcccd.edu,16,Other/Unclear,Other/Unclear
1221_gwdocs.com,0,Other/Unclear,Other/Unclear
1221_gwdocs.com,1,Data Collection|Other/Unclear,Data Collection|Other/Unclear|User Control & Deletion
1221_gwdocs.com,2,Data Collection,Data Collection
1221_gwdocs.com,3,Data Collection|Third-Party Sharing,Data Collection|Third-Party Sharing|User Control & Deletion
1221_gwdocs.com,4,Data Security,Data Security
1221_gwdocs.com,5,Other/Unclear,Other/Unclear
1224_austincc.edu,0,Other/Unclear,Other/Unclear
1224_austincc.edu,1,Data Collection|Data Security|Other/Unclear|Third-Party Sharing,Data Collection|Other/Unclear|Third-Party Sharing
1224_austincc.edu,2,Data Collection|Third-Party Sharing|User Control & Deletion,User Control & Deletion
1224_austincc.edu,3,Other/Unclear|User Control & Deletion,Other/Unclear
1224_austincc.edu,4,Other/Unclear|Policy Change,Other/Unclear
1224_austincc.edu,5,Other/Unclear,Other/Unclear
1224_austincc.edu,6,Data Collection,Data Collection
1224_austincc.edu,7,Data Collection,Data Collection
1224_austincc.edu,8,Data Collection|Third-Party Sharing,Data Collection|Data Retention|Third-Party Sharing
1224_austincc.edu,9,Data Collection,Data Collection
1224_austincc.edu,10,Data Collection|Data Retention,Data Collection|User Control & Deletion
1224_austincc.edu,11,Data Collection|Other/Unclear,Data Collection
1224_austincc.edu,12,Data Collection,Data Collection
1224_austincc.edu,13,Data Collection|Other/Unclear,Data Collection
1224_austincc.edu,14,Data Collection|Other/Unclear|Third-Party Sharing,Data Collection|Third-Party Sharing
1224_austincc.edu,15,Data Security,Data Security
1224_austincc.edu,16,Other/Unclear|User Control & Deletion,Other/Unclear
1224_austincc.edu,17,Other/Unclear,Data Security|Other/Unclear|Third-Party Sharing
1224_austincc.edu,18,Other/Unclear,Other/Unclear
1252_cincymuseum.org,0,Other/Unclear,Other/Unclear
1252_cincymuseum.org,1,Other/Unclear,Other/Unclear|Third-Party Sharing
1252_cincymuseum.org,2,Data Security|Other/Unclear|Policy Change,Other/Unclear|Policy Change
1252_cincymuseum.org,3,Data Collection,Data Collection
1252_cincymuseum.org,4,Data Collection,Data Collection|User Control & Deletion
1252_cincymuseum.org,5,Data Collection|Other/Unclear,Data Collection
1252_cincymuseum.org,6,Other/Unclear|Third-Party Sharing,Other/Unclear|Third-Party Sharing
1252_cincymuseum.org,7,Data Collection|Other/Unclear,Data Collection
1252_cincymuseum.org,8,Third-Party Sharing,Data Collection|Third-Party Sharing
1252_cincymuseum.org,9,Data Security|Third-Party Sharing,Data Collection|Data Security|Third-Party Sharing
1252_cincymuseum.org,10,Other/Unclear|Third-Party Sharing,Other/Unclear|Third-Party Sharing
1252_cincymuseum.org,11,Other/Unclear|Third-Party Sharing,Third-Party Sharing|User Control & Deletion
1252_cincymuseum.org,12,Third-Party Sharing,Third-Party Sharing
1252_cincymuseum.org,13,Data Collection|Third-Party Sharing,Data Collection|Third-Party Sharing
1252_cincymuseum.org,14,Data Collection|Third-Party Sharing,Data Collection|Third-Party Sharing
1252_cincymuseum.org,15,Data Security,Data Security
1252_cincymuseum.org,16,Data Security,Data Security
1252_cincymuseum.org,17,Other/Unclear,Other/Unclear
1252_cincymuseum.org,18,Other/Unclear|User Control & Deletion,Data Retention|User Control & Deletion
1252_cincymuseum.org,19,Other/Unclear|Third-Party Sharing|User Control & Deletion,Third-Party Sharing
1252_cincymuseum.org,20,Other/Unclear|Third-Party Sharing|User Control & Deletion,Other/Unclear
1252_cincymuseum.org,21,Other/Unclear,Other/Unclear|User Control & Deletion
1252_cincymuseum.org,22,Other/Unclear,Other/Unclear
1252_cincymuseum.org,23,Other/Unclear|Policy Change,Other/Unclear
1252_cincymuseum.org,24,Other/Unclear,
1261_zacks.com,0,Other/Unclear,Other/Unclear
1261_zacks.com,1,Data Collection|Other/Unclear|Third-Party Sharing,Data Collection|User Control & Deletion
1261_zacks.com,2,Data Collection|Other/Unclear|User Control & Deletion,Data Collection|Other/Unclear|User Control & Deletion
1261_zacks.com,3,Data Collection|Data Security|Other/Unclear|Third-Party Sharing|User Control & Deletion,Data Collection|Other/Unclear|Third-Party Sharing|User Control & Deletion
1261_zacks.com,4,Data Collection|Data Security|Other/Unclear|Third-Party Sharing|User Control & Deletion,Other/Unclear|Third-Party Sharing|User Control & Deletion
1261_zacks.com,5,Data Collection|Third-Party Sharing|User Control & Deletion,Data Collection|Third-Party Sharing|User Control & Deletion
1261_zacks.com,6,Third-Party Sharing|User Control & Deletion,Data Collection|Third-Party Sharing|User Control & Deletion
1261_zacks.com,7,Data Collection|Third-Party Sharing|User Control & Deletion,Data Collection|Data Security
1261_zacks.com,8,Data Collection|User Control & Deletion,Data Collection|Other/Unclear|User Control & Deletion
1261_zacks.com,9,Other/Unclear|User Control & Deletion,Other/Unclear|Third-Party Sharing|User Control & Deletion
1261_zacks.com,10,Other/Unclear|Third-Party Sharing|User Control & Deletion,Other/Unclear|User Control & Deletion
1261_zacks.com,11,Other/Unclear|User Control & Deletion,Other/Unclear|User Control & Deletion
1261_zacks.com,12,Other/Unclear,Other/Unclear
1264_citizen.org,0,Data Collection|Data Security|Other/Unclear,Other/Unclear
1264_citizen.org,1,Data Collection|Data Retention|Third-Party Sharing,Data Collection|Third-Party Sharing
1264_citizen.org,2,Data Retention|Other/Unclear|Third-Party Sharing|User Control & Deletion,Data Collection|Third-Party Sharing
1264_citizen.org,3,Data Collection|User Control & Deletion,
1264_citizen.org,4,Data Retention|Other/Unclear|Third-Party Sharing|User Control & Deletion,Third-Party Sharing
1264_citizen.org,5,Third-Party Sharing,Third-Party Sharing
1264_citizen.org,6,Third-Party Sharing|User Control & Deletion,Other/Unclear|User Control & Deletion
1264_citizen.org,7,Data Retention|Third-Party Sharing,
1264_citizen.org,8,Data Security,Data Security
1264_citizen.org,9,Data Retention|Third-Party Sharing,Data Collection|Third-Party Sharing
1264_citizen.org,10,Data Collection,Data Collection
1264_citizen.org,11,Data Collection,Data Collection
1264_citizen.org,12,Other/Unclear|Policy Change,Other/Unclear|Policy Change
1264_citizen.org,13,Other/Unclear,Other/Unclear
1300_bankofamerica.com,0,Other/Unclear,Other/Unclear
1300_bankofamerica.com,1,Other/Unclear,Other/Unclear|Policy Change
1300_bankofamerica.com,2,Other/Unclear,Other/Unclear
1300_bankofamerica.com,3,Other/Unclear,Other/Unclear
1300_bankofamerica.com,4,Data Collection|Other/Unclear|Third-Party Sharing,Other/Unclear|Third-Party Sharing
1300_bankofamerica.com,5,Other/Unclear,Other/Unclear
1300_bankofamerica.com,6,Data Collection|Other/Unclear,Data Collection
1300_bankofamerica.com,7,Data Collection|Other/Unclear,Data Collection|Other/Unclear
1300_bankofamerica.com,8,Data Collection,Data Collection
1300_bankofamerica.com,9,Data Collection,Data Collection
1300_bankofamerica.com,10,Data Collection,Data Collection|Third-Party Sharing
1300_bankofamerica.com,11,Data Collection,Data Collection
1300_bankofamerica.com,12,Data Collection,Data Collection
1300_bankofamerica.com,13,Data Collection,Data Security
1300_bankofamerica.com,14,Data Collection|Other/Unclear,Data Collection|Third-Party Sharing
1300_bankofamerica.com,15,Data Collection|User Control & Deletion,Data Collection|User Control & Deletion
1300_bankofamerica.com,16,Data Collection,Data Collection
1300_bankofamerica.com,17,Data Collection|Other/Unclear,Data Collection
1300_bankofamerica.com,18,Data Collection,Data Collection
1300_bankofamerica.com,19,Data Collection,
1300_bankofamerica.com,20,Data Collection,Data Collection|User Control & Deletion
1300_bankofamerica.com,21,Other/Unclear,Other/Unclear|User Control & Deletion
1300_bankofamerica.com,22,Data Collection|Other/Unclear,Data Collection
1300_bankofamerica.com,23,Data Collection|Other/Unclear|Third-Party Sharing,Data Collection|Other/Unclear|Third-Party Sharing
1300_bankofamerica.com,24,Data Collection,Data Collection
1300_bankofamerica.com,25,Data Collection|Other/Unclear,Data Collection
1300_bankofamerica.com,26,User Control & Deletion,User Control & Deletion
1300_bankofamerica.com,27,Data Collection|Other/Unclear,Data Collection
1300_bankofamerica.com,28,Data Collection|Other/Unclear|User Control & Deletion,Data Collection|User Control & Deletion
1300_bankofamerica.com,29,Data Collection|Other/Unclear,Data Collection
1300_bankofamerica.com,30,Data Collection,Data Collection|Third-Party Sharing
1300_bankofamerica.com,31,Other/Unclear|Third-Party Sharing,Other/Unclear|Third-Party Sharing
1300_bankofamerica.com,32,Data Collection,Data Collection
1300_bankofamerica.com,33,Data Collection|Other/Unclear,Data Collection
1300_bankofamerica.com,34,Data Collection,Data Collection|Third-Party Sharing
1300_bankofamerica.com,35,Data Collection,Data Collection|Third-Party Sharing
1300_bankofamerica.com,36,Data Collection|Data Security|Third-Party Sharing,Data Collection|Third-Party Sharing
1300_bankofamerica.com,37,Data Collection|Other/Unclear|User Control & Deletion,Other/Unclear|Third-Party Sharing
1300_bankofamerica.com,38,Data Collection|Data Security|Other/Unclear,Other/Unclear|Third-Party Sharing
1300_bankofamerica.com,39,Other/Unclear|User Control & Deletion,Other/Unclear|User Control & Deletion
1300_bankofamerica.com,40,User Control & Deletion,User Control & Deletion
1300_bankofamerica.com,41,Other/Unclear|User Control & Deletion,Data Collection
1300_bankofamerica.com,42,Other/Unclear|Third-Party Sharing,Data Collection|User Control & Deletion
1300_bankofamerica.com,43,Other/Unclear|User Control & Deletion,Other/Unclear|User Control & Deletion
1300_bankofamerica.com,44,Data Security|Other/Unclear|User Control & Deletion,Other/Unclear|Third-Party Sharing
1300_bankofamerica.com,45,User Control & Deletion,Other/Unclear|User Control & Deletion
1300_bankofamerica.com,46,Other/Unclear|User Control & Deletion,Other/Unclear|User Control & Deletion
1300_bankofamerica.com,47,Other/Unclear|User Control & Deletion,Other/Unclear|User Control & Deletion
1300_bankofamerica.com,48,Other/Unclear,Data Collection|Other/Unclear
1300_bankofamerica.com,49,Other/Unclear,Other/Unclear|Third-Party Sharing
1300_bankofamerica.com,50,Other/Unclear|Third-Party Sharing,Other/Unclear
1300_bankofamerica.com,51,Data Security|Other/Unclear,Data Security
1300_bankofamerica.com,52,Other/Unclear|Third-Party Sharing,Data Security|Other/Unclear
1300_bankofamerica.com,53,Other/Unclear|Third-Party Sharing,
1300_bankofamerica.com,54,Other/Unclear|User Control & Deletion,Other/Unclear
1300_bankofamerica.com,55,Other/Unclear|User Control & Deletion,Other/Unclear
1300_bankofamerica.com,56,Other/Unclear|Third-Party Sharing,Data Collection|Other/Unclear|Third-Party Sharing
1300_bankofamerica.com,57,Other/Unclear|Policy Change,Policy Change
1300_bankofamerica.com,58,Other/Unclear,Data Collection|Other/Unclear
1300_bankofamerica.com,59,Other/Unclear,
1300_bankofamerica.com,60,Other/Unclear,Other/Unclear
1300_bankofamerica.com,61,Other/Unclear,Other/Unclear
1300_bankofamerica.com,62,Other/Unclear,Data Collection
1300_bankofamerica.com,63,Data Collection,Data Collection
1300_bankofamerica.com,64,Other/Unclear|Third-Party Sharing|User Control & Deletion,User Control & Deletion
1300_bankofamerica.com,65,Other/Unclear,User Control & Deletion
1300_bankofamerica.com,66,Other/Unclear,Other/Unclear
1300_bankofamerica.com,67,Other/Unclear,Other/Unclear
1300_bankofamerica.com,68,Other/Unclear,Other/Unclear
1300_bankofamerica.com,69,Other/Unclear,Other/Unclear
1300_bankofamerica.com,70,Other/Unclear,
1300_bankofamerica.com,71,Other/Unclear,Other/Unclear
1300_bankofamerica.com,72,Other/Unclear,
1300_bankofamerica.com,73,Other/Unclear,Other/Unclear|User Control & Deletion
1300_bankofamerica.com,74,Data Collection|Other/Unclear|Third-Party Sharing,Data Collection|User Control & Deletion
1300_bankofamerica.com,75,Other/Unclear|User Control & Deletion,Data Collection
1300_bankofamerica.com,76,Data Collection|Other/Unclear,Data Collection|User Control & Deletion
1300_bankofamerica.com,77,Other/Unclear,User Control & Deletion
1300_bankofamerica.com,78,Other/Unclear|User Control & Deletion,Other/Unclear|User Control & Deletion
1300_bankofamerica.com,79,Other/Unclear,Other/Unclear|User Control & Deletion
1300_bankofamerica.com,80,Other/Unclear|User Control & Deletion,Data Collection
1300_bankofamerica.com,81,Other/Unclear,Other/Unclear|User Control & Deletion
1306_chasepaymentech.com,0,Data Security|Other/Unclear,Data Security|Other/Unclear
1306_chasepaymentech.com,1,Data Security|Other/Unclear,Data Security|Other/Unclear
1306_chasepaymentech.com,2,Data Collection|Data Security|Other/Unclear,Data Collection|Data Security|Third-Party Sharing
1306_chasepaymentech.com,3,Other/Unclear,Data Collection
1306_chasepaymentech.com,5,Data Collection|Third-Party Sharing,Data Collection|Third-Party Sharing
1306_chasepaymentech.com,6,Data Collection|Third-Party Sharing,Data Collection|Third-Party Sharing
1306_chasepaymentech.com,7,Data Collection|Data Security|Other/Unclear|Third-Party Sharing,Data Security|Third-Party Sharing
1306_chasepaymentech.com,8,Third-Party Sharing,Third-Party Sharing
1306_chasepaymentech.com,9,Data Security|Other/Unclear,Data Security
1306_chasepaymentech.com,10,Data Security|Other/Unclear,Data Security
1306_chasepaymentech.com,11,Data Collection|User Control & Deletion,Other/Unclear|User Control & Deletion
1306_chasepaymentech.com,12,Data Collection|Other/Unclear,Data Collection|Other/Unclear
1306_chasepaymentech.com,13,Data Collection|Data Retention|Other/Unclear,Data Collection
1306_chasepaymentech.com,14,Data Collection,Data Collection
1306_chasepaymentech.com,15,Data Collection,Data Collection
1306_chasepaymentech.com,16,Data Collection|Data Security|Other/Unclear|Third-Party Sharing|User Control & Deletion,Data Collection|Other/Unclear|Third-Party Sharing
1306_chasepaymentech.com,17,Other/Unclear|User Control & Deletion,Data Collection|User Control & Deletion
1306_chasepaymentech.com,18,Other/Unclear,Other/Unclear|Third-Party Sharing
1306_chasepaymentech.com,19,Data Collection|Third-Party Sharing,Data Collection|Third-Party Sharing
1306_chasepaymentech.com,20,Other/Unclear,Data Collection|Other/Unclear
1306_chasepaymentech.com,21,Other/Unclear,Other/Unclear
1306_chasepaymentech.com,22,Other/Unclear,Data Security|Other/Unclear
1306_chasepaymentech.com,23,Policy Change,Other/Unclear|Policy Change
1306_chasepaymentech.com,24,Other/Unclear,Other/Unclear
1306_chasepaymentech.com,25,Other/Unclear,Other/Unclear
135_instagram.com,0,Other/Unclear,Other/Unclear
135_instagram.com,1,Other/Unclear|Policy Change,Other/Unclear
135_instagram.com,2,Other/Unclear|Policy Change|User Control & Deletion,
135_instagram.com,3,Other/Unclear|Policy Change,Other/Unclear|Policy Change
135_instagram.com,4,Other/Unclear|Policy Change,Other/Unclear|Policy Change
135_instagram.com,5,Other/Unclear|Third-Party Sharing|User Control & Deletion,Other/Unclear|Third-Party Sharing
135_instagram.com,6,Other/Unclear,Other/Unclear
135_instagram.com,7,Data Collection|Other/Unclear,Data Collection|Other/Unclear
135_instagram.com,8,Data Collection,Data Collection
135_instagram.com,9,Data Collection|Other/Unclear,Data Collection|Other/Unclear|Third-Party Sharing|User Control & Deletion
135_instagram.com,10,Other/Unclear|User Control & Deletion,Other/Unclear|User Control & Deletion
135_instagram.com,11,Data Collection|Third-Party Sharing,Data Collection|Third-Party Sharing
135_instagram.com,12,Data Collection|Other/Unclear|Third-Party Sharing,Data Collection|Third-Party Sharing
135_instagram.com,13,Data Collection,Data Collection
135_instagram.com,14,Data Collection|Other/Unclear|Third-Party Sharing,Data Collection
135_instagram.com,15,Other/Unclear|User Control & Deletion,Data Collection|Other/Unclear
135_instagram.com,16,Data Collection|User Control & Deletion,Data Collection
135_instagram.com,17,Third-Party Sharing,Third-Party Sharing
135_instagram.com,18,Other/Unclear,Third-Party Sharing
135_instagram.com,19,Third-Party Sharing,Data Collection|Third-Party Sharing
135_instagram.com,20,Data Security|Third-Party Sharing,Third-Party Sharing
135_instagram.com,21,Third-Party Sharing,Third-Party Sharing
135_instagram.com,22,Other/Unclear|Third-Party Sharing,Third-Party Sharing
135_instagram.com,23,Data Retention|Other/Unclear|Third-Party Sharing|User Control & Deletion,Other/Unclear|Third-Party Sharing
135_instagram.com,24,Other/Unclear|Third-Party Sharing,Third-Party Sharing
135_instagram.com,25,Data Collection|Data Retention|Third-Party Sharing,Third-Party Sharing
135_instagram.com,26,Other/Unclear,Data Collection|Other/Unclear
135_instagram.com,27,Data Retention|Other/Unclear,Other/Unclear
135_instagram.com,28,Other/Unclear|Third-Party Sharing,Other/Unclear
135_instagram.com,29,Other/Unclear|User Control & Deletion,Other/Unclear|Third-Party Sharing
135_instagram.com,30,Data Security|Other/Unclear,Data Security
135_instagram.com,31,Other/Unclear,Data Security|Other/Unclear
135_instagram.com,32,Other/Unclear|User Control & Deletion,User Control & Deletion
135_instagram.com,33,Data Retention|Other/Unclear,Data Retention
135_instagram.com,34,Other/Unclear,Data Collection|Other/Unclear
135_instagram.com,35,Other/Unclear,Other/Unclear
135_instagram.com,36,Other/Unclear,Other/Unclear|User Control & Deletion
135_instagram.com,37,Other/Unclear,Other/Unclear
135_instagram.com,38,Policy Change,Policy Change
1360_thehill.com,0,Other/Unclear,Data Collection|Other/Unclear
1360_thehill.com,1,Data Collection,Data Collection
1360_thehill.com,2,Data Collection,Data Collection|Other/Unclear|User Control & Deletion
1360_thehill.com,3,Data Collection,Data Collection
1360_thehill.com,4,Data Collection,Data Collection
1360_thehill.com,5,Data Collection,Data Collection
1360_thehill.com,6,Data Collection|Third-Party Sharing,Data Collection|Third-Party Sharing
1360_thehill.com,7,Data Security|Third-Party Sharing,Data Collection|Data Security|Third-Party Sharing
1360_thehill.com,8,Data Collection,Data Collection
1360_thehill.com,9,Third-Party Sharing,Third-Party Sharing
1360_thehill.com,10,Other/Unclear|Third-Party Sharing,Other/Unclear|Third-Party Sharing
1360_thehill.com,11,Data Security,Data Security
1360_thehill.com,12,Data Security|Other/Unclear,Data Security|Other/Unclear
1360_thehill.com,13,User Control & Deletion,User Control & Deletion
1360_thehill.com,14,Data Retention|Other/Unclear|Policy Change,Other/Unclear|User Control & Deletion
1360_thehill.com,15,User Control & Deletion,User Control & Deletion
1360_thehill.com,16,Other/Unclear,Other/Unclear
1360_thehill.com,17,Policy Change,Policy Change
1360_thehill.com,18,Other/Unclear|User Control & Deletion,Other/Unclear|User Control & Deletion
1361_yahoo.com,0,Other/Unclear,Other/Unclear
1361_yahoo.com,1,Other/Unclear,Other/Unclear
1361_yahoo.com,2,Data Security|Other/Unclear,Other/Unclear
1361_yahoo.com,3,Data Collection|Other/Unclear,Data Collection|Other/Unclear
1361_yahoo.com,4,Other/Unclear,Other/Unclear|Third-Party Sharing
1361_yahoo.com,5,Data Security|Other/Unclear,Data Security|Other/Unclear
1361_yahoo.com,6,Data Collection|Other/Unclear,Data Collection
1361_yahoo.com,7,Data Collection,Data Collection
1361_yahoo.com,8,Data Collection,Data Collection|Third-Party Sharing
1361_yahoo.com,9,Data Collection,Data Collection
1361_yahoo.com,10,Data Collection,Data Collection
1361_yahoo.com,11,Other/Unclear,Other/Unclear
1361_yahoo.com,12,Other/Unclear|Third-Party Sharing,Third-Party Sharing
1361_yahoo.com,13,Other/Unclear|Third-Party Sharing,Third-Party Sharing
1361_yahoo.com,14,Other/Unclear,Other/Unclear
1361_yahoo.com,15,Third-Party Sharing,Third-Party Sharing
1361_yahoo.com,16,Third-Party Sharing,Third-Party Sharing
1361_yahoo.com,17,Other/Unclear|Third-Party Sharing,Other/Unclear|Third-Party Sharing
1361_yahoo.com,18,Other/Unclear|Third-Party Sharing,Data Collection|Other/Unclear|Third-Party Sharing
1361_yahoo.com,19,Other/Unclear|Third-Party Sharing,Other/Unclear|Third-Party Sharing
1361_yahoo.com,20,Data Collection|User Control & Deletion,Data Collection|User Control & Deletion
1361_yahoo.com,21,Other/Unclear|Third-Party Sharing,Other/Unclear|Third-Party Sharing
1361_yahoo.com,22,Data Collection,Data Collection
1361_yahoo.com,23,User Control & Deletion,User Control & Deletion
1361_yahoo.com,24,Other/Unclear|User Control & Deletion,User Control & Deletion
1361_yahoo.com,25,Other/Unclear|User Control & Deletion,Data Collection|User Control & Deletion
1361_yahoo.com,26,Data Retention|User Control & Deletion,Data Retention|Other/Unclear|User Control & Deletion
1361_yahoo.com,27,Data Security,Data Security
1361_yahoo.com,28,Data Security,Data Security
1361_yahoo.com,29,Data Security|Other/Unclear,Data Security|Other/Unclear
1361_yahoo.com,30,Policy Change,Policy Change
1361_yahoo.com,31,Other/Unclear,Other/Unclear
1361_yahoo.com,32,Other/Unclear,Other/Unclear
1361_yahoo.com,33,Other/Unclear|Policy Change,Other/Unclear|Policy Change
1419_miaminewtimes.com,0,Other/Unclear,Other/Unclear
1419_miaminewtimes.com,1,Other/Unclear,Other/Unclear|Policy Change
1419_miaminewtimes.com,2,Other/Unclear|User Control & Deletion,Data Collection|Other/Unclear
1419_miaminewtimes.com,3,Policy Change|User Control & Deletion,Policy Change|User Control & Deletion
1419_miaminewtimes.com,4,Data Collection|Other/Unclear,Data Collection
1419_miaminewtimes.com,5,Data Collection|Other/Unclear,Data Collection
1419_miaminewtimes.com,6,Data Collection,Data Collection
1419_miaminewtimes.com,7,Other/Unclear|User Control & Deletion,Data Collection|User Control & Deletion
1419_miaminewtimes.com,8,Data Collection,Data Collection
1419_miaminewtimes.com,9,Data Collection|Data Retention|Other/Unclear,Data Collection
1419_miaminewtimes.com,10,Data Collection|Other/Unclear,Data Collection
1419_miaminewtimes.com,11,Data Collection|Other/Unclear|Third-Party Sharing,Data Collection|Other/Unclear|Third-Party Sharing
1419_miaminewtimes.com,12,Data Collection,Data Collection|User Control & Deletion
1419_miaminewtimes.com,13,Data Collection,Data Collection
1419_miaminewtimes.com,14,Data Collection|Other/Unclear|Third-Party Sharing,Third-Party Sharing
1419_miaminewtimes.com,15,Other/Unclear|User Control & Deletion,Other/Unclear|User Control & Deletion
1419_miaminewtimes.com,16,Other/Unclear,User Control & Deletion
1419_miaminewtimes.com,17,Data Collection,Data Collection
1419_miaminewtimes.com,18,Data Collection,Data Collection
1419_miaminewtimes.com,19,Data Collection|Other/Unclear|Third-Party Sharing|User Control & Deletion,Data Collection
1419_miaminewtimes.com,20,Data Collection|Other/Unclear,Data Collection
1419_miaminewtimes.com,21,Data Collection,Data Collection
1419_miaminewtimes.com,22,Third-Party Sharing,Third-Party Sharing
1419_miaminewtimes.com,23,Data Collection|Other/Unclear|Third-Party Sharing|User Control & Deletion,Data Collection|Third-Party Sharing
1419_miaminewtimes.com,24,Third-Party Sharing,Data Security|Third-Party Sharing
1419_miaminewtimes.com,25,Third-Party Sharing,Third-Party Sharing
1419_miaminewtimes.com,26,Data Collection|Third-Party Sharing,Data Collection|Third-Party Sharing
1419_miaminewtimes.com,27,Third-Party Sharing,Third-Party Sharing
1419_miaminewtimes.com,28,Other/Unclear,Other/Unclear
1419_miaminewtimes.com,29,User Control & Deletion,User Control & Deletion
1419_miaminewtimes.com,30,Data Collection|Other/Unclear,Other/Unclear
1419_miaminewtimes.com,31,Data Security|Other/Unclear,Data Security|Other/Unclear
1419_miaminewtimes.com,32,Data Security|Other/Unclear,Data Security
1419_miaminewtimes.com,33,User Control & Deletion,User Control & Deletion
1419_miaminewtimes.com,34,Other/Unclear,Other/Unclear
1468_rockstargames.com,0,Other/Unclear|Policy Change,Other/Unclear|Policy Change
1468_rockstargames.com,1,Other/Unclear,Data Collection|Other/Unclear
1468_rockstargames.com,2,Other/Unclear|Policy Change,Other/Unclear
1468_rockstargames.com,3,Data Security|Other/Unclear,Data Security|Other/Unclear
1468_rockstargames.com,4,Other/Unclear,Other/Unclear
1468_rockstargames.com,5,Other/Unclear,Other/Unclear
1468_rockstargames.com,6,Data Security|Other/Unclear,Data Security|Other/Unclear
1468_rockstargames.com,7,Other/Unclear,Data Security|Other/Unclear
1468_rockstargames.com,8,Data Collection|Data Security|Other/Unclear|Third-Party Sharing,Data Security|Other/Unclear|Third-Party Sharing
1468_rockstargames.com,9,Other/Unclear|Third-Party Sharing,Other/Unclear|Third-Party Sharing
1468_rockstargames.com,10,Third-Party Sharing,Third-Party Sharing
1468_rockstargames.com,11,Policy Change,Policy Change
1468_rockstargames.com,12,Data Collection,Data Collection
1468_rockstargames.com,13,Other/Unclear,Data Collection
1468_rockstargames.com,14,Data Collection,Data Collection
1468_rockstargames.com,15,Data Collection,Data Collection
1468_rockstargames.com,16,Data Collection,Data Collection|Third-Party Sharing
1468_rockstargames.com,17,Data Collection|Data Retention,Data Collection|Third-Party Sharing
1468_rockstargames.com,18,Data Collection,Data Collection|Third-Party Sharing|User Control & Deletion
1468_rockstargames.com,19,Data Collection,Data Collection
1468_rockstargames.com,20,Data Collection,Data Collection|Third-Party Sharing
1468_rockstargames.com,21,Other/Unclear|Third-Party Sharing,Other/Unclear|Third-Party Sharing
1468_rockstargames.com,22,Data Collection|Data Retention|Other/Unclear,Data Collection|Data Retention|Other/Unclear
1468_rockstargames.com,23,Other/Unclear|User Control & Deletion,Data Collection|User Control & Deletion
1468_rockstargames.com,24,Data Collection|Other/Unclear|Third-Party Sharing,Other/Unclear|Third-Party Sharing
1468_rockstargames.com,25,Other/Unclear,Other/Unclear
1468_rockstargames.com,26,Data Collection|User Control & Deletion,Data Collection|User Control & Deletion
1468_rockstargames.com,27,Data Collection,Data Collection
1468_rockstargames.com,28,Data Collection|User Control & Deletion,Data Collection|User Control & Deletion
1468_rockstargames.com,29,Data Collection,Data Collection|User Control & Deletion
1468_rockstargames.com,30,Data Collection,Data Collection|Other/Unclear
1468_rockstargames.com,31,Data Collection,Data Collection
1468_rockstargames.com,32,Data Collection,Data Collection
1468_rockstargames.com,33,Third-Party Sharing,Data Collection|Third-Party Sharing
1468_rockstargames.com,34,Third-Party Sharing,Other/Unclear|Third-Party Sharing|User Control & Deletion
1468_rockstargames.com,35,User Control & Deletion,Other/Unclear|User Control & Deletion
1468_rockstargames.com,36,Data Collection,Data Collection
1468_rockstargames.com,37,Data Collection|Other/Unclear|Third-Party Sharing|User Control & Deletion,Data Collection|Other/Unclear
1468_rockstargames.com,38,Other/Unclear,Data Collection|Other/Unclear
1468_rockstargames.com,39,Other/Unclear|Third-Party Sharing,Data Collection|Third-Party Sharing
1468_rockstargames.com,40,Other/Unclear|Third-Party Sharing,Data Collection
1468_rockstargames.com,41,Data Collection|Other/Unclear,Other/Unclear|Third-Party Sharing|User Control & Deletion
1468_rockstargames.com,42,Other/Unclear|Third-Party Sharing,Data Collection|Other/Unclear|Third-Party Sharing
1468_rockstargames.com,43,Third-Party Sharing,Third-Party Sharing
1468_rockstargames.com,44,Other/Unclear|Third-Party Sharing,Third-Party Sharing
1468_rockstargames.com,45,Third-Party Sharing,Third-Party Sharing
1468_rockstargames.com,46,Other/Unclear|User Control & Deletion,Data Collection|Other/Unclear|User Control & Deletion
1468_rockstargames.com,47,User Control & Deletion,User Control & Deletion
1468_rockstargames.com,48,Other/Unclear|User Control & Deletion,User Control & Deletion
1468_rockstargames.com,49,Data Collection|User Control & Deletion,Other/Unclear|Third-Party Sharing|User Control & Deletion
1468_rockstargames.com,50,Other/Unclear|User Control & Deletion,Other/Unclear|User Control & Deletion
1468_rockstargames.com,51,Data Retention|User Control & Deletion,Data Retention|Other/Unclear|User Control & Deletion
1468_rockstargames.com,52,Other/Unclear|User Control & Deletion,User Control & Deletion
1468_rockstargames.com,53,Other/Unclear,Other/Unclear
1468_rockstargames.com,54,Other/Unclear,Other/Unclear
1468_rockstargames.com,55,Data Security,Data Security
1468_rockstargames.com,56,Other/Unclear,Other/Unclear
1468_rockstargames.com,57,Other/Unclear,Other/Unclear
1468_rockstargames.com,58,Other/Unclear,Other/Unclear
1468_rockstargames.com,59,Other/Unclear,Other/Unclear|Third-Party Sharing
1468_rockstargames.com,60,Other/Unclear,Other/Unclear|Third-Party Sharing
1468_rockstargames.com,61,Other/Unclear,Other/Unclear
1470_steampowered.com,0,Other/Unclear,Other/Unclear
1470_steampowered.com,1,Other/Unclear|Policy Change,Other/Unclear|Policy Change
1470_steampowered.com,2,Data Collection|Third-Party Sharing,Third-Party Sharing
1470_steampowered.com,3,Data Collection|Other/Unclear,Data Collection
1470_steampowered.com,4,Data Collection|Third-Party Sharing,Data Collection|Third-Party Sharing
1470_steampowered.com,5,Data Collection|Third-Party Sharing,Data Collection|Third-Party Sharing|User Control & Deletion
1470_steampowered.com,6,Data Collection|Other/Unclear|Third-Party Sharing,Other/Unclear|Third-Party Sharing
1470_steampowered.com,7,Other/Unclear|Third-Party Sharing,Other/Unclear|Third-Party Sharing
1470_steampowered.com,8,Third-Party Sharing,Third-Party Sharing
1470_steampowered.com,9,Other/Unclear,Other/Unclear
1470_steampowered.com,10,Data Collection|Third-Party Sharing,Data Collection|Third-Party Sharing
1470_steampowered.com,11,User Control & Deletion,Other/Unclear|User Control & Deletion
1470_steampowered.com,12,Data Collection|Other/Unclear,Data Collection|Third-Party Sharing
1470_steampowered.com,13,Data Collection|Other/Unclear,Data Collection|Other/Unclear|Third-Party Sharing
1470_steampowered.com,14,Other/Unclear|Third-Party Sharing,Other/Unclear|Third-Party Sharing
1470_steampowered.com,15,User Control & Deletion,User Control & Deletion
1470_steampowered.com,16,Data Security|Other/Unclear,Data Security|Other/Unclear
1470_steampowered.com,17,User Control & Deletion,Other/Unclear|User Control & Deletion
1470_steampowered.com,18,Other/Unclear,Other/Unclear
1470_steampowered.com,19,Other/Unclear|Policy Change,Other/Unclear
1498_ticketmaster.com,0,Other/Unclear|Policy Change,Other/Unclear|Policy Change
1498_ticketmaster.com,1,Other/Unclear,Other/Unclear
1498_ticketmaster.com,2,Data Collection,Data Collection
1498_ticketmaster.com,3,Data Collection,Data Collection
1498_ticketmaster.com,4,Data Collection,Data Collection|Third-Party Sharing
1498_ticketmaster.com,5,Data Collection,Data Collection
1498_ticketmaster.com,6,Data Collection,Data Collection
1498_ticketmaster.com,7,Data Collection,Data Collection|Other/Unclear
1498_ticketmaster.com,8,Data Collection,Data Collection|Other/Unclear
1498_ticketmaster.com,9,Data Collection,Data Collection|Third-Party Sharing
1498_ticketmaster.com,10,Data Collection,Data Collection
1498_ticketmaster.com,11,Data Collection,Data Collection
1498_ticketmaster.com,12,Data Collection,Data Collection
1498_ticketmaster.com,13,Data Collection|Data Security,Data Collection|Data Security
1498_ticketmaster.com,14,Data Collection,Data Collection
1498_ticketmaster.com,15,Data Collection,Data Collection
1498_ticketmaster.com,16,Data Collection,Data Collection
1498_ticketmaster.com,17,Third-Party Sharing,Third-Party Sharing
1498_ticketmaster.com,18,Third-Party Sharing,Third-Party Sharing
1498_ticketmaster.com,19,Third-Party Sharing,Other/Unclear|Third-Party Sharing
1498_ticketmaster.com,20,Third-Party Sharing,Third-Party Sharing
1498_ticketmaster.com,21,Third-Party Sharing,Third-Party Sharing
1498_ticketmaster.com,22,Third-Party Sharing,Third-Party Sharing
1498_ticketmaster.com,23,User Control & Deletion,User Control & Deletion
1498_ticketmaster.com,24,Data Retention|User Control & Deletion,Other/Unclear|User Control & Deletion
1498_ticketmaster.com,25,User Control & Deletion,Other/Unclear|User Control & Deletion
1498_ticketmaster.com,26,User Control & Deletion,Other/Unclear|User Control & Deletion
1498_ticketmaster.com,27,Other/Unclear,Other/Unclear|User Control & Deletion
1498_ticketmaster.com,28,Other/Unclear,Other/Unclear|User Control & Deletion
1498_ticketmaster.com,29,Other/Unclear,Other/Unclear|User Control & Deletion
1498_ticketmaster.com,30,Other/Unclear,Other/Unclear
1498_ticketmaster.com,31,Data Security,Data Security
1498_ticketmaster.com,32,Data Security|Other/Unclear,Other/Unclear
1498_ticketmaster.com,33,Data Security|Other/Unclear,Data Security|Other/Unclear
1498_ticketmaster.com,34,Data Retention,Data Retention|Third-Party Sharing
1498_ticketmaster.com,35,Data Security|Other/Unclear,Other/Unclear
1498_ticketmaster.com,36,Other/Unclear,Data Security|Other/Unclear
1498_ticketmaster.com,37,Other/Unclear|Third-Party Sharing,Other/Unclear|Third-Party Sharing
1498_ticketmaster.com,38,Other/Unclear,Other/Unclear|User Control & Deletion
1498_ticketmaster.com,39,Policy Change,Policy Change
1539_geocaching.com,0,Other/Unclear|Policy Change,Other/Unclear|Policy Change
1539_geocaching.com,1,Data Security|Other/Unclear,Other/Unclear
1539_geocaching.com,2,Other/Unclear,Other/Unclear|User Control & Deletion
1539_geocaching.com,3,Other/Unclear|Policy Change,Other/Unclear|User Control & Deletion
1539_geocaching.com,4,Data Collection,Data Collection|Third-Party Sharing
1539_geocaching.com,5,Data Collection,Data Collection
1539_geocaching.com,6,Data Collection,Data Collection
1539_geocaching.com,7,Data Collection,Data Collection|Third-Party Sharing
1539_geocaching.com,8,Third-Party Sharing,Data Collection|Third-Party Sharing
1539_geocaching.com,9,Other/Unclear|Third-Party Sharing,Data Collection|Third-Party Sharing
1539_geocaching.com,10,Data Security|Third-Party Sharing,Data Security|Third-Party Sharing
1539_geocaching.com,11,Third-Party Sharing,Third-Party Sharing
1539_geocaching.com,12,Other/Unclear|Third-Party Sharing,Other/Unclear|Third-Party Sharing
1539_geocaching.com,13,Data Security|Other/Unclear,Data Security
1539_geocaching.com,14,Other/Unclear|User Control & Deletion,User Control & Deletion
1539_geocaching.com,15,Data Collection,Data Collection
1539_geocaching.com,16,Data Collection,Data Collection
1539_geocaching.com,17,Data Collection|Third-Party Sharing,Data Collection
1539_geocaching.com,18,Third-Party Sharing,Data Collection|Third-Party Sharing
1539_geocaching.com,19,User Control & Deletion,User Control & Deletion
1539_geocaching.com,20,Other/Unclear|Policy Change|Third-Party Sharing,Other/Unclear|Third-Party Sharing|User Control & Deletion
1539_geocaching.com,21,Other/Unclear|User Control & Deletion,Other/Unclear|User Control & Deletion
1539_geocaching.com,22,Other/Unclear,Other/Unclear|User Control & Deletion
1539_geocaching.com,23,Other/Unclear,Other/Unclear
1539_geocaching.com,24,Other/Unclear,Other/Unclear
1539_geocaching.com,25,Other/Unclear|Third-Party Sharing,Other/Unclear
1539_geocaching.com,26,Policy Change,Policy Change
1582_msn.com,0,Other/Unclear|Policy Change,Other/Unclear|Policy Change
1582_msn.com,1,Other/Unclear,Other/Unclear
1582_msn.com,2,Data Collection,Data Collection
1582_msn.com,3,Data Collection|Third-Party Sharing,Data Collection|Third-Party Sharing
1582_msn.com,4,Data Collection,Data Collection
1582_msn.com,5,Data Collection,Data Collection
1582_msn.com,6,Data Collection|Data Retention|Data Security,Data Collection
1582_msn.com,7,Data Collection|Third-Party Sharing,Data Collection
1582_msn.com,8,Data Collection,Data Collection
1582_msn.com,9,Data Collection|Other/Unclear,Data Collection
1582_msn.com,10,Data Collection|Third-Party Sharing,Data Collection
1582_msn.com,11,Third-Party Sharing,Third-Party Sharing
1582_msn.com,12,Third-Party Sharing,Third-Party Sharing
1582_msn.com,13,Data Collection|Other/Unclear|Third-Party Sharing|User Control & Deletion,Data Collection|Other/Unclear|User Control & Deletion
1582_msn.com,14,Data Collection|User Control & Deletion,Data Collection|User Control & Deletion
1582_msn.com,15,Data Collection|Data Retention|User Control & Deletion,Data Collection|User Control & Deletion
1582_msn.com,16,Other/Unclear|Third-Party Sharing,Data Collection
1582_msn.com,17,Data Collection|Data Security,Data Collection
1582_msn.com,18,Data Collection|Other/Unclear|Third-Party Sharing,Data Collection
1582_msn.com,19,Data Collection,Data Collection
1582_msn.com,20,Data Collection|Third-Party Sharing,Data Collection
1582_msn.com,21,Other/Unclear,Other/Unclear
1582_msn.com,22,Other/Unclear,Other/Unclear
1582_msn.com,23,Other/Unclear,Other/Unclear|User Control & Deletion
1582_msn.com,24,Data Collection,Data Collection|Third-Party Sharing
1582_msn.com,25,Other/Unclear|User Control & Deletion,Other/Unclear|User Control & Deletion
1582_msn.com,26,User Control & Deletion,User Control & Deletion
1582_msn.com,27,Other/Unclear,Data Collection|Other/Unclear
1582_msn.com,28,Data Collection|Third-Party Sharing,Data Collection
1582_msn.com,29,Data Collection|User Control & Deletion,Data Collection|User Control & Deletion
1582_msn.com,30,Other/Unclear|User Control & Deletion,Other/Unclear
1582_msn.com,31,Other/Unclear,
1610_post-gazette.com,0,Other/Unclear|Policy Change,Other/Unclear|Policy Change
1610_post-gazette.com,1,Data Collection|Data Security|Other/Unclear,Other/Unclear
1610_post-gazette.com,2,Policy Change|User Control & Deletion,Policy Change
1610_post-gazette.com,3,Data Collection,Data Collection
1610_post-gazette.com,4,Data Collection,Data Collection
1610_post-gazette.com,5,Data Collection,Data Collection
1610_post-gazette.com,6,Data Collection|Other/Unclear|User Control & Deletion,Data Collection|Other/Unclear
1610_post-gazette.com,7,Data Collection|Other/Unclear|User Control & Deletion,Data Collection|User Control & Deletion
1610_post-gazette.com,8,Data Collection,Data Collection
1610_post-gazette.com,9,Data Collection|Other/Unclear,Data Collection|Other/Unclear
1610_post-gazette.com,10,Data Collection|Data Security|Third-Party Sharing,Data Security|Third-Party Sharing
1610_post-gazette.com,11,Data Collection,Data Collection
1610_post-gazette.com,12,Data Collection|Third-Party Sharing,Data Collection|Other/Unclear|Third-Party Sharing
1610_post-gazette.com,13,Data Collection|Third-Party Sharing,Data Collection|Third-Party Sharing
1610_post-gazette.com,14,Data Collection|Third-Party Sharing,Data Collection|Third-Party Sharing
1610_post-gazette.com,15,Data Collection|Data Security|Third-Party Sharing,Third-Party Sharing
1610_post-gazette.com,16,Data Collection|Third-Party Sharing,Third-Party Sharing
1610_post-gazette.com,17,Data Collection|Third-Party Sharing|User Control & Deletion,Third-Party Sharing|User Control & Deletion
1610_post-gazette.com,18,Other/Unclear|User Control & Deletion,Other/Unclear|User Control & Deletion
1610_post-gazette.com,19,Data Collection|Other/Unclear,Data Collection
1610_post-gazette.com,20,Other/Unclear|Third-Party Sharing,Other/Unclear|Third-Party Sharing|User Control & Deletion
1610_post-gazette.com,21,User Control & Deletion,User Control & Deletion
1610_post-gazette.com,22,Data Security,Data Security
1610_post-gazette.com,23,Data Security|Other/Unclear,Other/Unclear|Third-Party Sharing
1610_post-gazette.com,24,Data Collection|Other/Unclear,Data Collection|Other/Unclear
1610_post-gazette.com,25,Other/Unclear,Other/Unclear
1610_post-gazette.com,26,Other/Unclear|User Control & Deletion,Other/Unclear
1610_post-gazette.com,27,Other/Unclear,Other/Unclear
1618_sltrib.com,0,Other/Unclear,Other/Unclear
1618_sltrib.com,1,Policy Change,Policy Change
1618_sltrib.com,2,Data Collection,Data Collection
1618_sltrib.com,3,Data Collection|User Control & Deletion,Data Collection|User Control & Deletion
1618_sltrib.com,4,Data Collection,Data Collection
1618_sltrib.com,5,Data Collection,Data Collection
1618_sltrib.com,6,Data Collection,Data Collection|Other/Unclear|Third-Party Sharing
1618_sltrib.com,7,Data Collection|Third-Party Sharing,Data Collection
1618_sltrib.com,8,Third-Party Sharing,Other/Unclear|Third-Party Sharing
1618_sltrib.com,9,Data Collection|Data Retention|Other/Unclear,Data Collection|Data Retention
1618_sltrib.com,10,Data Collection|Third-Party Sharing,Data Collection|Third-Party Sharing
1618_sltrib.com,11,Data Collection,Data Collection
1618_sltrib.com,12,Data Collection|Other/Unclear|Third-Party Sharing|User Control & Deletion,Data Collection|Other/Unclear|Third-Party Sharing
1618_sltrib.com,13,Data Collection,Data Collection
1618_sltrib.com,14,Data Collection|Other/Unclear|Third-Party Sharing|User Control & Deletion,Data Collection|Third-Party Sharing
1618_sltrib.com,15,Data Collection|Other/Unclear,Data Collection
1618_sltrib.com,16,Data Collection|Third-Party Sharing,Data Collection|Third-Party Sharing
1618_sltrib.com,17,Other/Unclear|Third-Party Sharing|User Control & Deletion,Data Collection|Third-Party Sharing
1618_sltrib.com,18,Other/Unclear|Third-Party Sharing|User Control & Deletion,Data Collection|Third-Party Sharing
1618_sltrib.com,19,Data Collection,Data Collection|Third-Party Sharing
1618_sltrib.com,20,Other/Unclear|Third-Party Sharing,Other/Unclear|Third-Party Sharing
1618_sltrib.com,21,Third-Party Sharing,Data Collection|Third-Party Sharing
1618_sltrib.com,22,User Control & Deletion,Data Collection|Other/Unclear|User Control & Deletion
1618_sltrib.com,23,Other/Unclear|User Control & Deletion,Data Collection|Other/Unclear|User Control & Deletion
1618_sltrib.com,24,Other/Unclear|User Control & Deletion,Other/Unclear|Third-Party Sharing|User Control & Deletion
1618_sltrib.com,25,Other/Unclear,Other/Unclear|Third-Party Sharing|User Control & Deletion
1618_sltrib.com,26,Other/Unclear|User Control & Deletion,Other/Unclear|User Control & Deletion
1618_sltrib.com,27,Other/Unclear,Other/Unclear|User Control & Deletion
1618_sltrib.com,28,Other/Unclear,Other/Unclear
1618_sltrib.com,29,Other/Unclear|User Control & Deletion,Other/Unclear|User Control & Deletion
1618_sltrib.com,30,Data Security,Data Security
1618_sltrib.com,31,Other/Unclear,Other/Unclear
1618_sltrib.com,32,Other/Unclear,Data Collection|Other/Unclear
1618_sltrib.com,33,Other/Unclear,Other/Unclear
1618_sltrib.com,34,Other/Unclear,Data Collection|Other/Unclear
1618_sltrib.com,35,Data Collection|Other/Unclear,Data Collection|Other/Unclear
1618_sltrib.com,36,Data Collection|Data Retention|Data Security|Other/Unclear|Third-Party Sharing,Data Collection|Data Retention|Data Security|Other/Unclear
1618_sltrib.com,37,Other/Unclear|Third-Party Sharing|User Control & Deletion,Other/Unclear|Third-Party Sharing
1618_sltrib.com,38,Other/Unclear|Third-Party Sharing,Other/Unclear
1618_sltrib.com,39,Other/Unclear|User Control & Deletion,Other/Unclear
1618_sltrib.com,40,Other/Unclear|User Control & Deletion,
1618_sltrib.com,41,Other/Unclear|User Control & Deletion,User Control & Deletion
1618_sltrib.com,42,Other/Unclear|User Control & Deletion,Other/Unclear|User Control & Deletion
1618_sltrib.com,43,Other/Unclear,Other/Unclear
1618_sltrib.com,44,Other/Unclear|Policy Change,Other/Unclear|Policy Change
1636_sidearmsports.com,0,Other/Unclear,Other/Unclear
1636_sidearmsports.com,1,Other/Unclear,Other/Unclear
1636_sidearmsports.com,2,Other/Unclear,Other/Unclear
1636_sidearmsports.com,3,Data Collection|Third-Party Sharing,Data Collection|Third-Party Sharing
1636_sidearmsports.com,4,Data Collection,Data Collection
1636_sidearmsports.com,5,Data Collection|Data Security|Third-Party Sharing,Data Collection|Third-Party Sharing
1636_sidearmsports.com,6,Third-Party Sharing|User Control & Deletion,Other/Unclear|Third-Party Sharing
1636_sidearmsports.com,7,Data Collection|Other/Unclear|Third-Party Sharing,Other/Unclear|Third-Party Sharing
1636_sidearmsports.com,8,Data Collection|Other/Unclear,Other/Unclear|Third-Party Sharing
1636_sidearmsports.com,9,Data Collection|Other/Unclear|Third-Party Sharing,Other/Unclear|Third-Party Sharing
1636_sidearmsports.com,10,Data Collection|Other/Unclear|Third-Party Sharing,Data Collection|Other/Unclear|Third-Party Sharing
1636_sidearmsports.com,11,Data Collection|Third-Party Sharing,Data Collection|Third-Party Sharing
1636_sidearmsports.com,12,Data Collection|Other/Unclear,Data Collection|Other/Unclear
1636_sidearmsports.com,13,Data Collection,Data Collection
1636_sidearmsports.com,14,Data Collection|Other/Unclear,Data Collection|Other/Unclear|User Control & Deletion
1636_sidearmsports.com,15,Third-Party Sharing,Third-Party Sharing
1636_sidearmsports.com,16,Data Collection|Other/Unclear|Third-Party Sharing,Data Collection|Other/Unclear|Third-Party Sharing
1636_sidearmsports.com,17,Data Collection,Data Collection
1636_sidearmsports.com,18,Data Collection,Data Collection
1636_sidearmsports.com,19,Data Collection|Data Retention,Data Collection|User Control & Deletion
1636_sidearmsports.com,20,Data Collection|Other/Unclear,Data Collection|Other/Unclear
1636_sidearmsports.com,21,Third-Party Sharing,Third-Party Sharing
1636_sidearmsports.com,22,Other/Unclear,Other/Unclear|Third-Party Sharing
1636_sidearmsports.com,23,Other/Unclear|User Control & Deletion,Other/Unclear
1636_sidearmsports.com,24,Data Collection,Data Collection
1636_sidearmsports.com,25,Data Collection,Data Collection|Third-Party Sharing
1636_sidearmsports.com,26,Data Collection,Data Collection
1636_sidearmsports.com,27,Data Collection|Third-Party Sharing,Data Collection|Other/Unclear|Third-Party Sharing
1636_sidearmsports.com,28,Data Collection|Other/Unclear,Data Collection|Other/Unclear
1636_sidearmsports.com,29,Third-Party Sharing,Third-Party Sharing
1636_sidearmsports.com,30,Other/Unclear|Third-Party Sharing,Third-Party Sharing
1636_sidearmsports.com,31,Third-Party Sharing,Third-Party Sharing
1636_sidearmsports.com,32,Third-Party Sharing,Third-Party Sharing
1636_sidearmsports.com,33,Data Security|Third-Party Sharing,Data Security|Other/Unclear|Third-Party Sharing
1636_sidearmsports.com,34,Other/Unclear|Third-Party Sharing,Other/Unclear|Third-Party Sharing
1636_sidearmsports.com,35,Data Collection|Other/Unclear|Third-Party Sharing|User Control & Deletion,Other/Unclear|Third-Party Sharing|User Control & Deletion
1636_sidearmsports.com,36,Data Collection|Other/Unclear|Policy Change,Data Collection|Other/Unclear
1636_sidearmsports.com,37,User Control & Deletion,Other/Unclear|User Control & Deletion
1636_sidearmsports.com,38,Data Collection|User Control & Deletion,User Control & Deletion
1636_sidearmsports.com,39,Data Collection|Third-Party Sharing,Data Collection|Third-Party Sharing
1636_sidearmsports.com,40,Data Collection|Other/Unclear|Third-Party Sharing|User Control & Deletion,Data Collection|Third-Party Sharing
1636_sidearmsports.com,41,Data Collection|Data Security|Other/Unclear,Data Collection|Other/Unclear|Third-Party Sharing
1636_sidearmsports.com,42,Data Collection|Data Retention|Third-Party Sharing,Data Collection|Data Retention|Third-Party Sharing
1636_sidearmsports.com,43,User Control & Deletion,User Control & Deletion
1636_sidearmsports.com,44,Data Security|Other/Unclear,Data Security
1636_sidearmsports.com,45,Third-Party Sharing,Third-Party Sharing
1636_sidearmsports.com,46,Data Collection|Other/Unclear,Other/Unclear
1636_sidearmsports.com,47,Data Collection|Data Security|Other/Unclear|Third-Party Sharing,Data Collection|Other/Unclear
1636_sidearmsports.com,48,Data Collection|Other/Unclear,Data Collection|Data Retention|Other/Unclear|User Control & Deletion
1636_sidearmsports.com,49,Other/Unclear|Policy Change,Other/Unclear|Policy Change
1636_sidearmsports.com,50,Other/Unclear|User Control & Deletion,Other/Unclear|User Control & Deletion
1636_sidearmsports.com,51,Policy Change,Policy Change
164_adweek.com,0,Data Collection|Other/Unclear|Policy Change,Other/Unclear
164_adweek.com,1,Data Collection,Data Collection
164_adweek.com,2,Data Collection|Other/Unclear|User Control & Deletion,Data Collection
164_adweek.com,3,Data Collection,Data Collection
164_adweek.com,4,Data Collection|Third-Party Sharing|User Control & Deletion,Data Collection|Third-Party Sharing
164_adweek.com,5,Data Collection,Data Collection
164_adweek.com,6,Data Collection|User Control & Deletion,Data Collection
164_adweek.com,7,Other/Unclear|Third-Party Sharing,Third-Party Sharing
164_adweek.com,8,Data Security|Third-Party Sharing,Data Security|Third-Party Sharing
164_adweek.com,9,Other/Unclear|Third-Party Sharing|User Control & Deletion,Third-Party Sharing|User Control & Deletion
164_adweek.com,10,Third-Party Sharing,Third-Party Sharing
164_adweek.com,11,Data Security,Data Security|Other/Unclear
164_adweek.com,12,Data Retention|Other/Unclear,Other/Unclear
164_adweek.com,13,Data Collection|Other/Unclear,Other/Unclear
164_adweek.com,14,Other/Unclear|User Control & Deletion,Other/Unclear|User Control & Deletion
164_adweek.com,15,Other/Unclear,Other/Unclear
164_adweek.com,16,Policy Change,Other/Unclear|Policy Change
1666_wsmv.com,0,Other/Unclear,Other/Unclear
1666_wsmv.com,1,Data Security|Other/Unclear,Data Collection|Data Security
1666_wsmv.com,2,Data Collection|Other/Unclear|Third-Party Sharing,Data Collection|Other/Unclear
1666_wsmv.com,3,Other/Unclear|Policy Change,Other/Unclear
1666_wsmv.com,4,Data Collection,Data Collection
1666_wsmv.com,5,Data Collection|Other/Unclear,Data Collection
1666_wsmv.com,6,Data Collection|Third-Party Sharing,Data Collection|Third-Party Sharing
1666_wsmv.com,7,Data Collection|Other/Unclear|Third-Party Sharing,Data Collection|Third-Party Sharing
1666_wsmv.com,8,Data Collection|Other/Unclear|User Control & Deletion,Data Collection|Other/Unclear
1666_wsmv.com,9,Data Collection|Other/Unclear|Third-Party Sharing|User Control & Deletion,Data Collection|Third-Party Sharing
1666_wsmv.com,10,Other/Unclear|User Control & Deletion,Other/Unclear|User Control & Deletion
1666_wsmv.com,11,Data Collection|Third-Party Sharing,Data Collection
1666_wsmv.com,12,Data Collection,Data Collection|Data Retention
1666_wsmv.com,13,Other/Unclear,Other/Unclear
1666_wsmv.com,14,Other/Unclear,Other/Unclear|Third-Party Sharing
1666_wsmv.com,15,Other/Unclear,Other/Unclear
1666_wsmv.com,16,Data Collection|Third-Party Sharing,Data Collection|Third-Party Sharing
1666_wsmv.com,17,Other/Unclear,Other/Unclear
1666_wsmv.com,18,Data Collection|Other/Unclear|Third-Party Sharing|User Control & Deletion,Third-Party Sharing|User Control & Deletion
1666_wsmv.com,19,Other/Unclear|User Control & Deletion,Other/Unclear
1666_wsmv.com,20,Third-Party Sharing,Third-Party Sharing
1666_wsmv.com,21,Data Collection,Data Collection|Third-Party Sharing
1666_wsmv.com,22,Data Collection|Third-Party Sharing,Data Collection|Third-Party Sharing
1666_wsmv.com,23,Data Collection|Third-Party Sharing,Data Collection|Third-Party Sharing
1666_wsmv.com,24,Other/Unclear|Third-Party Sharing,Data Collection|Third-Party Sharing
1666_wsmv.com,25,Other/Unclear|Policy Change,Other/Unclear|Third-Party Sharing
1666_wsmv.com,26,Data Security|Other/Unclear,Data Security|Other/Unclear
1666_wsmv.com,27,Data Retention|Other/Unclear|User Control & Deletion,Data Retention|Other/Unclear|User Control & Deletion
1666_wsmv.com,28,Other/Unclear|Third-Party Sharing,Third-Party Sharing
1666_wsmv.com,29,Other/Unclear,Other/Unclear
1666_wsmv.com,30,Other/Unclear|Policy Change,Other/Unclear|Policy Change
1673_tulsaworld.com,0,Other/Unclear,Other/Unclear
1673_tulsaworld.com,1,Other/Unclear,Other/Unclear
1673_tulsaworld.com,2,Other/Unclear,Other/Unclear
1673_tulsaworld.com,3,Other/Unclear|User Control & Deletion,Other/Unclear|Policy Change|User Control & Deletion
1673_tulsaworld.com,4,Policy Change,Policy Change
1673_tulsaworld.com,5,Other/Unclear,Other/Unclear
1673_tulsaworld.com,6,Data Collection,Data Collection
1673_tulsaworld.com,7,Third-Party Sharing,Third-Party Sharing
1673_tulsaworld.com,8,Third-Party Sharing,
1673_tulsaworld.com,9,Third-Party Sharing,Third-Party Sharing
1673_tulsaworld.com,10,Data Security|Third-Party Sharing,Data Collection
1673_tulsaworld.com,11,Data Collection,Data Collection
1673_tulsaworld.com,12,Data Collection,Data Collection
1673_tulsaworld.com,13,Data Collection|Third-Party Sharing,Data Collection|Third-Party Sharing
1673_tulsaworld.com,14,Data Collection|Other/Unclear,Data Collection
1673_tulsaworld.com,15,Data Collection,Data Collection|Data Retention|User Control & Deletion
1673_tulsaworld.com,16,Data Collection|Other/Unclear|Third-Party Sharing,Data Collection|Third-Party Sharing
1673_tulsaworld.com,17,Data Collection|Other/Unclear,Data Collection|Other/Unclear
1673_tulsaworld.com,18,Other/Unclear|Third-Party Sharing,Other/Unclear|Third-Party Sharing
1673_tulsaworld.com,19,User Control & Deletion,User Control & Deletion
1673_tulsaworld.com,20,Data Collection|Third-Party Sharing,Data Collection|Third-Party Sharing
1673_tulsaworld.com,21,Data Collection,Data Collection
1673_tulsaworld.com,22,Data Collection,Data Collection|Other/Unclear
1673_tulsaworld.com,23,Data Collection|Third-Party Sharing,Data Collection|Third-Party Sharing
1673_tulsaworld.com,24,Data Collection|User Control & Deletion,Data Collection
1673_tulsaworld.com,25,Data Collection|Third-Party Sharing|User Control & Deletion,Data Collection|Third-Party Sharing
1673_tulsaworld.com,26,Data Collection|Other/Unclear|Third-Party Sharing,Data Security|Third-Party Sharing
1673_tulsaworld.com,27,Data Collection,Data Collection|Other/Unclear
1673_tulsaworld.com,28,Data Collection|Data Security|Third-Party Sharing,Data Collection|Third-Party Sharing
1673_tulsaworld.com,29,Data Collection,Data Collection
1673_tulsaworld.com,30,Data Collection|Third-Party Sharing,Data Collection
1673_tulsaworld.com,31,Other/Unclear|Third-Party Sharing,Data Collection|Third-Party Sharing
1673_tulsaworld.com,32,Third-Party Sharing,Third-Party Sharing
1673_tulsaworld.com,33,Data Collection|Other/Unclear|User Control & Deletion,Data Collection|Other/Unclear
1673_tulsaworld.com,34,Other/Unclear|User Control & Deletion,Other/Unclear|Third-Party Sharing
1673_tulsaworld.com,35,Other/Unclear|Third-Party Sharing,Other/Unclear|Third-Party Sharing
1673_tulsaworld.com,36,Other/Unclear|Third-Party Sharing,Other/Unclear
1673_tulsaworld.com,37,Data Security|Other/Unclear,Other/Unclear
1673_tulsaworld.com,38,User Control & Deletion,Other/Unclear|User Control & Deletion
1673_tulsaworld.com,39,User Control & Deletion,User Control & Deletion
1673_tulsaworld.com,40,Other/Unclear|User Control & Deletion,User Control & Deletion
1673_tulsaworld.com,41,Policy Change|User Control & Deletion,Data Collection|User Control & Deletion
1673_tulsaworld.com,42,Data Security,Data Security
1673_tulsaworld.com,43,Data Security,Data Security|Other/Unclear
1673_tulsaworld.com,44,Other/Unclear|User Control & Deletion,Data Collection|User Control & Deletion
1673_tulsaworld.com,45,Other/Unclear|Third-Party Sharing,Other/Unclear
1673_tulsaworld.com,46,Other/Unclear,Other/Unclear
1673_tulsaworld.com,47,Other/Unclear,Other/Unclear
1683_dailynews.com,0,Other/Unclear,Other/Unclear
1683_dailynews.com,1,Policy Change,Policy Change
1683_dailynews.com,2,Data Collection,Data Collection
1683_dailynews.com,3,Data Collection|User Control & Deletion,Data Collection|User Control & Deletion
1683_dailynews.com,4,Data Collection,Data Collection
1683_dailynews.com,5,Data Collection,Data Collection
1683_dailynews.com,6,Data Collection|Other/Unclear|Third-Party Sharing,Data Collection|Third-Party Sharing
1683_dailynews.com,7,Data Collection|Data Retention,Data Collection|Data Retention|Other/Unclear
1683_dailynews.com,8,Data Collection|Third-Party Sharing,Data Collection|Third-Party Sharing
1683_dailynews.com,9,Data Collection,Data Collection
1683_dailynews.com,10,Data Collection|Other/Unclear|Third-Party Sharing,Data Collection|Other/Unclear|Third-Party Sharing|User Control & Deletion
1683_dailynews.com,11,Data Collection,Data Collection
1683_dailynews.com,12,Other/Unclear,Data Collection|Other/Unclear
1683_dailynews.com,13,Data Collection|Third-Party Sharing,Data Collection|Other/Unclear|Third-Party Sharing|User Control & Deletion
1683_dailynews.com,14,Data Collection,Data Collection|Other/Unclear
1683_dailynews.com,15,Data Collection|Third-Party Sharing,Data Collection|Third-Party Sharing
1683_dailynews.com,16,Data Collection|Third-Party Sharing,Other/Unclear|Third-Party Sharing|User Control & Deletion
1683_dailynews.com,17,Data Collection|Third-Party Sharing,Third-Party Sharing
1683_dailynews.com,18,Data Collection|Other/Unclear|User Control & Deletion,Other/Unclear|User Control & Deletion
1683_dailynews.com,19,Other/Unclear|Third-Party Sharing|User Control & Deletion,Other/Unclear|User Control & Deletion
1683_dailynews.com,20,Other/Unclear|User Control & Deletion,Other/Unclear|User Control & Deletion
1683_dailynews.com,21,Other/Unclear,Other/Unclear|User Control & Deletion
1683_dailynews.com,22,Other/Unclear|User Control & Deletion,Other/Unclear|User Control & Deletion
1683_dailynews.com,23,Data Security,Data Security
1683_dailynews.com,24,Other/Unclear,Other/Unclear
1683_dailynews.com,25,Other/Unclear|Third-Party Sharing,Other/Unclear
1683_dailynews.com,26,Other/Unclear,Other/Unclear
1683_dailynews.com,27,Data Collection|Other/Unclear,Other/Unclear
1683_dailynews.com,28,Data Collection|Other/Unclear,Data Collection|Other/Unclear
1683_dailynews.com,29,Data Collection|Data Retention|Data Security|Other/Unclear|Third-Party Sharing,Data Collection|Data Retention|Data Security|Other/Unclear|Third-Party Sharing|User Control & Deletion
1683_dailynews.com,30,Other/Unclear|User Control & Deletion,Other/Unclear|User Control & Deletion
1683_dailynews.com,31,Other/Unclear,Other/Unclear
1683_dailynews.com,32,Other/Unclear|Policy Change,Other/Unclear|Policy Change
1694_lids.com,0,Other/Unclear,Other/Unclear
1694_lids.com,1,Other/Unclear|Policy Change,Other/Unclear|Policy Change
1694_lids.com,2,Other/Unclear,Other/Unclear
1694_lids.com,3,Data Collection|Third-Party Sharing,Data Collection|Other/Unclear|Third-Party Sharing
1694_lids.com,4,Policy Change,Policy Change
1694_lids.com,5,Other/Unclear,Other/Unclear
1694_lids.com,6,Data Collection,Data Collection
1694_lids.com,7,Data Collection,Data Collection
1694_lids.com,8,Data Collection,Data Collection|Data Retention
1694_lids.com,9,Data Collection,Data Collection
1694_lids.com,10,Data Collection|Third-Party Sharing,Data Collection|Third-Party Sharing
1694_lids.com,11,Other/Unclear,Other/Unclear
1694_lids.com,12,Data Collection|Third-Party Sharing,Data Collection|Third-Party Sharing
1694_lids.com,13,Data Collection|Other/Unclear,Data Collection|Other/Unclear
1694_lids.com,14,Data Collection,Data Collection
1694_lids.com,15,Data Security|Other/Unclear|User Control & Deletion,Data Security|Other/Unclear
1694_lids.com,16,Data Collection,Data Collection
1694_lids.com,17,Other/Unclear,Other/Unclear
1694_lids.com,18,Third-Party Sharing,Third-Party Sharing
1694_lids.com,19,Other/Unclear|Third-Party Sharing,Data Security|Third-Party Sharing
1694_lids.com,20,Data Security|Third-Party Sharing,Data Security|Third-Party Sharing
1694_lids.com,21,Other/Unclear|Third-Party Sharing,Data Collection|Third-Party Sharing
1694_lids.com,22,Data Security,Data Security
1694_lids.com,23,Data Security|Third-Party Sharing,Data Security|Third-Party Sharing
1694_lids.com,24,Data Security,Data Security
1694_lids.com,25,Data Security|Other/Unclear,User Control & Deletion
1694_lids.com,26,User Control & Deletion,User Control & Deletion
1694_lids.com,27,User Control & Deletion,Other/Unclear|User Control & Deletion
1694_lids.com,28,User Control & Deletion,User Control & Deletion
1694_lids.com,29,User Control & Deletion,Other/Unclear|User Control & Deletion
1694_lids.com,30,Other/Unclear|User Control & Deletion,Data Collection|Other/Unclear|User Control & Deletion
1694_lids.com,31,User Control & Deletion,
1694_lids.com,32,Other/Unclear|User Control & Deletion,Other/Unclear
1694_lids.com,33,Data Collection|Other/Unclear,Other/Unclear
1694_lids.com,34,Other/Unclear,Other/Unclear
1694_lids.com,35,Other/Unclear,Other/Unclear
1694_lids.com,36,Other/Unclear,Other/Unclear
1694_lids.com,37,Other/Unclear,Other/Unclear
1703_sports-reference.com,0,Other/Unclear,Other/Unclear
1703_sports-reference.com,1,Other/Unclear,Other/Unclear
1703_sports-reference.com,2,Data Collection|Other/Unclear,Other/Unclear
1703_sports-reference.com,3,Data Collection,Data Collection
1703_sports-reference.com,4,Data Collection|User Control & Deletion,Data Collection
1703_sports-reference.com,5,Data Collection,Data Collection
1703_sports-reference.com,6,Data Collection,Data Collection
1703_sports-reference.com,7,Data Retention|Data Security|Other/Unclear|Third-Party Sharing,Other/Unclear|Third-Party Sharing
1703_sports-reference.com,8,Other/Unclear|Third-Party Sharing,Other/Unclear
1703_sports-reference.com,9,Other/Unclear,Other/Unclear
1703_sports-reference.com,10,Data Collection,Data Collection
1703_sports-reference.com,11,Data Collection|Other/Unclear|User Control & Deletion,
1703_sports-reference.com,12,Data Collection|Policy Change,Other/Unclear|Policy Change
1703_sports-reference.com,13,Third-Party Sharing,Third-Party Sharing
1703_sports-reference.com,14,Third-Party Sharing,Third-Party Sharing
1703_sports-reference.com,15,Data Security|Other/Unclear,Other/Unclear|Third-Party Sharing
1703_sports-reference.com,16,Data Security|Other/Unclear|Third-Party Sharing,Other/Unclear|Third-Party Sharing
1703_sports-reference.com,17,Data Security|Other/Unclear,Data Security|Other/Unclear
1703_sports-reference.com,18,Other/Unclear|User Control & Deletion,User Control & Deletion
1703_sports-reference.com,19,Other/Unclear|User Control & Deletion,User Control & Deletion
1703_sports-reference.com,20,Other/Unclear|Policy Change,Other/Unclear|Policy Change
1708_foxsports.com,0,Other/Unclear,Other/Unclear|Policy Change
1708_foxsports.com,1,Other/Unclear,Other/Unclear
1708_foxsports.com,2,Other/Unclear,Other/Unclear|Policy Change
1708_foxsports.com,3,Data Collection|Other/Unclear,Data Collection|Other/Unclear
1708_foxsports.com,4,Other/Unclear,Other/Unclear
1708_foxsports.com,5,Data Collection,Data Collection
1708_foxsports.com,6,Data Collection|Third-Party Sharing,Data Collection|Other/Unclear|Third-Party Sharing
1708_foxsports.com,7,Data Collection,Data Collection|Data Retention|Other/Unclear|Third-Party Sharing
1708_foxsports.com,8,Data Collection|Third-Party Sharing,Data Collection
1708_foxsports.com,9,Data Collection|Data Security|Other/Unclear|Third-Party Sharing,Data Collection|Third-Party Sharing
1708_foxsports.com,10,Other/Unclear|Third-Party Sharing|User Control & Deletion,Other/Unclear|Third-Party Sharing
1708_foxsports.com,11,Data Security|Other/Unclear|User Control & Deletion,Other/Unclear|User Control & Deletion
1708_foxsports.com,12,Data Collection|Third-Party Sharing,Data Collection
1708_foxsports.com,13,Other/Unclear,Other/Unclear
1708_foxsports.com,14,Other/Unclear|Policy Change,Other/Unclear
1708_foxsports.com,15,Policy Change,Other/Unclear|Policy Change
1708_foxsports.com,16,Other/Unclear,Other/Unclear
1708_foxsports.com,17,Other/Unclear|User Control & Deletion,Other/Unclear
1708_foxsports.com,18,Data Security|Other/Unclear|User Control & Deletion,Other/Unclear|Third-Party Sharing
1708_foxsports.com,19,Data Collection|Other/Unclear|Third-Party Sharing,Data Collection|Other/Unclear
1708_foxsports.com,20,Data Collection,Data Collection
1708_foxsports.com,21,Third-Party Sharing,Third-Party Sharing
1708_foxsports.com,22,Third-Party Sharing,Data Collection|Third-Party Sharing
1708_foxsports.com,23,Other/Unclear|Third-Party Sharing,Data Collection|Other/Unclear|Third-Party Sharing|User Control & Deletion
1708_foxsports.com,24,Other/Unclear|Third-Party Sharing,Other/Unclear|Third-Party Sharing
1708_foxsports.com,25,Data Collection|Other/Unclear|Third-Party Sharing,Data Collection|Third-Party Sharing
1708_foxsports.com,26,Data Collection|User Control & Deletion,User Control & Deletion
1708_foxsports.com,27,Other/Unclear|Third-Party Sharing,Other/Unclear|Third-Party Sharing
1708_foxsports.com,28,Third-Party Sharing,Third-Party Sharing
1708_foxsports.com,29,Data Collection|Third-Party Sharing,Third-Party Sharing
1708_foxsports.com,30,Third-Party Sharing,Third-Party Sharing
1708_foxsports.com,31,Data Collection|Third-Party Sharing,Data Collection|Third-Party Sharing
1708_foxsports.com,32,Data Security,Data Security
1708_foxsports.com,33,User Control & Deletion,Other/Unclear|User Control & Deletion
1708_foxsports.com,34,Other/Unclear|User Control & Deletion,Other/Unclear|User Control & Deletion
1708_foxsports.com,35,Data Retention,Data Retention
1708_foxsports.com,36,Data Retention|Other/Unclear,Data Retention|User Control & Deletion
1708_foxsports.com,37,Data Security|Other/Unclear,Data Collection
1708_foxsports.com,38,Other/Unclear,Other/Unclear
1713_latinpost.com,0,Other/Unclear,Other/Unclear|Policy Change
1713_latinpost.com,1,Other/Unclear,Data Security|Other/Unclear
1713_latinpost.com,2,Data Collection|Other/Unclear,Data Collection|Other/Unclear|Third-Party Sharing
1713_latinpost.com,3,Other/Unclear|User Control & Deletion,Other/Unclear
1713_latinpost.com,4,Other/Unclear,Other/Unclear
1713_latinpost.com,5,Other/Unclear|Third-Party Sharing,Other/Unclear
1713_latinpost.com,6,Data Collection|Other/Unclear,Data Collection|Other/Unclear
1713_latinpost.com,7,Data Collection,Data Collection
1713_latinpost.com,8,Data Collection|Data Security,Data Collection|Third-Party Sharing
1713_latinpost.com,9,Data Collection|Other/Unclear|User Control & Deletion,Data Collection
1713_latinpost.com,10,Data Collection|Third-Party Sharing,Data Collection|Third-Party Sharing
1713_latinpost.com,11,Data Collection|Other/Unclear,Data Collection|Third-Party Sharing
1713_latinpost.com,12,Data Collection|Other/Unclear,Data Collection
1713_latinpost.com,13,Other/Unclear|Third-Party Sharing,Third-Party Sharing
1713_latinpost.com,14,Data Security|Third-Party Sharing|User Control & Deletion,Third-Party Sharing
1713_latinpost.com,15,Third-Party Sharing,Third-Party Sharing
1713_latinpost.com,16,Data Collection|Third-Party Sharing,Data Collection|Other/Unclear
1713_latinpost.com,17,Data Collection|Third-Party Sharing,Data Collection|Other/Unclear|Third-Party Sharing
1713_latinpost.com,18,Data Collection|Third-Party Sharing,Data Collection
1713_latinpost.com,19,Data Collection|Third-Party Sharing,
1713_latinpost.com,20,Data Collection|Third-Party Sharing,Data Collection|Third-Party Sharing
1713_latinpost.com,21,Data Collection|Third-Party Sharing,Other/Unclear
1713_latinpost.com,22,Data Collection|Third-Party Sharing,Policy Change
1713_latinpost.com,23,Data Collection|Third-Party Sharing,Data Collection
1713_latinpost.com,24,Data Collection|Third-Party Sharing,Data Collection
1713_latinpost.com,25,Data Collection|Third-Party Sharing,
1713_latinpost.com,26,Data Collection|Third-Party Sharing,
1713_latinpost.com,27,Data Collection|Third-Party Sharing,Data Collection
1713_latinpost.com,28,Data Collection|Third-Party Sharing,Data Collection|Third-Party Sharing
1713_latinpost.com,29,Other/Unclear|Third-Party Sharing|User Control & Deletion,Other/Unclear|Third-Party Sharing
1713_latinpost.com,30,Other/Unclear|User Control & Deletion,Other/Unclear|User Control & Deletion
1713_latinpost.com,31,Other/Unclear|User Control & Deletion,Other/Unclear|User Control & Deletion
1713_latinpost.com,32,Other/Unclear|User Control & Deletion,Other/Unclear|User Control & Deletion
1713_latinpost.com,33,Data Collection|Other/Unclear|Third-Party Sharing|User Control & Deletion,Other/Unclear|User Control & Deletion
1713_latinpost.com,34,Other/Unclear|User Control & Deletion,Other/Unclear|Third-Party Sharing
1713_latinpost.com,35,Third-Party Sharing,Data Collection|Third-Party Sharing
1713_latinpost.com,36,Other/Unclear|User Control & Deletion,Other/Unclear|Third-Party Sharing|User Control & Deletion
1713_latinpost.com,37,Third-Party Sharing,Other/Unclear|Third-Party Sharing
1713_latinpost.com,38,Other/Unclear|User Control & Deletion,Data Collection|Other/Unclear|User Control & Deletion
1713_latinpost.com,39,Other/Unclear|User Control & Deletion,Other/Unclear|User Control & Deletion
1713_latinpost.com,40,Other/Unclear|User Control & Deletion,
1713_latinpost.com,41,Other/Unclear|User Control & Deletion,Data Collection|User Control & Deletion
1713_latinpost.com,42,Other/Unclear|User Control & Deletion,Data Collection|User Control & Deletion
1713_latinpost.com,43,Data Security|Other/Unclear,Data Security|Other/Unclear
1713_latinpost.com,44,Other/Unclear|User Control & Deletion,User Control & Deletion
1713_latinpost.com,45,Other/Unclear|User Control & Deletion,Other/Unclear|Third-Party Sharing|User Control & Deletion
1713_latinpost.com,46,Data Collection|Third-Party Sharing|User Control & Deletion,Data Collection|Third-Party Sharing
1713_latinpost.com,47,Data Security|Other/Unclear,Other/Unclear
1713_latinpost.com,48,Other/Unclear,Other/Unclear
1713_latinpost.com,49,User Control & Deletion,Other/Unclear
1713_latinpost.com,50,Data Collection|Other/Unclear|User Control & Deletion,Data Collection|User Control & Deletion
1713_latinpost.com,51,Data Collection|Other/Unclear|User Control & Deletion,Data Collection|Other/Unclear|User Control & Deletion
1713_latinpost.com,52,Data Collection|Other/Unclear|User Control & Deletion,Data Collection|Other/Unclear|User Control & Deletion
1713_latinpost.com,53,Other/Unclear|User Control & Deletion,Other/Unclear|User Control & Deletion
1713_latinpost.com,54,User Control & Deletion,Other/Unclear|User Control & Deletion
1713_latinpost.com,55,Data Collection|Other/Unclear|Policy Change,Other/Unclear
1713_latinpost.com,56,Data Collection|Data Security|Policy Change|Third-Party Sharing,Other/Unclear|Third-Party Sharing
1713_latinpost.com,57,Third-Party Sharing,Other/Unclear|Third-Party Sharing
1713_latinpost.com,58,Third-Party Sharing,Third-Party Sharing|User Control & Deletion
1713_latinpost.com,59,Other/Unclear|Third-Party Sharing,Third-Party Sharing
1713_latinpost.com,60,Other/Unclear|Third-Party Sharing|User Control & Deletion,Other/Unclear|Third-Party Sharing
1713_latinpost.com,61,Third-Party Sharing,Data Security|Third-Party Sharing
1713_latinpost.com,62,Third-Party Sharing,Third-Party Sharing
1713_latinpost.com,63,Third-Party Sharing,Third-Party Sharing
1713_latinpost.com,64,Third-Party Sharing,Other/Unclear
1713_latinpost.com,65,Third-Party Sharing,Data Collection
1713_latinpost.com,66,Other/Unclear|Third-Party Sharing,Other/Unclear|Third-Party Sharing|User Control & Deletion
1713_latinpost.com,67,Third-Party Sharing,Third-Party Sharing
1713_latinpost.com,68,Third-Party Sharing,Third-Party Sharing
1713_latinpost.com,69,Third-Party Sharing,Other/Unclear|Third-Party Sharing
1713_latinpost.com,70,User Control & Deletion,Data Retention|User Control & Deletion
1713_latinpost.com,71,User Control & Deletion,User Control & Deletion
1713_latinpost.com,72,Data Retention|Other/Unclear|User Control & Deletion,Other/Unclear
1713_latinpost.com,73,Policy Change|User Control & Deletion,Other/Unclear
1713_latinpost.com,74,Other/Unclear|User Control & Deletion,Other/Unclear
1713_latinpost.com,75,Other/Unclear|User Control & Deletion,Data Collection|Other/Unclear
1713_latinpost.com,76,Data Security,Data Security
1713_latinpost.com,77,Data Security|Other/Unclear,Data Security|Other/Unclear
1713_latinpost.com,78,Other/Unclear|User Control & Deletion,Other/Unclear|User Control & Deletion
1713_latinpost.com,79,Other/Unclear|User Control & Deletion,Other/Unclear|User Control & Deletion
1713_latinpost.com,80,Other/Unclear,Other/Unclear
1713_latinpost.com,81,Policy Change,Other/Unclear|Policy Change
1713_latinpost.com,82,Other/Unclear,Other/Unclear
1713_latinpost.com,83,Data Security|Other/Unclear,Data Collection
1713_latinpost.com,84,Data Security|Other/Unclear|Third-Party Sharing,Other/Unclear|Third-Party Sharing
1713_latinpost.com,85,Other/Unclear,Other/Unclear
1713_latinpost.com,86,Other/Unclear,Other/Unclear
1713_latinpost.com,87,Other/Unclear,Other/Unclear
1713_latinpost.com,88,Other/Unclear,Other/Unclear|Policy Change
186_abcnews.com,0,Other/Unclear,Data Collection|Other/Unclear
186_abcnews.com,1,Data Security|Other/Unclear,Other/Unclear
186_abcnews.com,2,Other/Unclear|Policy Change,Other/Unclear|Policy Change
186_abcnews.com,3,Other/Unclear,Other/Unclear
186_abcnews.com,4,Data Collection|Other/Unclear,Data Collection
186_abcnews.com,5,Data Collection,Data Collection
186_abcnews.com,6,Data Collection,Data Collection
186_abcnews.com,7,Data Collection,Data Collection
186_abcnews.com,8,Data Collection,Data Collection|Third-Party Sharing
186_abcnews.com,9,Data Collection,Data Collection
186_abcnews.com,10,Data Collection,Data Collection
186_abcnews.com,11,Data Collection,Data Collection
186_abcnews.com,12,Data Collection|Other/Unclear|Third-Party Sharing,Data Collection|Other/Unclear
186_abcnews.com,13,Data Collection|Other/Unclear,Data Collection|Other/Unclear
186_abcnews.com,14,Data Collection,Third-Party Sharing
186_abcnews.com,15,Data Collection|Other/Unclear|Policy Change|Third-Party Sharing,Data Collection
186_abcnews.com,16,Third-Party Sharing,Third-Party Sharing
186_abcnews.com,17,Other/Unclear|Third-Party Sharing,Third-Party Sharing
186_abcnews.com,18,User Control & Deletion,User Control & Deletion
186_abcnews.com,19,Data Collection|Other/Unclear|User Control & Deletion,User Control & Deletion
186_abcnews.com,20,Data Collection|Other/Unclear,Data Collection|Other/Unclear
186_abcnews.com,21,Data Collection|Other/Unclear|Third-Party Sharing,Other/Unclear
186_abcnews.com,22,Other/Unclear,Data Collection|Other/Unclear
186_abcnews.com,23,Data Collection|Other/Unclear,Data Collection|Other/Unclear
186_abcnews.com,24,Other/Unclear|User Control & Deletion,Other/Unclear|User Control & Deletion
186_abcnews.com,25,Other/Unclear,Other/Unclear
186_abcnews.com,26,Data Retention|Data Security,Data Retention|Data Security
186_abcnews.com,27,Data Security|Other/Unclear,Data Security|Other/Unclear
186_abcnews.com,28,Policy Change,Policy Change
186_abcnews.com,29,Other/Unclear,Other/Unclear
186_abcnews.com,30,Other/Unclear|User Control & Deletion,Other/Unclear|User Control & Deletion
186_abcnews.com,31,Other/Unclear,Other/Unclear
186_abcnews.com,32,Other/Unclear,Other/Unclear
186_abcnews.com,33,Other/Unclear,Other/Unclear|Third-Party Sharing
186_abcnews.com,34,Other/Unclear,Other/Unclear
186_abcnews.com,35,Other/Unclear,Other/Unclear
186_abcnews.com,36,Other/Unclear,Other/Unclear|Third-Party Sharing
186_abcnews.com,37,Data Collection|Other/Unclear,Data Collection
186_abcnews.com,38,Other/Unclear,Other/Unclear|Third-Party Sharing
186_abcnews.com,39,Other/Unclear|Policy Change,Other/Unclear
186_abcnews.com,40,Other/Unclear,Other/Unclear
186_abcnews.com,41,Other/Unclear,Data Collection|Other/Unclear
186_abcnews.com,42,Data Collection|Third-Party Sharing|User Control & Deletion,Other/Unclear|Third-Party Sharing
186_abcnews.com,43,Other/Unclear,Other/Unclear
186_abcnews.com,44,Other/Unclear,Other/Unclear
186_abcnews.com,45,Other/Unclear,Other/Unclear
186_abcnews.com,46,Data Security|Other/Unclear,Data Security|Other/Unclear
200_washingtonpost.com,0,Other/Unclear,Other/Unclear
200_washingtonpost.com,1,Other/Unclear,Other/Unclear
200_washingtonpost.com,2,Other/Unclear,Other/Unclear
200_washingtonpost.com,3,Data Collection,Data Collection
200_washingtonpost.com,4,Other/Unclear,Data Collection
200_washingtonpost.com,5,Data Collection,Data Collection
200_washingtonpost.com,6,Data Collection,Data Collection|Third-Party Sharing
200_washingtonpost.com,7,Data Collection,Data Collection
200_washingtonpost.com,8,Data Collection,Data Collection
200_washingtonpost.com,9,Data Collection|User Control & Deletion,Data Collection|User Control & Deletion
200_washingtonpost.com,10,Data Collection,Data Collection
200_washingtonpost.com,11,Data Collection|Other/Unclear|User Control & Deletion,Data Collection|User Control & Deletion
200_washingtonpost.com,12,Data Collection,Data Collection|Third-Party Sharing
200_washingtonpost.com,13,Data Collection,Data Collection
200_washingtonpost.com,14,Data Collection,Data Collection|Third-Party Sharing
200_washingtonpost.com,15,Data Collection,Third-Party Sharing
200_washingtonpost.com,16,Other/Unclear,Third-Party Sharing
200_washingtonpost.com,17,Third-Party Sharing,Third-Party Sharing
200_washingtonpost.com,18,Other/Unclear|Third-Party Sharing,Other/Unclear|Third-Party Sharing
200_washingtonpost.com,19,Third-Party Sharing,Third-Party Sharing
200_washingtonpost.com,20,Third-Party Sharing,Third-Party Sharing
200_washingtonpost.com,21,Other/Unclear|Third-Party Sharing|User Control & Deletion,Other/Unclear|Third-Party Sharing
200_washingtonpost.com,22,Data Collection|Third-Party Sharing,Data Collection|Other/Unclear|Third-Party Sharing
200_washingtonpost.com,23,Third-Party Sharing,Third-Party Sharing
200_washingtonpost.com,24,Third-Party Sharing,Third-Party Sharing|User Control & Deletion
200_washingtonpost.com,25,Third-Party Sharing,Third-Party Sharing
200_washingtonpost.com,26,Other/Unclear,Other/Unclear|Third-Party Sharing
200_washingtonpost.com,27,User Control & Deletion,User Control & Deletion
200_washingtonpost.com,28,Data Collection|Other/Unclear|User Control & Deletion,User Control & Deletion
200_washingtonpost.com,29,User Control & Deletion,Other/Unclear|User Control & Deletion
200_washingtonpost.com,30,Data Security,Data Security
200_washingtonpost.com,31,Other/Unclear,Other/Unclear
200_washingtonpost.com,32,Other/Unclear,Other/Unclear|User Control & Deletion
200_washingtonpost.com,33,Other/Unclear,Other/Unclear
200_washingtonpost.com,34,Data Collection|Other/Unclear,Other/Unclear
200_washingtonpost.com,35,Policy Change,Policy Change
200_washingtonpost.com,36,Data Collection|Third-Party Sharing,Data Collection|Third-Party Sharing
200_washingtonpost.com,37,Data Collection|Other/Unclear|Third-Party Sharing,Data Collection|Third-Party Sharing
200_washingtonpost.com,38,Data Collection|User Control & Deletion,User Control & Deletion
200_washingtonpost.com,39,Data Collection|Third-Party Sharing,Data Collection|Third-Party Sharing
200_washingtonpost.com,40,Data Collection|Third-Party Sharing,Data Collection|User Control & Deletion
200_washingtonpost.com,41,Data Collection|Third-Party Sharing,Other/Unclear|Third-Party Sharing|User Control & Deletion
200_washingtonpost.com,42,User Control & Deletion,Other/Unclear|User Control & Deletion
207_reference.com,0,Other/Unclear|Policy Change,Other/Unclear|Policy Change
207_reference.com,1,Data Collection|Other/Unclear|Third-Party Sharing,Data Collection|Other/Unclear
207_reference.com,2,Other/Unclear|Policy Change,Other/Unclear|Policy Change
207_reference.com,3,Data Collection,Data Collection
207_reference.com,4,Data Collection|Other/Unclear|Third-Party Sharing|User Control & Deletion,Data Collection|User Control & Deletion
207_reference.com,5,Data Collection,Data Collection
207_reference.com,6,Data Collection|Other/Unclear,Data Collection|User Control & Deletion
207_reference.com,7,Data Collection,Data Collection|Other/Unclear
207_reference.com,8,Data Collection,Data Collection
207_reference.com,9,Third-Party Sharing,Other/Unclear|Third-Party Sharing
207_reference.com,10,Third-Party Sharing,Data Collection|Third-Party Sharing
207_reference.com,11,Third-Party Sharing,Data Collection|Third-Party Sharing
207_reference.com,12,Third-Party Sharing,Third-Party Sharing|User Control & Deletion
207_reference.com,13,Third-Party Sharing,Data Collection|Other/Unclear|Third-Party Sharing
207_reference.com,14,Third-Party Sharing,Data Collection|Third-Party Sharing
207_reference.com,15,Third-Party Sharing,Third-Party Sharing
207_reference.com,16,Data Collection|Third-Party Sharing,Data Collection
207_reference.com,17,Data Collection|Third-Party Sharing,Data Collection|Other/Unclear
207_reference.com,18,User Control & Deletion,Other/Unclear|User Control & Deletion
207_reference.com,19,Data Collection|Third-Party Sharing,Data Collection
207_reference.com,20,Data Collection|Third-Party Sharing,Data Collection|Other/Unclear
207_reference.com,21,Other/Unclear|User Control & Deletion,Other/Unclear
207_reference.com,22,Other/Unclear,Other/Unclear
207_reference.com,23,Data Collection|Other/Unclear,Data Collection|Other/Unclear
207_reference.com,24,Other/Unclear,Data Collection|Other/Unclear
207_reference.com,25,Data Security|Other/Unclear,Other/Unclear
207_reference.com,26,Data Security|Other/Unclear,Other/Unclear
207_reference.com,27,Other/Unclear,Data Collection|Data Retention|Other/Unclear
207_reference.com,28,Data Security|Other/Unclear,Data Collection|Other/Unclear
207_reference.com,29,Other/Unclear,Other/Unclear
207_reference.com,30,Other/Unclear,Other/Unclear|Third-Party Sharing
207_reference.com,31,Other/Unclear|Third-Party Sharing,Other/Unclear|Third-Party Sharing
207_reference.com,32,Data Retention|Other/Unclear|User Control & Deletion,Other/Unclear|User Control & Deletion
207_reference.com,33,Other/Unclear|User Control & Deletion,Other/Unclear|User Control & Deletion
20_theatlantic.com,0,Other/Unclear,Other/Unclear
20_theatlantic.com,1,Other/Unclear,Other/Unclear|Third-Party Sharing
20_theatlantic.com,2,Other/Unclear|Policy Change,Policy Change|User Control & Deletion
20_theatlantic.com,3,Data Collection,Data Collection
20_theatlantic.com,4,Data Collection|Other/Unclear,Data Collection|Third-Party Sharing|User Control & Deletion
20_theatlantic.com,5,Data Collection,Data Collection
20_theatlantic.com,6,Data Collection|Third-Party Sharing,Data Collection|Third-Party Sharing
20_theatlantic.com,7,Data Collection,Data Collection
20_theatlantic.com,8,Data Collection,Data Collection|User Control & Deletion
20_theatlantic.com,9,Data Collection|Third-Party Sharing,Data Collection|Third-Party Sharing
20_theatlantic.com,10,Third-Party Sharing,Data Collection|Third-Party Sharing
20_theatlantic.com,11,Other/Unclear|Third-Party Sharing,Other/Unclear|Third-Party Sharing
20_theatlantic.com,12,Other/Unclear,Other/Unclear
20_theatlantic.com,13,Data Collection,Data Collection
20_theatlantic.com,14,Data Collection|Third-Party Sharing,Data Collection|Other/Unclear
20_theatlantic.com,15,Third-Party Sharing,Other/Unclear|Third-Party Sharing
20_theatlantic.com,16,Data Security|Third-Party Sharing,Data Security|Third-Party Sharing
20_theatlantic.com,17,Other/Unclear|Third-Party Sharing,Other/Unclear|Third-Party Sharing|User Control & Deletion
20_theatlantic.com,18,Third-Party Sharing,Third-Party Sharing
20_theatlantic.com,19,Third-Party Sharing,Third-Party Sharing
20_theatlantic.com,20,Third-Party Sharing,Data Collection|Third-Party Sharing
20_theatlantic.com,21,Other/Unclear|User Control & Deletion,User Control & Deletion
20_theatlantic.com,22,Data Collection|User Control & Deletion,User Control & Deletion
20_theatlantic.com,23,Other/Unclear|Third-Party Sharing|User Control & Deletion,Other/Unclear|Third-Party Sharing|User Control & Deletion
20_theatlantic.com,24,User Control & Deletion,User Control & Deletion
20_theatlantic.com,25,User Control & Deletion,Other/Unclear|User Control & Deletion
20_theatlantic.com,26,Other/Unclear,Other/Unclear
20_theatlantic.com,27,Other/Unclear,Other/Unclear
20_theatlantic.com,28,Data Security,Data Security
20_theatlantic.com,29,Data Retention,Data Retention|Data Security|Other/Unclear
20_theatlantic.com,30,Data Collection|Other/Unclear,Data Collection|Other/Unclear|Third-Party Sharing
20_theatlantic.com,31,Data Collection|Other/Unclear,Other/Unclear
20_theatlantic.com,32,Other/Unclear,Other/Unclear|User Control & Deletion
20_theatlantic.com,33,User Control & Deletion,Other/Unclear|User Control & Deletion
20_theatlantic.com,34,Other/Unclear,Other/Unclear
20_theatlantic.com,35,User Control & Deletion,Third-Party Sharing|User Control & Deletion
21_imdb.com,0,Other/Unclear,Other/Unclear
21_imdb.com,1,Other/Unclear|Policy Change,Other/Unclear|Policy Change
21_imdb.com,2,Other/Unclear,Data Collection|Data Security|Other/Unclear
21_imdb.com,3,Other/Unclear,Other/Unclear|Policy Change
21_imdb.com,4,Data Collection|Other/Unclear,Data Collection
21_imdb.com,5,Data Collection|Other/Unclear,Data Collection|Data Retention|User Control & Deletion
21_imdb.com,6,Data Collection|Other/Unclear,Data Collection|Data Retention
21_imdb.com,7,Data Collection|Other/Unclear|User Control & Deletion,Data Collection|Other/Unclear|User Control & Deletion
21_imdb.com,8,Data Collection|Other/Unclear,Data Collection|Third-Party Sharing|User Control & Deletion
21_imdb.com,9,Data Collection|Other/Unclear,Data Collection|Third-Party Sharing
21_imdb.com,10,Data Collection|Other/Unclear,Data Collection
21_imdb.com,11,User Control & Deletion,User Control & Deletion
21_imdb.com,12,Data Collection|Third-Party Sharing,Data Collection|Third-Party Sharing
21_imdb.com,13,Third-Party Sharing,Data Collection|Other/Unclear|Third-Party Sharing
21_imdb.com,14,Other/Unclear|Third-Party Sharing,Other/Unclear|Third-Party Sharing
21_imdb.com,15,Data Security|Third-Party Sharing,Data Security|Third-Party Sharing
21_imdb.com,16,Third-Party Sharing,Data Collection|Other/Unclear|Third-Party Sharing|User Control & Deletion
21_imdb.com,17,Third-Party Sharing,Data Collection|Policy Change|Third-Party Sharing
21_imdb.com,18,Third-Party Sharing,Data Collection|Other/Unclear|Third-Party Sharing
21_imdb.com,19,Other/Unclear|Third-Party Sharing|User Control & Deletion,Other/Unclear|Third-Party Sharing|User Control & Deletion
21_imdb.com,20,Other/Unclear|Third-Party Sharing,Other/Unclear|Third-Party Sharing
21_imdb.com,21,Data Collection|Other/Unclear|Third-Party Sharing,Other/Unclear|Third-Party Sharing|User Control & Deletion
21_imdb.com,22,Data Security,Data Security
21_imdb.com,23,Data Security|Other/Unclear,Data Security
21_imdb.com,24,User Control & Deletion,User Control & Deletion
21_imdb.com,25,Data Retention|Other/Unclear|User Control & Deletion,Data Retention|User Control & Deletion
21_imdb.com,26,Other/Unclear|Policy Change|User Control & Deletion,Policy Change|User Control & Deletion
21_imdb.com,27,User Control & Deletion,User Control & Deletion
21_imdb.com,28,User Control & Deletion,User Control & Deletion
21_imdb.com,29,Other/Unclear,Other/Unclear
21_imdb.com,30,Other/Unclear,Data Security|Other/Unclear
21_imdb.com,31,Other/Unclear,Data Collection|Data Security|Other/Unclear
21_imdb.com,32,Other/Unclear,Data Security|Other/Unclear
21_imdb.com,33,Other/Unclear,Other/Unclear|Policy Change
21_imdb.com,34,Other/Unclear,Other/Unclear
21_imdb.com,35,Other/Unclear|Policy Change,Other/Unclear|Policy Change|User Control & Deletion
228_gawker.com,0,Other/Unclear,Other/Unclear
228_gawker.com,1,Data Collection|Third-Party Sharing,Data Collection|Other/Unclear|Third-Party Sharing
228_gawker.com,2,Data Collection|Third-Party Sharing,Data Collection|Third-Party Sharing|User Control & Deletion
228_gawker.com,3,Data Collection|Third-Party Sharing,Data Collection|Third-Party Sharing|User Control & Deletion
228_gawker.com,4,Data Collection|Third-Party Sharing,Data Collection|User Control & Deletion
228_gawker.com,5,Other/Unclear|Third-Party Sharing,Other/Unclear|Third-Party Sharing
228_gawker.com,6,Other/Unclear|Third-Party Sharing,Other/Unclear|Third-Party Sharing
228_gawker.com,7,Data Collection,Data Collection
228_gawker.com,8,Data Collection,Data Collection
228_gawker.com,9,Other/Unclear,Other/Unclear
228_gawker.com,10,Data Collection|Data Security|Third-Party Sharing,Data Collection|Third-Party Sharing
228_gawker.com,11,Other/Unclear|Third-Party Sharing,Other/Unclear|Third-Party Sharing
228_gawker.com,12,Other/Unclear|Third-Party Sharing,Data Collection|Third-Party Sharing
228_gawker.com,13,Third-Party Sharing,Other/Unclear|Third-Party Sharing
228_gawker.com,14,Other/Unclear|User Control & Deletion,Other/Unclear|Third-Party Sharing
228_gawker.com,15,Other/Unclear|User Control & Deletion,Other/Unclear|User Control & Deletion
228_gawker.com,16,User Control & Deletion,Other/Unclear|User Control & Deletion
228_gawker.com,17,Third-Party Sharing,Third-Party Sharing
228_gawker.com,18,Data Collection|Other/Unclear|Third-Party Sharing,Other/Unclear|Third-Party Sharing|User Control & Deletion
228_gawker.com,19,Third-Party Sharing,Third-Party Sharing
228_gawker.com,20,Data Retention|Data Security,Data Retention|Data Security
228_gawker.com,21,Data Security|Other/Unclear,Other/Unclear
228_gawker.com,22,Policy Change,Policy Change
228_gawker.com,23,Other/Unclear,Other/Unclear
228_gawker.com,24,Other/Unclear|Policy Change,Other/Unclear|Policy Change
26_nytimes.com,0,Other/Unclear|Policy Change,Other/Unclear|Policy Change
26_nytimes.com,1,Other/Unclear,Other/Unclear
26_nytimes.com,2,Other/Unclear,Other/Unclear
26_nytimes.com,3,Other/Unclear,Other/Unclear
26_nytimes.com,4,Other/Unclear,Other/Unclear
26_nytimes.com,5,Other/Unclear,Other/Unclear
26_nytimes.com,6,Data Security|Other/Unclear,Data Security|Other/Unclear
26_nytimes.com,7,Other/Unclear,Other/Unclear
26_nytimes.com,8,Other/Unclear,Data Security|Other/Unclear
26_nytimes.com,9,Data Collection|Third-Party Sharing,Data Collection|Third-Party Sharing
26_nytimes.com,10,Other/Unclear,Data Collection|Third-Party Sharing
26_nytimes.com,11,Data Collection,Data Collection
26_nytimes.com,12,Data Collection|Third-Party Sharing|User Control & Deletion,Data Collection|Other/Unclear|User Control & Deletion
26_nytimes.com,13,Data Collection|Other/Unclear|Third-Party Sharing,Data Collection|Third-Party Sharing
26_nytimes.com,14,User Control & Deletion,Other/Unclear|User Control & Deletion
26_nytimes.com,15,Data Collection|Third-Party Sharing,Data Collection|Data Security|Third-Party Sharing
26_nytimes.com,16,Other/Unclear|Third-Party Sharing,Other/Unclear|Third-Party Sharing|User Control & Deletion
26_nytimes.com,17,Other/Unclear|Third-Party Sharing,Other/Unclear|Third-Party Sharing
26_nytimes.com,18,Other/Unclear|Third-Party Sharing,Other/Unclear|Third-Party Sharing
26_nytimes.com,19,Data Collection|Other/Unclear|Third-Party Sharing,Data Collection|Other/Unclear|Third-Party Sharing
26_nytimes.com,20,Data Collection|Third-Party Sharing,Data Collection|Third-Party Sharing
26_nytimes.com,21,Data Collection|Other/Unclear,Data Collection|Other/Unclear
26_nytimes.com,22,Data Collection|Other/Unclear|Third-Party Sharing,Data Collection|Third-Party Sharing
26_nytimes.com,23,Data Collection|Other/Unclear,Data Collection|Other/Unclear
26_nytimes.com,24,Data Collection,Data Collection
26_nytimes.com,25,Data Collection|Other/Unclear|User Control & Deletion,Data Collection|Other/Unclear
26_nytimes.com,26,Other/Unclear|Third-Party Sharing,Third-Party Sharing
26_nytimes.com,27,Data Collection,Data Collection
26_nytimes.com,28,Data Collection|Other/Unclear,Data Collection
26_nytimes.com,29,Data Collection|Third-Party Sharing,Data Collection
26_nytimes.com,30,Data Collection|User Control & Deletion,Data Collection|Data Retention|User Control & Deletion
26_nytimes.com,31,Other/Unclear,Data Collection|Other/Unclear
26_nytimes.com,32,Third-Party Sharing,Third-Party Sharing
26_nytimes.com,33,Other/Unclear|Third-Party Sharing,Third-Party Sharing
26_nytimes.com,34,Other/Unclear,Other/Unclear|Third-Party Sharing
26_nytimes.com,35,Other/Unclear|Third-Party Sharing,Other/Unclear|User Control & Deletion
26_nytimes.com,36,User Control & Deletion,Other/Unclear|User Control & Deletion
26_nytimes.com,37,Other/Unclear,Other/Unclear|User Control & Deletion
26_nytimes.com,38,Data Collection,Data Collection
26_nytimes.com,39,Data Collection|Third-Party Sharing,Data Collection
26_nytimes.com,40,Data Collection,Data Collection
26_nytimes.com,41,Data Collection|Other/Unclear|Third-Party Sharing,Data Collection|Third-Party Sharing
26_nytimes.com,42,Data Collection|Other/Unclear,Data Collection|Other/Unclear
26_nytimes.com,43,Third-Party Sharing,Third-Party Sharing
26_nytimes.com,44,Third-Party Sharing,Third-Party Sharing
26_nytimes.com,45,Third-Party Sharing,Other/Unclear|Third-Party Sharing
26_nytimes.com,46,Other/Unclear|Third-Party Sharing,Other/Unclear|User Control & Deletion
26_nytimes.com,47,Other/Unclear|Third-Party Sharing,Third-Party Sharing
26_nytimes.com,48,Data Security|Other/Unclear|Third-Party Sharing,Data Security|Third-Party Sharing
26_nytimes.com,49,Other/Unclear|Third-Party Sharing,Other/Unclear|Third-Party Sharing
26_nytimes.com,50,Other/Unclear|Third-Party Sharing|User Control & Deletion,Data Collection|Other/Unclear|User Control & Deletion
26_nytimes.com,51,Other/Unclear|User Control & Deletion,User Control & Deletion
26_nytimes.com,52,Data Collection|Third-Party Sharing,Data Collection|Third-Party Sharing
26_nytimes.com,53,Data Collection|Other/Unclear,Data Collection
26_nytimes.com,54,Data Collection|Data Retention|Third-Party Sharing,Data Collection|Data Retention|Third-Party Sharing
26_nytimes.com,55,Other/Unclear|User Control & Deletion,Other/Unclear|User Control & Deletion
26_nytimes.com,56,User Control & Deletion,User Control & Deletion
26_nytimes.com,57,User Control & Deletion,Other/Unclear
26_nytimes.com,58,User Control & Deletion,User Control & Deletion
26_nytimes.com,59,Other/Unclear|User Control & Deletion,Other/Unclear|User Control & Deletion
26_nytimes.com,60,Other/Unclear|User Control & Deletion,Other/Unclear|User Control & Deletion
26_nytimes.com,61,Data Security,Data Security
26_nytimes.com,62,Third-Party Sharing,Third-Party Sharing
26_nytimes.com,63,Other/Unclear,Other/Unclear
26_nytimes.com,64,Data Collection|Other/Unclear|Third-Party Sharing|User Control & Deletion,Data Collection|Other/Unclear|Third-Party Sharing
26_nytimes.com,65,Other/Unclear,Other/Unclear
26_nytimes.com,66,Other/Unclear|User Control & Deletion,Other/Unclear|User Control & Deletion
26_nytimes.com,67,Policy Change,Policy Change
303_reddit.com,0,Other/Unclear,Other/Unclear
303_reddit.com,1,Other/Unclear,Other/Unclear
303_reddit.com,2,Other/Unclear|User Control & Deletion,Other/Unclear|User Control & Deletion
303_reddit.com,3,Data Collection|Other/Unclear|Third-Party Sharing,Data Collection|Third-Party Sharing
303_reddit.com,4,Data Collection|Third-Party Sharing,Other/Unclear
303_reddit.com,5,Data Collection|Data Retention,Data Collection
303_reddit.com,6,Data Collection|Data Retention|Third-Party Sharing|User Control & Deletion,Other/Unclear|User Control & Deletion
303_reddit.com,7,Data Collection|Data Retention|Third-Party Sharing,Other/Unclear|Third-Party Sharing
303_reddit.com,8,Data Collection|Data Retention,Data Collection|Other/Unclear
303_reddit.com,9,Data Collection|Other/Unclear|Third-Party Sharing,Data Collection|Other/Unclear|Third-Party Sharing
303_reddit.com,10,Data Collection|Data Retention,Data Collection|Data Retention
303_reddit.com,11,Data Collection|Data Retention,Data Collection
303_reddit.com,12,Data Collection,Data Collection|User Control & Deletion
303_reddit.com,13,Data Collection|Data Retention,Data Collection|Data Security
303_reddit.com,14,Third-Party Sharing,Data Security|Third-Party Sharing
303_reddit.com,15,Third-Party Sharing,Other/Unclear|Third-Party Sharing
303_reddit.com,16,Data Collection|Data Retention|Third-Party Sharing,Third-Party Sharing
303_reddit.com,17,Data Collection|Third-Party Sharing,Third-Party Sharing
303_reddit.com,18,Data Collection|Third-Party Sharing,Data Collection|Third-Party Sharing
303_reddit.com,19,Other/Unclear|Third-Party Sharing,Other/Unclear
303_reddit.com,20,Data Collection|Third-Party Sharing,User Control & Deletion
303_reddit.com,21,Data Collection,Other/Unclear
303_reddit.com,22,Data Collection,Data Collection
303_reddit.com,23,Data Collection|Third-Party Sharing,Data Collection|Other/Unclear|Third-Party Sharing
303_reddit.com,24,Data Collection,Data Collection|Other/Unclear
303_reddit.com,25,Data Collection|Data Retention|Third-Party Sharing,Data Collection|Other/Unclear
303_reddit.com,26,Data Collection|User Control & Deletion,Other/Unclear|User Control & Deletion
303_reddit.com,27,Third-Party Sharing,Other/Unclear
303_reddit.com,28,Other/Unclear|Third-Party Sharing,Third-Party Sharing
303_reddit.com,29,Other/Unclear|Third-Party Sharing,Other/Unclear
303_reddit.com,30,Third-Party Sharing,Data Collection|Third-Party Sharing
303_reddit.com,31,Data Retention|Other/Unclear|Third-Party Sharing|User Control & Deletion,Other/Unclear|Third-Party Sharing|User Control & Deletion
303_reddit.com,32,Third-Party Sharing,Third-Party Sharing
303_reddit.com,33,Third-Party Sharing,Data Collection|User Control & Deletion
303_reddit.com,34,Data Security,Data Security
303_reddit.com,35,Other/Unclear,Other/Unclear
303_reddit.com,36,Other/Unclear,Other/Unclear
303_reddit.com,37,Other/Unclear,Data Security|Other/Unclear
303_reddit.com,38,Other/Unclear,Data Security|Other/Unclear
303_reddit.com,39,Other/Unclear,Other/Unclear
303_reddit.com,40,Other/Unclear|User Control & Deletion,Other/Unclear|User Control & Deletion
303_reddit.com,41,Other/Unclear,Other/Unclear
303_reddit.com,42,Data Collection,Data Collection|Other/Unclear
303_reddit.com,43,Data Collection|Data Retention,Data Collection
303_reddit.com,44,Data Collection|Third-Party Sharing,Third-Party Sharing
303_reddit.com,45,Data Collection|Other/Unclear,Data Collection|Other/Unclear|User Control & Deletion
303_reddit.com,46,Data Collection|User Control & Deletion,Other/Unclear|User Control & Deletion
303_reddit.com,47,Data Collection|Third-Party Sharing,Other/Unclear
303_reddit.com,48,Other/Unclear,Data Collection|User Control & Deletion
303_reddit.com,49,Data Retention|User Control & Deletion,Data Collection|Other/Unclear|User Control & Deletion
303_reddit.com,50,Third-Party Sharing,Other/Unclear|Third-Party Sharing
303_reddit.com,51,Other/Unclear,Other/Unclear
303_reddit.com,52,Policy Change,Policy Change
303_reddit.com,53,Other/Unclear,Other/Unclear
320_timeinc.com,0,Other/Unclear,Other/Unclear
320_timeinc.com,1,Other/Unclear,Other/Unclear
320_timeinc.com,2,Other/Unclear,Other/Unclear
320_timeinc.com,3,Data Collection,Data Collection
320_timeinc.com,4,Data Collection,Data Collection
320_timeinc.com,5,Data Collection,Data Collection
320_timeinc.com,6,Data Collection,Data Collection
320_timeinc.com,7,Data Collection,Data Collection
320_timeinc.com,8,Data Collection|Third-Party Sharing,Data Collection|Third-Party Sharing
320_timeinc.com,9,Data Collection|Other/Unclear|Third-Party Sharing,Other/Unclear|Third-Party Sharing
320_timeinc.com,10,Third-Party Sharing,
320_timeinc.com,11,Data Collection,Data Collection
320_timeinc.com,12,Data Collection|Third-Party Sharing,Data Collection
320_timeinc.com,13,Data Collection,Data Collection
320_timeinc.com,14,Data Collection,Data Collection
320_timeinc.com,15,Third-Party Sharing,Third-Party Sharing
320_timeinc.com,16,Data Security|Third-Party Sharing,Data Security
320_timeinc.com,17,Third-Party Sharing,Third-Party Sharing
320_timeinc.com,18,Third-Party Sharing,Third-Party Sharing
320_timeinc.com,19,Data Security,Data Security|Other/Unclear
320_timeinc.com,20,User Control & Deletion,Third-Party Sharing|User Control & Deletion
320_timeinc.com,21,User Control & Deletion,Third-Party Sharing|User Control & Deletion
320_timeinc.com,22,Data Collection|Third-Party Sharing|User Control & Deletion,User Control & Deletion
320_timeinc.com,23,Other/Unclear|User Control & Deletion,Other/Unclear|User Control & Deletion
320_timeinc.com,24,Other/Unclear,Other/Unclear|Third-Party Sharing
320_timeinc.com,25,Data Collection|Other/Unclear|Third-Party Sharing,Data Collection|Other/Unclear|Third-Party Sharing
320_timeinc.com,26,Other/Unclear|Third-Party Sharing,Data Collection|Third-Party Sharing
320_timeinc.com,27,Other/Unclear|User Control & Deletion,Other/Unclear
320_timeinc.com,28,Data Collection,Data Collection
320_timeinc.com,29,Data Collection,Data Collection|Third-Party Sharing
320_timeinc.com,30,Data Collection|User Control & Deletion,Other/Unclear|User Control & Deletion
320_timeinc.com,31,Data Collection|User Control & Deletion,Data Collection|Other/Unclear|User Control & Deletion
320_timeinc.com,32,Data Collection,Data Collection|Third-Party Sharing
320_timeinc.com,33,Data Collection|Other/Unclear,Data Collection
320_timeinc.com,34,Data Collection,Data Collection
320_timeinc.com,35,Data Collection|Third-Party Sharing,Data Collection|Other/Unclear|Third-Party Sharing
320_timeinc.com,36,Data Security,Data Security
320_timeinc.com,37,Data Collection|Other/Unclear|User Control & Deletion,Data Security
320_timeinc.com,38,Data Collection|Data Retention|User Control & Deletion,Data Retention|Other/Unclear|User Control & Deletion
320_timeinc.com,39,Data Retention|User Control & Deletion,Data Retention|User Control & Deletion
320_timeinc.com,40,Other/Unclear,Other/Unclear
320_timeinc.com,41,Policy Change,Other/Unclear|Policy Change
320_timeinc.com,42,Other/Unclear,Other/Unclear
320_timeinc.com,43,Other/Unclear|Policy Change,Other/Unclear|Policy Change
325_ocregister.com,0,Other/Unclear,Third-Party Sharing
325_ocregister.com,1,Other/Unclear|Third-Party Sharing,Other/Unclear|User Control & Deletion
325_ocregister.com,2,Data Collection|Other/Unclear,Other/Unclear
325_ocregister.com,3,Other/Unclear|User Control & Deletion,Other/Unclear|User Control & Deletion
325_ocregister.com,4,User Control & Deletion,Other/Unclear|User Control & Deletion
325_ocregister.com,5,Data Collection,Data Collection
325_ocregister.com,6,Data Collection,Data Collection
325_ocregister.com,7,Data Collection|Third-Party Sharing,Data Collection|Third-Party Sharing
325_ocregister.com,8,Third-Party Sharing,Third-Party Sharing
325_ocregister.com,9,Data Collection,Data Collection|Third-Party Sharing
325_ocregister.com,10,Data Collection|Third-Party Sharing,Data Collection|Third-Party Sharing
325_ocregister.com,11,Third-Party Sharing,Third-Party Sharing
325_ocregister.com,12,Data Security|Third-Party Sharing,Data Security|Third-Party Sharing
325_ocregister.com,13,Other/Unclear|Third-Party Sharing,Data Collection|Third-Party Sharing
325_ocregister.com,14,Third-Party Sharing,Third-Party Sharing
325_ocregister.com,15,Data Security,Data Security
325_ocregister.com,16,Other/Unclear,Other/Unclear
325_ocregister.com,17,Other/Unclear|Third-Party Sharing,Other/Unclear|Third-Party Sharing
325_ocregister.com,18,Data Collection|Other/Unclear,Data Collection|Other/Unclear
325_ocregister.com,19,Policy Change,Policy Change
32_voxmedia.com,0,Other/Unclear,Other/Unclear
32_voxmedia.com,1,Other/Unclear|Policy Change,Other/Unclear|Policy Change
32_voxmedia.com,2,Other/Unclear,Other/Unclear
32_voxmedia.com,3,Data Security|Other/Unclear|User Control & Deletion,Other/Unclear
32_voxmedia.com,4,Data Collection,Data Collection
32_voxmedia.com,5,Data Collection,Data Collection
32_voxmedia.com,6,Data Collection|Third-Party Sharing|User Control & Deletion,Data Collection
32_voxmedia.com,7,Third-Party Sharing|User Control & Deletion,Other/Unclear|Third-Party Sharing
32_voxmedia.com,8,Third-Party Sharing,Third-Party Sharing
32_voxmedia.com,9,Third-Party Sharing,Third-Party Sharing
32_voxmedia.com,10,Data Security|Other/Unclear|Third-Party Sharing,Data Security|Third-Party Sharing
32_voxmedia.com,11,Third-Party Sharing,Third-Party Sharing
32_voxmedia.com,12,Third-Party Sharing|User Control & Deletion,Other/Unclear|Third-Party Sharing|User Control & Deletion
32_voxmedia.com,13,Data Collection|Other/Unclear|User Control & Deletion,Data Collection|User Control & Deletion
32_voxmedia.com,14,Data Collection,Data Collection
32_voxmedia.com,15,Data Collection,Data Collection
32_voxmedia.com,16,Data Collection|Third-Party Sharing,Data Collection|Third-Party Sharing
32_voxmedia.com,17,Data Collection|Third-Party Sharing,Data Collection|Third-Party Sharing
32_voxmedia.com,18,Other/Unclear|Third-Party Sharing,Data Collection|Other/Unclear|Third-Party Sharing
32_voxmedia.com,19,Data Collection|Other/Unclear|Third-Party Sharing,Data Collection|Third-Party Sharing
32_voxmedia.com,20,Other/Unclear|Third-Party Sharing|User Control & Deletion,Other/Unclear|User Control & Deletion
32_voxmedia.com,21,Data Collection|Third-Party Sharing,Data Collection|Third-Party Sharing
32_voxmedia.com,22,Data Collection|Other/Unclear|User Control & Deletion,Other/Unclear|User Control & Deletion
32_voxmedia.com,23,Data Retention|User Control & Deletion,Data Retention|Other/Unclear|User Control & Deletion
32_voxmedia.com,24,Data Security|Other/Unclear,Data Security
32_voxmedia.com,25,Other/Unclear|Third-Party Sharing,Other/Unclear
32_voxmedia.com,26,Other/Unclear,Data Collection|Other/Unclear
32_voxmedia.com,27,Policy Change,Policy Change
32_voxmedia.com,28,Other/Unclear,Other/Unclear
331_tgifridays.com,0,Other/Unclear,Other/Unclear
331_tgifridays.com,1,Data Collection|Data Security,Data Collection
331_tgifridays.com,2,Other/Unclear|User Control & Deletion,Data Collection|User Control & Deletion
331_tgifridays.com,3,Other/Unclear,Data Security|Other/Unclear
331_tgifridays.com,4,Data Collection|Other/Unclear,Data Collection|Other/Unclear
331_tgifridays.com,5,Data Collection,Data Collection
331_tgifridays.com,6,Other/Unclear|Third-Party Sharing,
331_tgifridays.com,7,Data Collection|User Control & Deletion,Other/Unclear
331_tgifridays.com,8,Data Collection|Data Security|Third-Party Sharing,Third-Party Sharing
331_tgifridays.com,9,Data Collection|Data Security|Third-Party Sharing,Third-Party Sharing
331_tgifridays.com,10,Third-Party Sharing,Third-Party Sharing
331_tgifridays.com,11,Third-Party Sharing,Third-Party Sharing
331_tgifridays.com,12,Other/Unclear|Third-Party Sharing,Other/Unclear|Third-Party Sharing
331_tgifridays.com,13,Other/Unclear,Other/Unclear
331_tgifridays.com,14,Data Collection|Other/Unclear|User Control & Deletion,Other/Unclear|User Control & Deletion
331_tgifridays.com,15,Data Security,Data Security
331_tgifridays.com,16,Policy Change,Policy Change|User Control & Deletion
33_nbcuniversal.com,0,Other/Unclear,Other/Unclear|Policy Change
33_nbcuniversal.com,1,Other/Unclear,Other/Unclear
33_nbcuniversal.com,2,Other/Unclear,Other/Unclear
33_nbcuniversal.com,3,Other/Unclear,Other/Unclear
33_nbcuniversal.com,4,Data Collection|Data Retention|Other/Unclear|User Control & Deletion,Other/Unclear
33_nbcuniversal.com,5,Data Collection|Other/Unclear,Data Collection
33_nbcuniversal.com,6,Data Collection,Data Collection
33_nbcuniversal.com,7,Data Collection|Other/Unclear,Data Collection|Other/Unclear
33_nbcuniversal.com,8,Data Collection,Data Collection
33_nbcuniversal.com,9,Data Collection,Data Collection
33_nbcuniversal.com,10,Data Collection|Other/Unclear,Third-Party Sharing
33_nbcuniversal.com,11,Data Collection,Data Collection
33_nbcuniversal.com,12,Data Collection,Data Collection
33_nbcuniversal.com,13,Data Collection,Data Collection|Other/Unclear|User Control & Deletion
33_nbcuniversal.com,14,Data Collection|Data Retention|Third-Party Sharing,Other/Unclear|Third-Party Sharing
33_nbcuniversal.com,15,Data Collection,Data Collection
33_nbcuniversal.com,16,Other/Unclear,Data Collection
33_nbcuniversal.com,17,Data Collection,Data Collection|Other/Unclear
33_nbcuniversal.com,18,Data Collection,Other/Unclear
33_nbcuniversal.com,19,Data Collection,Other/Unclear
33_nbcuniversal.com,20,Data Collection,Data Collection
33_nbcuniversal.com,21,Data Collection,Data Collection|User Control & Deletion
33_nbcuniversal.com,22,Data Collection,
33_nbcuniversal.com,23,Data Collection,
33_nbcuniversal.com,24,Data Collection,
33_nbcuniversal.com,25,Data Collection,Data Collection
33_nbcuniversal.com,26,Data Collection,Data Collection|Other/Unclear
33_nbcuniversal.com,27,Data Collection,Data Collection
33_nbcuniversal.com,28,Data Collection,Data Collection|Other/Unclear|User Control & Deletion
33_nbcuniversal.com,29,Data Collection,Data Collection
33_nbcuniversal.com,30,Data Collection,
33_nbcuniversal.com,31,Data Collection|Other/Unclear,Data Collection
33_nbcuniversal.com,32,Data Collection|Other/Unclear|Third-Party Sharing,Data Collection|Other/Unclear|Third-Party Sharing|User Control & Deletion
33_nbcuniversal.com,33,Other/Unclear|Third-Party Sharing,Other/Unclear|Third-Party Sharing
33_nbcuniversal.com,34,Data Security|Other/Unclear|Third-Party Sharing,Data Security|Third-Party Sharing
33_nbcuniversal.com,35,Other/Unclear|Third-Party Sharing,Other/Unclear|User Control & Deletion
33_nbcuniversal.com,36,Third-Party Sharing,Other/Unclear|Third-Party Sharing
33_nbcuniversal.com,37,Third-Party Sharing,Data Collection|Other/Unclear
33_nbcuniversal.com,38,Other/Unclear|Third-Party Sharing|User Control & Deletion,Data Collection|Other/Unclear|Third-Party Sharing
33_nbcuniversal.com,39,Third-Party Sharing,Third-Party Sharing
33_nbcuniversal.com,40,Third-Party Sharing,Third-Party Sharing
33_nbcuniversal.com,41,Data Collection|Other/Unclear,Other/Unclear
33_nbcuniversal.com,42,Other/Unclear,Other/Unclear
33_nbcuniversal.com,43,Other/Unclear,Other/Unclear
33_nbcuniversal.com,44,Data Security|Other/Unclear,Data Security
33_nbcuniversal.com,45,Data Security|Other/Unclear,Data Security|Other/Unclear
33_nbcuniversal.com,46,User Control & Deletion,Other/Unclear|User Control & Deletion
33_nbcuniversal.com,47,Other/Unclear|User Control & Deletion,Other/Unclear|User Control & Deletion
33_nbcuniversal.com,48,User Control & Deletion,Data Collection
33_nbcuniversal.com,49,User Control & Deletion,User Control & Deletion
33_nbcuniversal.com,50,Data Security|Other/Unclear|User Control & Deletion,Data Security|Other/Unclear
33_nbcuniversal.com,51,Data Retention|User Control & Deletion,Data Retention|Other/Unclear|User Control & Deletion
33_nbcuniversal.com,52,Other/Unclear|Third-Party Sharing,Other/Unclear
33_nbcuniversal.com,53,Other/Unclear,Other/Unclear
33_nbcuniversal.com,54,Other/Unclear,Other/Unclear
33_nbcuniversal.com,55,Other/Unclear|User Control & Deletion,User Control & Deletion
33_nbcuniversal.com,56,Other/Unclear,Other/Unclear
33_nbcuniversal.com,57,Other/Unclear,Other/Unclear
33_nbcuniversal.com,58,Other/Unclear,Other/Unclear
33_nbcuniversal.com,59,Data Security|Other/Unclear,Other/Unclear|Third-Party Sharing
33_nbcuniversal.com,60,Data Security|Other/Unclear,Other/Unclear
33_nbcuniversal.com,61,Policy Change,Policy Change
33_nbcuniversal.com,62,Other/Unclear|Policy Change,Other/Unclear|Policy Change
33_nbcuniversal.com,63,Other/Unclear,Other/Unclear
33_nbcuniversal.com,64,Other/Unclear,Other/Unclear
359_vikings.com,0,Other/Unclear,Other/Unclear
359_vikings.com,1,Other/Unclear,Other/Unclear|Policy Change
359_vikings.com,2,Other/Unclear,Other/Unclear|Third-Party Sharing
359_vikings.com,3,Other/Unclear,Other/Unclear
359_vikings.com,4,Data Security|Other/Unclear,Data Security|Other/Unclear
359_vikings.com,5,Data Collection|Other/Unclear,Data Collection|Other/Unclear
359_vikings.com,6,Other/Unclear,Other/Unclear
359_vikings.com,7,Data Collection|Other/Unclear,Data Collection|Other/Unclear
359_vikings.com,8,Data Collection,Data Collection
359_vikings.com,9,Data Collection|Other/Unclear,Data Collection
359_vikings.com,10,Data Collection|Other/Unclear|User Control & Deletion,Data Collection|User Control & Deletion
359_vikings.com,11,Data Collection|Other/Unclear,Data Collection|Other/Unclear
359_vikings.com,12,Data Collection,Data Collection|User Control & Deletion
359_vikings.com,13,Data Collection|Data Retention|Other/Unclear,Data Collection|Data Retention
359_vikings.com,14,Other/Unclear|User Control & Deletion,Data Retention|Other/Unclear|User Control & Deletion
359_vikings.com,15,Data Collection|Other/Unclear|User Control & Deletion,Third-Party Sharing|User Control & Deletion
359_vikings.com,16,Data Collection|Other/Unclear|Third-Party Sharing|User Control & Deletion,Data Collection|Other/Unclear|Third-Party Sharing
359_vikings.com,17,Data Collection|User Control & Deletion,Data Collection|User Control & Deletion
359_vikings.com,18,Data Collection,Data Collection|User Control & Deletion
359_vikings.com,19,Other/Unclear|Third-Party Sharing,Data Collection|Other/Unclear|Third-Party Sharing
359_vikings.com,20,Data Collection|Other/Unclear,Data Collection
359_vikings.com,21,Data Collection|Other/Unclear|Third-Party Sharing,Data Collection
359_vikings.com,22,Data Collection|Data Security,Data Collection
359_vikings.com,23,Data Collection,Data Collection|Third-Party Sharing
359_vikings.com,24,Other/Unclear|Third-Party Sharing,Other/Unclear|Third-Party Sharing|User Control & Deletion
359_vikings.com,25,Data Security|Third-Party Sharing,Data Security|Third-Party Sharing
359_vikings.com,26,Data Security|Other/Unclear,Other/Unclear
359_vikings.com,27,Third-Party Sharing,Third-Party Sharing
359_vikings.com,28,Other/Unclear|Third-Party Sharing|User Control & Deletion,Data Collection|Other/Unclear|Third-Party Sharing|User Control & Deletion
359_vikings.com,29,Data Collection|Policy Change|Third-Party Sharing|User Control & Deletion,Third-Party Sharing
359_vikings.com,30,Third-Party Sharing,Third-Party Sharing
359_vikings.com,31,Other/Unclear|Third-Party Sharing,Other/Unclear|Third-Party Sharing
359_vikings.com,32,Data Security,Data Security
359_vikings.com,33,Other/Unclear,Other/Unclear
359_vikings.com,34,Other/Unclear,Other/Unclear
359_vikings.com,35,Other/Unclear|Policy Change,Policy Change|User Control & Deletion
359_vikings.com,36,Other/Unclear|User Control & Deletion,Other/Unclear|User Control & Deletion
359_vikings.com,37,Data Retention|Other/Unclear|User Control & Deletion,Data Collection|Data Retention|User Control & Deletion
359_vikings.com,38,Other/Unclear|User Control & Deletion,Other/Unclear|User Control & Deletion
359_vikings.com,39,Other/Unclear,Other/Unclear|User Control & Deletion
359_vikings.com,40,Other/Unclear,Other/Unclear
414_washingtonian.com,0,Data Collection,Data Collection|Other/Unclear
414_washingtonian.com,1,Data Collection,Data Collection
414_washingtonian.com,2,Data Collection,Data Collection
414_washingtonian.com,3,Data Collection|User Control & Deletion,Data Collection|User Control & Deletion
414_washingtonian.com,4,Data Collection|Other/Unclear|Third-Party Sharing,Data Collection|Third-Party Sharing
414_washingtonian.com,5,Data Collection|Other/Unclear|Third-Party Sharing,Data Collection|Third-Party Sharing
414_washingtonian.com,6,Data Collection|Third-Party Sharing,Data Collection|Third-Party Sharing
414_washingtonian.com,7,Data Collection|Third-Party Sharing,Data Collection|Third-Party Sharing
414_washingtonian.com,8,Third-Party Sharing,Data Collection|Third-Party Sharing
414_washingtonian.com,9,Other/Unclear|Third-Party Sharing,Third-Party Sharing
414_washingtonian.com,10,Other/Unclear|User Control & Deletion,User Control & Deletion
414_washingtonian.com,11,Other/Unclear|User Control & Deletion,Other/Unclear|User Control & Deletion
414_washingtonian.com,12,Data Security,Data Security
414_washingtonian.com,13,Other/Unclear|Third-Party Sharing,Other/Unclear|Third-Party Sharing
414_washingtonian.com,14,Data Collection|Other/Unclear,Data Collection|Third-Party Sharing
414_washingtonian.com,15,Other/Unclear|Third-Party Sharing|User Control & Deletion,Other/Unclear|Third-Party Sharing|User Control & Deletion
414_washingtonian.com,16,Other/Unclear,Other/Unclear
414_washingtonian.com,17,Other/Unclear,Other/Unclear
414_washingtonian.com,18,Other/Unclear|Policy Change,Policy Change
414_washingtonian.com,19,Other/Unclear,Other/Unclear
414_washingtonian.com,20,Other/Unclear,Data Collection
414_washingtonian.com,21,Other/Unclear,Other/Unclear|User Control & Deletion
414_washingtonian.com,22,Other/Unclear|Policy Change,Other/Unclear|Policy Change
456_boardgamegeek.com,0,Other/Unclear,Other/Unclear
456_boardgamegeek.com,1,Third-Party Sharing,Other/Unclear|Third-Party Sharing
456_boardgamegeek.com,2,Data Collection,Data Collection|Other/Unclear
456_boardgamegeek.com,3,Data Collection,Data Collection
456_boardgamegeek.com,4,Data Collection,Data Collection
456_boardgamegeek.com,5,Data Collection,Data Collection
456_boardgamegeek.com,6,Data Collection,Data Collection
456_boardgamegeek.com,7,Third-Party Sharing,Data Collection|Third-Party Sharing
456_boardgamegeek.com,8,Policy Change,Other/Unclear|Policy Change
456_boardgamegeek.com,9,Third-Party Sharing,Third-Party Sharing
503_buffalowildwings.com,0,Other/Unclear,Other/Unclear
503_buffalowildwings.com,1,Other/Unclear,Data Collection|Other/Unclear
503_buffalowildwings.com,2,Data Collection|Data Retention|User Control & Deletion,Data Collection
503_buffalowildwings.com,3,Data Collection,Data Collection|Other/Unclear
503_buffalowildwings.com,4,Other/Unclear|User Control & Deletion,Data Collection|Other/Unclear|User Control & Deletion
503_buffalowildwings.com,5,Data Collection|Other/Unclear,Data Collection|Third-Party Sharing
503_buffalowildwings.com,6,Data Collection|Data Retention|Other/Unclear|User Control & Deletion,Data Collection|User Control & Deletion
503_buffalowildwings.com,7,Other/Unclear|Third-Party Sharing,Other/Unclear|User Control & Deletion
503_buffalowildwings.com,8,Data Security|Third-Party Sharing,Third-Party Sharing
503_buffalowildwings.com,9,Third-Party Sharing,Third-Party Sharing
503_buffalowildwings.com,10,Data Security|Other/Unclear|Third-Party Sharing,Other/Unclear
503_buffalowildwings.com,11,Data Collection|Data Security|User Control & Deletion,Data Collection|Data Security|User Control & Deletion
503_buffalowildwings.com,12,Data Security,Data Security
503_buffalowildwings.com,13,Other/Unclear,Other/Unclear
503_buffalowildwings.com,14,Other/Unclear|Third-Party Sharing,Other/Unclear
503_buffalowildwings.com,15,Other/Unclear,Other/Unclear
503_buffalowildwings.com,16,Policy Change,Policy Change
503_buffalowildwings.com,17,Other/Unclear,Other/Unclear|Policy Change
503_buffalowildwings.com,18,Other/Unclear,Other/Unclear
503_buffalowildwings.com,19,Other/Unclear,Other/Unclear
517_kaleidahealth.org,0,Other/Unclear,Other/Unclear
517_kaleidahealth.org,1,Data Security|Other/Unclear,Data Security|Other/Unclear
517_kaleidahealth.org,2,Other/Unclear,Other/Unclear
517_kaleidahealth.org,3,Other/Unclear,Other/Unclear
517_kaleidahealth.org,4,Data Collection|Third-Party Sharing|User Control & Deletion,Data Collection|Third-Party Sharing
517_kaleidahealth.org,5,Data Collection|Other/Unclear|Third-Party Sharing|User Control & Deletion,Other/Unclear
517_kaleidahealth.org,6,Data Collection|Third-Party Sharing,Data Collection|Other/Unclear|Third-Party Sharing
517_kaleidahealth.org,7,Data Collection|Third-Party Sharing|User Control & Deletion,Other/Unclear|Third-Party Sharing|User Control & Deletion
517_kaleidahealth.org,8,Data Collection|Third-Party Sharing,Other/Unclear|Third-Party Sharing
517_kaleidahealth.org,9,Data Collection|Third-Party Sharing,Other/Unclear
517_kaleidahealth.org,10,Data Collection|Third-Party Sharing|User Control & Deletion,Third-Party Sharing
517_kaleidahealth.org,11,Other/Unclear,Other/Unclear
517_kaleidahealth.org,12,Other/Unclear,Other/Unclear
517_kaleidahealth.org,13,Other/Unclear|User Control & Deletion,Other/Unclear|User Control & Deletion
517_kaleidahealth.org,14,Other/Unclear|Policy Change,Other/Unclear|Policy Change|User Control & Deletion
517_kaleidahealth.org,15,Other/Unclear,Other/Unclear
517_kaleidahealth.org,16,Data Collection,Data Collection|Other/Unclear
517_kaleidahealth.org,17,Data Collection|Third-Party Sharing,Data Collection|Other/Unclear|Third-Party Sharing
517_kaleidahealth.org,18,Third-Party Sharing,Third-Party Sharing
517_kaleidahealth.org,19,Data Collection|Third-Party Sharing,Third-Party Sharing
517_kaleidahealth.org,20,Data Collection|Third-Party Sharing,Third-Party Sharing
517_kaleidahealth.org,21,Data Collection,Data Collection
517_kaleidahealth.org,22,Data Collection|Third-Party Sharing|User Control & Deletion,Data Collection|Third-Party Sharing
517_kaleidahealth.org,23,Data Security|Third-Party Sharing,Data Security|Third-Party Sharing
517_kaleidahealth.org,24,Other/Unclear|Third-Party Sharing|User Control & Deletion,Third-Party Sharing|User Control & Deletion
517_kaleidahealth.org,25,Data Collection|Third-Party Sharing,Data Collection|Third-Party Sharing
517_kaleidahealth.org,26,Data Collection|Third-Party Sharing,Data Collection|Third-Party Sharing|User Control & Deletion
517_kaleidahealth.org,27,Third-Party Sharing,Other/Unclear|Third-Party Sharing
517_kaleidahealth.org,28,Other/Unclear|User Control & Deletion,User Control & Deletion
517_kaleidahealth.org,29,Data Collection|Third-Party Sharing,Data Collection|Third-Party Sharing
517_kaleidahealth.org,30,Other/Unclear|User Control & Deletion,Data Security|User Control & Deletion
517_kaleidahealth.org,31,Data Collection|Third-Party Sharing,
517_kaleidahealth.org,32,Data Collection|Third-Party Sharing|User Control & Deletion,
517_kaleidahealth.org,33,Data Collection|Third-Party Sharing,Third-Party Sharing
517_kaleidahealth.org,34,Third-Party Sharing,Third-Party Sharing
517_kaleidahealth.org,35,Third-Party Sharing,Third-Party Sharing
517_kaleidahealth.org,36,Third-Party Sharing,Data Security
517_kaleidahealth.org,37,Third-Party Sharing,Data Collection|Third-Party Sharing
517_kaleidahealth.org,38,Third-Party Sharing,Other/Unclear|Third-Party Sharing
517_kaleidahealth.org,39,Third-Party Sharing,Third-Party Sharing
517_kaleidahealth.org,40,Data Collection|Third-Party Sharing,Data Collection|Third-Party Sharing
517_kaleidahealth.org,41,Third-Party Sharing,Other/Unclear
517_kaleidahealth.org,42,Other/Unclear|Third-Party Sharing,Third-Party Sharing
517_kaleidahealth.org,43,Third-Party Sharing,Data Security|Third-Party Sharing
517_kaleidahealth.org,44,Third-Party Sharing,Other/Unclear
517_kaleidahealth.org,45,Third-Party Sharing,Third-Party Sharing
517_kaleidahealth.org,46,Third-Party Sharing,Third-Party Sharing
517_kaleidahealth.org,47,Data Collection|Third-Party Sharing|User Control & Deletion,Third-Party Sharing
517_kaleidahealth.org,48,Data Collection|Third-Party Sharing,Third-Party Sharing
517_kaleidahealth.org,49,Other/Unclear,Data Collection
517_kaleidahealth.org,50,Data Security,Data Security|Other/Unclear
517_kaleidahealth.org,51,Other/Unclear|User Control & Deletion,Other/Unclear
517_kaleidahealth.org,52,User Control & Deletion,Data Retention|Other/Unclear|User Control & Deletion
517_kaleidahealth.org,53,Other/Unclear|User Control & Deletion,User Control & Deletion
517_kaleidahealth.org,54,Other/Unclear,User Control & Deletion
517_kaleidahealth.org,55,Other/Unclear|User Control & Deletion,Data Retention|Other/Unclear|User Control & Deletion
517_kaleidahealth.org,56,Other/Unclear,User Control & Deletion
517_kaleidahealth.org,57,Other/Unclear|Third-Party Sharing|User Control & Deletion,Other/Unclear
517_kaleidahealth.org,58,Other/Unclear|User Control & Deletion,Data Collection|Other/Unclear
517_kaleidahealth.org,59,Other/Unclear,Other/Unclear
517_kaleidahealth.org,60,Other/Unclear|User Control & Deletion,User Control & Deletion
517_kaleidahealth.org,61,Other/Unclear|User Control & Deletion,User Control & Deletion
517_kaleidahealth.org,62,Other/Unclear|User Control & Deletion,Other/Unclear|User Control & Deletion
517_kaleidahealth.org,63,Other/Unclear,Data Retention|User Control & Deletion
517_kaleidahealth.org,64,Other/Unclear|User Control & Deletion,Other/Unclear
517_kaleidahealth.org,65,Other/Unclear,Other/Unclear
523_usa.gov,0,Other/Unclear,Data Security|Other/Unclear
523_usa.gov,1,Data Collection,Data Collection
523_usa.gov,2,Other/Unclear,Data Collection|Other/Unclear
523_usa.gov,3,Data Collection|Data Retention,Data Collection
523_usa.gov,4,Data Collection|Third-Party Sharing,Data Collection|Third-Party Sharing
523_usa.gov,5,Data Security,Data Security
523_usa.gov,6,Data Collection|Data Retention,Other/Unclear|Third-Party Sharing
523_usa.gov,7,Other/Unclear,Data Security
523_usa.gov,8,Data Collection,Data Collection|Other/Unclear
523_usa.gov,9,Data Collection,
523_usa.gov,10,Data Collection|Third-Party Sharing,Data Collection
523_usa.gov,11,Data Collection,Data Collection
523_usa.gov,12,Other/Unclear|User Control & Deletion,Data Collection|User Control & Deletion
523_usa.gov,13,Other/Unclear,Other/Unclear|User Control & Deletion
523_usa.gov,14,Other/Unclear,Data Collection
523_usa.gov,15,Other/Unclear|Third-Party Sharing,Other/Unclear
523_usa.gov,16,Data Collection|Third-Party Sharing,Data Collection|Other/Unclear|Third-Party Sharing
523_usa.gov,17,Data Collection|User Control & Deletion,Data Collection
523_usa.gov,18,Data Collection|Third-Party Sharing,Data Collection|Third-Party Sharing
531_archives.gov,0,Data Security|Other/Unclear,Other/Unclear
531_archives.gov,1,Other/Unclear|User Control & Deletion,Other/Unclear
531_archives.gov,2,Data Collection|Data Security|Third-Party Sharing,Data Collection|Other/Unclear|Third-Party Sharing
531_archives.gov,3,Data Collection|Data Retention|Data Security|Other/Unclear|Third-Party Sharing,Data Retention|Other/Unclear
531_archives.gov,4,Data Security|Other/Unclear,Data Security|Other/Unclear
531_archives.gov,5,Data Collection|Third-Party Sharing,Third-Party Sharing
531_archives.gov,6,Data Collection|Other/Unclear,Data Collection
531_archives.gov,7,Data Collection|Other/Unclear|Third-Party Sharing|User Control & Deletion,Data Collection|User Control & Deletion
531_archives.gov,8,Data Collection,Data Collection
531_archives.gov,9,Data Collection,Data Collection|User Control & Deletion
531_archives.gov,10,Data Collection,Data Collection|Other/Unclear
531_archives.gov,11,Data Collection|Third-Party Sharing|User Control & Deletion,Data Collection|Other/Unclear
531_archives.gov,12,Other/Unclear,Data Collection|Other/Unclear
531_archives.gov,13,Data Collection|Other/Unclear|Third-Party Sharing,Other/Unclear|Third-Party Sharing
531_archives.gov,14,Other/Unclear,Other/Unclear|Third-Party Sharing
531_archives.gov,15,Other/Unclear,Data Collection|Other/Unclear|Third-Party Sharing
531_archives.gov,16,Other/Unclear|Third-Party Sharing,Third-Party Sharing
531_archives.gov,17,Data Collection|Data Retention|Data Security,Third-Party Sharing
531_archives.gov,18,Data Retention|Other/Unclear|Third-Party Sharing,Other/Unclear|Third-Party Sharing
531_archives.gov,19,Data Security|Other/Unclear|Third-Party Sharing,Other/Unclear
531_archives.gov,20,Data Collection,Data Collection|Data Retention
531_archives.gov,21,Data Collection|Data Retention|Third-Party Sharing,Data Collection
531_archives.gov,22,Data Collection,Data Collection
531_archives.gov,23,Data Collection,Data Collection
531_archives.gov,24,Other/Unclear|Third-Party Sharing|User Control & Deletion,Other/Unclear|User Control & Deletion
531_archives.gov,25,Other/Unclear,Other/Unclear
531_archives.gov,26,Other/Unclear,Third-Party Sharing
531_archives.gov,27,Data Security|Other/Unclear,Other/Unclear
531_archives.gov,28,Other/Unclear|User Control & Deletion,Other/Unclear|Third-Party Sharing
531_archives.gov,29,Other/Unclear,Other/Unclear
531_archives.gov,30,Data Security|Other/Unclear|Policy Change,Other/Unclear
531_archives.gov,31,Other/Unclear,Other/Unclear|Third-Party Sharing
531_archives.gov,32,Other/Unclear,Data Collection|Other/Unclear
531_archives.gov,33,Other/Unclear,Other/Unclear
531_archives.gov,34,Data Security|Other/Unclear,Other/Unclear
531_archives.gov,35,Other/Unclear|User Control & Deletion,Data Collection|Third-Party Sharing
531_archives.gov,36,Other/Unclear,Data Collection
531_archives.gov,37,Other/Unclear|User Control & Deletion,Other/Unclear
531_archives.gov,38,Data Collection|Other/Unclear,Data Collection|Other/Unclear|User Control & Deletion
531_archives.gov,39,Other/Unclear,Other/Unclear|User Control & Deletion
531_archives.gov,40,Other/Unclear,Other/Unclear
531_archives.gov,41,Other/Unclear,Other/Unclear
531_archives.gov,42,Data Collection|Other/Unclear,
531_archives.gov,43,Other/Unclear,Other/Unclear
531_archives.gov,44,Other/Unclear,
531_archives.gov,45,Data Security|Other/Unclear,Other/Unclear
531_archives.gov,46,Other/Unclear,Other/Unclear
531_archives.gov,47,Other/Unclear,Other/Unclear
531_archives.gov,48,Other/Unclear,Data Collection|Other/Unclear
531_archives.gov,49,Other/Unclear,Other/Unclear
531_archives.gov,50,Data Security|Other/Unclear,Data Collection|Data Security|Other/Unclear
531_archives.gov,51,Data Security|Third-Party Sharing|User Control & Deletion,Data Security
559_www.loc.gov,0,Data Collection|Data Security|Other/Unclear|Third-Party Sharing,Data Security|Other/Unclear|Third-Party Sharing
559_www.loc.gov,1,Other/Unclear,Other/Unclear
559_www.loc.gov,2,Data Collection|Other/Unclear,Data Collection|Other/Unclear
559_www.loc.gov,3,Data Security,Data Security
559_www.loc.gov,4,Data Collection,Data Collection
559_www.loc.gov,5,Data Collection,Data Collection
559_www.loc.gov,6,Data Collection,Data Collection|User Control & Deletion
559_www.loc.gov,7,Data Collection|Data Retention,Data Collection
559_www.loc.gov,8,Data Collection|User Control & Deletion,Data Collection|User Control & Deletion
559_www.loc.gov,9,Data Collection|Other/Unclear,Data Collection
559_www.loc.gov,10,Data Collection,Data Collection
559_www.loc.gov,11,Data Collection,Data Collection
559_www.loc.gov,12,Data Collection|Other/Unclear|User Control & Deletion,Data Collection|User Control & Deletion
559_www.loc.gov,13,Other/Unclear|Third-Party Sharing,Third-Party Sharing
559_www.loc.gov,14,Other/Unclear,Other/Unclear
559_www.loc.gov,15,Data Collection|Data Retention|Other/Unclear,Data Collection|Data Retention|Third-Party Sharing
559_www.loc.gov,16,Other/Unclear,Other/Unclear
559_www.loc.gov,17,Other/Unclear|Third-Party Sharing,Other/Unclear
559_www.loc.gov,18,Other/Unclear|User Control & Deletion,Other/Unclear
559_www.loc.gov,19,Other/Unclear,Other/Unclear
559_www.loc.gov,20,Data Collection|Third-Party Sharing,Data Collection
559_www.loc.gov,21,Data Collection|Other/Unclear|Third-Party Sharing,Data Collection|User Control & Deletion
559_www.loc.gov,22,Other/Unclear,User Control & Deletion
559_www.loc.gov,23,Other/Unclear,Other/Unclear|Policy Change
581_coffeereview.com,0,Other/Unclear,Data Security|Other/Unclear
581_coffeereview.com,1,Data Collection,Data Collection
581_coffeereview.com,2,Data Collection,Data Collection
581_coffeereview.com,3,Data Collection,Data Collection
581_coffeereview.com,4,Data Collection|User Control & Deletion,Other/Unclear|User Control & Deletion
581_coffeereview.com,5,Data Collection|User Control & Deletion,Data Collection
581_coffeereview.com,6,Data Collection|Third-Party Sharing|User Control & Deletion,Data Collection
581_coffeereview.com,7,Data Collection,Data Collection|Other/Unclear
581_coffeereview.com,8,Data Collection|Other/Unclear|Third-Party Sharing,Other/Unclear|Third-Party Sharing
581_coffeereview.com,9,Third-Party Sharing,Third-Party Sharing
581_coffeereview.com,10,Third-Party Sharing,Third-Party Sharing
581_coffeereview.com,11,Data Collection|Third-Party Sharing,Third-Party Sharing
581_coffeereview.com,12,Data Collection,Data Collection
581_coffeereview.com,13,Data Collection|Third-Party Sharing,Data Collection|Other/Unclear|Third-Party Sharing
581_coffeereview.com,14,Data Collection|Third-Party Sharing,Data Collection|Third-Party Sharing
581_coffeereview.com,15,Other/Unclear,Other/Unclear
586_cariboucoffee.com,0,Other/Unclear,Other/Unclear
586_cariboucoffee.com,1,Other/Unclear,Other/Unclear
586_cariboucoffee.com,2,Data Collection|Data Security|Other/Unclear,Data Collection|Other/Unclear
586_cariboucoffee.com,3,Policy Change|User Control & Deletion,Policy Change
586_cariboucoffee.com,4,Other/Unclear|Policy Change|User Control & Deletion,Policy Change
586_cariboucoffee.com,5,Data Collection|Other/Unclear,Data Collection
586_cariboucoffee.com,6,Data Collection|Other/Unclear|Third-Party Sharing,Data Collection|Third-Party Sharing
586_cariboucoffee.com,7,Third-Party Sharing,Third-Party Sharing
586_cariboucoffee.com,8,Data Security|Other/Unclear,Data Security|Other/Unclear|Third-Party Sharing
586_cariboucoffee.com,9,Data Security,Other/Unclear
586_cariboucoffee.com,10,Data Collection|Third-Party Sharing,Data Collection|Data Security|Third-Party Sharing
586_cariboucoffee.com,11,Data Collection,Data Collection
586_cariboucoffee.com,12,Data Collection|Third-Party Sharing,Data Collection|Third-Party Sharing
586_cariboucoffee.com,13,Data Retention|Third-Party Sharing|User Control & Deletion,Data Retention
586_cariboucoffee.com,14,Third-Party Sharing,Third-Party Sharing
586_cariboucoffee.com,15,Data Collection,Data Collection
586_cariboucoffee.com,16,Data Collection,Data Collection
586_cariboucoffee.com,17,Data Collection|Other/Unclear,Data Collection
586_cariboucoffee.com,18,User Control & Deletion,Data Collection|User Control & Deletion
586_cariboucoffee.com,19,Data Collection|Other/Unclear|Third-Party Sharing,Data Collection|Third-Party Sharing
586_cariboucoffee.com,20,Data Collection|Third-Party Sharing|User Control & Deletion,Data Collection|Other/Unclear|User Control & Deletion
586_cariboucoffee.com,21,Data Security,Data Security
586_cariboucoffee.com,22,Data Security|Other/Unclear,Data Security
586_cariboucoffee.com,23,Other/Unclear|User Control & Deletion,User Control & Deletion
586_cariboucoffee.com,24,Data Collection|Other/Unclear|User Control & Deletion,Data Collection|Other/Unclear|User Control & Deletion
586_cariboucoffee.com,25,Other/Unclear,Other/Unclear
586_cariboucoffee.com,26,User Control & Deletion,User Control & Deletion
586_cariboucoffee.com,27,Other/Unclear,Other/Unclear
586_cariboucoffee.com,28,Data Collection,Data Collection|Other/Unclear
586_cariboucoffee.com,29,Other/Unclear,Other/Unclear|Third-Party Sharing
586_cariboucoffee.com,30,Other/Unclear,Other/Unclear
586_cariboucoffee.com,31,User Control & Deletion,Other/Unclear|User Control & Deletion
586_cariboucoffee.com,32,Data Security|Other/Unclear|Third-Party Sharing,Data Collection
586_cariboucoffee.com,33,Other/Unclear,Data Collection|Other/Unclear
58_esquire.com,0,Other/Unclear|Policy Change,Other/Unclear|Policy Change
58_esquire.com,1,Data Collection|Other/Unclear|Third-Party Sharing,Data Collection|Other/Unclear
58_esquire.com,2,Other/Unclear,Other/Unclear
58_esquire.com,3,Other/Unclear,Other/Unclear|Third-Party Sharing
58_esquire.com,4,Data Collection|Other/Unclear|Third-Party Sharing,Other/Unclear
58_esquire.com,5,Other/Unclear,Other/Unclear
58_esquire.com,6,Data Collection|Third-Party Sharing,Data Collection
58_esquire.com,7,Data Collection|Third-Party Sharing,Data Collection|Third-Party Sharing
58_esquire.com,8,Other/Unclear|Third-Party Sharing,Other/Unclear|Third-Party Sharing
58_esquire.com,9,Other/Unclear|User Control & Deletion,Data Collection|User Control & Deletion
58_esquire.com,10,Data Collection,Data Collection
58_esquire.com,11,Data Collection,Data Collection|Third-Party Sharing
58_esquire.com,12,Data Collection|Third-Party Sharing,Data Collection|Third-Party Sharing
58_esquire.com,13,Data Collection|Other/Unclear,Other/Unclear
58_esquire.com,14,Other/Unclear,Other/Unclear
58_esquire.com,15,Other/Unclear,Data Collection|Other/Unclear
58_esquire.com,16,Data Collection,Data Collection
58_esquire.com,17,Data Collection|Other/Unclear,Data Collection
58_esquire.com,18,Data Collection|Data Retention|Other/Unclear|User Control & Deletion,Data Collection|Data Retention|Other/Unclear|User Control & Deletion
58_esquire.com,19,Data Collection|Other/Unclear,Data Collection|Third-Party Sharing
58_esquire.com,20,Data Collection|Other/Unclear|Third-Party Sharing,Data Collection|Third-Party Sharing
58_esquire.com,21,Other/Unclear|Third-Party Sharing,Third-Party Sharing
58_esquire.com,22,Data Security|Third-Party Sharing,Data Security|Third-Party Sharing
58_esquire.com,23,Other/Unclear|Third-Party Sharing|User Control & Deletion,Other/Unclear|Third-Party Sharing|User Control & Deletion
58_esquire.com,24,Third-Party Sharing,Other/Unclear
58_esquire.com,25,Third-Party Sharing,Other/Unclear
58_esquire.com,26,Third-Party Sharing|User Control & Deletion,Other/Unclear|Third-Party Sharing|User Control & Deletion
58_esquire.com,27,Third-Party Sharing,Third-Party Sharing
58_esquire.com,28,Third-Party Sharing,Data Collection|Other/Unclear|Third-Party Sharing
58_esquire.com,29,Third-Party Sharing,Third-Party Sharing
58_esquire.com,30,Third-Party Sharing,Data Collection|Third-Party Sharing
58_esquire.com,31,Data Collection|Other/Unclear|Third-Party Sharing,Third-Party Sharing
58_esquire.com,32,Data Collection|Other/Unclear|Third-Party Sharing,Other/Unclear|Third-Party Sharing|User Control & Deletion
58_esquire.com,33,Data Collection|Third-Party Sharing,Data Collection|Other/Unclear|Third-Party Sharing
58_esquire.com,34,Other/Unclear|Third-Party Sharing,Other/Unclear|Third-Party Sharing
58_esquire.com,35,Other/Unclear|Third-Party Sharing|User Control & Deletion,Data Collection|Third-Party Sharing|User Control & Deletion
58_esquire.com,36,Other/Unclear|User Control & Deletion,Other/Unclear|User Control & Deletion
58_esquire.com,37,User Control & Deletion,Data Collection|User Control & Deletion
58_esquire.com,38,Other/Unclear|User Control & Deletion,User Control & Deletion
58_esquire.com,39,Other/Unclear|Third-Party Sharing|User Control & Deletion,Third-Party Sharing|User Control & Deletion
58_esquire.com,40,Other/Unclear,Data Collection|Third-Party Sharing|User Control & Deletion
58_esquire.com,41,User Control & Deletion,User Control & Deletion
58_esquire.com,42,Data Collection|Other/Unclear|Third-Party Sharing|User Control & Deletion,Data Collection|Other/Unclear
58_esquire.com,43,Data Security,Data Security
58_esquire.com,44,Other/Unclear|User Control & Deletion,Other/Unclear
58_esquire.com,45,Other/Unclear,Other/Unclear
58_esquire.com,46,Other/Unclear|Policy Change,Policy Change
591_google.com,0,Other/Unclear|User Control & Deletion,Data Security|Other/Unclear
591_google.com,1,Other/Unclear|Policy Change,Other/Unclear|Policy Change
591_google.com,2,Data Collection|Other/Unclear,Data Collection|Third-Party Sharing
591_google.com,3,Other/Unclear,Other/Unclear
591_google.com,4,Data Collection|Other/Unclear,Other/Unclear
591_google.com,5,Data Collection,Data Collection
591_google.com,6,Data Collection,Data Collection
591_google.com,7,Data Collection,Data Collection
591_google.com,8,Data Collection|Other/Unclear,Data Collection
591_google.com,9,Data Collection,Data Collection
591_google.com,10,Data Collection,Data Collection|Third-Party Sharing
591_google.com,11,Data Collection,Data Collection
591_google.com,12,Data Collection|Other/Unclear,Data Collection
591_google.com,13,Data Collection|Other/Unclear|Third-Party Sharing,Data Collection|Third-Party Sharing
591_google.com,14,Data Collection|Other/Unclear|User Control & Deletion,Data Collection|Other/Unclear|User Control & Deletion
591_google.com,15,Data Collection,Data Collection
591_google.com,16,Data Collection|Third-Party Sharing,Data Collection|Third-Party Sharing
591_google.com,17,Data Collection|Third-Party Sharing,Third-Party Sharing|User Control & Deletion
591_google.com,18,Data Collection,Data Collection
591_google.com,19,Data Collection|Other/Unclear,Data Collection|Third-Party Sharing
591_google.com,20,Data Collection,Data Collection
591_google.com,21,Data Collection|Other/Unclear|User Control & Deletion,Data Collection|Third-Party Sharing
591_google.com,22,User Control & Deletion,Other/Unclear
591_google.com,23,Data Collection|Other/Unclear,
591_google.com,24,Other/Unclear|User Control & Deletion,Data Collection|User Control & Deletion
591_google.com,25,User Control & Deletion,Data Collection|User Control & Deletion
591_google.com,26,Other/Unclear|Third-Party Sharing,Third-Party Sharing
591_google.com,27,Data Retention|Data Security|Other/Unclear|User Control & Deletion,User Control & Deletion
591_google.com,28,Other/Unclear|User Control & Deletion,Other/Unclear
591_google.com,29,Data Retention|Other/Unclear|User Control & Deletion,Data Collection|Data Retention|User Control & Deletion
591_google.com,30,Other/Unclear|Third-Party Sharing,Other/Unclear|Third-Party Sharing
591_google.com,31,Third-Party Sharing|User Control & Deletion,Other/Unclear|Third-Party Sharing|User Control & Deletion
591_google.com,32,Third-Party Sharing,Other/Unclear|User Control & Deletion
591_google.com,33,Data Security|Third-Party Sharing,Data Security|Other/Unclear
591_google.com,34,Third-Party Sharing,Third-Party Sharing
591_google.com,35,Third-Party Sharing,Third-Party Sharing
591_google.com,36,Policy Change|Third-Party Sharing,Other/Unclear|Third-Party Sharing
591_google.com,37,Data Security,Data Security
591_google.com,38,Other/Unclear,Other/Unclear
591_google.com,39,Other/Unclear,Data Collection|Other/Unclear|Third-Party Sharing
591_google.com,40,Data Security|Other/Unclear,Data Security|Other/Unclear
591_google.com,41,Other/Unclear|Policy Change,Policy Change
591_google.com,42,Other/Unclear,Data Collection|Other/Unclear
591_google.com,43,Other/Unclear,Other/Unclear|User Control & Deletion
591_google.com,44,Other/Unclear,Data Security|Other/Unclear
59_liquor.com,0,Other/Unclear,Other/Unclear
59_liquor.com,1,Data Collection|Third-Party Sharing,Data Collection|Third-Party Sharing
59_liquor.com,2,Data Collection|Third-Party Sharing,Data Collection|Third-Party Sharing
59_liquor.com,3,Data Collection,Data Collection
59_liquor.com,4,User Control & Deletion,User Control & Deletion
59_liquor.com,5,User Control & Deletion,Data Collection|User Control & Deletion
59_liquor.com,6,Third-Party Sharing,Data Collection|Third-Party Sharing
59_liquor.com,7,Data Collection|Other/Unclear|Third-Party Sharing,Data Collection|Other/Unclear|Third-Party Sharing|User Control & Deletion
59_liquor.com,8,Data Collection,Data Collection
59_liquor.com,9,Other/Unclear,Other/Unclear
59_liquor.com,10,Other/Unclear|Third-Party Sharing,Other/Unclear
59_liquor.com,11,Data Security,Other/Unclear
59_liquor.com,12,Other/Unclear|Policy Change,Other/Unclear|Policy Change
627_dairyqueen.com,0,Other/Unclear|Policy Change|User Control & Deletion,Other/Unclear|Policy Change|User Control & Deletion
627_dairyqueen.com,1,Data Collection|Other/Unclear,Data Collection|Other/Unclear
627_dairyqueen.com,2,Data Collection|User Control & Deletion,Data Collection
627_dairyqueen.com,3,Other/Unclear|Third-Party Sharing,Other/Unclear
627_dairyqueen.com,4,Data Collection|Other/Unclear|Third-Party Sharing|User Control & Deletion,Data Collection
627_dairyqueen.com,5,Other/Unclear|Third-Party Sharing,Other/Unclear|Third-Party Sharing
627_dairyqueen.com,6,Other/Unclear|Third-Party Sharing,Data Collection|Third-Party Sharing
627_dairyqueen.com,7,Third-Party Sharing,Third-Party Sharing
627_dairyqueen.com,8,Other/Unclear|Third-Party Sharing,Data Collection|Third-Party Sharing
627_dairyqueen.com,9,Data Collection|Third-Party Sharing,Data Collection
627_dairyqueen.com,10,Other/Unclear|Third-Party Sharing,Data Collection|Other/Unclear
627_dairyqueen.com,11,Third-Party Sharing,Data Collection|Third-Party Sharing
627_dairyqueen.com,12,Third-Party Sharing,Third-Party Sharing
627_dairyqueen.com,13,Third-Party Sharing,Third-Party Sharing
627_dairyqueen.com,14,Data Collection|Third-Party Sharing,Data Collection
627_dairyqueen.com,15,Other/Unclear,Other/Unclear
627_dairyqueen.com,16,Other/Unclear|Third-Party Sharing,Other/Unclear
627_dairyqueen.com,17,Other/Unclear,Other/Unclear
627_dairyqueen.com,18,Other/Unclear,Other/Unclear
627_dairyqueen.com,19,Data Collection|Other/Unclear,Other/Unclear
627_dairyqueen.com,20,Data Security,Data Security
627_dairyqueen.com,21,Other/Unclear,Other/Unclear
635_playstation.com,0,Other/Unclear,Other/Unclear|Policy Change
635_playstation.com,1,Other/Unclear,Other/Unclear
635_playstation.com,2,Data Security|Other/Unclear,Data Security|Other/Unclear
635_playstation.com,3,Data Security|Other/Unclear,Data Security|Other/Unclear
635_playstation.com,4,Data Security|Other/Unclear,Other/Unclear|User Control & Deletion
635_playstation.com,5,Data Collection|Other/Unclear|User Control & Deletion,Other/Unclear
635_playstation.com,6,Data Collection|Other/Unclear,Other/Unclear
635_playstation.com,7,Other/Unclear,Other/Unclear|Third-Party Sharing
635_playstation.com,8,Data Collection,Data Collection
635_playstation.com,9,Data Collection,Data Collection|Other/Unclear
635_playstation.com,10,Data Collection|Data Security|Other/Unclear,Other/Unclear
635_playstation.com,11,Other/Unclear,Other/Unclear
635_playstation.com,12,Data Collection,Data Collection
635_playstation.com,13,Data Collection,Data Collection
635_playstation.com,14,Data Collection,Data Collection
635_playstation.com,15,Data Collection,Data Collection
635_playstation.com,16,Data Collection|Third-Party Sharing,Data Collection|Other/Unclear|Third-Party Sharing
635_playstation.com,17,Data Collection|Third-Party Sharing,Data Collection
635_playstation.com,18,Data Collection|Data Retention|Third-Party Sharing|User Control & Deletion,Data Collection|Other/Unclear|Third-Party Sharing|User Control & Deletion
635_playstation.com,19,Data Collection|Other/Unclear,Data Collection|Other/Unclear
635_playstation.com,20,Data Collection,Data Collection
635_playstation.com,21,Data Collection,Data Collection|Other/Unclear
635_playstation.com,22,Data Collection|Data Retention,Data Collection|Data Retention|Other/Unclear
635_playstation.com,23,Data Collection,Data Collection
635_playstation.com,24,Data Collection|Data Retention|Other/Unclear,Data Collection|Third-Party Sharing
635_playstation.com,25,Data Collection,Data Collection
635_playstation.com,26,Third-Party Sharing,Data Collection|Third-Party Sharing
635_playstation.com,27,Third-Party Sharing,Third-Party Sharing
635_playstation.com,28,Third-Party Sharing,Third-Party Sharing
635_playstation.com,29,Third-Party Sharing,Other/Unclear|Third-Party Sharing
635_playstation.com,30,Data Security|Other/Unclear|User Control & Deletion,Data Security|Other/Unclear|Third-Party Sharing
635_playstation.com,31,Other/Unclear,Other/Unclear|User Control & Deletion
635_playstation.com,32,Other/Unclear,Data Collection|Other/Unclear
635_playstation.com,33,Other/Unclear,Data Collection|Other/Unclear
635_playstation.com,34,Data Security|Other/Unclear|User Control & Deletion,Other/Unclear|Third-Party Sharing
635_playstation.com,35,Data Collection|User Control & Deletion,Data Collection|User Control & Deletion
635_playstation.com,36,Other/Unclear|Third-Party Sharing,Third-Party Sharing
635_playstation.com,37,Data Security,Data Security
635_playstation.com,38,Other/Unclear,Other/Unclear
635_playstation.com,39,Other/Unclear|Third-Party Sharing,Other/Unclear|Third-Party Sharing
635_playstation.com,40,Data Retention,Data Retention
635_playstation.com,41,Policy Change,Policy Change
635_playstation.com,42,Other/Unclear,Other/Unclear
635_playstation.com,43,Other/Unclear,Other/Unclear
640_gamestop.com,0,Data Collection|Other/Unclear,Other/Unclear|Policy Change
640_gamestop.com,1,Other/Unclear|User Control & Deletion,Other/Unclear|Policy Change
640_gamestop.com,2,Other/Unclear,Other/Unclear
640_gamestop.com,3,Data Collection|Data Retention,Data Collection|User Control & Deletion
640_gamestop.com,4,Data Collection,Data Collection|Third-Party Sharing|User Control & Deletion
640_gamestop.com,5,Data Collection|User Control & Deletion,Data Collection|User Control & Deletion
640_gamestop.com,6,Data Collection,Data Collection
640_gamestop.com,7,Data Collection,Data Collection
640_gamestop.com,8,Data Collection|Third-Party Sharing,Data Collection|Third-Party Sharing
640_gamestop.com,9,Other/Unclear|Third-Party Sharing,Other/Unclear|Third-Party Sharing
640_gamestop.com,10,Data Collection|Third-Party Sharing,Data Collection|Third-Party Sharing
640_gamestop.com,11,Data Collection,Data Collection
640_gamestop.com,12,Data Collection|Other/Unclear,Data Collection|Other/Unclear|User Control & Deletion
640_gamestop.com,13,Data Collection,Data Collection|Third-Party Sharing
640_gamestop.com,14,Data Collection|Other/Unclear,Data Collection
640_gamestop.com,15,User Control & Deletion,User Control & Deletion
640_gamestop.com,16,Data Collection|Other/Unclear|Third-Party Sharing,Data Collection|Other/Unclear|User Control & Deletion
640_gamestop.com,17,Third-Party Sharing,Third-Party Sharing
640_gamestop.com,18,Third-Party Sharing,Data Collection|Third-Party Sharing
640_gamestop.com,19,Data Security|Third-Party Sharing,Data Security|Third-Party Sharing
640_gamestop.com,20,Data Collection|User Control & Deletion,Data Collection|User Control & Deletion
640_gamestop.com,21,Data Collection|Third-Party Sharing,Policy Change|Third-Party Sharing
640_gamestop.com,22,Data Collection|Third-Party Sharing,Third-Party Sharing
640_gamestop.com,23,Third-Party Sharing|User Control & Deletion,Third-Party Sharing|User Control & Deletion
640_gamestop.com,24,Other/Unclear|Third-Party Sharing,Data Collection|Other/Unclear|Third-Party Sharing
640_gamestop.com,25,Other/Unclear|Third-Party Sharing,Data Collection|Data Security|Other/Unclear
640_gamestop.com,26,Data Collection|Third-Party Sharing,Data Collection|Third-Party Sharing
640_gamestop.com,27,Third-Party Sharing,Data Collection
640_gamestop.com,28,Third-Party Sharing,Data Collection|Third-Party Sharing
640_gamestop.com,29,Data Security|Other/Unclear,Other/Unclear
640_gamestop.com,30,Data Collection|Other/Unclear|Third-Party Sharing,Data Collection|Third-Party Sharing
640_gamestop.com,31,Data Security|Third-Party Sharing,Data Security
640_gamestop.com,32,Data Security|Other/Unclear,Data Security|Other/Unclear
640_gamestop.com,33,Other/Unclear|User Control & Deletion,Other/Unclear|User Control & Deletion
640_gamestop.com,34,Other/Unclear|User Control & Deletion,Other/Unclear|User Control & Deletion
640_gamestop.com,35,Data Retention|User Control & Deletion,User Control & Deletion
640_gamestop.com,36,User Control & Deletion,Other/Unclear|User Control & Deletion
640_gamestop.com,37,Other/Unclear,Other/Unclear|User Control & Deletion
640_gamestop.com,38,Other/Unclear,Other/Unclear
640_gamestop.com,39,Other/Unclear,Other/Unclear
640_gamestop.com,40,Other/Unclear,Other/Unclear
640_gamestop.com,41,Policy Change,Other/Unclear|Policy Change|User Control & Deletion
641_cbsinteractive.com,0,Other/Unclear,Other/Unclear
641_cbsinteractive.com,1,Other/Unclear|Policy Change,Other/Unclear
641_cbsinteractive.com,2,Other/Unclear,Other/Unclear
641_cbsinteractive.com,3,Data Collection,Data Collection
641_cbsinteractive.com,4,Data Collection,Data Collection
641_cbsinteractive.com,5,Third-Party Sharing,Third-Party Sharing
641_cbsinteractive.com,6,Data Collection|Third-Party Sharing|User Control & Deletion,Third-Party Sharing|User Control & Deletion
641_cbsinteractive.com,7,Data Security|Other/Unclear,Data Security|Other/Unclear
641_cbsinteractive.com,8,Other/Unclear,Other/Unclear
641_cbsinteractive.com,9,Other/Unclear,Other/Unclear
641_cbsinteractive.com,10,Other/Unclear,Other/Unclear
652_randomhouse.com,0,Other/Unclear,Other/Unclear|Policy Change
652_randomhouse.com,1,Other/Unclear|Policy Change|User Control & Deletion,Other/Unclear|Policy Change|User Control & Deletion
652_randomhouse.com,2,Other/Unclear,Other/Unclear
652_randomhouse.com,3,Data Collection,Data Collection
652_randomhouse.com,4,Data Collection,Data Collection
652_randomhouse.com,5,Data Collection|Third-Party Sharing,Data Collection|Other/Unclear|Third-Party Sharing
652_randomhouse.com,6,Data Collection,Data Collection
652_randomhouse.com,7,Data Collection,Data Collection
652_randomhouse.com,8,Data Collection|User Control & Deletion,Data Collection|Data Retention|User Control & Deletion
652_randomhouse.com,9,Data Collection,Data Collection
652_randomhouse.com,10,Data Collection|Other/Unclear|User Control & Deletion,Data Collection|Other/Unclear|User Control & Deletion
652_randomhouse.com,11,Data Collection,Data Collection
652_randomhouse.com,12,Data Collection|Data Security|Other/Unclear|Third-Party Sharing,Data Collection|Other/Unclear|Third-Party Sharing|User Control & Deletion
652_randomhouse.com,13,Data Collection|Other/Unclear,Other/Unclear|Third-Party Sharing
652_randomhouse.com,14,Data Collection,Data Collection
652_randomhouse.com,15,Data Collection,Data Collection|Other/Unclear
652_randomhouse.com,16,Data Collection,Data Collection|Third-Party Sharing
652_randomhouse.com,17,Data Collection|Other/Unclear,Data Collection
652_randomhouse.com,18,Third-Party Sharing,Third-Party Sharing
652_randomhouse.com,19,Data Security|Third-Party Sharing,Data Security|Third-Party Sharing
652_randomhouse.com,20,Other/Unclear|Third-Party Sharing,Other/Unclear|Third-Party Sharing
652_randomhouse.com,21,Other/Unclear|Third-Party Sharing,Data Security|Other/Unclear
652_randomhouse.com,22,Third-Party Sharing,Third-Party Sharing
652_randomhouse.com,23,Third-Party Sharing,Third-Party Sharing
652_randomhouse.com,24,Other/Unclear|Third-Party Sharing,Third-Party Sharing
652_randomhouse.com,25,Data Collection|Other/Unclear|User Control & Deletion,Data Collection|Other/Unclear|Third-Party Sharing
652_randomhouse.com,26,Data Collection|Data Retention|User Control & Deletion,Data Collection
652_randomhouse.com,27,Data Collection|Other/Unclear,Other/Unclear
652_randomhouse.com,28,Data Collection|Other/Unclear,Data Collection|Other/Unclear|Third-Party Sharing
652_randomhouse.com,29,Data Collection|Data Retention|Other/Unclear,Data Collection|Data Retention
652_randomhouse.com,30,Data Collection|Data Retention|Other/Unclear,Data Collection|Data Retention
652_randomhouse.com,31,Data Collection|Data Retention|Other/Unclear|User Control & Deletion,Data Collection|Other/Unclear|User Control & Deletion
652_randomhouse.com,32,Data Collection|Data Retention|Other/Unclear,Data Collection|Other/Unclear
652_randomhouse.com,33,Data Collection|Other/Unclear,Data Collection
652_randomhouse.com,34,Other/Unclear|Third-Party Sharing,Third-Party Sharing
652_randomhouse.com,35,Other/Unclear|User Control & Deletion,Other/Unclear|User Control & Deletion
652_randomhouse.com,36,Data Security|Other/Unclear,Data Security|Other/Unclear
652_randomhouse.com,37,Other/Unclear|Third-Party Sharing,Other/Unclear|Third-Party Sharing
652_randomhouse.com,38,Other/Unclear|Third-Party Sharing,Other/Unclear|Third-Party Sharing
652_randomhouse.com,39,Data Security|Other/Unclear,Other/Unclear
652_randomhouse.com,40,Other/Unclear|Third-Party Sharing,Third-Party Sharing
652_randomhouse.com,41,Other/Unclear,Other/Unclear
652_randomhouse.com,42,Policy Change,Policy Change
652_randomhouse.com,43,Other/Unclear|User Control & Deletion,Other/Unclear|User Control & Deletion
652_randomhouse.com,44,Other/Unclear|User Control & Deletion,Other/Unclear|User Control & Deletion
676_restaurantnews.com,0,Other/Unclear,Other/Unclear
676_restaurantnews.com,1,Other/Unclear,Other/Unclear
676_restaurantnews.com,2,Third-Party Sharing,Other/Unclear|Third-Party Sharing
676_restaurantnews.com,3,Other/Unclear|User Control & Deletion,Other/Unclear|User Control & Deletion
676_restaurantnews.com,4,Other/Unclear|Third-Party Sharing,Other/Unclear|Third-Party Sharing
676_restaurantnews.com,5,Data Collection,Data Collection
676_restaurantnews.com,6,Other/Unclear,Other/Unclear|Third-Party Sharing
676_restaurantnews.com,7,Policy Change,Other/Unclear|Policy Change
676_restaurantnews.com,8,Other/Unclear,Other/Unclear
676_restaurantnews.com,9,Other/Unclear,Other/Unclear|Policy Change
70_meredith.com,0,Other/Unclear,Other/Unclear
70_meredith.com,1,Other/Unclear,Other/Unclear
70_meredith.com,2,Other/Unclear,Other/Unclear
70_meredith.com,3,Other/Unclear|User Control & Deletion,Other/Unclear|User Control & Deletion
70_meredith.com,4,Other/Unclear,Other/Unclear
70_meredith.com,5,Data Collection,Data Collection
70_meredith.com,6,Data Collection,Data Collection
70_meredith.com,7,Third-Party Sharing,Third-Party Sharing
70_meredith.com,8,Other/Unclear|Third-Party Sharing|User Control & Deletion,User Control & Deletion
70_meredith.com,9,Data Security|Other/Unclear,Data Security|Other/Unclear
70_meredith.com,10,Other/Unclear,Other/Unclear
70_meredith.com,11,Other/Unclear,Other/Unclear
70_meredith.com,12,Other/Unclear,Other/Unclear
70_meredith.com,13,Other/Unclear,Other/Unclear
70_meredith.com,14,Other/Unclear,Other/Unclear
70_meredith.com,15,Other/Unclear,Data Collection|Other/Unclear
70_meredith.com,16,Data Collection|Other/Unclear|Third-Party Sharing,Data Collection|Third-Party Sharing
70_meredith.com,17,Data Collection|Other/Unclear|Third-Party Sharing|User Control & Deletion,Data Collection
70_meredith.com,18,Data Collection|Other/Unclear|Third-Party Sharing,Data Collection|Third-Party Sharing
70_meredith.com,19,Data Collection|Other/Unclear|Third-Party Sharing,Data Collection
70_meredith.com,20,Data Collection|Third-Party Sharing,Other/Unclear
70_meredith.com,21,Data Collection|Third-Party Sharing,Data Collection
70_meredith.com,22,Data Collection|Third-Party Sharing,Data Collection|Other/Unclear
70_meredith.com,23,Data Collection|Third-Party Sharing,Data Collection
70_meredith.com,24,Data Collection|Third-Party Sharing,Data Collection
70_meredith.com,25,Data Collection|Third-Party Sharing,Data Collection
70_meredith.com,26,Data Collection|Third-Party Sharing,Other/Unclear
70_meredith.com,27,Data Collection|Third-Party Sharing,Data Collection
70_meredith.com,28,Data Collection|Third-Party Sharing,
70_meredith.com,29,Data Collection|Third-Party Sharing,Data Collection|Other/Unclear
70_meredith.com,30,Data Collection|Other/Unclear|Third-Party Sharing|User Control & Deletion,Data Collection|Third-Party Sharing|User Control & Deletion
70_meredith.com,31,Other/Unclear,Data Collection
70_meredith.com,32,Data Collection|Other/Unclear|User Control & Deletion,Data Collection
70_meredith.com,33,Other/Unclear|Third-Party Sharing,Other/Unclear|Third-Party Sharing
70_meredith.com,34,Other/Unclear|Third-Party Sharing|User Control & Deletion,Other/Unclear|Third-Party Sharing
70_meredith.com,35,Data Collection|Other/Unclear,Data Collection|Third-Party Sharing
70_meredith.com,36,Data Collection,Data Collection
70_meredith.com,37,Data Collection|Other/Unclear|Third-Party Sharing,Data Collection|Third-Party Sharing
70_meredith.com,38,Data Collection|Third-Party Sharing,Data Collection
70_meredith.com,39,Data Collection|Third-Party Sharing,Data Collection
70_meredith.com,40,Data Collection|Third-Party Sharing,
70_meredith.com,41,Data Collection|Third-Party Sharing,Data Collection
70_meredith.com,42,Data Collection|Third-Party Sharing,Other/Unclear
70_meredith.com,43,Data Collection|Third-Party Sharing,
70_meredith.com,44,Data Collection|Third-Party Sharing,Data Collection|Third-Party Sharing
70_meredith.com,45,Data Collection|Third-Party Sharing,Other/Unclear
70_meredith.com,46,Data Collection|Third-Party Sharing,Data Collection
70_meredith.com,47,Data Collection|Third-Party Sharing,
70_meredith.com,48,Data Collection|Third-Party Sharing,Other/Unclear
70_meredith.com,49,Data Collection|Third-Party Sharing,
70_meredith.com,50,Data Collection|Third-Party Sharing,Data Collection|Third-Party Sharing
70_meredith.com,51,Other/Unclear|Third-Party Sharing,Third-Party Sharing
70_meredith.com,52,Data Security|Other/Unclear|Third-Party Sharing,Data Collection|Third-Party Sharing
70_meredith.com,53,Third-Party Sharing|User Control & Deletion,Third-Party Sharing
70_meredith.com,54,Third-Party Sharing|User Control & Deletion,Data Collection|Third-Party Sharing
70_meredith.com,55,Third-Party Sharing,Data Collection|Third-Party Sharing
70_meredith.com,56,Data Collection|Other/Unclear|Third-Party Sharing,Data Collection|Third-Party Sharing
70_meredith.com,57,Other/Unclear|Third-Party Sharing,Other/Unclear|Third-Party Sharing
70_meredith.com,58,Third-Party Sharing,Third-Party Sharing
70_meredith.com,59,Third-Party Sharing|User Control & Deletion,Other/Unclear|User Control & Deletion
70_meredith.com,60,Data Collection|User Control & Deletion,Other/Unclear|User Control & Deletion
70_meredith.com,61,Other/Unclear|User Control & Deletion,User Control & Deletion
70_meredith.com,62,Other/Unclear|User Control & Deletion,Other/Unclear|User Control & Deletion
70_meredith.com,63,Other/Unclear|Third-Party Sharing,Other/Unclear
70_meredith.com,64,Other/Unclear,Other/Unclear
70_meredith.com,65,Other/Unclear,Other/Unclear
70_meredith.com,66,Other/Unclear|User Control & Deletion,Other/Unclear|User Control & Deletion
70_meredith.com,67,Data Security|Other/Unclear,Data Security
70_meredith.com,68,Data Collection|Third-Party Sharing,Other/Unclear|Third-Party Sharing
70_meredith.com,69,Other/Unclear,Other/Unclear|User Control & Deletion
70_meredith.com,70,Policy Change,Policy Change
744_minecraft.gamepedia.com,0,Other/Unclear|Policy Change,Other/Unclear
744_minecraft.gamepedia.com,1,Data Collection,Data Collection|Other/Unclear|User Control & Deletion
744_minecraft.gamepedia.com,2,Data Collection,Data Collection|Third-Party Sharing
744_minecraft.gamepedia.com,3,Data Collection|Third-Party Sharing,Data Collection|Third-Party Sharing
744_minecraft.gamepedia.com,4,Data Collection,Data Collection
744_minecraft.gamepedia.com,5,Data Collection,Data Collection
744_minecraft.gamepedia.com,6,Data Collection|Third-Party Sharing,Data Collection|Third-Party Sharing
744_minecraft.gamepedia.com,7,Data Collection,Data Collection
744_minecraft.gamepedia.com,8,Data Collection|Other/Unclear,Other/Unclear
744_minecraft.gamepedia.com,9,Third-Party Sharing,Third-Party Sharing
744_minecraft.gamepedia.com,10,Third-Party Sharing,Third-Party Sharing
744_minecraft.gamepedia.com,11,Third-Party Sharing,Third-Party Sharing
744_minecraft.gamepedia.com,12,Data Security|Third-Party Sharing,Data Security|Third-Party Sharing
744_minecraft.gamepedia.com,13,Other/Unclear|Third-Party Sharing|User Control & Deletion,Other/Unclear|Third-Party Sharing|User Control & Deletion
744_minecraft.gamepedia.com,14,Other/Unclear,Other/Unclear|Third-Party Sharing
744_minecraft.gamepedia.com,15,Other/Unclear,Other/Unclear
744_minecraft.gamepedia.com,16,Other/Unclear|Third-Party Sharing,Other/Unclear|Third-Party Sharing
744_minecraft.gamepedia.com,17,Third-Party Sharing|User Control & Deletion,Other/Unclear|Third-Party Sharing
744_minecraft.gamepedia.com,18,Data Retention|User Control & Deletion,Data Retention|User Control & Deletion
744_minecraft.gamepedia.com,19,User Control & Deletion,Other/Unclear|User Control & Deletion
744_minecraft.gamepedia.com,20,Other/Unclear,Other/Unclear|User Control & Deletion
744_minecraft.gamepedia.com,21,Other/Unclear,Other/Unclear
744_minecraft.gamepedia.com,22,Data Security,Data Security
744_minecraft.gamepedia.com,23,Other/Unclear,Data Security|Other/Unclear
744_minecraft.gamepedia.com,24,Policy Change,Policy Change
744_minecraft.gamepedia.com,25,Other/Unclear,Other/Unclear
745_eatchicken.com,0,Other/Unclear,Other/Unclear
745_eatchicken.com,1,Data Collection,Data Collection|Other/Unclear|Third-Party Sharing
745_eatchicken.com,2,Other/Unclear,Other/Unclear
745_eatchicken.com,3,Other/Unclear,Other/Unclear
746_kraftrecipes.com,0,Other/Unclear|Policy Change,Data Collection|Other/Unclear
746_kraftrecipes.com,1,Data Collection,Data Collection|User Control & Deletion
746_kraftrecipes.com,2,Data Collection,Data Collection|User Control & Deletion
746_kraftrecipes.com,3,Data Collection,Data Collection|Other/Unclear
746_kraftrecipes.com,4,Data Collection|User Control & Deletion,Data Collection
746_kraftrecipes.com,5,Data Collection,Data Collection
746_kraftrecipes.com,6,Data Collection|Other/Unclear|Third-Party Sharing,Data Collection|Third-Party Sharing
746_kraftrecipes.com,7,Data Collection,Data Collection
746_kraftrecipes.com,8,Data Collection|Other/Unclear|User Control & Deletion,Data Collection|Other/Unclear
746_kraftrecipes.com,9,Data Collection,Data Collection
746_kraftrecipes.com,10,Data Collection|Data Retention|User Control & Deletion,Data Collection|Data Retention
746_kraftrecipes.com,11,Data Collection,Data Collection
746_kraftrecipes.com,12,Data Collection,Data Collection
746_kraftrecipes.com,13,Data Collection,Data Collection|Third-Party Sharing
746_kraftrecipes.com,14,Third-Party Sharing,Data Collection|Third-Party Sharing
746_kraftrecipes.com,15,Other/Unclear|User Control & Deletion,Other/Unclear|User Control & Deletion
746_kraftrecipes.com,16,Data Collection,Data Collection
746_kraftrecipes.com,17,Data Collection|Other/Unclear,Data Collection
746_kraftrecipes.com,18,Other/Unclear|Third-Party Sharing,Other/Unclear|Third-Party Sharing|User Control & Deletion
746_kraftrecipes.com,19,Data Security|Third-Party Sharing,Third-Party Sharing
746_kraftrecipes.com,20,Third-Party Sharing|User Control & Deletion,Third-Party Sharing|User Control & Deletion
746_kraftrecipes.com,21,Third-Party Sharing|User Control & Deletion,Data Retention|Third-Party Sharing
746_kraftrecipes.com,22,Other/Unclear|Third-Party Sharing,Third-Party Sharing
746_kraftrecipes.com,23,Other/Unclear|Third-Party Sharing,Other/Unclear|Third-Party Sharing|User Control & Deletion
746_kraftrecipes.com,24,Other/Unclear,Other/Unclear
746_kraftrecipes.com,25,User Control & Deletion,User Control & Deletion
746_kraftrecipes.com,26,Data Retention|Other/Unclear|User Control & Deletion,Data Collection
746_kraftrecipes.com,27,Other/Unclear,Data Collection|Other/Unclear
746_kraftrecipes.com,28,Data Security|Other/Unclear,Data Security
746_kraftrecipes.com,29,Policy Change,Policy Change
746_kraftrecipes.com,30,Other/Unclear,Other/Unclear
746_kraftrecipes.com,31,Other/Unclear,Other/Unclear
760_si.edu,0,Other/Unclear,Other/Unclear
760_si.edu,1,Data Collection|Other/Unclear,Data Collection
760_si.edu,2,Other/Unclear,Other/Unclear
760_si.edu,3,Data Collection|Data Retention,Data Collection|Data Retention
760_si.edu,4,Data Collection|Data Retention|Third-Party Sharing|User Control & Deletion,Data Collection|Data Retention|Third-Party Sharing|User Control & Deletion
760_si.edu,5,Data Collection|Third-Party Sharing,Data Collection|Third-Party Sharing
760_si.edu,6,Data Collection|Third-Party Sharing,Data Collection|Third-Party Sharing
760_si.edu,7,Other/Unclear|User Control & Deletion,Data Collection|User Control & Deletion
760_si.edu,8,Data Security|Third-Party Sharing,Data Security|Third-Party Sharing|User Control & Deletion
760_si.edu,9,Other/Unclear|User Control & Deletion,Other/Unclear|User Control & Deletion
760_si.edu,10,Third-Party Sharing,Third-Party Sharing
760_si.edu,11,User Control & Deletion,
760_si.edu,12,Data Security,Data Security
760_si.edu,13,Data Security,Data Security|Other/Unclear
760_si.edu,14,Other/Unclear,Other/Unclear
760_si.edu,15,Other/Unclear,Other/Unclear
760_si.edu,16,Other/Unclear,Other/Unclear
760_si.edu,17,Other/Unclear,Other/Unclear|Policy Change
777_education.jlab.org,0,Data Collection|Other/Unclear|Third-Party Sharing|User Control & Deletion,Other/Unclear
777_education.jlab.org,1,Other/Unclear,Other/Unclear
777_education.jlab.org,2,Data Collection|Third-Party Sharing,Data Collection|Data Retention|Third-Party Sharing
807_lodgemfg.com,0,Data Security|Other/Unclear,Other/Unclear
807_lodgemfg.com,1,Other/Unclear,Other/Unclear
807_lodgemfg.com,2,Data Collection|Other/Unclear,Data Collection
807_lodgemfg.com,3,Data Collection|Other/Unclear,Data Collection
807_lodgemfg.com,4,Data Collection,Data Collection
807_lodgemfg.com,5,Data Security,Data Security
807_lodgemfg.com,6,Data Security,Data Security
807_lodgemfg.com,7,Data Security,Data Security
807_lodgemfg.com,8,Data Security,Other/Unclear
807_lodgemfg.com,9,Data Collection|Other/Unclear,Data Collection
807_lodgemfg.com,10,Data Collection,Data Collection
807_lodgemfg.com,11,User Control & Deletion,User Control & Deletion
807_lodgemfg.com,12,Other/Unclear|User Control & Deletion,User Control & Deletion
807_lodgemfg.com,13,Third-Party Sharing,Third-Party Sharing
807_lodgemfg.com,14,Other/Unclear|Third-Party Sharing,Other/Unclear|Third-Party Sharing
807_lodgemfg.com,15,Other/Unclear,Other/Unclear
807_lodgemfg.com,16,Data Collection|Other/Unclear,
807_lodgemfg.com,17,Other/Unclear,Other/Unclear
807_lodgemfg.com,18,Other/Unclear,Other/Unclear
807_lodgemfg.com,19,Data Security|Other/Unclear,
807_lodgemfg.com,20,Other/Unclear,Other/Unclear
807_lodgemfg.com,21,Other/Unclear,Other/Unclear
807_lodgemfg.com,22,Policy Change,Other/Unclear|Policy Change
807_lodgemfg.com,23,User Control & Deletion,Other/Unclear|User Control & Deletion
807_lodgemfg.com,24,Other/Unclear,Other/Unclear
807_lodgemfg.com,25,Third-Party Sharing,Other/Unclear|Third-Party Sharing
807_lodgemfg.com,26,Other/Unclear,Other/Unclear
807_lodgemfg.com,27,Other/Unclear,Other/Unclear
807_lodgemfg.com,28,Other/Unclear,Other/Unclear
807_lodgemfg.com,29,Data Security|Other/Unclear,Other/Unclear
807_lodgemfg.com,30,Data Security|Other/Unclear,
807_lodgemfg.com,31,Data Security|Other/Unclear,
807_lodgemfg.com,32,Data Security|Other/Unclear,
807_lodgemfg.com,33,Other/Unclear|Policy Change,Other/Unclear
817_ironhorsevineyards.com,0,Data Security|Other/Unclear,Other/Unclear|Third-Party Sharing
817_ironhorsevineyards.com,1,Other/Unclear|Third-Party Sharing,Data Collection|Third-Party Sharing
817_ironhorsevineyards.com,2,Data Collection,Data Collection
817_ironhorsevineyards.com,3,Other/Unclear|Third-Party Sharing,Data Collection|Third-Party Sharing
817_ironhorsevineyards.com,4,Other/Unclear|User Control & Deletion,Other/Unclear|User Control & Deletion
817_ironhorsevineyards.com,5,Other/Unclear|User Control & Deletion,Other/Unclear|User Control & Deletion
817_ironhorsevineyards.com,6,Data Security,Data Retention|Data Security|Other/Unclear
82_sheknows.com,0,Other/Unclear,Other/Unclear
82_sheknows.com,1,Data Collection|Other/Unclear|Third-Party Sharing,Other/Unclear|Third-Party Sharing
82_sheknows.com,2,Data Collection,Data Collection
82_sheknows.com,3,Data Collection|Third-Party Sharing,Data Collection|User Control & Deletion
82_sheknows.com,4,Data Collection|Third-Party Sharing,Data Collection|Third-Party Sharing|User Control & Deletion
82_sheknows.com,5,Data Collection,Data Collection
82_sheknows.com,6,Other/Unclear,Other/Unclear|User Control & Deletion
82_sheknows.com,7,Data Collection,Data Collection
82_sheknows.com,8,Data Collection|Other/Unclear,Other/Unclear
82_sheknows.com,9,Data Collection|Policy Change,Data Collection
82_sheknows.com,10,Data Retention|Other/Unclear|Third-Party Sharing,Data Retention|Other/Unclear|Third-Party Sharing
82_sheknows.com,11,Data Collection,Data Collection|User Control & Deletion
82_sheknows.com,12,Data Collection|Third-Party Sharing,Data Collection|Third-Party Sharing
82_sheknows.com,13,Data Collection|Other/Unclear,Other/Unclear|Third-Party Sharing
82_sheknows.com,14,Data Collection,Data Collection
82_sheknows.com,15,User Control & Deletion,User Control & Deletion
82_sheknows.com,16,Data Collection|Data Security|Other/Unclear|Third-Party Sharing,Data Collection|Other/Unclear|Third-Party Sharing
82_sheknows.com,17,Data Collection|Third-Party Sharing,Data Collection|Third-Party Sharing
82_sheknows.com,18,Data Collection,Data Collection
82_sheknows.com,19,Data Collection|Third-Party Sharing,Data Collection|Third-Party Sharing
82_sheknows.com,20,Third-Party Sharing,Third-Party Sharing
82_sheknows.com,21,Data Collection|Other/Unclear,Data Collection|Other/Unclear
82_sheknows.com,22,Data Collection|Third-Party Sharing,Third-Party Sharing
82_sheknows.com,23,Data Retention|Other/Unclear|Third-Party Sharing,Third-Party Sharing
82_sheknows.com,24,Third-Party Sharing,Data Collection|Third-Party Sharing
82_sheknows.com,25,Third-Party Sharing,Third-Party Sharing
82_sheknows.com,26,Third-Party Sharing,Data Collection|Third-Party Sharing
82_sheknows.com,27,Third-Party Sharing,Data Collection|Third-Party Sharing
82_sheknows.com,28,Third-Party Sharing,Other/Unclear|Third-Party Sharing
82_sheknows.com,29,Other/Unclear,Other/Unclear|Third-Party Sharing
82_sheknows.com,30,Data Security,Data Security|Other/Unclear
82_sheknows.com,31,Data Security,Data Security|Other/Unclear
82_sheknows.com,32,Data Security,Data Security
82_sheknows.com,33,User Control & Deletion,User Control & Deletion
82_sheknows.com,34,Data Collection|Other/Unclear,Other/Unclear
82_sheknows.com,35,Other/Unclear,Other/Unclear|Third-Party Sharing
82_sheknows.com,36,Other/Unclear|Third-Party Sharing,Other/Unclear|Third-Party Sharing
82_sheknows.com,37,Other/Unclear,Other/Unclear
82_sheknows.com,38,Third-Party Sharing,Data Collection|Third-Party Sharing
82_sheknows.com,39,Other/Unclear|Third-Party Sharing,Other/Unclear|Third-Party Sharing
82_sheknows.com,40,Other/Unclear|User Control & Deletion,Third-Party Sharing|User Control & Deletion
82_sheknows.com,41,User Control & Deletion,Other/Unclear|User Control & Deletion
82_sheknows.com,42,Other/Unclear|User Control & Deletion,Other/Unclear
82_sheknows.com,43,Other/Unclear,
82_sheknows.com,44,Policy Change,Policy Change
82_sheknows.com,45,Other/Unclear,Other/Unclear
856_sciencemag.org,0,Other/Unclear,Other/Unclear
856_sciencemag.org,1,Data Collection,Data Collection
856_sciencemag.org,2,Data Collection,Data Collection
856_sciencemag.org,3,Data Collection,Data Collection
856_sciencemag.org,4,Data Retention|Other/Unclear|Third-Party Sharing,Other/Unclear|Third-Party Sharing
856_sciencemag.org,5,Data Collection,Data Collection
856_sciencemag.org,6,Data Collection|Other/Unclear|Third-Party Sharing|User Control & Deletion,Data Collection|Third-Party Sharing|User Control & Deletion
856_sciencemag.org,7,Third-Party Sharing,Data Collection|Third-Party Sharing
856_sciencemag.org,8,User Control & Deletion,User Control & Deletion
856_sciencemag.org,9,Other/Unclear|User Control & Deletion,User Control & Deletion
856_sciencemag.org,10,User Control & Deletion,Third-Party Sharing|User Control & Deletion
856_sciencemag.org,11,Other/Unclear|User Control & Deletion,User Control & Deletion
856_sciencemag.org,12,Other/Unclear|User Control & Deletion,Other/Unclear|User Control & Deletion
856_sciencemag.org,13,Other/Unclear|User Control & Deletion,Other/Unclear|User Control & Deletion
856_sciencemag.org,14,Other/Unclear,
856_sciencemag.org,15,Data Collection|Third-Party Sharing,Data Collection|Third-Party Sharing
856_sciencemag.org,16,Data Security|Third-Party Sharing,Data Security|Third-Party Sharing
856_sciencemag.org,17,Third-Party Sharing,Third-Party Sharing
856_sciencemag.org,18,Other/Unclear|Third-Party Sharing,Third-Party Sharing
856_sciencemag.org,19,Other/Unclear|Third-Party Sharing|User Control & Deletion,Other/Unclear|User Control & Deletion
856_sciencemag.org,20,Data Security|Other/Unclear|Third-Party Sharing|User Control & Deletion,Data Retention|Data Security|Other/Unclear|Third-Party Sharing|User Control & Deletion
856_sciencemag.org,21,Other/Unclear,Data Security|Other/Unclear
856_sciencemag.org,22,Other/Unclear,Other/Unclear
856_sciencemag.org,23,Other/Unclear,Other/Unclear
856_sciencemag.org,24,Data Collection|Other/Unclear,Data Collection
856_sciencemag.org,25,User Control & Deletion,User Control & Deletion
856_sciencemag.org,26,Data Collection,Data Collection
856_sciencemag.org,27,Other/Unclear,User Control & Deletion
856_sciencemag.org,28,Other/Unclear|User Control & Deletion,User Control & Deletion
856_sciencemag.org,29,Data Security|Other/Unclear,Data Security
856_sciencemag.org,30,Data Security,Data Security|Third-Party Sharing
856_sciencemag.org,31,Other/Unclear,Data Collection|Other/Unclear
856_sciencemag.org,32,Other/Unclear|Policy Change|User Control & Deletion,Other/Unclear|User Control & Deletion
856_sciencemag.org,33,Other/Unclear|Policy Change,Other/Unclear|Policy Change
856_sciencemag.org,34,Other/Unclear,Other/Unclear
856_sciencemag.org,35,Other/Unclear,Other/Unclear
862_disinfo.com,0,Other/Unclear,Other/Unclear|Policy Change
862_disinfo.com,1,Policy Change,Policy Change
862_disinfo.com,2,Data Collection|Third-Party Sharing,Data Collection
862_disinfo.com,3,Data Collection,Data Collection
862_disinfo.com,4,Data Collection|Third-Party Sharing,Data Collection
862_disinfo.com,5,Data Collection,Data Collection|Other/Unclear
862_disinfo.com,6,Data Collection|Third-Party Sharing,Data Collection|Third-Party Sharing
862_disinfo.com,7,Data Collection,Data Collection
862_disinfo.com,8,Data Collection,Data Collection
862_disinfo.com,9,Data Collection|Third-Party Sharing,Third-Party Sharing
862_disinfo.com,10,Third-Party Sharing,Third-Party Sharing
862_disinfo.com,11,Third-Party Sharing,Data Security|Third-Party Sharing
862_disinfo.com,12,Third-Party Sharing,Third-Party Sharing|User Control & Deletion
862_disinfo.com,13,Data Collection,Data Collection
862_disinfo.com,14,Other/Unclear,Data Collection|Other/Unclear
862_disinfo.com,15,Data Collection|Other/Unclear|Third-Party Sharing,Data Collection|Other/Unclear
862_disinfo.com,16,Data Security,Data Security|Other/Unclear
862_disinfo.com,17,Other/Unclear|Third-Party Sharing,Other/Unclear|Third-Party Sharing
862_disinfo.com,18,Data Security,Data Security|Other/Unclear
862_disinfo.com,19,Other/Unclear,Other/Unclear
862_disinfo.com,20,Data Collection|Other/Unclear,Other/Unclear
862_disinfo.com,21,Other/Unclear|User Control & Deletion,Other/Unclear|User Control & Deletion
862_disinfo.com,22,User Control & Deletion,User Control & Deletion
862_disinfo.com,23,Other/Unclear|Third-Party Sharing,Third-Party Sharing
862_disinfo.com,24,Other/Unclear,Other/Unclear
883_ted.com,0,Data Security|Other/Unclear,Other/Unclear
883_ted.com,1,Data Collection,Data Collection
883_ted.com,2,Data Collection,Data Collection
883_ted.com,3,Data Collection|User Control & Deletion,Data Collection|User Control & Deletion
883_ted.com,4,Data Collection|User Control & Deletion,Data Collection|Data Retention|Other/Unclear|User Control & Deletion
883_ted.com,5,Data Collection|Data Retention|Data Security|Third-Party Sharing,Data Collection|Third-Party Sharing
883_ted.com,6,Other/Unclear|Third-Party Sharing,Other/Unclear|Third-Party Sharing
883_ted.com,7,Other/Unclear|User Control & Deletion,Other/Unclear|User Control & Deletion
883_ted.com,8,Other/Unclear,Other/Unclear|Third-Party Sharing
883_ted.com,9,Data Collection,Data Collection
883_ted.com,10,Data Collection|Other/Unclear,Data Collection|Other/Unclear
883_ted.com,11,Data Collection,Data Collection
883_ted.com,12,Data Collection,Data Collection
883_ted.com,13,Data Collection,Data Collection
883_ted.com,14,Data Collection|User Control & Deletion,Data Collection|User Control & Deletion
883_ted.com,15,Data Collection|Third-Party Sharing,Data Collection|Third-Party Sharing
883_ted.com,16,Data Security|Third-Party Sharing,Data Security|Third-Party Sharing
883_ted.com,17,Data Collection,Data Collection|Third-Party Sharing
883_ted.com,18,Data Collection|Other/Unclear,Data Collection|Third-Party Sharing
883_ted.com,19,Other/Unclear|Third-Party Sharing,Other/Unclear|Third-Party Sharing
883_ted.com,20,Data Security,Data Security
883_ted.com,21,Other/Unclear,Other/Unclear
883_ted.com,22,Other/Unclear,Other/Unclear
883_ted.com,23,Policy Change,Policy Change
883_ted.com,24,User Control & Deletion,Data Retention|Other/Unclear|User Control & Deletion
884_naturalnews.com,0,Data Collection|Third-Party Sharing,Other/Unclear|Third-Party Sharing
884_naturalnews.com,1,Other/Unclear|User Control & Deletion,Other/Unclear
884_naturalnews.com,2,Other/Unclear,Other/Unclear
884_naturalnews.com,3,User Control & Deletion,User Control & Deletion
884_naturalnews.com,4,Other/Unclear|User Control & Deletion,Other/Unclear|User Control & Deletion
891_everydayhealth.com,0,Other/Unclear|Policy Change,Other/Unclear|Policy Change
891_everydayhealth.com,1,Other/Unclear,Other/Unclear|Third-Party Sharing
891_everydayhealth.com,2,Other/Unclear,Other/Unclear
891_everydayhealth.com,3,Other/Unclear,Data Collection|Other/Unclear
891_everydayhealth.com,4,Other/Unclear|Policy Change,Data Collection|Other/Unclear|User Control & Deletion
891_everydayhealth.com,5,Other/Unclear,Other/Unclear
891_everydayhealth.com,6,Other/Unclear,Other/Unclear
891_everydayhealth.com,7,Data Collection|Other/Unclear,Data Collection
891_everydayhealth.com,8,Data Collection,Data Collection
891_everydayhealth.com,9,User Control & Deletion,Data Collection|Other/Unclear|User Control & Deletion
891_everydayhealth.com,10,Data Collection,Data Collection
891_everydayhealth.com,11,Data Collection,Data Collection
891_everydayhealth.com,12,Data Collection|Other/Unclear,Data Collection|Other/Unclear
891_everydayhealth.com,13,Data Collection,Data Collection|Other/Unclear
891_everydayhealth.com,14,User Control & Deletion,Other/Unclear|User Control & Deletion
891_everydayhealth.com,15,Data Collection,Data Collection
891_everydayhealth.com,16,Data Collection,Data Collection|Third-Party Sharing
891_everydayhealth.com,17,User Control & Deletion,Data Collection|User Control & Deletion
891_everydayhealth.com,18,Data Collection,Data Collection
891_everydayhealth.com,19,Data Collection|Third-Party Sharing,Data Collection
891_everydayhealth.com,20,Data Collection,Data Collection|Third-Party Sharing
891_everydayhealth.com,21,Data Collection|Third-Party Sharing,Data Collection|Third-Party Sharing
891_everydayhealth.com,22,Other/Unclear|User Control & Deletion,Other/Unclear|User Control & Deletion
891_everydayhealth.com,23,Other/Unclear|Third-Party Sharing|User Control & Deletion,Other/Unclear|Third-Party Sharing|User Control & Deletion
891_everydayhealth.com,24,Third-Party Sharing|User Control & Deletion,Third-Party Sharing|User Control & Deletion
891_everydayhealth.com,25,Third-Party Sharing,Third-Party Sharing
891_everydayhealth.com,26,Data Security|Third-Party Sharing,Data Security|Third-Party Sharing
891_everydayhealth.com,27,Third-Party Sharing,Other/Unclear|Third-Party Sharing
891_everydayhealth.com,28,Data Collection|Other/Unclear|Third-Party Sharing,Other/Unclear|Third-Party Sharing
891_everydayhealth.com,29,Other/Unclear,Other/Unclear
891_everydayhealth.com,30,Other/Unclear|Third-Party Sharing,Other/Unclear|Third-Party Sharing
891_everydayhealth.com,31,Data Collection|Other/Unclear|Third-Party Sharing,Other/Unclear|Third-Party Sharing
891_everydayhealth.com,32,Third-Party Sharing,Third-Party Sharing
891_everydayhealth.com,33,Other/Unclear|Third-Party Sharing,Other/Unclear|Third-Party Sharing
891_everydayhealth.com,34,Data Collection|Other/Unclear,Other/Unclear
891_everydayhealth.com,35,User Control & Deletion,User Control & Deletion
891_everydayhealth.com,36,Other/Unclear|User Control & Deletion,Other/Unclear|User Control & Deletion
891_everydayhealth.com,37,Data Retention|Other/Unclear|Third-Party Sharing|User Control & Deletion,Data Retention|Other/Unclear|Third-Party Sharing|User Control & Deletion
891_everydayhealth.com,38,Other/Unclear|Third-Party Sharing,Other/Unclear
891_everydayhealth.com,39,Other/Unclear,Other/Unclear
891_everydayhealth.com,40,Data Security,Data Security
891_everydayhealth.com,41,Other/Unclear|Policy Change,Other/Unclear|Policy Change
898_uptodate.com,0,Data Collection|Other/Unclear|Third-Party Sharing,Other/Unclear
898_uptodate.com,1,Other/Unclear,Other/Unclear
898_uptodate.com,2,Data Collection,Data Collection
898_uptodate.com,3,Data Collection|User Control & Deletion,Data Security
898_uptodate.com,4,Data Collection|Third-Party Sharing,Data Collection|Third-Party Sharing
898_uptodate.com,5,Data Collection|Other/Unclear,Data Collection
898_uptodate.com,6,Data Collection|Third-Party Sharing,Third-Party Sharing
898_uptodate.com,7,Data Collection,Data Collection|User Control & Deletion
898_uptodate.com,8,Policy Change,Other/Unclear|Policy Change
898_uptodate.com,9,Other/Unclear,Other/Unclear
907_earthkam.org,0,Data Security|Other/Unclear,Other/Unclear
907_earthkam.org,1,Data Security|Other/Unclear,Other/Unclear
907_earthkam.org,2,Data Collection|Other/Unclear,Data Collection|Other/Unclear
907_earthkam.org,3,Other/Unclear|Third-Party Sharing,Other/Unclear|Third-Party Sharing
907_earthkam.org,4,Data Collection|Third-Party Sharing,Data Collection|Third-Party Sharing
907_earthkam.org,5,Other/Unclear|Third-Party Sharing|User Control & Deletion,Other/Unclear|Third-Party Sharing
907_earthkam.org,6,Other/Unclear|User Control & Deletion,Other/Unclear|User Control & Deletion
907_earthkam.org,7,Other/Unclear|User Control & Deletion,Other/Unclear|User Control & Deletion
907_earthkam.org,8,Data Security|Other/Unclear,Data Security|Other/Unclear
907_earthkam.org,9,Data Retention|Data Security,Data Security
907_earthkam.org,10,Other/Unclear,Other/Unclear
919_uh.edu,0,Other/Unclear,Other/Unclear
919_uh.edu,1,Data Collection|Data Retention|Third-Party Sharing,Data Collection|Other/Unclear
919_uh.edu,2,Other/Unclear,Data Collection
919_uh.edu,3,Data Collection|Third-Party Sharing,Data Collection
919_uh.edu,4,Data Collection|Data Retention|Third-Party Sharing,Data Collection|Third-Party Sharing
919_uh.edu,5,Data Collection|Other/Unclear,Data Collection
919_uh.edu,6,Other/Unclear,Other/Unclear
928_stlouisfed.org,0,Other/Unclear,Other/Unclear
928_stlouisfed.org,1,Data Collection|User Control & Deletion,User Control & Deletion
928_stlouisfed.org,2,Data Collection|User Control & Deletion,Data Collection
928_stlouisfed.org,3,Data Collection,Data Collection|Third-Party Sharing
928_stlouisfed.org,4,Data Collection|User Control & Deletion,Data Collection
928_stlouisfed.org,5,Data Collection|Data Retention,Data Collection
928_stlouisfed.org,6,Data Collection|Data Security,Data Security|Other/Unclear
928_stlouisfed.org,7,Data Collection|Other/Unclear,Data Collection|Other/Unclear
928_stlouisfed.org,8,Data Collection,Data Collection|Third-Party Sharing
928_stlouisfed.org,9,Data Collection,Data Collection
928_stlouisfed.org,10,Data Collection|Data Retention|User Control & Deletion,Data Collection
928_stlouisfed.org,11,Third-Party Sharing,Data Collection
928_stlouisfed.org,12,Other/Unclear|Third-Party Sharing,Other/Unclear
928_stlouisfed.org,13,Other/Unclear|Third-Party Sharing,Other/Unclear
928_stlouisfed.org,14,User Control & Deletion,User Control & Deletion
928_stlouisfed.org,15,Data Collection|Third-Party Sharing,Other/Unclear|Third-Party Sharing
928_stlouisfed.org,16,Other/Unclear|User Control & Deletion,Other/Unclear
928_stlouisfed.org,17,Data Collection|Data Security|Third-Party Sharing,User Control & Deletion
928_stlouisfed.org,18,Data Security|Third-Party Sharing,Data Collection|Data Security|Third-Party Sharing
928_stlouisfed.org,19,Third-Party Sharing,Third-Party Sharing
928_stlouisfed.org,20,Other/Unclear|Third-Party Sharing|User Control & Deletion,Other/Unclear|User Control & Deletion
928_stlouisfed.org,21,Data Collection|Other/Unclear,Other/Unclear
928_stlouisfed.org,22,Other/Unclear,Other/Unclear
928_stlouisfed.org,23,Other/Unclear,
928_stlouisfed.org,24,Other/Unclear,Other/Unclear|Third-Party Sharing
928_stlouisfed.org,25,Data Collection|Other/Unclear|Third-Party Sharing,Other/Unclear
928_stlouisfed.org,26,Data Collection|Other/Unclear|Third-Party Sharing|User Control & Deletion,Third-Party Sharing
928_stlouisfed.org,27,Data Collection|Other/Unclear,Other/Unclear
928_stlouisfed.org,28,Other/Unclear,Other/Unclear
928_stlouisfed.org,29,Data Security,Data Security
928_stlouisfed.org,30,Data Collection|Other/Unclear|User Control & Deletion,Other/Unclear|User Control & Deletion
928_stlouisfed.org,31,Other/Unclear,Other/Unclear
940_internetbrands.com,0,Other/Unclear,Other/Unclear
940_internetbrands.com,1,Other/Unclear,
940_internetbrands.com,2,Other/Unclear|Policy Change,Other/Unclear
940_internetbrands.com,3,Other/Unclear|User Control & Deletion,Other/Unclear|User Control & Deletion
940_internetbrands.com,4,Data Collection|Other/Unclear,Data Collection
940_internetbrands.com,5,Data Collection|Other/Unclear,Data Collection
940_internetbrands.com,6,Data Collection|Other/Unclear,Data Collection
940_internetbrands.com,7,Data Collection,Data Collection|Third-Party Sharing
940_internetbrands.com,8,Data Collection|Other/Unclear,Data Collection|Other/Unclear
940_internetbrands.com,9,Data Collection|Other/Unclear,Data Collection
940_internetbrands.com,10,Data Collection,Data Collection
940_internetbrands.com,11,Data Collection,Data Collection
940_internetbrands.com,12,Data Collection,User Control & Deletion
940_internetbrands.com,13,Data Collection,Data Collection|Third-Party Sharing
940_internetbrands.com,14,Other/Unclear|User Control & Deletion,Data Collection|Third-Party Sharing|User Control & Deletion
940_internetbrands.com,15,Data Collection,Data Collection|Third-Party Sharing
940_internetbrands.com,16,Data Collection|User Control & Deletion,Data Collection|Other/Unclear
940_internetbrands.com,17,Data Collection|Other/Unclear,Data Collection|Other/Unclear
940_internetbrands.com,18,Data Collection,Data Collection
940_internetbrands.com,19,Data Collection|Policy Change,Data Collection|Policy Change
940_internetbrands.com,20,Data Collection,Data Collection
940_internetbrands.com,21,Data Collection,
940_internetbrands.com,22,Data Collection,
940_internetbrands.com,23,Data Collection,
940_internetbrands.com,24,Data Collection,Data Collection
940_internetbrands.com,25,Data Collection,Data Collection
940_internetbrands.com,26,Data Collection,
940_internetbrands.com,27,Data Collection,Data Collection
940_internetbrands.com,28,Data Collection,Data Collection
940_internetbrands.com,29,Data Collection,Data Collection|Third-Party Sharing
940_internetbrands.com,30,Data Collection,Data Collection
940_internetbrands.com,31,Data Collection,Data Collection|User Control & Deletion
940_internetbrands.com,32,Data Collection,
940_internetbrands.com,33,Data Collection,
940_internetbrands.com,34,Data Collection|Third-Party Sharing,Third-Party Sharing
940_internetbrands.com,35,Data Collection|Other/Unclear,Data Collection|Third-Party Sharing
940_internetbrands.com,36,Third-Party Sharing,Third-Party Sharing
940_internetbrands.com,37,Other/Unclear|Third-Party Sharing,Third-Party Sharing
940_internetbrands.com,38,Third-Party Sharing,Third-Party Sharing
940_internetbrands.com,39,Data Collection|Third-Party Sharing,Data Collection|Third-Party Sharing
940_internetbrands.com,40,Data Collection|Third-Party Sharing,Other/Unclear
940_internetbrands.com,41,Data Collection|Third-Party Sharing,
940_internetbrands.com,42,Data Collection|Third-Party Sharing,Data Collection
940_internetbrands.com,43,Data Collection|Third-Party Sharing,Third-Party Sharing
940_internetbrands.com,44,Data Collection|Third-Party Sharing,Third-Party Sharing
940_internetbrands.com,45,Data Collection|Third-Party Sharing,Third-Party Sharing
940_internetbrands.com,46,Third-Party Sharing,Third-Party Sharing
940_internetbrands.com,47,Third-Party Sharing,Third-Party Sharing
940_internetbrands.com,48,Data Collection|Other/Unclear|Third-Party Sharing,Other/Unclear|Third-Party Sharing
940_internetbrands.com,49,Third-Party Sharing,Data Collection|Third-Party Sharing
940_internetbrands.com,50,Data Collection,Data Collection
940_internetbrands.com,51,Data Collection|Third-Party Sharing,Data Collection|Third-Party Sharing
940_internetbrands.com,52,Data Collection|Other/Unclear|User Control & Deletion,Data Collection|User Control & Deletion
940_internetbrands.com,53,Other/Unclear,Other/Unclear
940_internetbrands.com,54,Other/Unclear|Third-Party Sharing|User Control & Deletion,Data Collection|Other/Unclear|Third-Party Sharing
940_internetbrands.com,55,Other/Unclear|Third-Party Sharing,Other/Unclear|Third-Party Sharing
940_internetbrands.com,56,Other/Unclear|User Control & Deletion,User Control & Deletion
940_internetbrands.com,57,Other/Unclear|User Control & Deletion,Other/Unclear|User Control & Deletion
940_internetbrands.com,58,User Control & Deletion,User Control & Deletion
940_internetbrands.com,59,User Control & Deletion,User Control & Deletion
940_internetbrands.com,60,User Control & Deletion,Other/Unclear|User Control & Deletion
940_internetbrands.com,61,User Control & Deletion,User Control & Deletion
940_internetbrands.com,62,User Control & Deletion,User Control & Deletion
940_internetbrands.com,63,Other/Unclear|User Control & Deletion,Other/Unclear|User Control & Deletion
940_internetbrands.com,64,Other/Unclear,Other/Unclear|User Control & Deletion
940_internetbrands.com,65,Data Security,Data Security|Other/Unclear
940_internetbrands.com,66,Data Retention|Other/Unclear,Other/Unclear
940_internetbrands.com,67,Other/Unclear,Other/Unclear|User Control & Deletion
940_internetbrands.com,68,Data Retention,Data Retention
940_internetbrands.com,69,Other/Unclear,Data Collection
940_internetbrands.com,70,Other/Unclear|User Control & Deletion,User Control & Deletion
940_internetbrands.com,71,Other/Unclear|User Control & Deletion,Data Collection|User Control & Deletion
940_internetbrands.com,72,User Control & Deletion,User Control & Deletion
940_internetbrands.com,73,Data Security,Data Security
940_internetbrands.com,74,Data Retention|Data Security|Other/Unclear|Third-Party Sharing,Data Retention|Data Security|Third-Party Sharing
940_internetbrands.com,75,Data Security|Other/Unclear,Data Security|Other/Unclear
940_internetbrands.com,76,Data Security|Other/Unclear,Other/Unclear
940_internetbrands.com,77,Data Security|Other/Unclear,Data Security
940_internetbrands.com,78,Data Security|Other/Unclear,
940_internetbrands.com,79,Data Security|Other/Unclear,Other/Unclear|Third-Party Sharing
940_internetbrands.com,80,Data Security|Other/Unclear,
940_internetbrands.com,81,Data Security|Other/Unclear,Data Collection|User Control & Deletion
940_internetbrands.com,82,Data Security|Other/Unclear,Third-Party Sharing
940_internetbrands.com,83,Data Security|Other/Unclear,Other/Unclear
940_internetbrands.com,84,Data Security|Other/Unclear,Third-Party Sharing
940_internetbrands.com,85,Other/Unclear,Other/Unclear|Third-Party Sharing
940_internetbrands.com,86,Data Collection|Other/Unclear|Third-Party Sharing,Data Collection
940_internetbrands.com,87,Data Security|Other/Unclear,Data Collection|Other/Unclear
940_internetbrands.com,88,Data Collection|Other/Unclear|Third-Party Sharing,Data Collection|Third-Party Sharing
940_internetbrands.com,89,Other/Unclear,Other/Unclear|Third-Party Sharing
940_internetbrands.com,90,Other/Unclear,Data Collection|Other/Unclear|Third-Party Sharing
940_internetbrands.com,91,Other/Unclear,Other/Unclear
940_internetbrands.com,92,Other/Unclear|User Control & Deletion,Other/Unclear|User Control & Deletion
940_internetbrands.com,93,Data Retention|Other/Unclear|User Control & Deletion,Other/Unclear|User Control & Deletion
940_internetbrands.com,94,Data Collection|Data Retention|Data Security|Other/Unclear|Third-Party Sharing,Data Collection|Third-Party Sharing
940_internetbrands.com,95,Other/Unclear|Policy Change,Other/Unclear
940_internetbrands.com,96,Other/Unclear,Data Collection|Other/Unclear
940_internetbrands.com,97,Other/Unclear,Other/Unclear
940_internetbrands.com,98,Other/Unclear|Third-Party Sharing,Other/Unclear|Third-Party Sharing|User Control & Deletion
940_internetbrands.com,99,Other/Unclear,Other/Unclear|Third-Party Sharing|User Control & Deletion
940_internetbrands.com,100,Other/Unclear,Other/Unclear
940_internetbrands.com,101,Other/Unclear,Other/Unclear
940_internetbrands.com,102,Policy Change,Policy Change
940_internetbrands.com,103,Other/Unclear|Policy Change,Other/Unclear|Policy Change
962_lynda.com,0,Other/Unclear,Other/Unclear
962_lynda.com,1,Other/Unclear|Policy Change,Other/Unclear|Policy Change
962_lynda.com,2,Data Collection|Data Security|Other/Unclear,Data Collection|Other/Unclear
962_lynda.com,3,Other/Unclear,Data Security|Other/Unclear
962_lynda.com,4,Other/Unclear,Data Security|Other/Unclear
962_lynda.com,5,Data Security|Other/Unclear,Other/Unclear
962_lynda.com,6,Other/Unclear,Other/Unclear
962_lynda.com,7,Other/Unclear,Other/Unclear
962_lynda.com,8,Other/Unclear|User Control & Deletion,Other/Unclear|Policy Change
962_lynda.com,9,Other/Unclear|User Control & Deletion,Other/Unclear|User Control & Deletion
962_lynda.com,10,Data Collection|Data Retention|Data Security|Other/Unclear|Policy Change|Third-Party Sharing|User Control & Deletion,Other/Unclear
962_lynda.com,11,Data Collection,Data Collection
962_lynda.com,12,Data Collection|Third-Party Sharing,Data Collection|Third-Party Sharing
962_lynda.com,13,Data Collection,Data Collection
962_lynda.com,14,Data Collection|Other/Unclear,Data Collection|Other/Unclear
962_lynda.com,15,Data Collection|Third-Party Sharing,Data Collection|Third-Party Sharing
962_lynda.com,16,Data Collection,Data Collection
962_lynda.com,17,Data Collection|Data Retention|Data Security|Other/Unclear,Data Security|Other/Unclear
962_lynda.com,18,Data Collection,Data Collection|Other/Unclear
962_lynda.com,19,Data Collection,Data Collection
962_lynda.com,20,Data Collection,Other/Unclear
962_lynda.com,21,Data Collection|Third-Party Sharing,Data Security|Third-Party Sharing
962_lynda.com,22,Data Collection|User Control & Deletion,Data Collection
962_lynda.com,23,Data Collection|Policy Change,Policy Change
962_lynda.com,24,Data Collection,Data Collection
962_lynda.com,25,Data Collection|Other/Unclear,Data Collection
962_lynda.com,26,Third-Party Sharing,Other/Unclear|Third-Party Sharing
962_lynda.com,27,Data Collection|Data Retention,Other/Unclear
962_lynda.com,28,Other/Unclear|Third-Party Sharing|User Control & Deletion,Other/Unclear|Third-Party Sharing|User Control & Deletion
962_lynda.com,29,Third-Party Sharing,Data Collection|Third-Party Sharing
962_lynda.com,30,Third-Party Sharing,Third-Party Sharing
962_lynda.com,31,Third-Party Sharing,Third-Party Sharing
962_lynda.com,32,Third-Party Sharing,Data Collection|Third-Party Sharing
962_lynda.com,33,Other/Unclear,Other/Unclear|Third-Party Sharing|User Control & Deletion
962_lynda.com,34,Other/Unclear|Third-Party Sharing,Other/Unclear|Third-Party Sharing
962_lynda.com,35,Other/Unclear,Other/Unclear
962_lynda.com,36,Other/Unclear|User Control & Deletion,User Control & Deletion
962_lynda.com,37,Other/Unclear|User Control & Deletion,Other/Unclear|User Control & Deletion
962_lynda.com,38,Data Retention|Other/Unclear|User Control & Deletion,Data Retention|Other/Unclear|User Control & Deletion
962_lynda.com,39,Other/Unclear|User Control & Deletion,User Control & Deletion
962_lynda.com,40,Other/Unclear|User Control & Deletion,Other/Unclear|User Control & Deletion
962_lynda.com,41,Data Collection|Data Retention|Other/Unclear|User Control & Deletion,Data Retention|User Control & Deletion
962_lynda.com,42,User Control & Deletion,User Control & Deletion
962_lynda.com,43,Other/Unclear|User Control & Deletion,User Control & Deletion
962_lynda.com,44,Data Collection|Third-Party Sharing|User Control & Deletion,Data Collection|Other/Unclear|Third-Party Sharing|User Control & Deletion
962_lynda.com,45,Data Collection|Other/Unclear|User Control & Deletion,Other/Unclear|User Control & Deletion
962_lynda.com,46,Data Collection|User Control & Deletion,User Control & Deletion
962_lynda.com,47,Data Collection|Other/Unclear|Third-Party Sharing|User Control & Deletion,Other/Unclear|User Control & Deletion
962_lynda.com,48,Data Retention,Data Retention|Third-Party Sharing
962_lynda.com,49,Data Security,Data Security
962_lynda.com,50,Data Security|User Control & Deletion,Data Security
962_lynda.com,51,Data Security,Data Security|Other/Unclear|User Control & Deletion
962_lynda.com,52,Data Security|Other/Unclear,Other/Unclear
962_lynda.com,53,Data Security|Other/Unclear,Data Security|Other/Unclear
962_lynda.com,54,Data Collection|Data Security|Other/Unclear,Data Security|User Control & Deletion
962_lynda.com,55,Data Collection,Data Collection
962_lynda.com,56,Other/Unclear,Data Collection|Other/Unclear
962_lynda.com,57,Data Collection,Data Collection|Other/Unclear
962_lynda.com,58,Data Collection|Other/Unclear|Third-Party Sharing,Other/Unclear|Third-Party Sharing
962_lynda.com,59,Data Collection|Other/Unclear|User Control & Deletion,Other/Unclear|User Control & Deletion
962_lynda.com,60,Data Collection|Other/Unclear,Data Collection
962_lynda.com,61,Third-Party Sharing|User Control & Deletion,Data Collection|Third-Party Sharing|User Control & Deletion
962_lynda.com,62,Data Collection|Other/Unclear|User Control & Deletion,Data Collection|User Control & Deletion
962_lynda.com,63,Data Collection,Data Collection
962_lynda.com,64,Other/Unclear|Third-Party Sharing,Other/Unclear|Third-Party Sharing
962_lynda.com,65,Data Collection|Other/Unclear|User Control & Deletion,Other/Unclear
962_lynda.com,66,Other/Unclear|Third-Party Sharing|User Control & Deletion,Other/Unclear|Third-Party Sharing|User Control & Deletion
962_lynda.com,67,Policy Change,Other/Unclear|Policy Change
962_lynda.com,68,Policy Change|User Control & Deletion,Other/Unclear|Policy Change
962_lynda.com,69,Other/Unclear|Policy Change,Other/Unclear
962_lynda.com,70,Data Collection|Other/Unclear|Third-Party Sharing|User Control & Deletion,Other/Unclear|Third-Party Sharing|User Control & Deletion
962_lynda.com,71,Data Collection|Other/Unclear|Third-Party Sharing,Data Collection|Other/Unclear|Third-Party Sharing
962_lynda.com,72,Data Collection|Data Retention|Other/Unclear|User Control & Deletion,Data Collection|Data Retention|Other/Unclear|User Control & Deletion
962_lynda.com,73,Other/Unclear,Other/Unclear
988_solarviews.com,0,Third-Party Sharing,Data Collection|Third-Party Sharing|User Control & Deletion
98_neworleansonline.com,0,Other/Unclear,Other/Unclear
98_neworleansonline.com,1,Other/Unclear|Policy Change,Other/Unclear|Policy Change
98_neworleansonline.com,2,Data Collection|Other/Unclear|User Control & Deletion,Other/Unclear
98_neworleansonline.com,3,Other/Unclear,Other/Unclear
98_neworleansonline.com,4,Policy Change,Policy Change
98_neworleansonline.com,5,Data Collection|Data Security|Other/Unclear|Third-Party Sharing|User Control & Deletion,Other/Unclear
98_neworleansonline.com,6,Data Collection|Third-Party Sharing|User Control & Deletion,Data Collection
98_neworleansonline.com,7,Data Collection,Data Collection
98_neworleansonline.com,8,Data Collection|Other/Unclear,Data Collection
98_neworleansonline.com,9,Data Collection,
98_neworleansonline.com,10,Data Collection,Data Collection
98_neworleansonline.com,11,Data Collection,Data Collection
98_neworleansonline.com,12,Data Collection|Other/Unclear|Policy Change,Data Collection
98_neworleansonline.com,13,Data Collection,Data Collection
98_neworleansonline.com,14,Data Collection,Data Collection
98_neworleansonline.com,15,Data Collection,Data Collection
98_neworleansonline.com,16,Data Collection,Data Collection
98_neworleansonline.com,17,Data Collection|User Control & Deletion,User Control & Deletion
98_neworleansonline.com,18,User Control & Deletion,Other/Unclear|User Control & Deletion
98_neworleansonline.com,19,Other/Unclear|Third-Party Sharing,Other/Unclear
98_neworleansonline.com,20,Third-Party Sharing,Third-Party Sharing
98_neworleansonline.com,21,Third-Party Sharing,Data Collection|Third-Party Sharing
98_neworleansonline.com,22,Third-Party Sharing,Data Collection|Third-Party Sharing
98_neworleansonline.com,23,Third-Party Sharing,Third-Party Sharing
98_neworleansonline.com,24,Data Collection|Third-Party Sharing,Third-Party Sharing
98_neworleansonline.com,25,Data Collection|Third-Party Sharing,Data Collection|Third-Party Sharing
98_neworleansonline.com,26,Data Collection,Other/Unclear
98_neworleansonline.com,27,User Control & Deletion,User Control & Deletion
98_neworleansonline.com,28,Data Security,Data Security
98_neworleansonline.com,29,Data Security|Other/Unclear,Data Security|Other/Unclear
98_neworleansonline.com,30,Other/Unclear,Data Collection
98_neworleansonline.com,31,Data Collection,Data Collection
98_neworleansonline.com,32,Other/Unclear|User Control & Deletion,Other/Unclear|User Control & Deletion
98_neworleansonline.com,33,Data Collection|Third-Party Sharing,Data Collection|Third-Party Sharing
98_neworleansonline.com,34,Data Collection|Third-Party Sharing,Data Collection
98_neworleansonline.com,35,Other/Unclear|Third-Party Sharing,Other/Unclear
98_neworleansonline.com,36,Other/Unclear|User Control & Deletion,Other/Unclear|User Control & Deletion
98_neworleansonline.com,37,Other/Unclear,Data Collection|Other/Unclear
98_neworleansonline.com,38,Other/Unclear|User Control & Deletion,Data Collection|Other/Unclear|User Control & Deletion
98_neworleansonline.com,39,Other/Unclear,Other/Unclear
98_neworleansonline.com,40,Other/Unclear,Other/Unclear
