policy_stem,segment_id,gold_labels,fold_id,prob_Data_Collection,prob_Data_Retention,prob_Data_Security,prob_Other_Unclear,prob_Policy_Change,prob_Third_Party_Sharing,prob_User_Control_and_Deletion,predicted_labels_at_0_5
1017_sci-news.com,0,Other/Unclear|Policy Change,3,0.028849164,7.1111026e-05,0.0015283329,0.89032674,0.0023257874,0.016243123,0.013846793,Other/Unclear
1017_sci-news.com,1,Data Collection,3,0.8848363,7.0212816e-05,0.00055996526,0.27230853,4.536457e-05,0.11047871,0.006757342,Data Collection
1017_sci-news.com,2,Data Collection|Data Retention,3,0.37861502,0.0031657857,0.0068411017,0.5380196,0.0018792817,0.08312542,0.07878831,Other/Unclear
1017_sci-news.com,3,Data Collection,3,0.7216786,0.00039081892,0.0054472736,0.38813168,0.0004976563,0.19319321,0.017689055,Data Collection
1017_sci-news.com,4,Other/Unclear,3,0.03208145,0.00014349546,0.0009195386,0.9962043,0.00037600074,0.005353135,0.010146009,Other/Unclear
1017_sci-news.com,5,Data Collection,3,0.8518908,3.7118294e-05,0.00037444796,0.4145273,3.0258818e-05,0.04845145,0.023259267,Data Collection
1017_sci-news.com,6,Data Collection|Other/Unclear,3,0.49793717,0.00048907206,0.003629925,0.60262585,0.0009612943,0.09363087,0.03709346,Other/Unclear
1017_sci-news.com,7,Other/Unclear|Third-Party Sharing,3,0.08209827,7.252834e-05,0.0008231501,0.88727397,0.00010121183,0.09673151,0.029766353,Other/Unclear
1017_sci-news.com,8,User Control & Deletion,3,0.53771555,0.000489154,0.0018327615,0.3680098,0.00062653236,0.08097102,0.32944825,Data Collection
1017_sci-news.com,9,Policy Change|Third-Party Sharing,3,0.042822067,4.844378e-05,0.00051320746,0.620729,0.00010153463,0.23660839,0.032924127,Other/Unclear
1017_sci-news.com,10,Other/Unclear|User Control & Deletion,3,0.13998863,4.7258713e-05,0.0004822097,0.8281011,0.00013303614,0.07689618,0.028459579,Other/Unclear
1017_sci-news.com,11,Other/Unclear|User Control & Deletion,3,0.24545328,6.3373525e-05,0.00031013053,0.7256954,3.940573e-05,0.026615884,0.04245991,Other/Unclear
1017_sci-news.com,12,Other/Unclear,3,0.012067436,3.743643e-05,0.00027410616,0.9743135,0.00019605848,0.006949129,0.019998072,Other/Unclear
1034_aol.com,0,Other/Unclear|Policy Change,1,0.016745545,0.0018910359,0.0055351686,0.9704085,0.27755573,0.012622431,0.010810856,Other/Unclear
1034_aol.com,1,Other/Unclear,1,0.039354205,5.3947406e-05,0.0004297447,0.8580916,0.00038726183,0.09927953,0.0039770366,Other/Unclear
1034_aol.com,2,Other/Unclear,1,0.4424758,0.000111634305,0.0016506641,0.39686424,0.000118934964,0.10374532,0.0071140975,
1034_aol.com,3,Data Collection,1,0.6612546,0.00010651865,0.00048159139,0.37207606,0.000113509785,0.15125692,0.014593657,Data Collection
1034_aol.com,4,Other/Unclear,1,0.07266153,1.039981e-05,0.00012723134,0.94967324,3.1415755e-05,0.016846694,0.0022247864,Other/Unclear
1034_aol.com,5,Data Collection|Other/Unclear,1,0.7370223,0.0016317244,0.004888983,0.56274885,0.0013203348,0.21330428,0.03211684,Data Collection|Other/Unclear
1034_aol.com,6,Data Collection|Other/Unclear|User Control & Deletion,1,0.85110027,1.3392395e-05,4.7144888e-05,0.19255623,5.255971e-06,0.05475781,0.0043511083,Data Collection
1034_aol.com,7,Data Collection,1,0.9041766,3.7464528e-05,0.00019484782,0.27541685,2.3248533e-05,0.10251075,0.0047124047,Data Collection
1034_aol.com,8,Data Collection|Data Retention,1,0.9551314,1.5965334e-05,8.9796085e-05,0.14986989,7.2255416e-06,0.06344468,0.0012881386,Data Collection
1034_aol.com,9,Data Collection|Other/Unclear,1,0.7758887,8.818265e-06,7.414432e-05,0.33091775,7.2023686e-06,0.025142655,0.0016505927,Data Collection
1034_aol.com,10,Data Collection,1,0.77187794,0.0006709832,0.0021894332,0.293007,0.000427854,0.09834967,0.038781743,Data Collection
1034_aol.com,11,Data Collection,1,0.3461645,3.2650365e-05,0.0002780333,0.47949928,2.9278079e-05,0.10281406,0.020792242,
1034_aol.com,12,Data Collection,1,0.75531906,1.1562031e-05,0.00014203864,0.41563004,5.765896e-06,0.10014111,0.0028846348,Data Collection
1034_aol.com,13,Other/Unclear,1,0.7377439,0.00026231245,0.00130824,0.42120415,0.00021012622,0.07248574,0.0102983145,Data Collection
1034_aol.com,14,Data Collection,1,0.8633376,3.522178e-05,9.1130234e-05,0.17856121,1.7689466e-05,0.06632029,0.009839659,Data Collection
1034_aol.com,15,Data Collection|Other/Unclear,1,0.6620034,2.6616519e-05,0.00011499625,0.35269314,2.8499111e-05,0.16152376,0.0036146396,Data Collection
1034_aol.com,16,Data Collection|Other/Unclear,1,0.7218146,1.7284001e-05,0.0001408713,0.49496487,2.4046922e-05,0.22377919,0.0034362199,Data Collection
1034_aol.com,17,Third-Party Sharing,1,0.150722,6.1079013e-06,7.243718e-05,0.42704257,5.6185304e-06,0.48791137,0.0035966078,
1034_aol.com,18,Third-Party Sharing,1,0.3970672,4.161904e-05,0.0003150324,0.15545297,2.4040883e-05,0.8009442,0.0034005437,Third-Party Sharing
1034_aol.com,19,Third-Party Sharing,1,0.14153916,9.932243e-05,0.0006396151,0.025033407,3.5546156e-05,0.9545848,0.0008881353,Third-Party Sharing
1034_aol.com,20,Third-Party Sharing|User Control & Deletion,1,0.028332096,4.9226426e-05,0.00029974725,0.2573793,0.00012432596,0.6284368,0.0068300692,Third-Party Sharing
1034_aol.com,21,Data Security|Other/Unclear|Third-Party Sharing,1,0.14021713,0.00013340489,0.0032331883,0.56368595,8.887181e-05,0.6221804,0.01379754,Other/Unclear|Third-Party Sharing
1034_aol.com,22,Other/Unclear,1,0.5358823,0.001630472,0.0067848586,0.3713722,0.0014753842,0.624258,0.04462014,Data Collection|Third-Party Sharing
1034_aol.com,23,Other/Unclear|Third-Party Sharing,1,0.8291568,1.2119096e-06,1.4976208e-05,0.30777538,1.0448432e-06,0.40224904,0.0006231403,Data Collection
1034_aol.com,24,Other/Unclear,1,0.07531235,2.8177448e-05,0.00077556056,0.75225586,4.8849804e-05,0.13833529,0.07299544,Other/Unclear
1034_aol.com,25,Data Collection|Third-Party Sharing,1,0.5157316,4.7546215e-05,0.00019699162,0.32912874,3.601003e-05,0.2630928,0.0056500603,Data Collection
1034_aol.com,26,Other/Unclear,1,0.06639488,0.00013650354,0.0010053199,0.933205,0.00023083041,0.17315258,0.005538101,Other/Unclear
1034_aol.com,27,Other/Unclear,1,0.118496746,0.00028809204,0.0014039588,0.8632758,0.00029141956,0.0825893,0.0138354385,Other/Unclear
1034_aol.com,28,Other/Unclear,1,0.2275412,0.0017140699,0.008313836,0.6520592,0.0037876319,0.13469757,0.08356582,Other/Unclear
1034_aol.com,29,User Control & Deletion,1,0.21449305,0.00048140707,0.0020579386,0.3726698,0.00035573228,0.041210614,0.20183402,
1034_aol.com,30,Other/Unclear|User Control & Deletion,1,0.3087522,6.547642e-05,0.0004212383,0.55115396,4.759726e-05,0.072480395,0.04580846,Other/Unclear
1034_aol.com,31,Other/Unclear|User Control & Deletion,1,0.09347859,5.0809685e-05,0.00046849716,0.58999133,6.977956e-05,0.05515432,0.33515343,Other/Unclear
1034_aol.com,32,User Control & Deletion,1,0.65982157,0.00035723948,0.0011458428,0.35576063,0.00020314586,0.20445912,0.04491291,Data Collection
1034_aol.com,33,Other/Unclear,1,0.4140992,0.0006625049,0.0024049256,0.469419,0.0007900928,0.06278429,0.093394645,
1034_aol.com,34,Data Security,1,0.09008651,7.062738e-05,0.054198805,0.27325642,3.334746e-05,0.048129115,0.0020813018,
1034_aol.com,35,Other/Unclear,1,0.05006167,5.9507465e-06,7.019578e-05,0.99205756,1.135915e-05,0.013923847,0.0014071846,Other/Unclear
1034_aol.com,36,Other/Unclear,1,0.039217222,0.00033487947,0.0009691403,0.9683355,0.00026862952,0.016303603,0.3009793,Other/Unclear
1034_aol.com,37,Other/Unclear,1,0.15696052,0.0028769756,0.012759897,0.8889866,0.006721165,0.04260974,0.06166859,Other/Unclear
1034_aol.com,38,Other/Unclear|User Control & Deletion,1,0.088076845,2.6996564e-05,0.00024178144,0.87701416,2.0044754e-05,0.037288208,0.0038339554,Other/Unclear
1034_aol.com,39,Other/Unclear,1,0.004793591,0.000508977,0.04792392,0.9958202,0.0006938871,0.0049649132,0.0074797063,Other/Unclear
1034_aol.com,40,Other/Unclear,1,0.019565813,6.717382e-05,0.00034004165,0.98619324,0.00024391715,0.0066728317,0.013594878,Other/Unclear
1034_aol.com,41,Other/Unclear|Policy Change,1,0.090046056,0.00054662203,0.0022353888,0.7205658,0.020137139,0.033942867,0.017211955,Other/Unclear
1034_aol.com,42,Policy Change,1,0.029207602,0.00018534779,0.001094016,0.6650401,0.020427678,0.022119083,0.015060061,Other/Unclear
1050_honda.com,0,Other/Unclear,4,0.04923657,0.0051763155,0.016557638,0.95595175,0.027374731,0.041190397,0.034988515,Other/Unclear
1050_honda.com,1,Other/Unclear,4,0.12047485,0.00020334589,0.010428959,0.727596,0.00032391128,0.078775294,0.006678242,Other/Unclear
1050_honda.com,2,Other/Unclear,4,0.061682608,0.00040061126,0.0050617508,0.89192337,0.0013088712,0.08086228,0.014380676,Other/Unclear
1050_honda.com,3,Data Collection|Other/Unclear|User Control & Deletion,4,0.32435718,0.00045641282,0.0030412967,0.6062836,0.0002910072,0.11421653,0.04287385,Other/Unclear
1050_honda.com,4,Data Collection|Other/Unclear|User Control & Deletion,4,0.571544,0.00039840452,0.0025175666,0.52577734,0.0002649041,0.07964904,0.03844894,Data Collection|Other/Unclear
1050_honda.com,5,Data Collection,4,0.7126261,7.3197036e-05,0.00037398472,0.3131789,1.9546716e-05,0.03555695,0.025182975,Data Collection
1050_honda.com,6,Data Collection|Data Retention|Other/Unclear,4,0.9263008,3.5012206e-06,2.1725107e-05,0.13116007,7.362054e-07,0.039398097,0.00073711056,Data Collection
1050_honda.com,7,Data Collection,4,0.787367,6.672496e-05,0.00040493155,0.21131237,2.6922533e-05,0.05793523,0.0064915065,Data Collection
1050_honda.com,8,Data Collection|Data Retention,4,0.95915556,4.602002e-05,0.00013833314,0.15982874,1.1633843e-05,0.031286333,0.00094235834,Data Collection
1050_honda.com,9,Data Collection|Third-Party Sharing|User Control & Deletion,4,0.88073975,2.3102853e-05,0.0001355979,0.14404222,1.2216999e-05,0.035178922,0.017648658,Data Collection
1050_honda.com,10,Data Collection|Third-Party Sharing|User Control & Deletion,4,0.6726631,3.98156e-06,1.8670858e-05,0.5727073,2.018332e-06,0.25060183,0.030883217,Data Collection|Other/Unclear
1050_honda.com,11,Data Collection|Other/Unclear|Third-Party Sharing|User Control & Deletion,4,0.33070666,1.6899296e-06,2.6649546e-05,0.17638838,4.164558e-07,0.6354326,0.000904301,Third-Party Sharing
1050_honda.com,12,Data Collection|Third-Party Sharing,4,0.30864093,3.3628472e-05,0.0002567019,0.6200673,1.3309357e-05,0.16587487,0.012705265,Other/Unclear
1050_honda.com,13,Other/Unclear|Third-Party Sharing,4,0.062498584,1.3937389e-05,0.00013374594,0.8999608,2.0363266e-05,0.3064986,0.0042629656,Other/Unclear
1050_honda.com,14,Data Security,4,0.03444874,7.9786885e-05,0.10894194,0.19593017,3.279401e-05,0.015894156,0.0034931174,
1050_honda.com,15,Other/Unclear,4,0.25029737,0.0021100875,0.006217362,0.83876735,0.0019319967,0.07191608,0.07758336,Other/Unclear
1050_honda.com,16,Other/Unclear,4,0.019117776,8.35431e-05,0.001890917,0.971492,0.00011972052,0.09682663,0.0039105313,Other/Unclear
1050_honda.com,17,Policy Change,4,0.018411715,0.00016179043,0.0012212804,0.36921248,0.037730344,0.014453065,0.011025781,
1050_honda.com,18,Other/Unclear,4,0.49608782,0.0020812992,0.0055123493,0.5730838,0.00281662,0.14555568,0.066195816,Other/Unclear
1050_honda.com,19,Other/Unclear,4,0.26122054,0.010747283,0.041629136,0.7591496,0.021420272,0.20744663,0.093350686,Other/Unclear
1050_honda.com,20,Data Collection|Third-Party Sharing,4,0.4599939,7.929241e-06,4.276835e-05,0.38807338,3.33496e-06,0.036317434,0.028589247,
1050_honda.com,21,Data Collection,4,0.6574611,1.2057049e-05,0.0001431324,0.22854689,5.1962124e-06,0.055548843,0.0038642134,Data Collection
1050_honda.com,22,Data Collection|Other/Unclear,4,0.55507576,0.00011946017,0.00055214955,0.35159037,9.683858e-05,0.15143646,0.033139598,Data Collection
1050_honda.com,23,Data Collection|Third-Party Sharing,4,0.40249994,1.8954943e-05,5.7324105e-05,0.39423674,5.348985e-06,0.067885034,0.02359056,
1050_honda.com,24,Data Collection,4,0.6688344,0.0004616018,0.0009482692,0.29698527,0.00018222876,0.047435082,0.14521581,Data Collection
1050_honda.com,25,Data Collection,4,0.63096464,0.00018773899,0.00042513155,0.33192638,3.3005712e-05,0.07502531,0.04358773,Data Collection
1050_honda.com,26,Data Collection|Third-Party Sharing,4,0.45909083,8.414844e-06,4.495992e-05,0.38977525,3.4714624e-06,0.036508266,0.029124388,
1050_honda.com,27,Data Collection,4,0.6474874,1.2183491e-05,0.00014260346,0.23238432,5.3463036e-06,0.051826615,0.0039049212,Data Collection
1050_honda.com,28,Data Collection|Other/Unclear,4,0.55507576,0.00011946017,0.00055214955,0.35159037,9.683858e-05,0.15143646,0.033139598,Data Collection
1050_honda.com,29,Data Collection|Third-Party Sharing,4,0.22874142,5.8200778e-05,0.00028800446,0.48016882,2.3920622e-05,0.12072353,0.027141353,
1050_honda.com,30,Data Collection|Other/Unclear,4,0.025005305,1.4410997e-05,0.00023480858,0.94972974,2.4692214e-05,0.052761678,0.002509904,Other/Unclear
1050_honda.com,31,Data Collection,4,0.38462508,0.00017736116,0.0007430388,0.47069684,5.6203255e-05,0.06321164,0.05366929,
1050_honda.com,32,Data Collection,4,0.693054,0.00033678458,0.0006517748,0.3280315,0.00012548684,0.05275768,0.11389705,Data Collection
1050_honda.com,33,Data Collection|Other/Unclear|User Control & Deletion,4,0.3622825,0.00464238,0.017048748,0.56141555,0.0057531865,0.22118784,0.12051451,Other/Unclear
1050_honda.com,34,Data Collection|User Control & Deletion,4,0.7248908,3.37261e-05,5.4904867e-05,0.24955347,8.899144e-06,0.022780018,0.077977926,Data Collection
1050_honda.com,35,Data Collection,4,0.42401856,2.0635698e-05,8.997943e-05,0.4068011,1.0438821e-05,0.034698516,0.028388178,
1050_honda.com,36,Data Collection|User Control & Deletion,4,0.3694735,5.8087917e-05,9.794782e-05,0.624416,3.018545e-05,0.021683022,0.11683353,Other/Unclear
1050_honda.com,37,Data Collection,4,0.6130946,2.159059e-05,0.0002712618,0.24551615,9.823023e-06,0.07041897,0.0035772924,Data Collection
1050_honda.com,38,Other/Unclear,4,0.020902837,2.7199509e-05,0.000539291,0.9599307,4.299699e-05,0.04255887,0.0040251603,Other/Unclear
1050_honda.com,39,Data Collection,4,0.44380012,6.7512316e-05,0.00024758343,0.30824354,2.2120843e-05,0.05022291,0.039861754,
1050_honda.com,40,Data Collection|User Control & Deletion,4,0.4499423,1.3530877e-05,0.000111269204,0.3166304,6.207645e-06,0.04382297,0.014459807,
1050_honda.com,41,Data Collection,4,0.6528146,0.000103179926,0.0003237721,0.45116174,3.4836197e-05,0.07127646,0.04126401,Data Collection
1050_honda.com,42,User Control & Deletion,4,0.14702827,0.0003680864,0.0010767912,0.38074657,0.00014300473,0.09596766,0.04161563,
1050_honda.com,43,Third-Party Sharing|User Control & Deletion,4,0.4326391,0.00010326193,0.00026852734,0.50587225,6.492226e-05,0.116399065,0.039089426,Other/Unclear
1050_honda.com,44,Data Collection,4,0.5077769,0.00018999004,0.0006390925,0.3876978,5.749903e-05,0.0655173,0.03926793,Data Collection
1050_honda.com,45,Data Collection,4,0.52979386,0.0002742075,0.0007754354,0.37362385,7.492871e-05,0.069245644,0.05090692,Data Collection
1050_honda.com,46,Data Collection,4,0.4979528,0.00020198475,0.00065298215,0.39197183,6.0677845e-05,0.06912496,0.040652305,
1050_honda.com,47,Data Collection|User Control & Deletion,4,0.56988996,9.0787085e-05,0.00015531991,0.34581363,2.208923e-05,0.01822445,0.14595422,Data Collection
1050_honda.com,48,Data Collection|User Control & Deletion,4,0.8010864,0.00026332337,0.0011782664,0.2108352,0.00011382808,0.12526777,0.03596613,Data Collection
1050_honda.com,49,User Control & Deletion,4,0.054126315,0.00033193367,0.0011366727,0.58191854,0.0006301157,0.025766216,0.4421215,Other/Unclear
1050_honda.com,50,Data Collection|User Control & Deletion,4,0.69222707,1.3500907e-05,4.6261015e-05,0.21228454,1.0440809e-05,0.006851491,0.016818866,Data Collection
1050_honda.com,51,Data Collection|Data Security|Third-Party Sharing,4,0.632746,0.00010360953,0.004501289,0.12375064,3.0103407e-05,0.11063863,0.005394237,Data Collection
1050_honda.com,52,Data Collection|Data Retention,4,0.6722718,0.000117793614,0.00014019251,0.35341996,2.0271002e-05,0.061260033,0.019155681,Data Collection
1050_honda.com,53,Data Collection,4,0.6008512,2.0882493e-05,0.00026970683,0.2573421,9.5363475e-06,0.0711819,0.0035203677,Data Collection
1050_honda.com,54,Data Collection|User Control & Deletion,4,0.17684521,8.708868e-05,0.0006077902,0.38554683,5.4648575e-05,0.03456629,0.03547711,
1050_honda.com,55,Data Collection,4,0.6722718,0.000117793614,0.00014019251,0.35341996,2.0271002e-05,0.061260033,0.019155681,Data Collection
1050_honda.com,56,Data Collection,4,0.6008512,2.0882493e-05,0.00026970683,0.2573421,9.5363475e-06,0.0711819,0.0035203677,Data Collection
1050_honda.com,57,Data Collection|User Control & Deletion,4,0.17684521,8.708868e-05,0.0006077902,0.38554683,5.4648575e-05,0.03456629,0.03547711,
1050_honda.com,58,Other/Unclear|User Control & Deletion,4,0.3318412,0.0050169425,0.015198025,0.64855486,0.003684434,0.23522082,0.10691491,Other/Unclear
1050_honda.com,59,Other/Unclear|User Control & Deletion,4,0.5481496,0.0009973069,0.0023673233,0.45233652,0.0004350217,0.14309144,0.09601631,Data Collection
1050_honda.com,60,Third-Party Sharing,4,0.27653933,0.0005005545,0.0033129205,0.5901997,0.00034597522,0.35164234,0.0394448,Other/Unclear
1050_honda.com,61,Other/Unclear,4,0.09048472,0.0011503808,0.007668169,0.81332904,0.003770721,0.21119827,0.019649759,Other/Unclear
1050_honda.com,62,Data Security|Other/Unclear,4,0.16202761,0.00021811061,0.003232884,0.5422513,0.0003838911,0.08492951,0.0054869163,Other/Unclear
1050_honda.com,63,Data Security,4,0.042974997,0.0009489201,0.15946536,0.38249344,0.0007698895,0.032756202,0.010468779,
1050_honda.com,64,Data Collection,4,0.653137,0.00076165365,0.003537119,0.23812969,0.00028932944,0.150573,0.012464871,Data Collection
1050_honda.com,65,Third-Party Sharing,4,0.18013579,0.00017851054,0.0012632847,0.41417223,0.00010619117,0.4368197,0.007815161,
1050_honda.com,66,Third-Party Sharing,4,0.22758748,9.534336e-05,0.00079587224,0.35287598,5.0514012e-05,0.71035284,0.005048145,Third-Party Sharing
1050_honda.com,67,Third-Party Sharing,4,0.34770492,3.5665962e-05,0.00029900786,0.23723438,1.3714077e-05,0.59812516,0.0034951668,Third-Party Sharing
1050_honda.com,68,Policy Change,4,0.006014726,1.0539576e-05,0.000125289,0.81538445,0.005632055,0.0028945014,0.0021340302,Other/Unclear
1050_honda.com,69,Data Collection,4,0.52410686,0.00023384187,0.00061344827,0.33283988,0.00012755055,0.032153983,0.09324698,Data Collection
1050_honda.com,70,Data Collection,4,0.49904266,0.001037711,0.0024013128,0.4616361,0.00062379596,0.0795217,0.05629033,
1050_honda.com,71,Other/Unclear,4,0.23095933,0.0036886218,0.020594275,0.6935441,0.003267201,0.16820145,0.06387639,Other/Unclear
105_amazon.com,0,Other/Unclear,0,0.086894944,0.011453994,0.031835,0.86701477,0.024556063,0.18932103,0.06747728,Other/Unclear
105_amazon.com,1,Other/Unclear|Policy Change,0,0.04117265,0.0032622823,0.0074519645,0.93479955,0.23386335,0.02452904,0.038084444,Other/Unclear
105_amazon.com,2,Data Collection|Data Security|Other/Unclear|Policy Change|Third-Party Sharing|User Control & Deletion,0,0.042586673,5.675285e-05,0.0011092438,0.968343,0.00014131244,0.032569498,0.0047693932,Other/Unclear
105_amazon.com,3,Data Collection,0,0.80423015,0.001615575,0.006295227,0.4756996,0.0011521654,0.06766453,0.015991503,Data Collection
105_amazon.com,4,Data Collection|Data Retention|User Control & Deletion,0,0.8778948,0.00012771555,0.00029029,0.26627496,3.6097845e-05,0.037970252,0.018454922,Data Collection
105_amazon.com,5,Data Collection|Data Retention,0,0.80302703,7.849803e-05,0.00034868115,0.6153602,4.0866275e-05,0.08269587,0.004677924,Data Collection|Other/Unclear
105_amazon.com,6,Data Collection|Third-Party Sharing|User Control & Deletion,0,0.92204416,2.9380735e-05,0.00011799539,0.24004687,1.8656548e-05,0.048341278,0.00885382,Data Collection
105_amazon.com,7,Data Collection|Other/Unclear|User Control & Deletion,0,0.7104322,0.0010636247,0.004012492,0.6992581,0.0009507852,0.08477476,0.34913775,Data Collection|Other/Unclear
105_amazon.com,8,Data Collection|Third-Party Sharing,0,0.80918235,0.0005425587,0.0018071968,0.49251503,0.0006267889,0.045548216,0.02156069,Data Collection
105_amazon.com,9,Data Collection|Third-Party Sharing|User Control & Deletion,0,0.7393942,0.00011932356,0.0003641185,0.20261075,5.198408e-05,0.030852936,0.22554618,Data Collection
105_amazon.com,10,Data Collection|Other/Unclear|Third-Party Sharing,0,0.051866874,0.00020517573,0.0018223139,0.72208935,0.00035878178,0.34812275,0.0072911987,Other/Unclear
105_amazon.com,11,Other/Unclear|Third-Party Sharing,0,0.10733797,0.00027320656,0.002192595,0.57473826,0.00024890952,0.7443307,0.013631288,Other/Unclear|Third-Party Sharing
105_amazon.com,12,Third-Party Sharing,0,0.063457966,0.00034212696,0.1715546,0.102760665,0.00018719098,0.9535999,0.005234699,Third-Party Sharing
105_amazon.com,13,Data Collection|Other/Unclear|Third-Party Sharing|User Control & Deletion,0,0.360797,0.0010810936,0.0030239124,0.32325825,0.0008014167,0.36520076,0.17784423,
105_amazon.com,14,Data Collection|Policy Change|Third-Party Sharing|User Control & Deletion,0,0.0809288,0.0013464789,0.00787448,0.18142699,0.0021073944,0.85092026,0.018076217,Third-Party Sharing
105_amazon.com,15,Data Collection|Other/Unclear|Third-Party Sharing,0,0.055552542,0.00016923818,0.001997319,0.1232808,0.00012739819,0.8083833,0.0032507898,Third-Party Sharing
105_amazon.com,16,Third-Party Sharing|User Control & Deletion,0,0.19962512,0.00013665766,0.00056649983,0.4824256,0.00011717757,0.23156282,0.23729783,
105_amazon.com,17,Data Security|Third-Party Sharing,0,0.03561162,0.00037230417,0.7512256,0.08820755,0.00025259325,0.07299614,0.006776339,Data Security
105_amazon.com,18,Other/Unclear|Third-Party Sharing,0,0.14213353,0.00011675917,0.0012546396,0.87978107,0.00013909399,0.42832386,0.014399347,Other/Unclear
105_amazon.com,19,User Control & Deletion,0,0.42575717,0.0007814626,0.003164032,0.51130354,0.00052467705,0.13996837,0.037463505,Other/Unclear
105_amazon.com,20,User Control & Deletion,0,0.22210318,0.0022984669,0.0065576183,0.39130005,0.0011928707,0.11767755,0.37860262,
105_amazon.com,21,Data Retention|User Control & Deletion,0,0.16537668,0.002783842,0.0030966436,0.62923,0.00100627,0.03837256,0.24198222,Other/Unclear
105_amazon.com,22,Policy Change|User Control & Deletion,0,0.0907425,0.00012868848,0.00058152725,0.7574852,0.00088620785,0.028288297,0.24268553,Other/Unclear
105_amazon.com,23,User Control & Deletion,0,0.56117725,0.00034079677,0.0015828114,0.43387088,0.00032966956,0.2370576,0.121938154,Data Collection
105_amazon.com,24,Other/Unclear|User Control & Deletion,0,0.41172817,0.00035976828,0.00090960745,0.16759358,0.000198226,0.025395023,0.6101962,User Control & Deletion
105_amazon.com,25,Other/Unclear,0,0.13491996,0.0023247858,0.0073580006,0.8814382,0.0016726207,0.14047323,0.032104287,Other/Unclear
105_amazon.com,26,Data Security|Other/Unclear,0,0.027705267,0.0015995875,0.040018886,0.9772742,0.0015528599,0.022875158,0.015381343,Other/Unclear
105_amazon.com,27,Data Collection|Data Security|Other/Unclear,0,0.016421154,0.00073466846,0.009577403,0.98145914,0.0008415717,0.013001629,0.020631984,Other/Unclear
105_amazon.com,28,Data Security|Other/Unclear,0,0.030502029,0.002335074,0.016234588,0.9777871,0.0026068843,0.022309558,0.035372857,Other/Unclear
105_amazon.com,29,Other/Unclear|Policy Change|User Control & Deletion,0,0.018739907,0.00029594396,0.0014899793,0.9129178,0.0044987365,0.017930858,0.013578607,Other/Unclear
105_amazon.com,30,Other/Unclear,0,0.2632867,0.003330142,0.013491179,0.6608335,0.0048988345,0.15972866,0.06719062,Other/Unclear
105_amazon.com,31,Data Collection,0,0.8635277,1.5610836e-05,0.00013538632,0.17315838,2.7858864e-06,0.06204302,0.0036315834,Data Collection
105_amazon.com,32,Data Collection,0,0.990893,5.4997574e-05,0.0001862424,0.044382878,1.5954536e-05,0.044423614,0.0032170876,Data Collection
105_amazon.com,33,Data Collection|Other/Unclear|User Control & Deletion,0,0.40898442,0.00026895164,0.00073175965,0.5958058,0.0002088041,0.029700387,0.108912475,Other/Unclear
105_amazon.com,34,Data Collection|Third-Party Sharing,0,0.8139092,0.00014773243,0.0011858655,0.16897078,8.316898e-05,0.103149466,0.0070008775,Data Collection
105_amazon.com,35,Other/Unclear|Third-Party Sharing,0,0.29780892,0.002511189,0.008763328,0.57532257,0.00298419,0.48584494,0.047077812,Other/Unclear
105_amazon.com,36,User Control & Deletion,0,0.69934535,0.00020679465,0.0015659217,0.18311726,9.204613e-05,0.055407133,0.082676545,Data Collection
1070_wnep.com,0,Other/Unclear|Policy Change,2,0.045932636,0.00042648095,0.002662076,0.92088264,0.006618205,0.09137084,0.0074749393,Other/Unclear
1070_wnep.com,1,Data Collection|Other/Unclear,2,0.03211535,3.6820923e-06,9.3564544e-05,0.9611265,9.687973e-06,0.005032298,0.0014146512,Other/Unclear
1070_wnep.com,2,Data Collection|Other/Unclear,2,0.6952313,7.353819e-05,0.000341088,0.5539712,6.0978487e-05,0.05266253,0.010888345,Data Collection|Other/Unclear
1070_wnep.com,3,Data Collection,2,0.9487158,7.0773513e-06,2.5038147e-05,0.13779287,2.1729136e-06,0.045732465,0.0039413464,Data Collection
1070_wnep.com,4,Data Collection|Data Retention|Third-Party Sharing,2,0.6516944,4.3431566e-05,0.00023675774,0.35292962,1.6180755e-05,0.111581475,0.009206567,Data Collection
1070_wnep.com,5,Data Collection,2,0.6872488,0.00018001135,0.00082193303,0.42074662,0.00010891926,0.28148258,0.008245601,Data Collection
1070_wnep.com,6,Other/Unclear|Third-Party Sharing,2,0.24762689,0.00023146249,0.0013280882,0.801731,0.00015047757,0.54533947,0.019442843,Other/Unclear|Third-Party Sharing
1070_wnep.com,7,Data Collection,2,0.93435735,1.1374932e-05,5.9449027e-05,0.20276797,5.567191e-06,0.13308614,0.0034128386,Data Collection
1070_wnep.com,8,Data Collection,2,0.96700853,1.19389515e-05,4.9258848e-05,0.10168726,6.0174266e-06,0.11009977,0.00095283915,Data Collection
1070_wnep.com,9,Data Collection|User Control & Deletion,2,0.26505524,5.2986456e-05,0.00015490965,0.44505855,5.395438e-05,0.019392591,0.55477136,User Control & Deletion
1070_wnep.com,10,Other/Unclear|Third-Party Sharing|User Control & Deletion,2,0.37710702,7.9720354e-07,1.0260581e-05,0.4275359,5.188245e-07,0.14644459,0.0119693065,
1070_wnep.com,11,User Control & Deletion,2,0.26536062,0.00017799065,0.0009808224,0.46012655,0.00014582343,0.057082824,0.08209283,
1070_wnep.com,12,Data Collection|Third-Party Sharing|User Control & Deletion,2,0.91439205,6.1275505e-06,3.1174393e-05,0.11677306,2.6729256e-06,0.047099967,0.006104836,Data Collection
1070_wnep.com,13,Data Collection,2,0.9639802,5.8304117e-06,2.0719297e-05,0.059851013,4.2627544e-06,0.14166191,0.0017622033,Data Collection
1070_wnep.com,14,Data Collection|Third-Party Sharing,2,0.2884256,2.6138463e-05,0.0002388598,0.61038756,4.353123e-05,0.29541013,0.0012415616,Other/Unclear
1070_wnep.com,15,Other/Unclear,2,0.13115717,0.0010322876,0.005151353,0.5067358,0.0013280697,0.5291325,0.026025487,Other/Unclear|Third-Party Sharing
1070_wnep.com,16,Third-Party Sharing,2,0.1339725,2.3417459e-05,0.00017085645,0.25547358,2.1170152e-05,0.67779535,0.0057894094,Third-Party Sharing
1070_wnep.com,17,Third-Party Sharing,2,0.38947237,0.00014964333,0.0010571677,0.18183403,9.616894e-05,0.65538454,0.0062548085,Third-Party Sharing
1070_wnep.com,18,Other/Unclear|Third-Party Sharing,2,0.49402344,0.00015380727,0.00094503013,0.5443505,0.00019838571,0.34064022,0.011415276,Other/Unclear
1070_wnep.com,19,Third-Party Sharing,2,0.09829437,0.003180031,0.007960188,0.08976664,0.0018991475,0.8997001,0.021318514,Third-Party Sharing
1070_wnep.com,20,Third-Party Sharing,2,0.1841477,0.00017023868,0.0013160616,0.3499792,0.00013560387,0.8822774,0.014803001,Third-Party Sharing
1070_wnep.com,21,Third-Party Sharing,2,0.12850708,0.00056682003,0.0043264125,0.051228978,0.0005102185,0.851589,0.005206427,Third-Party Sharing
1070_wnep.com,22,Other/Unclear|User Control & Deletion,2,0.05031154,5.217661e-05,0.00030299195,0.6021155,5.8045003e-05,0.014795476,0.1405868,Other/Unclear
1070_wnep.com,23,Data Security,2,0.022793656,0.004936628,0.90523076,0.18312961,0.0021456892,0.02663263,0.011739691,Data Security
1070_wnep.com,24,Other/Unclear,2,0.032198787,5.521031e-05,0.00081296737,0.968074,6.725209e-05,0.19875486,0.002617756,Other/Unclear
1070_wnep.com,25,Other/Unclear|Third-Party Sharing,2,0.12134313,3.1473235e-06,5.433723e-05,0.8483898,4.8318825e-06,0.27269775,0.0011173801,Other/Unclear
1070_wnep.com,26,Other/Unclear,2,0.019068342,6.992224e-05,0.0004436518,0.9717451,4.2806147e-05,0.03712131,0.0032281491,Other/Unclear
1070_wnep.com,27,Other/Unclear,2,0.16108528,9.8510376e-05,0.000561252,0.950651,0.00011470276,0.053823553,0.006569749,Other/Unclear
1070_wnep.com,28,Other/Unclear,2,0.0116802305,9.303622e-05,0.000358269,0.9897504,0.0005331308,0.0036000295,0.014162815,Other/Unclear
1070_wnep.com,29,Other/Unclear,2,0.019391557,8.7056666e-05,0.00027394094,0.9709803,6.419658e-05,0.040466547,0.095879085,Other/Unclear
1070_wnep.com,30,Other/Unclear,2,0.050664302,0.00037927815,0.0030536123,0.87252456,0.00087553833,0.22543068,0.018906869,Other/Unclear
1070_wnep.com,31,Policy Change,2,0.0026611483,3.150123e-05,9.6222386e-05,0.41631863,0.47694337,0.0020302006,0.005664745,
1083_highgearmedia.com,0,Other/Unclear,1,0.1487586,0.0040334426,0.015945703,0.7771334,0.018459253,0.15180615,0.057081573,Other/Unclear
1083_highgearmedia.com,1,Other/Unclear,1,0.14615127,9.355724e-05,0.0006437547,0.8541695,0.00019596978,0.06047627,0.007938756,Other/Unclear
1083_highgearmedia.com,2,Data Collection|Other/Unclear|Third-Party Sharing,1,0.0957065,4.8122427e-05,0.00028002067,0.87463534,0.0001367024,0.146613,0.0118731065,Other/Unclear
1083_highgearmedia.com,3,Data Collection|User Control & Deletion,1,0.95807904,2.600825e-06,7.03244e-06,0.18547261,6.630656e-07,0.007940802,0.0038412882,Data Collection
1083_highgearmedia.com,4,Data Collection,1,0.8912717,2.293895e-05,8.282417e-05,0.09368351,6.3179896e-06,0.08495398,0.0007812298,Data Collection
1083_highgearmedia.com,5,Data Collection|Third-Party Sharing,1,0.8846298,3.6336207e-06,2.027535e-05,0.07368718,2.2195968e-06,0.298098,0.00081710663,Data Collection
1083_highgearmedia.com,6,Data Collection,1,0.75835246,0.00022878354,0.0008689151,0.16409646,0.00017386004,0.3753562,0.0084792,Data Collection
1083_highgearmedia.com,7,Third-Party Sharing,1,0.08184614,7.059772e-06,5.2082934e-05,0.064012356,3.36947e-06,0.94873154,0.00043635955,Third-Party Sharing
1083_highgearmedia.com,8,Third-Party Sharing,1,0.3718465,5.5632456e-05,0.00050996337,0.24904923,3.8743045e-05,0.79085636,0.0046047005,Third-Party Sharing
1083_highgearmedia.com,9,Third-Party Sharing,1,0.3355328,2.7853835e-05,0.00018612387,0.41796872,1.949328e-05,0.52950233,0.020904042,Third-Party Sharing
1083_highgearmedia.com,10,Data Collection|Other/Unclear,1,0.49698514,0.0002623892,0.0012144216,0.41776794,0.0003535189,0.09890481,0.036524277,
1083_highgearmedia.com,11,Data Collection|Other/Unclear,1,0.16402085,1.7124146e-05,4.049259e-05,0.44216713,1.0213456e-05,0.04775653,0.02129033,
1083_highgearmedia.com,12,User Control & Deletion,1,0.17621869,5.5142038e-05,0.00012384921,0.4460021,5.6516772e-05,0.020611456,0.3949437,
1083_highgearmedia.com,13,Other/Unclear,1,0.08488259,4.2555326e-05,0.00058732484,0.9079634,9.775453e-05,0.27047348,0.0038145056,Other/Unclear
1083_highgearmedia.com,14,Other/Unclear,1,0.047805212,7.4973424e-05,0.0013400306,0.94350386,7.020648e-05,0.123775065,0.00763821,Other/Unclear
1083_highgearmedia.com,15,Other/Unclear|Third-Party Sharing,1,0.27531445,8.546985e-06,0.00011021911,0.58727306,7.320078e-06,0.25874907,0.0018466694,Other/Unclear
1083_highgearmedia.com,16,Data Security|Other/Unclear,1,0.17378798,0.00017115778,0.0031847958,0.5043902,0.0001979657,0.20607781,0.029273907,Other/Unclear
1083_highgearmedia.com,17,Data Collection|Other/Unclear,1,0.83532804,0.0005856154,0.0029040403,0.5593388,0.00052682153,0.10903317,0.029825786,Data Collection|Other/Unclear
1083_highgearmedia.com,18,Data Collection|Other/Unclear|Third-Party Sharing,1,0.3517582,0.00010118235,0.0010831212,0.5576452,0.00015980563,0.3032895,0.013871305,Other/Unclear
1083_highgearmedia.com,19,User Control & Deletion,1,0.5481037,1.8626708e-05,0.00013295353,0.5025727,2.1571923e-05,0.0490834,0.0661697,Data Collection|Other/Unclear
1083_highgearmedia.com,20,Data Collection|Third-Party Sharing,1,0.46651816,2.7233787e-06,2.2160824e-05,0.58444446,3.3503384e-06,0.50422287,0.0045166574,Other/Unclear|Third-Party Sharing
1083_highgearmedia.com,21,Other/Unclear|User Control & Deletion,1,0.3149314,0.00023736511,0.0016035123,0.65365285,0.00030796518,0.20568243,0.04053093,Other/Unclear
1083_highgearmedia.com,22,Data Collection|Other/Unclear,1,0.067697585,6.168868e-05,0.0004593361,0.9981161,0.00012609716,0.0030836025,0.0015599047,Other/Unclear
1083_highgearmedia.com,23,Data Security,1,0.008538988,0.0002673051,0.85498875,0.5050373,0.00017160227,0.010268488,0.0021754215,Data Security|Other/Unclear
1083_highgearmedia.com,24,Policy Change,1,0.015109582,4.736301e-05,0.00021356695,0.45995626,0.028586302,0.007644208,0.0042892196,
1083_highgearmedia.com,25,Data Retention|Other/Unclear|User Control & Deletion,1,0.061963476,0.00011177389,0.0002588472,0.69337523,0.00012494483,0.049618788,0.04233057,Other/Unclear
1083_highgearmedia.com,26,User Control & Deletion,1,0.1705552,0.00047238346,0.0019857204,0.49523932,0.00031976542,0.0626679,0.17773695,
1083_highgearmedia.com,27,Other/Unclear|Third-Party Sharing|User Control & Deletion,1,0.011927926,1.1469624e-05,5.004252e-05,0.97036344,1.30396165e-05,0.017268937,0.021569768,Other/Unclear
1083_highgearmedia.com,28,Other/Unclear,1,0.1345431,7.728739e-05,0.00034778382,0.91501534,0.0001185556,0.048427384,0.03233203,Other/Unclear
1083_highgearmedia.com,29,Other/Unclear,1,0.13934158,0.00023340342,0.0009143288,0.75685346,0.0006509663,0.021066634,0.08011189,Other/Unclear
1083_highgearmedia.com,30,Other/Unclear,1,0.091679804,0.0020710994,0.0064670425,0.85345393,0.0059091514,0.084181465,0.10998863,Other/Unclear
1083_highgearmedia.com,31,Other/Unclear,1,0.1983962,0.0013088781,0.0038738274,0.6596873,0.0017393659,0.06531639,0.07700771,Other/Unclear
1089_freep.com,0,Other/Unclear,0,0.029303476,0.00011197335,0.0012461519,0.96099865,0.0015929843,0.011972559,0.0028082745,Other/Unclear
1089_freep.com,1,Other/Unclear,0,0.31301668,3.0862802e-06,5.086625e-05,0.8375403,4.992631e-06,0.02001091,0.0007574278,Other/Unclear
1089_freep.com,2,Other/Unclear|Policy Change,0,0.013649205,1.1283187e-05,9.457647e-05,0.87020326,0.0019291855,0.004100094,0.0038098155,Other/Unclear
1089_freep.com,3,Other/Unclear,0,0.00963304,0.00013576025,0.00041224872,0.9899642,0.00010332565,0.028541466,0.191143,Other/Unclear
1089_freep.com,4,Data Collection|Data Retention,0,0.9519282,6.2620434e-06,5.4776105e-05,0.17023143,1.5441734e-06,0.058273815,0.0009669986,Data Collection
1089_freep.com,5,Data Collection,0,0.97733647,5.2939395e-05,0.00013530263,0.09534913,1.2560257e-05,0.038973026,0.005223874,Data Collection
1089_freep.com,6,Data Collection,0,0.9914564,6.926941e-06,2.9935802e-05,0.091072604,2.0388154e-06,0.06387902,0.0018111772,Data Collection
1089_freep.com,7,Data Collection|Third-Party Sharing,0,0.41523027,0.00019012472,0.0026808977,0.5088913,0.00011973689,0.5299842,0.006401609,Other/Unclear|Third-Party Sharing
1089_freep.com,8,Data Collection,0,0.9820315,6.6184846e-05,0.00020199435,0.21809994,3.3446962e-05,0.13631149,0.0076857987,Data Collection
1089_freep.com,9,Data Collection,0,0.9662098,1.889378e-05,8.160482e-05,0.07779766,1.0332996e-05,0.09349163,0.0021328402,Data Collection
1089_freep.com,10,Data Collection,0,0.9591593,3.8129703e-05,0.00016991308,0.1725745,2.1534552e-05,0.080235,0.0031378532,Data Collection
1089_freep.com,11,Data Collection,0,0.70539844,1.8815002e-05,0.00021018284,0.26237813,2.3661438e-05,0.08782598,0.0032895629,Data Collection
1089_freep.com,12,Data Collection|User Control & Deletion,0,0.521701,5.2804276e-05,0.00031394608,0.3104232,2.8326089e-05,0.054008894,0.05853132,Data Collection
1089_freep.com,13,User Control & Deletion,0,0.31869245,8.0769405e-06,5.036286e-05,0.6091223,4.702639e-06,0.020964282,0.19033168,Other/Unclear
1089_freep.com,14,Third-Party Sharing,0,0.44745073,8.932484e-06,0.0006110595,0.11027197,2.787209e-06,0.8648426,0.00053056836,Third-Party Sharing
1089_freep.com,15,User Control & Deletion,0,0.10988419,0.00023488131,0.0009873584,0.85636616,0.0003827498,0.074406005,0.048559822,Other/Unclear
1089_freep.com,16,Other/Unclear|Third-Party Sharing,0,0.14411882,7.4324007e-06,9.3050425e-05,0.7791777,1.0068638e-05,0.29093432,0.0012298278,Other/Unclear
1089_freep.com,17,Third-Party Sharing,0,0.9129255,5.5245423e-06,5.7023804e-05,0.20515029,3.1316931e-06,0.7258919,0.0009635524,Data Collection|Third-Party Sharing
1089_freep.com,18,Data Collection|Other/Unclear|Third-Party Sharing,0,0.604317,1.7016986e-05,0.00017279615,0.59923506,1.2865337e-05,0.19931865,0.004348136,Data Collection|Other/Unclear
1089_freep.com,19,Other/Unclear,0,0.26604122,9.864588e-05,0.0014052714,0.6772932,8.050493e-05,0.47275758,0.031233564,Other/Unclear
1089_freep.com,20,Third-Party Sharing,0,0.056660425,2.812278e-05,0.00018268038,0.06428774,1.2242583e-05,0.90323716,0.0010611016,Third-Party Sharing
1089_freep.com,21,Third-Party Sharing,0,0.10090528,0.00035447752,0.0017633889,0.13785203,0.00038250617,0.89360726,0.009175213,Third-Party Sharing
1089_freep.com,22,Data Security|Other/Unclear,0,0.085185915,0.0014480952,0.028370712,0.85522145,0.0017988409,0.2774566,0.19002286,Other/Unclear
1089_freep.com,23,Data Collection,0,0.9604365,5.1172887e-05,0.00017369966,0.142908,3.289773e-05,0.3908037,0.0021137386,Data Collection
1089_freep.com,24,Data Collection|Third-Party Sharing,0,0.8680957,6.765313e-06,0.00011137445,0.23373775,3.772554e-06,0.8432652,0.0006431212,Data Collection|Third-Party Sharing
1089_freep.com,25,Data Collection|Third-Party Sharing,0,0.8751727,6.814844e-05,0.00030851093,0.22427602,1.672499e-05,0.14018743,0.006205193,Data Collection
1089_freep.com,26,Other/Unclear|User Control & Deletion,0,0.039059587,1.1960299e-05,0.00016826807,0.94850445,2.2843964e-05,0.13893463,0.27777424,Other/Unclear
1089_freep.com,27,Other/Unclear|Third-Party Sharing,0,0.15860286,0.00020344231,0.0027764998,0.73199946,9.9208046e-05,0.4193951,0.0053627077,Other/Unclear
1089_freep.com,28,Data Collection|Other/Unclear,0,0.070967324,1.38363075e-05,7.347633e-05,0.9980236,1.0434462e-05,0.002144575,0.0012634571,Other/Unclear
1089_freep.com,29,User Control & Deletion,0,0.14131239,3.119047e-05,0.00012611793,0.40169874,8.579519e-05,0.007073079,0.19845384,
1089_freep.com,30,Data Security,0,0.05382449,0.0002846508,0.3073862,0.34498945,0.00011433504,0.018452909,0.003042333,
1089_freep.com,31,Other/Unclear,0,0.09834053,8.656948e-06,0.000156127,0.89826953,1.21724615e-05,0.13116996,0.0016969324,Other/Unclear
1089_freep.com,32,Other/Unclear,0,0.010052518,0.000103677354,0.0006061042,0.98808014,0.0003824038,0.009107728,0.01452489,Other/Unclear
1099_enthusiastnetwork.com,0,Data Security|Other/Unclear,4,0.042151935,4.9738383e-06,0.00010582479,0.90346247,1.7475955e-05,0.017862704,0.0014318986,Other/Unclear
1099_enthusiastnetwork.com,1,Data Collection,4,0.8915982,1.1093636e-05,8.5456224e-05,0.25463137,4.6288324e-06,0.044203594,0.0029900584,Data Collection
1099_enthusiastnetwork.com,2,Data Collection,4,0.6484468,2.2289712e-05,0.0003758346,0.23066403,6.378117e-06,0.053517412,0.007344942,Data Collection
1099_enthusiastnetwork.com,3,Data Collection|Other/Unclear,4,0.8720513,0.00013272789,0.00041476588,0.22828746,0.00010677621,0.053706944,0.0046814377,Data Collection
1099_enthusiastnetwork.com,4,Data Collection|Data Retention|Other/Unclear|Third-Party Sharing|User Control & Deletion,4,0.7003819,3.5534265e-06,2.2242135e-05,0.17878422,1.2935662e-06,0.05565327,0.0044175936,Data Collection
1099_enthusiastnetwork.com,5,Other/Unclear,4,0.17810519,0.00046880593,0.0034585,0.51660466,0.0003169015,0.4386698,0.017070504,Other/Unclear
1099_enthusiastnetwork.com,6,Third-Party Sharing,4,0.12482875,0.00014850611,0.0014605402,0.27032447,6.831379e-05,0.5931999,0.009958851,Third-Party Sharing
1099_enthusiastnetwork.com,7,Third-Party Sharing,4,0.2751088,1.9928677e-05,0.0004312,0.39809814,2.1784912e-05,0.4116898,0.003455522,
1099_enthusiastnetwork.com,8,Third-Party Sharing,4,0.20172839,2.8222523e-05,0.00035003762,0.3894289,1.8384306e-05,0.60247034,0.015720172,Third-Party Sharing
1099_enthusiastnetwork.com,9,Third-Party Sharing,4,0.51652026,0.00034466022,0.0028484361,0.3668793,0.00025937895,0.23783839,0.026469933,Data Collection
1099_enthusiastnetwork.com,10,Third-Party Sharing,4,0.44507238,4.356577e-05,0.001329797,0.13979259,1.4956156e-05,0.6791944,0.0042613186,Third-Party Sharing
1099_enthusiastnetwork.com,11,Other/Unclear|Third-Party Sharing,4,0.35293546,2.2265627e-05,0.00023703538,0.5371175,1.2144434e-05,0.23399934,0.0050813328,Other/Unclear
1099_enthusiastnetwork.com,12,Third-Party Sharing|User Control & Deletion,4,0.031010835,6.471944e-06,4.9743823e-05,0.60825324,9.34751e-06,0.18225941,0.15225042,Other/Unclear
1099_enthusiastnetwork.com,13,Other/Unclear|Third-Party Sharing,4,0.10635078,0.00013026064,0.0013289019,0.8705931,7.355098e-05,0.37808654,0.00711287,Other/Unclear
1099_enthusiastnetwork.com,14,Third-Party Sharing,4,0.15249261,0.00025957986,0.00231915,0.09821467,0.00021291377,0.4919512,0.0033112871,
1099_enthusiastnetwork.com,15,Third-Party Sharing,4,0.18615688,0.0003204219,0.001376638,0.11465003,0.0005484561,0.7267306,0.010153571,Third-Party Sharing
1099_enthusiastnetwork.com,16,Data Collection|Other/Unclear|Third-Party Sharing|User Control & Deletion,4,0.6947956,6.155442e-06,2.6481555e-05,0.27999705,1.991936e-06,0.032377668,0.04617104,Data Collection
1099_enthusiastnetwork.com,17,Third-Party Sharing,4,0.71601504,2.049209e-06,2.0563253e-05,0.44444057,1.2059018e-06,0.5306275,0.0013380272,Data Collection|Third-Party Sharing
1099_enthusiastnetwork.com,18,Data Collection|Other/Unclear,4,0.92514646,1.1947909e-05,0.00015416679,0.18357335,4.8806996e-06,0.08461945,0.0015169812,Data Collection
1099_enthusiastnetwork.com,19,Data Collection|Other/Unclear,4,0.8815102,0.00010135422,0.00042087949,0.25759694,5.6450895e-05,0.0853899,0.0074980585,Data Collection
1099_enthusiastnetwork.com,20,Data Collection|Other/Unclear|Third-Party Sharing,4,0.28420207,8.7699976e-07,1.685451e-05,0.6294414,7.4022483e-07,0.64438844,0.0017981639,Other/Unclear|Third-Party Sharing
1099_enthusiastnetwork.com,21,Other/Unclear,4,0.18154964,0.00030011102,0.0011995703,0.4352141,0.00026855594,0.0359498,0.26746938,
1099_enthusiastnetwork.com,22,User Control & Deletion,4,0.16591297,0.00044168596,0.0009480151,0.43999982,0.0004142214,0.025134267,0.14735952,
1099_enthusiastnetwork.com,23,Other/Unclear|User Control & Deletion,4,0.08957203,0.0005669525,0.0014530317,0.63458765,0.0004396919,0.023971526,0.30954576,Other/Unclear
1099_enthusiastnetwork.com,24,User Control & Deletion,4,0.15537293,0.0012568148,0.003679433,0.60456556,0.0018260592,0.056699153,0.44175902,Other/Unclear
1099_enthusiastnetwork.com,25,User Control & Deletion,4,0.038894378,6.133173e-05,0.0003341204,0.7315532,4.9487036e-05,0.34838483,0.08881553,Other/Unclear
1099_enthusiastnetwork.com,26,Data Retention|Other/Unclear|User Control & Deletion,4,0.04852525,7.3047246e-05,0.0001569069,0.74979424,9.3452945e-06,0.032157164,0.18869531,Other/Unclear
1099_enthusiastnetwork.com,27,Other/Unclear,4,0.038157787,0.000363542,0.002321258,0.9073386,0.0003874249,0.028000366,0.037049845,Other/Unclear
1099_enthusiastnetwork.com,28,Other/Unclear,4,0.06554641,0.00087267446,0.00286233,0.72585404,0.0007070415,0.03385877,0.63180065,Other/Unclear|User Control & Deletion
1099_enthusiastnetwork.com,29,Data Security|Other/Unclear,4,0.009765637,4.735581e-06,0.024330094,0.38951874,2.1614944e-06,0.009702084,0.0006634345,
1099_enthusiastnetwork.com,30,Other/Unclear,4,0.21382764,3.053894e-05,0.0003676692,0.978535,3.8446047e-05,0.0063521853,0.00163086,Other/Unclear
1099_enthusiastnetwork.com,31,Other/Unclear,4,0.027977208,2.3911352e-06,0.00011065019,0.93404794,2.3242262e-06,0.2707425,0.0014640057,Other/Unclear
1099_enthusiastnetwork.com,32,Other/Unclear,4,0.031771794,5.4218923e-05,0.000119258366,0.97942424,3.1481937e-05,0.020650752,0.055686854,Other/Unclear
1099_enthusiastnetwork.com,33,Other/Unclear,4,0.10204802,0.0002361909,0.001159641,0.9121595,0.00017594578,0.049233977,0.008808156,Other/Unclear
1099_enthusiastnetwork.com,34,Policy Change|User Control & Deletion,4,0.030224092,1.28166475e-05,0.00017778904,0.91035014,0.0003475329,0.019636573,0.009777185,Other/Unclear
1099_enthusiastnetwork.com,35,Policy Change,4,0.028129697,0.00014427175,0.0012688169,0.5966812,0.0040142755,0.03512942,0.008092361,Other/Unclear
1099_enthusiastnetwork.com,36,Other/Unclear,4,0.008951976,2.9842355e-05,0.00017278519,0.9892545,8.6528205e-05,0.0069497875,0.0110805975,Other/Unclear
1099_enthusiastnetwork.com,37,Other/Unclear,4,0.07270575,0.0020137965,0.0061087944,0.87862206,0.0017177701,0.036537617,0.1126226,Other/Unclear
1099_enthusiastnetwork.com,38,Other/Unclear|Policy Change,4,0.07367272,0.010466804,0.018071443,0.8651138,0.1013968,0.05037333,0.06849058,Other/Unclear
1164_acbj.com,0,Other/Unclear,1,0.13910188,0.0038591498,0.018934239,0.8063365,0.01173889,0.110765375,0.07060298,Other/Unclear
1164_acbj.com,1,Other/Unclear|Policy Change|User Control & Deletion,1,0.023987485,0.00014781905,0.0005202719,0.9447927,0.0011231775,0.05474347,0.06201082,Other/Unclear
1164_acbj.com,2,Other/Unclear,1,0.40921196,0.00094383216,0.0031205134,0.6052081,0.0014931003,0.10266312,0.012361797,Other/Unclear
1164_acbj.com,3,Other/Unclear,1,0.48967656,3.1914446e-05,0.0002681296,0.6988745,4.710273e-05,0.06324252,0.0024800482,Other/Unclear
1164_acbj.com,4,Data Collection,1,0.9293833,1.1289831e-05,4.5559522e-05,0.118729755,3.2602607e-06,0.059231237,0.0036979388,Data Collection
1164_acbj.com,5,Data Collection,1,0.9673329,5.4265518e-05,0.00017197589,0.1183929,3.125219e-05,0.073612064,0.003829419,Data Collection
1164_acbj.com,6,Data Collection|Third-Party Sharing|User Control & Deletion,1,0.75475574,4.3908476e-06,3.500382e-05,0.28789186,3.0838055e-06,0.28135493,0.0028546953,Data Collection
1164_acbj.com,7,Data Collection,1,0.9637163,2.658312e-06,1.0866489e-05,0.0853383,2.4253886e-06,0.040211394,0.0017223934,Data Collection
1164_acbj.com,8,Third-Party Sharing|User Control & Deletion,1,0.09570886,1.7329858e-06,7.5629223e-06,0.395148,2.1186918e-06,0.04064984,0.082104445,
1164_acbj.com,9,Data Collection|Other/Unclear|Third-Party Sharing,1,0.7174819,2.8168101e-06,0.00014528708,0.35838687,8.386558e-07,0.6979134,0.00069394225,Data Collection|Third-Party Sharing
1164_acbj.com,10,Data Collection|Third-Party Sharing,1,0.24829969,0.00025479196,0.0013045619,0.40407738,0.00024470093,0.52134573,0.012530293,Third-Party Sharing
1164_acbj.com,11,Third-Party Sharing,1,0.18868625,0.0011636496,0.004579049,0.09803215,0.00041074082,0.84797657,0.0123829935,Third-Party Sharing
1164_acbj.com,12,Data Collection,1,0.96479654,5.3546693e-05,0.00016049859,0.09245972,2.9812329e-05,0.0974286,0.0023249385,Data Collection
1164_acbj.com,13,Data Collection|Third-Party Sharing,1,0.6801311,0.0029398045,0.007944372,0.15502267,0.004081442,0.86940604,0.01932619,Data Collection|Third-Party Sharing
1164_acbj.com,14,Third-Party Sharing,1,0.03759781,0.00037055297,0.0014289661,0.13626425,0.000744996,0.9113055,0.0046928795,Third-Party Sharing
1164_acbj.com,15,Data Collection|Other/Unclear,1,0.80738825,0.00023031427,0.0006873157,0.2808677,0.00014904675,0.18972823,0.008364601,Data Collection
1164_acbj.com,16,Data Collection|Data Retention|Other/Unclear|Third-Party Sharing,1,0.9829478,1.3531084e-05,5.458934e-05,0.066208586,3.944995e-06,0.14657207,0.002003147,Data Collection
1164_acbj.com,17,User Control & Deletion,1,0.613001,0.0002846678,0.001191226,0.55146223,0.0002578451,0.086715885,0.20758341,Data Collection|Other/Unclear
1164_acbj.com,18,Data Collection|Other/Unclear,1,0.7570048,0.00039901613,0.0018757364,0.31979138,0.0005362462,0.3719726,0.015809188,Data Collection
1164_acbj.com,19,Other/Unclear|User Control & Deletion,1,0.09991898,0.00012530756,0.0005805517,0.8468002,0.00013918342,0.11057211,0.069785565,Other/Unclear
1164_acbj.com,20,Third-Party Sharing|User Control & Deletion,1,0.62885076,9.276881e-07,1.3115654e-05,0.3791689,1.1291236e-06,0.16170959,0.0028656796,Data Collection
1164_acbj.com,21,Other/Unclear|User Control & Deletion,1,0.03305088,0.0006689739,0.0027851323,0.91819185,0.0009342976,0.102797456,0.0098091895,Other/Unclear
1164_acbj.com,22,Data Security,1,0.07372179,5.023508e-05,0.01884707,0.58398813,1.7051307e-05,0.031212702,0.002303468,Other/Unclear
1164_acbj.com,23,Data Security,1,0.39130634,0.00011632843,0.0013208131,0.398751,3.1981057e-05,0.12590462,0.009984817,
1164_acbj.com,24,Data Security,1,0.22158945,0.0001818717,0.0053495383,0.40893233,0.00032027703,0.1294204,0.009787295,
1164_acbj.com,25,Other/Unclear,1,0.17762893,0.00041909996,0.0017263544,0.9308949,0.00028608696,0.06491716,0.009955687,Other/Unclear
1164_acbj.com,26,Other/Unclear,1,0.20231,0.00073242385,0.00317075,0.76262224,0.0006553368,0.32925242,0.07900755,Other/Unclear
1164_acbj.com,27,Other/Unclear,1,0.0979154,0.000188374,0.00087578123,0.87707704,0.00051742897,0.070416555,0.011988815,Other/Unclear
1164_acbj.com,28,Other/Unclear,1,0.006285186,4.26142e-05,0.00029290945,0.9694872,3.671708e-05,0.065965824,0.1625091,Other/Unclear
1164_acbj.com,29,Other/Unclear,1,0.017661117,0.00014214628,0.00062260515,0.972839,0.00094614783,0.013453116,0.026566463,Other/Unclear
1164_acbj.com,30,User Control & Deletion,1,0.017226176,2.8299992e-05,0.00013173762,0.85128504,2.4529683e-05,0.20880964,0.30127412,Other/Unclear
1164_acbj.com,31,User Control & Deletion,1,0.087178096,0.00024083552,0.00037999774,0.6222067,0.000552549,0.021868292,0.35918745,Other/Unclear
1164_acbj.com,32,Other/Unclear,1,0.4369265,0.00020175528,0.001829767,0.41365477,0.00015240567,0.0972171,0.020287903,
1164_acbj.com,33,Other/Unclear,1,0.09579674,0.0007403734,0.0034706176,0.8713496,0.0013618608,0.04874766,0.040441662,Other/Unclear
1164_acbj.com,34,Other/Unclear,1,0.17074469,0.0004896372,0.0013397107,0.8083911,0.0003981049,0.073373385,0.04390379,Other/Unclear
1164_acbj.com,35,Other/Unclear|User Control & Deletion,1,0.09113006,0.000780157,0.0038442602,0.8386272,0.002625785,0.08357306,0.07867923,Other/Unclear
1164_acbj.com,36,Other/Unclear,1,0.13569315,0.0038856035,0.015853269,0.7610688,0.011881613,0.15743339,0.03197878,Other/Unclear
1164_acbj.com,37,Other/Unclear,1,0.06091418,0.00079034304,0.0037182027,0.8792454,0.00873661,0.041196402,0.041906167,Other/Unclear
1205_opensecrets.org,0,Other/Unclear,1,0.063393265,0.001611782,0.009735606,0.8993642,0.014683231,0.06613595,0.05253449,Other/Unclear
1205_opensecrets.org,1,Other/Unclear,1,0.16775441,0.0055508446,0.033883985,0.86456656,0.006568362,0.09297487,0.050131407,Other/Unclear
1205_opensecrets.org,2,Data Collection|Third-Party Sharing|User Control & Deletion,1,0.18026423,0.00050236814,0.0032371103,0.46411073,0.00030955675,0.6163155,0.07216759,Third-Party Sharing
1205_opensecrets.org,3,Data Collection,1,0.23940821,0.0003849269,0.00073961844,0.6911339,0.00028612386,0.06590546,0.1083075,Other/Unclear
1205_opensecrets.org,4,Data Collection|Data Retention|Third-Party Sharing,1,0.80353194,0.0001097976,0.0004837551,0.39894807,3.071956e-05,0.19483612,0.01649007,Data Collection
1205_opensecrets.org,5,Data Collection|Data Retention|Third-Party Sharing,1,0.8663752,0.00017268558,0.00048069228,0.10276425,3.682431e-05,0.095242895,0.0038073282,Data Collection
1205_opensecrets.org,6,Other/Unclear|Policy Change,1,0.011256725,3.711772e-05,0.0001554739,0.9232631,0.0057331393,0.0025586106,0.007451306,Other/Unclear
1205_opensecrets.org,7,Other/Unclear,1,0.014311573,0.0012303507,0.0041914005,0.95693314,0.42797625,0.0099781705,0.009498454,Other/Unclear
1206_dcccd.edu,0,Data Security|Other/Unclear,4,0.09275816,0.0021484604,0.048378456,0.7302089,0.003306922,0.09402224,0.030411858,Other/Unclear
1206_dcccd.edu,1,Data Security|Other/Unclear,4,0.09329784,0.0025516446,0.03398514,0.82768625,0.0044120452,0.17374156,0.09168701,Other/Unclear
1206_dcccd.edu,2,Data Collection|Data Retention|Other/Unclear,4,0.11939694,0.002628624,0.010710938,0.76301455,0.0021738012,0.257659,0.04736035,Other/Unclear
1206_dcccd.edu,3,Data Security|Other/Unclear,4,0.08742949,0.0044767116,0.02561596,0.8239572,0.0044474606,0.1920787,0.12228918,Other/Unclear
1206_dcccd.edu,4,Data Collection|Third-Party Sharing|User Control & Deletion,4,0.58788854,0.0014607011,0.003434657,0.39411944,0.0012060879,0.23417954,0.06134381,Data Collection
1206_dcccd.edu,5,User Control & Deletion,4,0.14782855,0.00034233826,0.0016073271,0.72180295,0.00035870052,0.1188766,0.089912355,Other/Unclear
1206_dcccd.edu,6,Data Collection|Third-Party Sharing|User Control & Deletion,4,0.36401758,0.003647951,0.0060277297,0.4536351,0.0012951319,0.45506585,0.07153878,
1206_dcccd.edu,7,Data Collection,4,0.89563346,0.0023337265,0.0057042222,0.18211174,0.0011048919,0.08500863,0.017025907,Data Collection
1206_dcccd.edu,8,Third-Party Sharing,4,0.7647308,0.0011565657,0.003229917,0.28290164,0.0010054705,0.36115333,0.029312428,Data Collection
1206_dcccd.edu,9,User Control & Deletion,4,0.17919295,0.00014081183,0.0005917227,0.7709788,0.00013022295,0.062053774,0.1307776,Other/Unclear
1206_dcccd.edu,10,Data Collection,4,0.88716745,0.00035792796,0.00086183305,0.18158488,0.00015534091,0.1316583,0.012759813,Data Collection
1206_dcccd.edu,11,Data Security|User Control & Deletion,4,0.47728068,0.0011264767,0.0070217666,0.38715532,0.00046278827,0.09048614,0.06833392,
1206_dcccd.edu,12,User Control & Deletion,4,0.3525793,0.0063347304,0.011133943,0.5520781,0.004393927,0.10669592,0.33063117,Other/Unclear
1206_dcccd.edu,13,User Control & Deletion,4,0.17456111,0.0011778416,0.0054991827,0.7763644,0.0010394392,0.06868046,0.11208127,Other/Unclear
1206_dcccd.edu,14,Data Security,4,0.022143355,0.0004797774,0.4973511,0.3739682,0.00038560625,0.026351666,0.0049161823,
1206_dcccd.edu,15,Data Security,4,0.16286847,0.00015303373,0.037563685,0.38224486,8.194047e-05,0.036854334,0.0060601635,
1206_dcccd.edu,16,Other/Unclear,4,0.31774244,0.007073001,0.016563915,0.75284326,0.0068675047,0.09526309,0.086434364,Other/Unclear
1221_gwdocs.com,0,Other/Unclear,3,0.03646734,0.00042229248,0.0052299993,0.92199445,0.013738942,0.04681572,0.02035004,Other/Unclear
1221_gwdocs.com,1,Data Collection|Other/Unclear,3,0.48622927,3.741409e-05,0.00060659903,0.6101061,2.4114424e-05,0.051369414,0.030808793,Other/Unclear
1221_gwdocs.com,2,Data Collection,3,0.78856474,9.025482e-05,0.0007699905,0.29271626,0.00012979239,0.060799107,0.008516993,Data Collection
1221_gwdocs.com,3,Data Collection|Third-Party Sharing,3,0.23397687,0.00022847437,0.0034271053,0.3752668,0.00019210787,0.55113184,0.040639374,Third-Party Sharing
1221_gwdocs.com,4,Data Security,3,0.02089321,0.0005046608,0.78796166,0.23240668,0.0005068457,0.015815027,0.004231409,Data Security
1221_gwdocs.com,5,Other/Unclear,3,0.032906793,4.9360904e-05,0.0012819017,0.9520773,0.0001267164,0.08227924,0.0031632427,Other/Unclear
1224_austincc.edu,0,Other/Unclear,2,0.114950374,0.0018013443,0.011180292,0.8683042,0.015262455,0.05107221,0.0410363,Other/Unclear
1224_austincc.edu,1,Data Collection|Data Security|Other/Unclear|Third-Party Sharing,2,0.29358253,0.000115981755,0.00086430967,0.55609715,8.376112e-05,0.23306209,0.006011975,Other/Unclear
1224_austincc.edu,2,Data Collection|Third-Party Sharing|User Control & Deletion,2,0.31331643,0.005590765,0.022394473,0.5214901,0.0025680857,0.2090085,0.3003317,Other/Unclear
1224_austincc.edu,3,Other/Unclear|User Control & Deletion,2,0.16082859,0.0071972203,0.060275808,0.75492364,0.008405128,0.202878,0.11455278,Other/Unclear
1224_austincc.edu,4,Other/Unclear|Policy Change,2,0.1588802,0.0005394667,0.002698908,0.7381554,0.003555569,0.083656184,0.014469512,Other/Unclear
1224_austincc.edu,5,Other/Unclear,2,0.042504102,0.00050773646,0.003932893,0.95933914,0.00057196256,0.1299267,0.007526116,Other/Unclear
1224_austincc.edu,6,Data Collection,2,0.86359864,0.00091649935,0.0014506947,0.204601,0.0004494425,0.038624942,0.0130104,Data Collection
1224_austincc.edu,7,Data Collection,2,0.86865044,0.0016641712,0.0037949588,0.26309437,0.0008181479,0.1748285,0.016454104,Data Collection
1224_austincc.edu,8,Data Collection|Third-Party Sharing,2,0.48174337,0.0026928026,0.0051607024,0.27601588,0.00048989727,0.6013773,0.04318425,Third-Party Sharing
1224_austincc.edu,9,Data Collection,2,0.84524155,0.00010717686,0.0005527259,0.19290587,5.99997e-05,0.30319124,0.006369603,Data Collection
1224_austincc.edu,10,Data Collection|Data Retention,2,0.5825623,7.767673e-05,0.00013167935,0.4491485,1.0868289e-05,0.08133379,0.017476654,Data Collection
1224_austincc.edu,11,Data Collection|Other/Unclear,2,0.8642476,0.00022498227,0.001142292,0.22491518,0.00010077792,0.08191392,0.005110536,Data Collection
1224_austincc.edu,12,Data Collection,2,0.64941,1.955629e-05,0.0001198874,0.3852404,8.494348e-06,0.072460294,0.0083454475,Data Collection
1224_austincc.edu,13,Data Collection|Other/Unclear,2,0.93792546,5.983506e-05,0.00020471196,0.19904359,1.8439216e-05,0.16291904,0.0050999015,Data Collection
1224_austincc.edu,14,Data Collection|Other/Unclear|Third-Party Sharing,2,0.7401649,9.346495e-05,0.0004101625,0.27856484,5.1605464e-05,0.6048109,0.0056238994,Data Collection|Third-Party Sharing
1224_austincc.edu,15,Data Security,2,0.025951307,0.0015687965,0.7597155,0.26455793,0.0012068623,0.037207726,0.00692614,Data Security
1224_austincc.edu,16,Other/Unclear|User Control & Deletion,2,0.20384435,0.0006654101,0.002485796,0.70823735,0.0003423888,0.05425612,0.02828665,Other/Unclear
1224_austincc.edu,17,Other/Unclear,2,0.069567576,0.0003984632,0.004610515,0.869651,0.0004412908,0.27367607,0.01583377,Other/Unclear
1224_austincc.edu,18,Other/Unclear,2,0.04548228,0.0002843835,0.0022571732,0.8764984,0.00064540753,0.037167046,0.025970679,Other/Unclear
1252_cincymuseum.org,0,Other/Unclear,2,0.041798454,0.0005852711,0.004249149,0.9098379,0.016047783,0.046439692,0.02080641,Other/Unclear
1252_cincymuseum.org,1,Other/Unclear,2,0.4204728,0.0024676444,0.011425942,0.58680606,0.0035739818,0.34890205,0.043387566,Other/Unclear
1252_cincymuseum.org,2,Data Security|Other/Unclear|Policy Change,2,0.044599887,2.924599e-05,0.0002682358,0.81940323,0.0015106054,0.005282492,0.0064822175,Other/Unclear
1252_cincymuseum.org,3,Data Collection,2,0.9665605,9.4557545e-05,0.00018108994,0.053731456,4.6668374e-05,0.065067455,0.003392947,Data Collection
1252_cincymuseum.org,4,Data Collection,2,0.80784893,6.0514318e-05,0.00014134591,0.13171211,2.9011318e-05,0.030415742,0.14080301,Data Collection
1252_cincymuseum.org,5,Data Collection|Other/Unclear,2,0.9220792,3.3685426e-06,3.2173768e-05,0.32961822,1.5255043e-06,0.018092336,0.00060964026,Data Collection
1252_cincymuseum.org,6,Other/Unclear|Third-Party Sharing,2,0.07787916,8.924022e-06,0.00012918023,0.9468172,1.3065266e-05,0.18973754,0.0022400757,Other/Unclear
1252_cincymuseum.org,7,Data Collection|Other/Unclear,2,0.819049,2.833091e-05,0.00022060369,0.14606537,3.1444797e-05,0.0819885,0.008299417,Data Collection
1252_cincymuseum.org,8,Third-Party Sharing,2,0.42826697,0.0005330958,0.0018513286,0.31889486,0.00047292095,0.5277922,0.022344666,Third-Party Sharing
1252_cincymuseum.org,9,Data Security|Third-Party Sharing,2,0.51671183,0.00015160577,0.0020636653,0.13448673,5.5859913e-05,0.6256878,0.008909624,Data Collection|Third-Party Sharing
1252_cincymuseum.org,10,Other/Unclear|Third-Party Sharing,2,0.22591205,0.00042532987,0.004054759,0.5340214,0.00084438873,0.3623941,0.01207964,Other/Unclear
1252_cincymuseum.org,11,Other/Unclear|Third-Party Sharing,2,0.4058639,0.0005083248,0.0022612985,0.29838517,0.00049896335,0.2431203,0.14202106,
1252_cincymuseum.org,12,Third-Party Sharing,2,0.11539707,0.00018198007,0.0012683521,0.07229526,0.000109517474,0.91687936,0.002685737,Third-Party Sharing
1252_cincymuseum.org,13,Data Collection|Third-Party Sharing,2,0.7898341,8.9255545e-06,0.00017324704,0.07592886,4.8790585e-06,0.3407062,0.0022643106,Data Collection
1252_cincymuseum.org,14,Data Collection|Third-Party Sharing,2,0.68491095,0.00026890295,0.0014575638,0.15550213,0.00028791005,0.40708727,0.013945997,Data Collection
1252_cincymuseum.org,15,Data Security,2,0.29226708,0.0014814169,0.034561094,0.41643888,0.0012929776,0.14129768,0.026363008,
1252_cincymuseum.org,16,Data Security,2,0.041038685,0.00020426627,0.4624324,0.11714462,0.00013348603,0.0379063,0.0014822562,
1252_cincymuseum.org,17,Other/Unclear,2,0.089312494,0.0016731793,0.004738199,0.86536056,0.0011052109,0.18108018,0.05902151,Other/Unclear
1252_cincymuseum.org,18,Other/Unclear|User Control & Deletion,2,0.055069115,8.1372586e-05,0.00014092973,0.39499804,4.7136706e-05,0.0059973486,0.53243524,User Control & Deletion
1252_cincymuseum.org,19,Other/Unclear|Third-Party Sharing|User Control & Deletion,2,0.22666532,0.0011271079,0.0052129603,0.34999833,0.0004688138,0.5574466,0.041795496,Third-Party Sharing
1252_cincymuseum.org,20,Other/Unclear|Third-Party Sharing|User Control & Deletion,2,0.012746823,8.188871e-06,0.000112148206,0.95949125,2.6925545e-05,0.016311416,0.003707862,Other/Unclear
1252_cincymuseum.org,21,Other/Unclear,2,0.2255234,0.0031509276,0.009261252,0.7960373,0.0029332603,0.05597333,0.19302674,Other/Unclear
1252_cincymuseum.org,22,Other/Unclear,2,0.13646309,0.00085390575,0.0025717902,0.7517214,0.0015022751,0.0594199,0.042864263,Other/Unclear
1252_cincymuseum.org,23,Other/Unclear|Policy Change,2,0.08674671,0.0069854637,0.017915953,0.7928316,0.16183695,0.061357766,0.040955145,Other/Unclear
1252_cincymuseum.org,24,Other/Unclear,2,0.19727258,0.004614334,0.012261697,0.54435736,0.017967742,0.16246627,0.059678875,Other/Unclear
1261_zacks.com,0,Other/Unclear,0,0.15663078,0.0013099184,0.009828607,0.782685,0.009817317,0.13498688,0.032611743,Other/Unclear
1261_zacks.com,1,Data Collection|Other/Unclear|Third-Party Sharing,0,0.62194914,1.9294393e-05,6.327341e-05,0.23759265,3.7759146e-06,0.08883012,0.02105193,Data Collection
1261_zacks.com,2,Data Collection|Other/Unclear|User Control & Deletion,0,0.37445003,6.572727e-05,0.00044921818,0.39928582,7.3701274e-05,0.09799122,0.069930166,
1261_zacks.com,3,Data Collection|Data Security|Other/Unclear|Third-Party Sharing|User Control & Deletion,0,0.32371095,1.9093779e-05,0.00014266248,0.45549384,1.0664356e-05,0.25252298,0.0419813,
1261_zacks.com,4,Data Collection|Data Security|Other/Unclear|Third-Party Sharing|User Control & Deletion,0,0.26255044,4.401679e-05,0.00030463038,0.528278,2.6597863e-05,0.18053132,0.07929549,Other/Unclear
1261_zacks.com,5,Data Collection|Third-Party Sharing|User Control & Deletion,0,0.4900777,0.00017074014,0.0026635116,0.18657775,7.5818265e-05,0.265756,0.037293028,
1261_zacks.com,6,Third-Party Sharing|User Control & Deletion,0,0.4812823,0.000101994025,0.00036304243,0.4032639,8.229953e-05,0.13395429,0.06690357,
1261_zacks.com,7,Data Collection|Third-Party Sharing|User Control & Deletion,0,0.60726124,0.0007665278,0.015779523,0.123277485,0.00040243714,0.24739012,0.029996552,Data Collection
1261_zacks.com,8,Data Collection|User Control & Deletion,0,0.8494599,0.00014706039,0.0003566259,0.4892254,9.676213e-05,0.04948406,0.056780323,Data Collection
1261_zacks.com,9,Other/Unclear|User Control & Deletion,0,0.2721003,0.0001232472,0.0003932951,0.4550925,6.768468e-05,0.1111618,0.22138932,
1261_zacks.com,10,Other/Unclear|Third-Party Sharing|User Control & Deletion,0,0.23511535,0.00015564461,0.00095514423,0.4756204,6.8335205e-05,0.1932448,0.08865625,
1261_zacks.com,11,Other/Unclear|User Control & Deletion,0,0.08410212,0.00023405415,0.00092028244,0.96503896,0.00014410843,0.015424829,0.061013877,Other/Unclear
1261_zacks.com,12,Other/Unclear,0,0.09911773,0.012839982,0.027599119,0.80074924,0.095044896,0.07263903,0.055757083,Other/Unclear
1264_citizen.org,0,Data Collection|Data Security|Other/Unclear,1,0.12103187,4.6628065e-05,0.0009671159,0.9165667,0.00014248352,0.029824384,0.0033618968,Other/Unclear
1264_citizen.org,1,Data Collection|Data Retention|Third-Party Sharing,1,0.5658813,6.0699447e-05,0.00028020426,0.33112708,2.8590968e-05,0.34040874,0.004438362,Data Collection
1264_citizen.org,2,Data Retention|Other/Unclear|Third-Party Sharing|User Control & Deletion,1,0.29479668,8.013179e-05,0.00037353387,0.38003945,4.2582615e-05,0.20646647,0.015448357,
1264_citizen.org,3,Data Collection|User Control & Deletion,1,0.33331683,0.002567149,0.0101148775,0.44488925,0.00207302,0.16374023,0.22192141,
1264_citizen.org,4,Data Retention|Other/Unclear|Third-Party Sharing|User Control & Deletion,1,0.3142954,0.00057225884,0.0029241086,0.48332608,0.00024290224,0.20875554,0.07905747,
1264_citizen.org,5,Third-Party Sharing,1,0.4666244,0.0005126402,0.0071138665,0.20868902,0.00018236774,0.666548,0.01177693,Third-Party Sharing
1264_citizen.org,6,Third-Party Sharing|User Control & Deletion,1,0.08553186,0.00044346612,0.0022126508,0.81347966,0.00044475318,0.08671364,0.23832417,Other/Unclear
1264_citizen.org,7,Data Retention|Third-Party Sharing,1,0.30400074,0.0022522877,0.01517041,0.52753603,0.0009869895,0.31033775,0.044798568,Other/Unclear
1264_citizen.org,8,Data Security,1,0.19865772,0.00079551013,0.08047757,0.4297108,0.00043467633,0.090054326,0.011155138,
1264_citizen.org,9,Data Retention|Third-Party Sharing,1,0.29036003,0.00030992232,0.0005212922,0.5075931,0.00012968747,0.1373169,0.03351228,Other/Unclear
1264_citizen.org,10,Data Collection,1,0.8943673,0.0001860473,0.00051097723,0.1714681,0.00010075349,0.15711321,0.008660813,Data Collection
1264_citizen.org,11,Data Collection,1,0.94789165,0.000403979,0.001032722,0.0862272,0.00016785476,0.080529414,0.0054896926,Data Collection
1264_citizen.org,12,Other/Unclear|Policy Change,1,0.03984305,0.00074775144,0.0019056496,0.7894111,0.07491312,0.021369556,0.023343062,Other/Unclear
1264_citizen.org,13,Other/Unclear,1,0.025616493,0.0004695123,0.0024348903,0.9619071,0.001623651,0.0221876,0.05605451,Other/Unclear
1300_bankofamerica.com,0,Other/Unclear,2,0.12171374,0.0036486343,0.012481567,0.8838391,0.016021824,0.08337886,0.049353458,Other/Unclear
1300_bankofamerica.com,1,Other/Unclear,2,0.04715731,0.0077265254,0.01498834,0.9336937,0.47283587,0.031316787,0.02817578,Other/Unclear
1300_bankofamerica.com,2,Other/Unclear,2,0.114979796,0.000120520024,0.00071869494,0.9005733,0.00036734535,0.10150058,0.0049224524,Other/Unclear
1300_bankofamerica.com,3,Other/Unclear,2,0.16950709,0.00016224988,0.0010911252,0.9035007,0.00030233926,0.09122325,0.011663379,Other/Unclear
1300_bankofamerica.com,4,Data Collection|Other/Unclear|Third-Party Sharing,2,0.1365902,3.7839018e-05,0.00030385682,0.7162846,7.342202e-05,0.09497299,0.0059489636,Other/Unclear
1300_bankofamerica.com,5,Other/Unclear,2,0.07915201,0.00011233936,0.0012226531,0.86126673,0.0012391886,0.03591599,0.017775591,Other/Unclear
1300_bankofamerica.com,6,Data Collection|Other/Unclear,2,0.7068669,0.00021614235,0.0015982141,0.3351987,0.00011040605,0.08010478,0.014308032,Data Collection
1300_bankofamerica.com,7,Data Collection|Other/Unclear,2,0.55084646,0.0003445757,0.002622743,0.50483733,0.0004292497,0.10180587,0.012504284,Data Collection|Other/Unclear
1300_bankofamerica.com,8,Data Collection,2,0.7010092,0.0070182346,0.010344282,0.1860492,0.0041755117,0.15959236,0.07351553,Data Collection
1300_bankofamerica.com,9,Data Collection,2,0.43472856,0.00032404502,0.0016064956,0.34440857,0.0013288024,0.08044172,0.016793573,
1300_bankofamerica.com,10,Data Collection,2,0.6750844,0.00082048995,0.0027688772,0.18384816,0.0007942044,0.55954725,0.0394586,Data Collection|Third-Party Sharing
1300_bankofamerica.com,11,Data Collection,2,0.7927354,0.0019205933,0.0049817585,0.31325674,0.00257942,0.15525952,0.06900481,Data Collection
1300_bankofamerica.com,12,Data Collection,2,0.77019626,0.0011270181,0.006373466,0.2606321,0.0007661754,0.20053743,0.048490357,Data Collection
1300_bankofamerica.com,13,Data Collection,2,0.3343863,0.001136805,0.03734706,0.23734428,0.0005551946,0.09599588,0.023090709,
1300_bankofamerica.com,14,Data Collection|Other/Unclear,2,0.87084925,0.00022200335,0.0009696505,0.36292914,0.00016652174,0.24944174,0.016711978,Data Collection
1300_bankofamerica.com,15,Data Collection|User Control & Deletion,2,0.5706294,0.00051112205,0.0014481043,0.2933167,0.00019064863,0.112189576,0.07571495,Data Collection
1300_bankofamerica.com,16,Data Collection,2,0.68787104,0.00023806658,0.001226936,0.21072616,0.00018698093,0.15607174,0.031575307,Data Collection
1300_bankofamerica.com,17,Data Collection|Other/Unclear,2,0.79721147,0.00051819574,0.0021313636,0.38186684,0.0004197641,0.12831198,0.013873855,Data Collection
1300_bankofamerica.com,18,Data Collection,2,0.8474708,0.0034424623,0.008200372,0.12808895,0.002631775,0.43882352,0.03225917,Data Collection
1300_bankofamerica.com,19,Data Collection,2,0.14758076,0.0060878075,0.022290707,0.310549,0.0039050553,0.54204094,0.022296146,Third-Party Sharing
1300_bankofamerica.com,20,Data Collection,2,0.69535214,0.0004586351,0.0016121621,0.28656656,0.00017291793,0.123497605,0.051220495,Data Collection
1300_bankofamerica.com,21,Other/Unclear,2,0.21075453,0.00012720442,0.00046527496,0.75367707,0.000110846515,0.05622673,0.034829892,Other/Unclear
1300_bankofamerica.com,22,Data Collection|Other/Unclear,2,0.8237466,0.00017379194,0.0009627627,0.28866717,9.916391e-05,0.15093462,0.0070787095,Data Collection
1300_bankofamerica.com,23,Data Collection|Other/Unclear|Third-Party Sharing,2,0.699379,0.00015703424,0.0011832241,0.33257407,0.00011938357,0.47502965,0.0044233315,Data Collection
1300_bankofamerica.com,24,Data Collection,2,0.8331624,0.00033299596,0.0021405232,0.1396255,0.0001332747,0.031732667,0.017650781,Data Collection
1300_bankofamerica.com,25,Data Collection|Other/Unclear,2,0.95956296,7.1380914e-06,5.1330157e-05,0.16948842,4.1437115e-06,0.063300766,0.0030960736,Data Collection
1300_bankofamerica.com,26,User Control & Deletion,2,0.54755604,1.8116816e-05,6.395834e-05,0.26782045,1.4834069e-05,0.0373598,0.13568097,Data Collection
1300_bankofamerica.com,27,Data Collection|Other/Unclear,2,0.8384443,0.00017233983,0.0008565084,0.279835,0.00012873134,0.21727552,0.013268379,Data Collection
1300_bankofamerica.com,28,Data Collection|Other/Unclear|User Control & Deletion,2,0.6263929,2.312056e-05,9.791597e-05,0.41951188,1.0395908e-05,0.038054626,0.033766974,Data Collection
1300_bankofamerica.com,29,Data Collection|Other/Unclear,2,0.9632894,5.624166e-05,0.00025845264,0.12313869,2.6127316e-05,0.034933206,0.0025237908,Data Collection
1300_bankofamerica.com,30,Data Collection,2,0.75049216,0.00029901913,0.0011084946,0.25200778,0.00012681047,0.57283115,0.003421049,Data Collection|Third-Party Sharing
1300_bankofamerica.com,31,Other/Unclear|Third-Party Sharing,2,0.36296728,4.7921054e-05,0.00020337728,0.5491456,2.9959201e-05,0.3077271,0.012642432,Other/Unclear
1300_bankofamerica.com,32,Data Collection,2,0.62289286,2.7247777e-05,0.000121890866,0.52699304,1.8010918e-05,0.1601135,0.0023180654,Data Collection|Other/Unclear
1300_bankofamerica.com,33,Data Collection|Other/Unclear,2,0.50927246,0.000542087,0.004353545,0.41522923,0.00088847923,0.16935325,0.012338395,Data Collection
1300_bankofamerica.com,34,Data Collection,2,0.71088904,0.00013414823,0.0005612346,0.3779224,0.0001328227,0.3601111,0.01114877,Data Collection
1300_bankofamerica.com,35,Data Collection,2,0.6795213,0.00014585418,0.00067536166,0.28546003,0.00011256708,0.24495487,0.018502375,Data Collection
1300_bankofamerica.com,36,Data Collection|Data Security|Third-Party Sharing,2,0.665829,8.660808e-05,0.00061280763,0.3162677,4.0642593e-05,0.39252034,0.010103938,Data Collection
1300_bankofamerica.com,37,Data Collection|Other/Unclear|User Control & Deletion,2,0.13903269,2.9032317e-05,0.0002551519,0.83073044,3.8040675e-05,0.2671859,0.006310155,Other/Unclear
1300_bankofamerica.com,38,Data Collection|Data Security|Other/Unclear,2,0.12891221,1.8575682e-05,0.00024326067,0.71185136,1.5497548e-05,0.53185314,0.011524073,Other/Unclear|Third-Party Sharing
1300_bankofamerica.com,39,Other/Unclear|User Control & Deletion,2,0.33100694,0.0015283327,0.0034770996,0.6531454,0.0015849684,0.16639896,0.1541599,Other/Unclear
1300_bankofamerica.com,40,User Control & Deletion,2,0.30450386,0.00037262595,0.0016746478,0.50395757,0.00036655704,0.15714438,0.15340585,Other/Unclear
1300_bankofamerica.com,41,Other/Unclear|User Control & Deletion,2,0.4859137,0.00012197586,0.0004365743,0.3714481,0.00010486085,0.11286599,0.045590717,
1300_bankofamerica.com,42,Other/Unclear|Third-Party Sharing,2,0.3327259,3.1220865e-05,7.6895914e-05,0.44789863,2.8514098e-05,0.092661396,0.054250795,
1300_bankofamerica.com,43,Other/Unclear|User Control & Deletion,2,0.17403132,0.00036262345,0.0013838384,0.75388676,0.00037534154,0.05623663,0.23450957,Other/Unclear
1300_bankofamerica.com,44,Data Security|Other/Unclear|User Control & Deletion,2,0.036053363,0.00011257973,0.0014060079,0.90429646,0.00021729204,0.1426389,0.15680908,Other/Unclear
1300_bankofamerica.com,45,User Control & Deletion,2,0.09781905,0.00014934699,0.0005115883,0.66452795,0.00013796169,0.13111839,0.36111078,Other/Unclear
1300_bankofamerica.com,46,Other/Unclear|User Control & Deletion,2,0.10630215,0.00017863652,0.00043380668,0.68015945,0.00018190742,0.11565039,0.28344077,Other/Unclear
1300_bankofamerica.com,47,Other/Unclear|User Control & Deletion,2,0.15140973,5.7141046e-05,0.00038887566,0.60810375,5.675492e-05,0.05112866,0.14928986,Other/Unclear
1300_bankofamerica.com,48,Other/Unclear,2,0.40140128,0.00015443965,0.0007690899,0.65659374,0.0001617792,0.044129513,0.014722305,Other/Unclear
1300_bankofamerica.com,49,Other/Unclear,2,0.03211607,7.848632e-05,0.0031146735,0.93374807,0.00011753923,0.20787202,0.003187549,Other/Unclear
1300_bankofamerica.com,50,Other/Unclear|Third-Party Sharing,2,0.2168881,8.1133956e-05,0.00042175347,0.8593287,0.0001355613,0.16745315,0.006321935,Other/Unclear
1300_bankofamerica.com,51,Data Security|Other/Unclear,2,0.06700997,0.0001459215,0.05173062,0.29340628,0.00010944118,0.11018579,0.0028571973,
1300_bankofamerica.com,52,Other/Unclear|Third-Party Sharing,2,0.14148028,1.05362515e-05,0.0006451935,0.5546658,4.829737e-06,0.05966026,0.0020799444,Other/Unclear
1300_bankofamerica.com,53,Other/Unclear|Third-Party Sharing,2,0.2705995,0.00029369662,0.0024681732,0.2629035,0.00031195694,0.070137486,0.042901956,
1300_bankofamerica.com,54,Other/Unclear|User Control & Deletion,2,0.18368685,0.0003319662,0.0015030168,0.6674412,0.00045403818,0.019288074,0.08073373,Other/Unclear
1300_bankofamerica.com,55,Other/Unclear|User Control & Deletion,2,0.07289981,4.8172253e-05,0.0004831637,0.99600565,6.783206e-05,0.0042493274,0.0023070537,Other/Unclear
1300_bankofamerica.com,56,Other/Unclear|Third-Party Sharing,2,0.2643355,0.00092387834,0.008468684,0.68227655,0.00060472253,0.22264998,0.017540028,Other/Unclear
1300_bankofamerica.com,57,Other/Unclear|Policy Change,2,0.007970154,6.141611e-05,0.00024146966,0.6548896,0.16773024,0.0033663227,0.00733171,Other/Unclear
1300_bankofamerica.com,58,Other/Unclear,2,0.5364359,0.0008573706,0.003093452,0.57807726,0.0006638341,0.15395176,0.05574857,Data Collection|Other/Unclear
1300_bankofamerica.com,59,Other/Unclear,2,0.4481343,0.019495921,0.042029463,0.5269697,0.021973457,0.22963367,0.16550632,Other/Unclear
1300_bankofamerica.com,60,Other/Unclear,2,0.45910564,0.025989342,0.073920526,0.5647689,0.029647522,0.38013628,0.2336349,Other/Unclear
1300_bankofamerica.com,61,Other/Unclear,2,0.24349919,0.011613098,0.06851416,0.6364879,0.017536845,0.2653164,0.14453784,Other/Unclear
1300_bankofamerica.com,62,Other/Unclear,2,0.5724168,0.00036879609,0.003539596,0.320605,0.0002903251,0.16850139,0.0301487,Data Collection
1300_bankofamerica.com,63,Data Collection,2,0.8162863,5.8969512e-05,0.00022602535,0.28069085,4.4883807e-05,0.11068229,0.0062078135,Data Collection
1300_bankofamerica.com,64,Other/Unclear|Third-Party Sharing|User Control & Deletion,2,0.23704937,0.0001450061,0.00065462285,0.48471966,0.000107781474,0.12937805,0.22124308,
1300_bankofamerica.com,65,Other/Unclear,2,0.39295062,0.0002255124,0.0008857364,0.4182316,0.00016366228,0.16698201,0.1775478,
1300_bankofamerica.com,66,Other/Unclear,2,0.04825499,0.00010831499,0.0010409396,0.9399045,0.0007477638,0.049220398,0.01826411,Other/Unclear
1300_bankofamerica.com,67,Other/Unclear,2,0.23936932,0.015355097,0.03629338,0.7755682,0.020665575,0.17003147,0.13367903,Other/Unclear
1300_bankofamerica.com,68,Other/Unclear,2,0.12336885,0.0060423515,0.01871309,0.8634034,0.020022856,0.106661424,0.056879997,Other/Unclear
1300_bankofamerica.com,69,Other/Unclear,2,0.1683293,0.008058603,0.03773391,0.71009785,0.035032444,0.14043057,0.076021306,Other/Unclear
1300_bankofamerica.com,70,Other/Unclear,2,0.3404425,0.013571032,0.027209274,0.5011731,0.013190372,0.29128984,0.19689988,Other/Unclear
1300_bankofamerica.com,71,Other/Unclear,2,0.08294706,0.0006119805,0.0075877397,0.88255733,0.001369754,0.13003299,0.029887654,Other/Unclear
1300_bankofamerica.com,72,Other/Unclear,2,0.28925383,0.014756096,0.03315301,0.6373766,0.026197756,0.21323225,0.12605432,Other/Unclear
1300_bankofamerica.com,73,Other/Unclear,2,0.09235401,0.0014909292,0.007199471,0.6705889,0.0018657625,0.21221165,0.4019855,Other/Unclear
1300_bankofamerica.com,74,Data Collection|Other/Unclear|Third-Party Sharing,2,0.5665961,0.00020380793,0.0008019196,0.3882872,0.0001912378,0.14455225,0.06065122,Data Collection
1300_bankofamerica.com,75,Other/Unclear|User Control & Deletion,2,0.54244983,0.00012695974,0.00044008848,0.32206288,9.995961e-05,0.104590625,0.044519503,Data Collection
1300_bankofamerica.com,76,Data Collection|Other/Unclear,2,0.7226612,0.0008766716,0.0015329287,0.26206988,0.0005079784,0.1846575,0.07905278,Data Collection
1300_bankofamerica.com,77,Other/Unclear,2,0.1873922,0.00010144435,0.00049660547,0.48841736,8.518569e-05,0.05174611,0.22032604,
1300_bankofamerica.com,78,Other/Unclear|User Control & Deletion,2,0.16213322,0.00091756816,0.0052121943,0.6132887,0.0011619062,0.09367785,0.26627538,Other/Unclear
1300_bankofamerica.com,79,Other/Unclear,2,0.2518549,0.001803769,0.006368394,0.73305166,0.0027395866,0.08681379,0.18291143,Other/Unclear
1300_bankofamerica.com,80,Other/Unclear|User Control & Deletion,2,0.5332031,0.0008834881,0.0019206385,0.39342314,0.00064181536,0.14269263,0.103271544,Data Collection
1300_bankofamerica.com,81,Other/Unclear,2,0.1224699,0.0025259764,0.011530561,0.7099996,0.0030410152,0.22253448,0.30706242,Other/Unclear
1306_chasepaymentech.com,0,Data Security|Other/Unclear,0,0.06238304,0.0005528337,0.017948177,0.92832404,0.0013180976,0.03368111,0.01248962,Other/Unclear
1306_chasepaymentech.com,1,Data Security|Other/Unclear,0,0.0440138,0.00011568606,0.0061208396,0.94265974,0.00031867684,0.016761746,0.005311432,Other/Unclear
1306_chasepaymentech.com,2,Data Collection|Data Security|Other/Unclear,0,0.29547858,2.1368289e-05,0.0011431178,0.33688694,7.4650447e-06,0.30091688,0.002297306,
1306_chasepaymentech.com,3,Other/Unclear,0,0.3403885,0.0026184497,0.013813218,0.60333884,0.0019874475,0.25233135,0.048416737,Other/Unclear
1306_chasepaymentech.com,5,Data Collection|Third-Party Sharing,0,0.4423099,2.3048771e-05,0.000113240465,0.35614005,7.084189e-06,0.27186102,0.003297969,
1306_chasepaymentech.com,6,Data Collection|Third-Party Sharing,0,0.36360204,8.916623e-06,0.00014200923,0.09316613,3.2107089e-06,0.5149907,0.0012449565,Third-Party Sharing
1306_chasepaymentech.com,7,Data Collection|Data Security|Other/Unclear|Third-Party Sharing,0,0.2559968,1.1953944e-05,0.00042300805,0.09692167,3.417912e-06,0.5894037,0.00088983437,Third-Party Sharing
1306_chasepaymentech.com,8,Third-Party Sharing,0,0.2487453,0.0013346631,0.00723021,0.36857662,0.0008847432,0.6818087,0.03132827,Third-Party Sharing
1306_chasepaymentech.com,9,Data Security|Other/Unclear,0,0.031988475,8.2350285e-05,0.10506765,0.31688902,3.656895e-05,0.04641397,0.001076022,
1306_chasepaymentech.com,10,Data Security|Other/Unclear,0,0.17494988,0.00076934806,0.055031516,0.33386105,0.00048288942,0.14922084,0.010216029,
1306_chasepaymentech.com,11,Data Collection|User Control & Deletion,0,0.16111842,3.3967648e-05,0.00028213795,0.844116,0.00014034136,0.028974928,0.07603395,Other/Unclear
1306_chasepaymentech.com,12,Data Collection|Other/Unclear,0,0.84236217,0.00017500321,0.0006146018,0.386009,0.00011742398,0.05010086,0.023654321,Data Collection
1306_chasepaymentech.com,13,Data Collection|Data Retention|Other/Unclear,0,0.9288515,7.9433594e-05,0.0002528231,0.28794518,3.220616e-05,0.07842213,0.015479716,Data Collection
1306_chasepaymentech.com,14,Data Collection,0,0.67169905,0.00013340282,0.0007082566,0.36106884,0.0001421559,0.059579156,0.016481292,Data Collection
1306_chasepaymentech.com,15,Data Collection,0,0.8933908,1.6527256e-05,0.00011574905,0.10931744,5.7398356e-06,0.069425754,0.0026686902,Data Collection
1306_chasepaymentech.com,16,Data Collection|Data Security|Other/Unclear|Third-Party Sharing|User Control & Deletion,0,0.65247756,1.6145476e-06,2.868833e-05,0.73516357,8.4474544e-07,0.03720659,0.0018675817,Data Collection|Other/Unclear
1306_chasepaymentech.com,17,Other/Unclear|User Control & Deletion,0,0.6887518,2.9237193e-05,0.00016117237,0.2499089,3.104786e-05,0.012156417,0.34089532,Data Collection
1306_chasepaymentech.com,18,Other/Unclear,0,0.12330659,9.9625315e-05,0.0016476354,0.8629846,7.5377684e-05,0.32427987,0.005346219,Other/Unclear
1306_chasepaymentech.com,19,Data Collection|Third-Party Sharing,0,0.9597508,1.66985e-05,7.009144e-05,0.21416327,4.286526e-06,0.54594755,0.001915472,Data Collection|Third-Party Sharing
1306_chasepaymentech.com,20,Other/Unclear,0,0.16880623,0.00012866751,0.0007990298,0.97413486,9.848903e-05,0.014116281,0.0047101295,Other/Unclear
1306_chasepaymentech.com,21,Other/Unclear,0,0.017003236,0.00012004719,0.0030369002,0.98104507,7.180615e-05,0.029003385,0.0044750124,Other/Unclear
1306_chasepaymentech.com,22,Other/Unclear,0,0.007974283,0.0016296874,0.049490537,0.9912091,0.001664769,0.011440784,0.018401694,Other/Unclear
1306_chasepaymentech.com,23,Policy Change,0,0.020085976,0.00020522089,0.0038904925,0.637816,0.0030167717,0.06997325,0.008960144,Other/Unclear
1306_chasepaymentech.com,24,Other/Unclear,0,0.048123565,0.005539638,0.022722064,0.9139642,0.007832226,0.04403124,0.07863052,Other/Unclear
1306_chasepaymentech.com,25,Other/Unclear,0,0.047495253,0.009335536,0.018882519,0.9249271,0.12311092,0.034656294,0.044125404,Other/Unclear
135_instagram.com,0,Other/Unclear,0,0.040878642,0.0004912176,0.005437164,0.9102354,0.012739435,0.053428356,0.019609002,Other/Unclear
135_instagram.com,1,Other/Unclear|Policy Change,0,0.36565167,0.0008499329,0.0027940264,0.49199125,0.0007301525,0.18947394,0.042989712,
135_instagram.com,2,Other/Unclear|Policy Change|User Control & Deletion,0,0.27106297,0.0008776278,0.0042654853,0.56510115,0.0011716264,0.10121636,0.08899995,Other/Unclear
135_instagram.com,3,Other/Unclear|Policy Change,0,0.051657636,0.0008480147,0.0031573107,0.897882,0.018158535,0.03558307,0.029142907,Other/Unclear
135_instagram.com,4,Other/Unclear|Policy Change,0,0.04093385,0.0033831866,0.009605521,0.92949253,0.109268464,0.026209338,0.026558101,Other/Unclear
135_instagram.com,5,Other/Unclear|Third-Party Sharing|User Control & Deletion,0,0.12564702,2.1035466e-06,4.1913638e-05,0.78814363,6.1360925e-06,0.063634425,0.0018766741,Other/Unclear
135_instagram.com,6,Other/Unclear,0,0.075291924,2.3082473e-05,0.00019758678,0.8795233,9.755384e-05,0.018253434,0.009244878,Other/Unclear
135_instagram.com,7,Data Collection|Other/Unclear,0,0.81265694,0.0005281203,0.002060676,0.4272941,0.00037852183,0.044024903,0.009935156,Data Collection
135_instagram.com,8,Data Collection,0,0.741448,3.2326054e-05,0.00016045959,0.20588943,1.6322294e-05,0.021329843,0.02072871,Data Collection
135_instagram.com,9,Data Collection|Other/Unclear,0,0.5420805,4.9138078e-05,0.00024484878,0.5815693,2.682893e-05,0.15735917,0.030686859,Data Collection|Other/Unclear
135_instagram.com,10,Other/Unclear|User Control & Deletion,0,0.35736036,0.00012408887,0.0007102712,0.6184227,5.5228295e-05,0.06443353,0.046404958,Other/Unclear
135_instagram.com,11,Data Collection|Third-Party Sharing,0,0.88395303,0.000105426436,0.0005341203,0.15512733,3.7812057e-05,0.24365497,0.0036704682,Data Collection
135_instagram.com,12,Data Collection|Other/Unclear|Third-Party Sharing,0,0.9101345,9.68445e-06,6.400047e-05,0.36721078,4.5812435e-06,0.2503631,0.003958362,Data Collection
135_instagram.com,13,Data Collection,0,0.9698291,6.5564105e-05,0.00019130616,0.10587803,1.9201785e-05,0.031610187,0.004809349,Data Collection
135_instagram.com,14,Data Collection|Other/Unclear|Third-Party Sharing,0,0.9351163,4.6900037e-05,0.0002054715,0.1310008,9.19679e-06,0.066107735,0.00807314,Data Collection
135_instagram.com,15,Other/Unclear|User Control & Deletion,0,0.5556984,0.00042121785,0.0015413382,0.5489138,0.00022294422,0.13384876,0.029599747,Data Collection|Other/Unclear
135_instagram.com,16,Data Collection|User Control & Deletion,0,0.93565315,4.474226e-06,2.3052022e-05,0.09527296,2.5851498e-06,0.071524106,0.002364171,Data Collection
135_instagram.com,17,Third-Party Sharing,0,0.09254446,0.0001544141,0.0007234695,0.4085236,0.00016665428,0.74134946,0.01753502,Third-Party Sharing
135_instagram.com,18,Other/Unclear,0,0.11956602,0.0010360216,0.004179827,0.4857346,0.0006411244,0.78723484,0.021803379,Third-Party Sharing
135_instagram.com,19,Third-Party Sharing,0,0.7316281,4.2689342e-05,0.00024408981,0.25705472,2.2944252e-05,0.2859131,0.0031514408,Data Collection
135_instagram.com,20,Data Security|Third-Party Sharing,0,0.592488,9.041862e-05,0.00075957004,0.13072127,2.3020844e-05,0.3808706,0.0048939874,Data Collection
135_instagram.com,21,Third-Party Sharing,0,0.4914802,0.0001441271,0.00062531536,0.23529084,8.5764994e-05,0.783589,0.020437941,Third-Party Sharing
135_instagram.com,22,Other/Unclear|Third-Party Sharing,0,0.4426437,0.00030138777,0.0014547757,0.3057988,8.675191e-05,0.4783817,0.010522689,
135_instagram.com,23,Data Retention|Other/Unclear|Third-Party Sharing|User Control & Deletion,0,0.09674394,7.2746916e-05,0.00021446263,0.6919641,7.733986e-05,0.18802527,0.023595246,Other/Unclear
135_instagram.com,24,Other/Unclear|Third-Party Sharing,0,0.12835151,4.267067e-05,0.00029456097,0.1774662,6.7531124e-05,0.64518946,0.006109144,Third-Party Sharing
135_instagram.com,25,Data Collection|Data Retention|Third-Party Sharing,0,0.07028914,0.00015670942,0.0008106226,0.07291834,4.1478488e-05,0.8043652,0.0021617655,Third-Party Sharing
135_instagram.com,26,Other/Unclear,0,0.4370528,0.0056085847,0.033830594,0.56003803,0.0029599394,0.15904635,0.046783138,Other/Unclear
135_instagram.com,27,Data Retention|Other/Unclear,0,0.15881158,0.0005003053,0.004168016,0.7230064,0.00027920667,0.16709961,0.012020145,Other/Unclear
135_instagram.com,28,Other/Unclear|Third-Party Sharing,0,0.0934983,6.456971e-05,0.0007931391,0.9076354,3.2017062e-05,0.08172692,0.0036476904,Other/Unclear
135_instagram.com,29,Other/Unclear|User Control & Deletion,0,0.13178916,5.4132703e-05,0.00071181095,0.66946894,7.893375e-05,0.23362003,0.0060072034,Other/Unclear
135_instagram.com,30,Data Security|Other/Unclear,0,0.08381655,0.0002866156,0.14954242,0.24432665,7.3268246e-05,0.020982161,0.008526996,
135_instagram.com,31,Other/Unclear,0,0.11038397,0.00012304889,0.008268839,0.62340647,0.00012632522,0.06708816,0.0144909425,Other/Unclear
135_instagram.com,32,Other/Unclear|User Control & Deletion,0,0.09549155,8.660733e-05,0.00033514283,0.41379827,0.00012458008,0.013139445,0.6152189,User Control & Deletion
135_instagram.com,33,Data Retention|Other/Unclear,0,0.27160507,0.0016994739,0.0066927713,0.45202366,0.0004667662,0.12406285,0.062813826,
135_instagram.com,34,Other/Unclear,0,0.11362814,3.856133e-05,0.00020193247,0.99598104,2.180292e-05,0.003615945,0.0023984388,Other/Unclear
135_instagram.com,35,Other/Unclear,0,0.0770637,6.699918e-06,0.0001685101,0.90200305,4.61603e-06,0.11802041,0.0016261576,Other/Unclear
135_instagram.com,36,Other/Unclear,0,0.15371569,4.9195187e-05,0.00019434882,0.6336232,4.7335634e-05,0.03701003,0.030210357,Other/Unclear
135_instagram.com,37,Other/Unclear,0,0.018222485,1.4303668e-05,0.00013123722,0.96422184,3.6333935e-05,0.005689387,0.0059407726,Other/Unclear
135_instagram.com,38,Policy Change,0,0.011966327,9.35772e-05,0.0005908407,0.56881386,0.03691702,0.007451249,0.015229859,Other/Unclear
1360_thehill.com,0,Other/Unclear,0,0.30203313,1.7588956e-05,0.00022945224,0.83244896,0.000109354696,0.030361185,0.0019283211,Other/Unclear
1360_thehill.com,1,Data Collection,0,0.9475812,8.438723e-06,4.5166165e-05,0.14431894,2.6276562e-06,0.07566822,0.00092657685,Data Collection
1360_thehill.com,2,Data Collection,0,0.79963094,2.8171733e-05,0.00016612263,0.56089306,1.4072691e-05,0.063752346,0.018698484,Data Collection|Other/Unclear
1360_thehill.com,3,Data Collection,0,0.9465474,1.2945868e-05,7.539453e-05,0.16747981,3.4314883e-06,0.04142011,0.004653059,Data Collection
1360_thehill.com,4,Data Collection,0,0.82011366,7.89915e-05,0.00046956615,0.1617792,2.415212e-05,0.08097076,0.013791444,Data Collection
1360_thehill.com,5,Data Collection,0,0.8450548,6.0702798e-05,0.0003597419,0.24906659,3.6412075e-05,0.0764304,0.0076783523,Data Collection
1360_thehill.com,6,Data Collection|Third-Party Sharing,0,0.31100574,3.3182191e-06,5.088644e-05,0.17998059,2.7910105e-06,0.562938,0.0043203956,Third-Party Sharing
1360_thehill.com,7,Data Security|Third-Party Sharing,0,0.26572412,6.1236005e-06,0.00085874676,0.25223118,2.7926092e-06,0.32315695,0.0008293406,
1360_thehill.com,8,Data Collection,0,0.56392676,0.00013369852,0.00097497925,0.27574667,0.0002085568,0.17380603,0.012610182,Data Collection
1360_thehill.com,9,Third-Party Sharing,0,0.082091324,0.00035393503,0.0014255395,0.08262506,0.0001503462,0.91586035,0.007171907,Third-Party Sharing
1360_thehill.com,10,Other/Unclear|Third-Party Sharing,0,0.163661,7.650206e-05,0.00075821736,0.8080267,3.7481568e-05,0.36809614,0.017211052,Other/Unclear
1360_thehill.com,11,Data Security,0,0.021150481,0.0012698661,0.7942606,0.13819249,0.00070346403,0.021744618,0.007952172,Data Security
1360_thehill.com,12,Data Security|Other/Unclear,0,0.010965995,0.00011577295,0.19358651,0.4786245,7.573819e-05,0.028628608,0.0051272246,
1360_thehill.com,13,User Control & Deletion,0,0.039898966,5.479157e-05,0.00018098668,0.6625874,8.7748704e-05,0.05002559,0.45023566,Other/Unclear
1360_thehill.com,14,Data Retention|Other/Unclear|Policy Change,0,0.18643096,2.932542e-05,9.253284e-05,0.5787247,7.116265e-05,0.055090852,0.06337391,Other/Unclear
1360_thehill.com,15,User Control & Deletion,0,0.26188642,6.3447325e-05,0.00052105455,0.49350888,3.4430217e-05,0.06790472,0.07195905,
1360_thehill.com,16,Other/Unclear,0,0.044398163,0.00026639135,0.0009365152,0.9625326,0.0003745936,0.013485058,0.06700518,Other/Unclear
1360_thehill.com,17,Policy Change,0,0.0061028143,2.5639321e-05,0.00017611655,0.7139719,0.05902137,0.004113252,0.01140419,Other/Unclear
1360_thehill.com,18,Other/Unclear|User Control & Deletion,0,0.043232623,2.825714e-05,0.00026546358,0.89468426,0.00079445826,0.018268974,0.03596513,Other/Unclear
1361_yahoo.com,0,Other/Unclear,2,0.28885818,0.02047756,0.050448578,0.6964189,0.0363806,0.3172055,0.17180403,Other/Unclear
1361_yahoo.com,1,Other/Unclear,2,0.24006872,0.0040352223,0.018272806,0.75823987,0.0052008466,0.12272105,0.13916138,Other/Unclear
1361_yahoo.com,2,Data Security|Other/Unclear,2,0.04417163,0.00016092422,0.007216201,0.89108986,0.0004811539,0.02505064,0.0064278073,Other/Unclear
1361_yahoo.com,3,Data Collection|Other/Unclear,2,0.6337562,7.781839e-05,0.0005609051,0.44374776,3.8269565e-05,0.19127259,0.009748154,Data Collection
1361_yahoo.com,4,Other/Unclear,2,0.053458344,0.00017181359,0.0019198539,0.9408814,0.00053729804,0.28895003,0.009259066,Other/Unclear
1361_yahoo.com,5,Data Security|Other/Unclear,2,0.05066361,0.0008554735,0.029522186,0.97825354,0.0012131317,0.024589628,0.015235624,Other/Unclear
1361_yahoo.com,6,Data Collection|Other/Unclear,2,0.8822883,8.525057e-05,0.00029180612,0.22849058,5.233934e-05,0.21451642,0.0068970346,Data Collection
1361_yahoo.com,7,Data Collection,2,0.9628483,9.554429e-05,0.0003896543,0.05010027,4.213932e-05,0.03868191,0.009576197,Data Collection
1361_yahoo.com,8,Data Collection,2,0.6042079,8.75421e-05,0.00054696656,0.24700838,7.9485835e-05,0.41294083,0.0077825,Data Collection
1361_yahoo.com,9,Data Collection,2,0.8934444,0.0020223185,0.0029656722,0.21726917,0.0009832825,0.109988324,0.03698988,Data Collection
1361_yahoo.com,10,Data Collection,2,0.9213754,0.0005093511,0.00093210407,0.1029165,0.00024259144,0.22977996,0.011520287,Data Collection
1361_yahoo.com,11,Other/Unclear,2,0.18722856,0.0010853215,0.002734091,0.9611417,0.0015928992,0.037804898,0.03141992,Other/Unclear
1361_yahoo.com,12,Other/Unclear|Third-Party Sharing,2,0.2197961,0.00015990676,0.00082336896,0.35846838,0.00013365169,0.7208833,0.009223353,Third-Party Sharing
1361_yahoo.com,13,Other/Unclear|Third-Party Sharing,2,0.28744486,7.132452e-05,0.00093547814,0.39890215,6.0224083e-05,0.56361127,0.0089240465,Third-Party Sharing
1361_yahoo.com,14,Other/Unclear,2,0.15153939,0.0010459344,0.0024076973,0.9387713,0.00087521167,0.059596322,0.034176767,Other/Unclear
1361_yahoo.com,15,Third-Party Sharing,2,0.08730578,0.00936788,0.017090281,0.09740341,0.0057675047,0.87408525,0.032587893,Third-Party Sharing
1361_yahoo.com,16,Third-Party Sharing,2,0.10479382,0.0012784506,0.0047525135,0.037941784,0.00073105854,0.88478553,0.0076940856,Third-Party Sharing
1361_yahoo.com,17,Other/Unclear|Third-Party Sharing,2,0.12015142,0.0012533922,0.0057562273,0.5030463,0.003966851,0.5834561,0.027037421,Other/Unclear|Third-Party Sharing
1361_yahoo.com,18,Other/Unclear|Third-Party Sharing,2,0.529986,0.00025052606,0.0015201755,0.45193484,0.00016511454,0.7095401,0.011793801,Data Collection|Third-Party Sharing
1361_yahoo.com,19,Other/Unclear|Third-Party Sharing,2,0.2751834,0.0005425993,0.0031853018,0.6525811,0.00060990895,0.51886284,0.025756957,Other/Unclear|Third-Party Sharing
1361_yahoo.com,20,Data Collection|User Control & Deletion,2,0.85931486,0.00024559005,0.00068197795,0.20252779,9.24202e-05,0.11732953,0.058961526,Data Collection
1361_yahoo.com,21,Other/Unclear|Third-Party Sharing,2,0.25366417,8.456707e-05,0.00095893873,0.65465474,8.094091e-05,0.5860871,0.019817488,Other/Unclear|Third-Party Sharing
1361_yahoo.com,22,Data Collection,2,0.65349054,0.0007341944,0.0035817435,0.42430335,0.00057343085,0.36087802,0.03276043,Data Collection
1361_yahoo.com,23,User Control & Deletion,2,0.27270812,0.00029507375,0.00058814476,0.433824,0.00023160056,0.049783103,0.45556533,
1361_yahoo.com,24,Other/Unclear|User Control & Deletion,2,0.11500042,0.0002877487,0.00072749704,0.46511635,0.0007631727,0.076942325,0.44908246,
1361_yahoo.com,25,Other/Unclear|User Control & Deletion,2,0.30983704,0.0001829265,0.00043108434,0.30465972,0.0002324253,0.13186625,0.23760219,
1361_yahoo.com,26,Data Retention|User Control & Deletion,2,0.1998991,0.005445128,0.0033816316,0.701208,0.0025249268,0.06969808,0.35311243,Other/Unclear
1361_yahoo.com,27,Data Security,2,0.18628167,0.00010658002,0.007201832,0.27181128,5.769559e-05,0.22918999,0.008910452,
1361_yahoo.com,28,Data Security,2,0.14050946,0.0025663783,0.12847649,0.25914666,0.0018593158,0.15768635,0.020525286,
1361_yahoo.com,29,Data Security|Other/Unclear,2,0.092355594,0.0007086271,0.026679073,0.78279245,0.00082661054,0.066803224,0.0430905,Other/Unclear
1361_yahoo.com,30,Policy Change,2,0.045668457,0.00026162626,0.00078531285,0.431081,0.027241012,0.024241466,0.024825111,
1361_yahoo.com,31,Other/Unclear,2,0.088927455,0.00057367404,0.0018675862,0.91417676,0.0008316732,0.026467478,0.086660445,Other/Unclear
1361_yahoo.com,32,Other/Unclear,2,0.18408288,0.0017511726,0.007648035,0.74454975,0.0015769594,0.10167937,0.076374255,Other/Unclear
1361_yahoo.com,33,Other/Unclear|Policy Change,2,0.05836851,0.008164896,0.016158704,0.92574733,0.4008064,0.034862425,0.030196585,Other/Unclear
1419_miaminewtimes.com,0,Other/Unclear,1,0.04149094,0.0006541836,0.005565038,0.9198428,0.015590385,0.052787907,0.017198354,Other/Unclear
1419_miaminewtimes.com,1,Other/Unclear,1,0.05562379,0.0028137711,0.013950682,0.81634396,0.07992662,0.05618439,0.02885232,Other/Unclear
1419_miaminewtimes.com,2,Other/Unclear|User Control & Deletion,1,0.11464511,8.69937e-06,0.00017874295,0.9534244,3.6693844e-05,0.019056449,0.0027780503,Other/Unclear
1419_miaminewtimes.com,3,Policy Change|User Control & Deletion,1,0.0062725716,2.5822163e-05,0.00010635774,0.7580646,0.060104225,0.0047942093,0.011250769,Other/Unclear
1419_miaminewtimes.com,4,Data Collection|Other/Unclear,1,0.64595026,0.001610107,0.010104896,0.34492466,0.0006849185,0.14314996,0.023475826,Data Collection
1419_miaminewtimes.com,5,Data Collection|Other/Unclear,1,0.85439414,0.0005210072,0.002670817,0.20160906,0.00020440934,0.14298634,0.024479875,Data Collection
1419_miaminewtimes.com,6,Data Collection,1,0.87112427,3.2274173e-05,0.00013296935,0.21526836,1.2192582e-05,0.097663864,0.006059035,Data Collection
1419_miaminewtimes.com,7,Other/Unclear|User Control & Deletion,1,0.72365904,3.4554294e-05,8.971871e-05,0.23850085,1.3933675e-05,0.062028963,0.029936636,Data Collection
1419_miaminewtimes.com,8,Data Collection,1,0.8568779,7.2423085e-05,0.0003007146,0.32479197,3.853194e-05,0.102580264,0.004512716,Data Collection
1419_miaminewtimes.com,9,Data Collection|Data Retention|Other/Unclear,1,0.6161005,0.0012054625,0.0028266013,0.18057336,0.00026881127,0.28634378,0.011105494,Data Collection
1419_miaminewtimes.com,10,Data Collection|Other/Unclear,1,0.9035287,0.00036274118,0.0011583205,0.1440738,0.00022866795,0.11104938,0.0058287485,Data Collection
1419_miaminewtimes.com,11,Data Collection|Other/Unclear|Third-Party Sharing,1,0.29535487,4.5597993e-05,0.0002830329,0.5554826,6.4299405e-05,0.21513395,0.005052077,Other/Unclear
1419_miaminewtimes.com,12,Data Collection,1,0.7933129,5.642918e-05,0.00019527561,0.29940918,4.001947e-05,0.040419266,0.038809165,Data Collection
1419_miaminewtimes.com,13,Data Collection,1,0.72757286,0.000257876,0.001253021,0.42523962,0.00013562482,0.1145686,0.023481552,Data Collection
1419_miaminewtimes.com,14,Data Collection|Other/Unclear|Third-Party Sharing,1,0.35893437,1.6402302e-05,0.0002585593,0.4238862,1.433474e-05,0.2758248,0.011149495,
1419_miaminewtimes.com,15,Other/Unclear|User Control & Deletion,1,0.110793926,8.07409e-05,0.0008262034,0.7746303,8.866267e-05,0.09252936,0.23998383,Other/Unclear
1419_miaminewtimes.com,16,Other/Unclear,1,0.43992338,0.0012050678,0.0020552375,0.34371123,0.0009757387,0.0572568,0.35066536,
1419_miaminewtimes.com,17,Data Collection,1,0.9249837,0.00019977993,0.00045636296,0.17917845,0.00010320356,0.11205857,0.0062253023,Data Collection
1419_miaminewtimes.com,18,Data Collection,1,0.5706609,4.3602653e-05,0.00018153118,0.348855,2.9245974e-05,0.07918885,0.008069003,Data Collection
1419_miaminewtimes.com,19,Data Collection|Other/Unclear|Third-Party Sharing|User Control & Deletion,1,0.51304275,2.8787339e-05,0.00015777834,0.45706058,1.8872757e-05,0.07917664,0.004516798,Data Collection
1419_miaminewtimes.com,20,Data Collection|Other/Unclear,1,0.64925045,0.00023851094,0.001983352,0.33744332,0.00014801706,0.14988622,0.012217982,Data Collection
1419_miaminewtimes.com,21,Data Collection,1,0.80719465,5.389483e-05,0.00024358871,0.29803455,4.5011577e-05,0.1801243,0.0103787705,Data Collection
1419_miaminewtimes.com,22,Third-Party Sharing,1,0.125359,9.123741e-05,0.00051464,0.29611394,4.6193134e-05,0.7323513,0.0024747155,Third-Party Sharing
1419_miaminewtimes.com,23,Data Collection|Other/Unclear|Third-Party Sharing|User Control & Deletion,1,0.49926478,9.118272e-05,0.00052318285,0.4015778,6.168617e-05,0.26593903,0.013860701,
1419_miaminewtimes.com,24,Third-Party Sharing,1,0.06441579,0.00040230376,0.08690198,0.104727276,0.00018728335,0.9209747,0.0055012377,Third-Party Sharing
1419_miaminewtimes.com,25,Third-Party Sharing,1,0.13629985,0.0013302118,0.0049014045,0.23512116,0.0024095718,0.7883319,0.029575702,Third-Party Sharing
1419_miaminewtimes.com,26,Data Collection|Third-Party Sharing,1,0.685554,0.00042216232,0.0021741593,0.18864608,0.0003254976,0.4022121,0.009070059,Data Collection
1419_miaminewtimes.com,27,Third-Party Sharing,1,0.31279498,0.00067970547,0.003107709,0.20949829,0.0005900941,0.91144127,0.015370401,Third-Party Sharing
1419_miaminewtimes.com,28,Other/Unclear,1,0.10165077,0.00014096459,0.00071470015,0.91599315,0.00032062564,0.08178103,0.009451084,Other/Unclear
1419_miaminewtimes.com,29,User Control & Deletion,1,0.3512633,0.00024947876,0.000984256,0.49027973,0.00019242133,0.044968847,0.385008,
1419_miaminewtimes.com,30,Data Collection|Other/Unclear,1,0.0989421,4.863028e-05,0.00037794508,0.98207057,9.386026e-05,0.013350338,0.0033099512,Other/Unclear
1419_miaminewtimes.com,31,Data Security|Other/Unclear,1,0.036388222,2.4869925e-05,0.0006150576,0.96776086,3.5752066e-05,0.07861884,0.0019438822,Other/Unclear
1419_miaminewtimes.com,32,Data Security|Other/Unclear,1,0.07949095,0.00039048208,0.11419402,0.30839616,0.00043997122,0.044145636,0.008964153,
1419_miaminewtimes.com,33,User Control & Deletion,1,0.15006088,0.0005214034,0.0009913738,0.5395729,0.0004640517,0.033327147,0.3136357,Other/Unclear
1419_miaminewtimes.com,34,Other/Unclear,1,0.046312984,0.00036158794,0.0027128553,0.924923,0.0014283799,0.029129883,0.031219356,Other/Unclear
1468_rockstargames.com,0,Other/Unclear|Policy Change,0,0.03898373,0.004918744,0.010859174,0.9218004,0.30585068,0.024016988,0.023159487,Other/Unclear
1468_rockstargames.com,1,Other/Unclear,0,0.19505745,2.2762773e-05,0.0006167722,0.8304643,4.7760543e-05,0.047523465,0.0011096788,Other/Unclear
1468_rockstargames.com,2,Other/Unclear|Policy Change,0,0.052345585,1.2705747e-05,0.00016051104,0.9212459,2.9984332e-05,0.019069022,0.0037765044,Other/Unclear
1468_rockstargames.com,3,Data Security|Other/Unclear,0,0.010530495,0.0005564734,0.041227657,0.99046755,0.00087294256,0.017275361,0.013759153,Other/Unclear
1468_rockstargames.com,4,Other/Unclear,0,0.100781485,2.2551908e-06,5.8904145e-05,0.9528574,3.2700407e-06,0.01212655,0.0006814443,Other/Unclear
1468_rockstargames.com,5,Other/Unclear,0,0.053046066,0.00010288476,0.0014149923,0.9548037,0.00015923823,0.020677114,0.004410621,Other/Unclear
1468_rockstargames.com,6,Data Security|Other/Unclear,0,0.07622596,2.3624661e-05,0.0007084002,0.9005909,0.00013644523,0.0413361,0.0024514822,Other/Unclear
1468_rockstargames.com,7,Other/Unclear,0,0.009478785,0.001775059,0.058936995,0.98715246,0.0017242812,0.015439398,0.017183438,Other/Unclear
1468_rockstargames.com,8,Data Collection|Data Security|Other/Unclear|Third-Party Sharing,0,0.025624396,1.2216922e-06,0.00012826317,0.8884002,1.3159289e-06,0.1895393,0.0003897687,Other/Unclear
1468_rockstargames.com,9,Other/Unclear|Third-Party Sharing,0,0.17253192,5.6443354e-05,0.0011710438,0.6336473,0.00010263197,0.38048357,0.006381472,Other/Unclear
1468_rockstargames.com,10,Third-Party Sharing,0,0.38051146,1.6072694e-05,0.00022550393,0.24818811,4.244633e-06,0.49758142,0.0045990655,
1468_rockstargames.com,11,Policy Change,0,0.008969616,4.2023392e-05,0.000206243,0.4377864,0.039470527,0.008368242,0.009933768,
1468_rockstargames.com,12,Data Collection,0,0.93782717,4.8348347e-06,2.9987532e-05,0.178945,2.365389e-06,0.0715444,0.0021328912,Data Collection
1468_rockstargames.com,13,Other/Unclear,0,0.5600841,0.0018441818,0.009875621,0.45524642,0.0015799238,0.25689763,0.022383247,Data Collection
1468_rockstargames.com,14,Data Collection,0,0.9059123,4.3888253e-05,0.00026414965,0.18775351,2.6405858e-05,0.09738433,0.0057284315,Data Collection
1468_rockstargames.com,15,Data Collection,0,0.9691271,7.6244223e-06,4.017788e-05,0.108872816,2.025612e-06,0.032732457,0.0011988239,Data Collection
1468_rockstargames.com,16,Data Collection,0,0.70762455,1.2159932e-05,8.4422914e-05,0.27204725,5.435768e-06,0.13473715,0.0048943944,Data Collection
1468_rockstargames.com,17,Data Collection|Data Retention,0,0.48342136,1.3496198e-05,8.3651954e-05,0.44678026,6.0308957e-06,0.06584883,0.007316614,
1468_rockstargames.com,18,Data Collection,0,0.6493848,1.602e-05,0.00012129022,0.31415245,9.470552e-06,0.061515562,0.010324469,Data Collection
1468_rockstargames.com,19,Data Collection,0,0.8282324,8.2185825e-06,8.1514954e-05,0.1948833,4.9945584e-06,0.04699436,0.0023804556,Data Collection
1468_rockstargames.com,20,Data Collection,0,0.61972845,0.00012312751,0.00063020864,0.33754104,4.2911703e-05,0.29433548,0.015893655,Data Collection
1468_rockstargames.com,21,Other/Unclear|Third-Party Sharing,0,0.2439606,9.804938e-06,8.4985644e-05,0.8068068,3.5195606e-06,0.22072265,0.002702991,Other/Unclear
1468_rockstargames.com,22,Data Collection|Data Retention|Other/Unclear,0,0.5760901,4.223301e-05,0.00010539586,0.65339255,5.193553e-06,0.029794311,0.0068752253,Data Collection|Other/Unclear
1468_rockstargames.com,23,Other/Unclear|User Control & Deletion,0,0.5180204,0.0001107494,0.00025929415,0.38191676,3.3091066e-05,0.057625845,0.1931745,Data Collection
1468_rockstargames.com,24,Data Collection|Other/Unclear|Third-Party Sharing,0,0.21143088,0.00061094546,0.0028794352,0.7565505,0.00058053905,0.3303231,0.025542688,Other/Unclear
1468_rockstargames.com,25,Other/Unclear,0,0.15969928,0.00024881848,0.0027007312,0.81442624,0.00037014185,0.11128458,0.01000473,Other/Unclear
1468_rockstargames.com,26,Data Collection|User Control & Deletion,0,0.64650077,9.921334e-05,0.00061972433,0.32084414,5.1979714e-05,0.099607386,0.030878076,Data Collection
1468_rockstargames.com,27,Data Collection,0,0.88975,3.1429194e-05,0.0001385011,0.3472817,1.3712938e-05,0.12626617,0.0036839184,Data Collection
1468_rockstargames.com,28,Data Collection|User Control & Deletion,0,0.9199605,9.326562e-05,0.00033946603,0.24120831,3.0324289e-05,0.05879284,0.053275723,Data Collection
1468_rockstargames.com,29,Data Collection,0,0.92312396,6.225591e-05,0.00033162965,0.37034875,2.6687132e-05,0.060222242,0.056945927,Data Collection
1468_rockstargames.com,30,Data Collection,0,0.80611145,0.0019294873,0.0061504617,0.39829642,0.0013387479,0.35257068,0.043383077,Data Collection
1468_rockstargames.com,31,Data Collection,0,0.9345838,7.732768e-05,0.00022745394,0.16354053,1.4885287e-05,0.051187493,0.0043207114,Data Collection
1468_rockstargames.com,32,Data Collection,0,0.9389775,0.00032680214,0.00083038304,0.11690924,9.9913406e-05,0.12907499,0.0070245317,Data Collection
1468_rockstargames.com,33,Third-Party Sharing,0,0.9716518,1.2294413e-06,1.4404647e-05,0.06676156,4.1399957e-07,0.29068312,0.0005031002,Data Collection
1468_rockstargames.com,34,Third-Party Sharing,0,0.07038269,4.861017e-06,0.00010511749,0.87302303,6.517499e-06,0.26604122,0.007480786,Other/Unclear
1468_rockstargames.com,35,User Control & Deletion,0,0.09277119,0.00010928442,0.0007301172,0.78472847,0.00015691822,0.18196061,0.3703003,Other/Unclear
1468_rockstargames.com,36,Data Collection,0,0.8482471,1.0483899e-05,6.461072e-05,0.12545666,3.6635336e-06,0.0587202,0.0014252561,Data Collection
1468_rockstargames.com,37,Data Collection|Other/Unclear|Third-Party Sharing|User Control & Deletion,0,0.6324486,0.0011295411,0.007104263,0.5893148,0.0008374172,0.19004844,0.029263904,Data Collection|Other/Unclear
1468_rockstargames.com,38,Other/Unclear,0,0.581252,0.00029925894,0.0020858778,0.49007317,0.0003601752,0.10817843,0.029472176,Data Collection
1468_rockstargames.com,39,Other/Unclear|Third-Party Sharing,0,0.7210062,0.00014937685,0.00065843033,0.40676397,6.957654e-05,0.27249733,0.008008933,Data Collection
1468_rockstargames.com,40,Other/Unclear|Third-Party Sharing,0,0.7788585,0.00030116446,0.0010211088,0.40667132,0.00018479553,0.21263468,0.01273989,Data Collection
1468_rockstargames.com,41,Data Collection|Other/Unclear,0,0.31564012,4.0416824e-05,0.00019626979,0.6197814,3.9337738e-05,0.21254434,0.020678906,Other/Unclear
1468_rockstargames.com,42,Other/Unclear|Third-Party Sharing,0,0.7270712,6.867295e-05,0.00031808598,0.6528529,6.3616266e-05,0.29665673,0.007902737,Data Collection|Other/Unclear
1468_rockstargames.com,43,Third-Party Sharing,0,0.111848846,1.145914e-05,0.00039050556,0.4656305,1.0396834e-05,0.4683612,0.00256381,
1468_rockstargames.com,44,Other/Unclear|Third-Party Sharing,0,0.21261823,5.2319783e-06,3.759098e-05,0.3318188,4.213729e-06,0.39889902,0.002306405,
1468_rockstargames.com,45,Third-Party Sharing,0,0.022916406,5.3883727e-05,0.0005195328,0.024911327,2.3955585e-05,0.9818381,0.00096715137,Third-Party Sharing
1468_rockstargames.com,46,Other/Unclear|User Control & Deletion,0,0.36602587,0.0004092698,0.0017658925,0.6121248,0.0002554582,0.0781906,0.08539781,Other/Unclear
1468_rockstargames.com,47,User Control & Deletion,0,0.31080377,0.00012237483,0.00039389855,0.41289556,0.000108044886,0.06054125,0.38841063,
1468_rockstargames.com,48,Other/Unclear|User Control & Deletion,0,0.28911904,0.0003190441,0.00090427155,0.56308824,0.00013913846,0.023183297,0.542408,Other/Unclear|User Control & Deletion
1468_rockstargames.com,49,Data Collection|User Control & Deletion,0,0.19894268,4.9741902e-05,0.0002789249,0.7870277,3.4648237e-05,0.21602832,0.07785791,Other/Unclear
1468_rockstargames.com,50,Other/Unclear|User Control & Deletion,0,0.07242955,0.00011160685,0.00045890734,0.8903845,9.132737e-05,0.01950189,0.08959106,Other/Unclear
1468_rockstargames.com,51,Data Retention|User Control & Deletion,0,0.095961146,0.00063328637,0.00031707116,0.46465915,1.2170012e-05,0.022202434,0.05452826,
1468_rockstargames.com,52,Other/Unclear|User Control & Deletion,0,0.1491184,0.0014440601,0.0022735412,0.5330249,0.00050809456,0.041848104,0.14362188,Other/Unclear
1468_rockstargames.com,53,Other/Unclear,0,0.020936955,4.669258e-05,0.0021208988,0.9675738,6.395762e-05,0.08264016,0.0045184824,Other/Unclear
1468_rockstargames.com,54,Other/Unclear,0,0.14449573,0.00022071779,0.0010849338,0.9861051,0.00015942007,0.008464318,0.005790045,Other/Unclear
1468_rockstargames.com,55,Data Security,0,0.010391657,6.3027335e-05,0.358,0.25199986,2.380601e-05,0.008103038,0.0012479669,
1468_rockstargames.com,56,Other/Unclear,0,0.031344518,0.0020285205,0.0066799964,0.965615,0.004691421,0.03826875,0.11021916,Other/Unclear
1468_rockstargames.com,57,Other/Unclear,0,0.007597545,3.3183638e-05,0.0002449761,0.9802832,3.0591113e-05,0.04481655,0.0293366,Other/Unclear
1468_rockstargames.com,58,Other/Unclear,0,0.05048311,0.000109175584,0.0012813751,0.86200786,5.1012204e-05,0.09955004,0.0042687166,Other/Unclear
1468_rockstargames.com,59,Other/Unclear,0,0.21946558,4.8699323e-05,0.00061937753,0.6347699,0.0001345518,0.20435926,0.008363912,Other/Unclear
1468_rockstargames.com,60,Other/Unclear,0,0.30258736,1.4508079e-05,0.00022149246,0.60355854,1.6320317e-05,0.13916132,0.0056941644,Other/Unclear
1468_rockstargames.com,61,Other/Unclear,0,0.02601036,0.00010744254,0.000964187,0.96795344,0.00027268997,0.007487963,0.018548096,Other/Unclear
1470_steampowered.com,0,Other/Unclear,0,0.29504332,0.0001407754,0.0015278897,0.7558652,0.000541494,0.07662823,0.008000274,Other/Unclear
1470_steampowered.com,1,Other/Unclear|Policy Change,0,0.019475523,5.8031448e-05,0.00044001953,0.79540944,0.0053485306,0.011647601,0.006930208,Other/Unclear
1470_steampowered.com,2,Data Collection|Third-Party Sharing,0,0.46969166,3.207952e-05,0.00016603665,0.25820172,1.4803778e-05,0.6117181,0.004838912,Third-Party Sharing
1470_steampowered.com,3,Data Collection|Other/Unclear,0,0.7828087,3.4727807e-05,0.00033074777,0.18177,6.9017206e-06,0.0987901,0.0056734835,Data Collection
1470_steampowered.com,4,Data Collection|Third-Party Sharing,0,0.59903336,0.00016742999,0.0016588313,0.3005222,4.333802e-05,0.3382793,0.0063616466,Data Collection
1470_steampowered.com,5,Data Collection|Third-Party Sharing,0,0.39489442,2.292305e-05,0.00011894938,0.41876376,1.3951144e-05,0.31199118,0.045277778,
1470_steampowered.com,6,Data Collection|Other/Unclear|Third-Party Sharing,0,0.42299446,0.00019668149,0.00083601166,0.55385417,6.452662e-05,0.15271623,0.017687408,Other/Unclear
1470_steampowered.com,7,Other/Unclear|Third-Party Sharing,0,0.16425021,2.9589024e-05,0.0003971263,0.874076,1.9844756e-05,0.2396627,0.0029038007,Other/Unclear
1470_steampowered.com,8,Third-Party Sharing,0,0.09959881,0.00010420052,0.00065794686,0.11728645,4.707503e-05,0.8904507,0.0046920194,Third-Party Sharing
1470_steampowered.com,9,Other/Unclear,0,0.10710801,4.5086617e-05,0.00024775756,0.98910517,2.553772e-05,0.008475481,0.004596056,Other/Unclear
1470_steampowered.com,10,Data Collection|Third-Party Sharing,0,0.9382925,1.2227158e-05,6.639258e-05,0.14566794,2.8191334e-06,0.07919728,0.0036268998,Data Collection
1470_steampowered.com,11,User Control & Deletion,0,0.38046056,0.0054899235,0.015665669,0.50502205,0.0054322127,0.14999619,0.5024619,Other/Unclear|User Control & Deletion
1470_steampowered.com,12,Data Collection|Other/Unclear,0,0.7553437,0.0006097549,0.0030297944,0.36198038,0.0002603726,0.26512665,0.022145076,Data Collection
1470_steampowered.com,13,Data Collection|Other/Unclear,0,0.8035513,0.00015050959,0.0007848175,0.3508908,4.0404455e-05,0.15481539,0.00882686,Data Collection
1470_steampowered.com,14,Other/Unclear|Third-Party Sharing,0,0.34076905,0.0003357557,0.0019836605,0.7227394,9.6941214e-05,0.5210507,0.01006938,Other/Unclear|Third-Party Sharing
1470_steampowered.com,15,User Control & Deletion,0,0.27756125,0.0017273949,0.0037912447,0.45384142,0.0014780546,0.1514683,0.5968626,User Control & Deletion
1470_steampowered.com,16,Data Security|Other/Unclear,0,0.025299044,5.998654e-05,0.00801927,0.93462276,2.3933335e-05,0.021617448,0.0031640437,Other/Unclear
1470_steampowered.com,17,User Control & Deletion,0,0.10218216,0.00070811086,0.0030164423,0.78480256,0.00041267186,0.043866836,0.20335731,Other/Unclear
1470_steampowered.com,18,Other/Unclear,0,0.009345395,5.585881e-05,0.00036555523,0.98582214,0.00019432147,0.009955351,0.014341528,Other/Unclear
1470_steampowered.com,19,Other/Unclear|Policy Change,0,0.15028487,0.017240552,0.03295775,0.8220855,0.1546132,0.08574583,0.068814196,Other/Unclear
1498_ticketmaster.com,0,Other/Unclear|Policy Change,1,0.019537657,0.0019353902,0.008596277,0.95877165,0.16853143,0.01907777,0.016338544,Other/Unclear
1498_ticketmaster.com,1,Other/Unclear,1,0.11897062,3.958785e-05,0.00034052847,0.89243084,0.00017833256,0.034553275,0.004512155,Other/Unclear
1498_ticketmaster.com,2,Data Collection,1,0.8396425,0.00040115768,0.00094529876,0.29465654,0.00021078336,0.097560495,0.014835923,Data Collection
1498_ticketmaster.com,3,Data Collection,1,0.8284551,0.0009518535,0.010054099,0.103466704,0.00036387736,0.23231183,0.010199203,Data Collection
1498_ticketmaster.com,4,Data Collection,1,0.4903217,0.00021180211,0.00082547887,0.5364065,0.00016910619,0.36730787,0.007933729,Other/Unclear
1498_ticketmaster.com,5,Data Collection,1,0.7788801,0.000322427,0.0009684086,0.18509385,0.00024861473,0.24177864,0.0129496185,Data Collection
1498_ticketmaster.com,6,Data Collection,1,0.9017079,8.66473e-05,0.00030858102,0.16744725,7.728571e-05,0.03259912,0.009044972,Data Collection
1498_ticketmaster.com,7,Data Collection,1,0.731105,0.00055974926,0.0012575118,0.51890266,0.00038825203,0.15047266,0.017933968,Data Collection|Other/Unclear
1498_ticketmaster.com,8,Data Collection,1,0.6291869,0.00013413136,0.00061418023,0.54222214,0.00018148878,0.16704015,0.029426115,Data Collection|Other/Unclear
1498_ticketmaster.com,9,Data Collection,1,0.6380807,4.0081744e-05,0.00012503917,0.46451986,2.4157149e-05,0.16630219,0.006189952,Data Collection
1498_ticketmaster.com,10,Data Collection,1,0.742637,0.00029099762,0.0006712745,0.26246688,0.00011556405,0.13651541,0.012123072,Data Collection
1498_ticketmaster.com,11,Data Collection,1,0.910573,0.0003032146,0.0009025317,0.11226636,0.00025894,0.09125101,0.015558863,Data Collection
1498_ticketmaster.com,12,Data Collection,1,0.73269457,7.465424e-05,0.0004396671,0.30596158,8.070843e-05,0.1566879,0.0050338493,Data Collection
1498_ticketmaster.com,13,Data Collection|Data Security,1,0.38144293,0.00064007175,0.010744296,0.32521972,0.00058581075,0.24370867,0.0106392,
1498_ticketmaster.com,14,Data Collection,1,0.8154098,6.538864e-05,0.00020941136,0.19952466,7.400151e-05,0.07377654,0.03700138,Data Collection
1498_ticketmaster.com,15,Data Collection,1,0.5841221,0.00016813313,0.00040829738,0.3978843,0.0002758929,0.054662593,0.021118065,Data Collection
1498_ticketmaster.com,16,Data Collection,1,0.44331256,0.0019650755,0.0055048284,0.23124973,0.0012307676,0.37289253,0.024669088,
1498_ticketmaster.com,17,Third-Party Sharing,1,0.09304254,0.0003839141,0.0018608785,0.53264886,0.00032390482,0.7149007,0.016338848,Other/Unclear|Third-Party Sharing
1498_ticketmaster.com,18,Third-Party Sharing,1,0.15623616,0.00013312891,0.0015928971,0.3539189,6.885604e-05,0.6369686,0.0056099193,Third-Party Sharing
1498_ticketmaster.com,19,Third-Party Sharing,1,0.11095326,9.62185e-05,0.0006118878,0.72539985,0.00013554675,0.55598587,0.00990414,Other/Unclear|Third-Party Sharing
1498_ticketmaster.com,20,Third-Party Sharing,1,0.2317572,0.00012445891,0.00060923066,0.11440201,6.226759e-05,0.8145066,0.003747021,Third-Party Sharing
1498_ticketmaster.com,21,Third-Party Sharing,1,0.13004217,0.00041755615,0.0020252767,0.28913844,0.000395197,0.7535507,0.014533621,Third-Party Sharing
1498_ticketmaster.com,22,Third-Party Sharing,1,0.13866638,0.0002695684,0.0010214525,0.44847634,0.0005015366,0.30532992,0.024754804,
1498_ticketmaster.com,23,User Control & Deletion,1,0.20748687,2.7909507e-05,7.436065e-05,0.50235003,2.1818783e-05,0.019017886,0.45605263,Other/Unclear
1498_ticketmaster.com,24,Data Retention|User Control & Deletion,1,0.08575367,0.0003167306,0.0007449737,0.64891213,0.0003824557,0.010706257,0.3387914,Other/Unclear
1498_ticketmaster.com,25,User Control & Deletion,1,0.35895997,0.00031896928,0.0014978326,0.6470764,0.00050403463,0.14902614,0.1082826,Other/Unclear
1498_ticketmaster.com,26,User Control & Deletion,1,0.4988032,0.0021882602,0.0065778345,0.40200394,0.0020487197,0.0810592,0.31986654,
1498_ticketmaster.com,27,Other/Unclear,1,0.05157405,0.0001253068,0.0005936052,0.90206534,8.2204024e-05,0.10628295,0.09842544,Other/Unclear
1498_ticketmaster.com,28,Other/Unclear,1,0.06813919,0.0015199055,0.0032699096,0.9053211,0.0012537647,0.04051352,0.41727564,Other/Unclear
1498_ticketmaster.com,29,Other/Unclear,1,0.05433532,4.495286e-05,0.00015515374,0.9885121,4.373923e-05,0.004508698,0.012452011,Other/Unclear
1498_ticketmaster.com,30,Other/Unclear,1,0.27827406,0.0029830097,0.012251327,0.8116515,0.004915729,0.13382895,0.1102982,Other/Unclear
1498_ticketmaster.com,31,Data Security,1,0.051983543,7.06018e-05,0.018807914,0.50415236,5.5309283e-05,0.018918995,0.0036684885,Other/Unclear
1498_ticketmaster.com,32,Data Security|Other/Unclear,1,0.15812182,0.00904414,0.07556382,0.79055005,0.008931587,0.15352261,0.05635043,Other/Unclear
1498_ticketmaster.com,33,Data Security|Other/Unclear,1,0.066852845,0.0011787952,0.022994861,0.92608625,0.0031508326,0.057941426,0.0145998625,Other/Unclear
1498_ticketmaster.com,34,Data Retention,1,0.23241967,0.0057935365,0.0060646213,0.1742695,0.0007644441,0.464422,0.02712221,
1498_ticketmaster.com,35,Data Security|Other/Unclear,1,0.049747467,0.00030352574,0.0013006472,0.94595605,0.0002774813,0.07130752,0.007059894,Other/Unclear
1498_ticketmaster.com,36,Other/Unclear,1,0.00615563,0.00054490176,0.042719368,0.9942509,0.0007351705,0.0069306283,0.009997065,Other/Unclear
1498_ticketmaster.com,37,Other/Unclear|Third-Party Sharing,1,0.016618669,6.310601e-06,9.8732016e-05,0.9875219,1.6773625e-05,0.11594585,0.0011750452,Other/Unclear
1498_ticketmaster.com,38,Other/Unclear,1,0.011293561,3.509934e-05,0.0005117629,0.979699,5.0097457e-05,0.006958429,0.027581124,Other/Unclear
1498_ticketmaster.com,39,Policy Change,1,0.021220138,5.1365845e-05,0.00031280483,0.5107051,0.011606869,0.015267002,0.0052058618,Other/Unclear
1539_geocaching.com,0,Other/Unclear|Policy Change,2,0.020073596,0.0024652998,0.0062066414,0.9734357,0.35920691,0.014661818,0.011984917,Other/Unclear
1539_geocaching.com,1,Data Security|Other/Unclear,2,0.21594177,0.0009315288,0.0063040336,0.83951974,0.0026163245,0.095414616,0.024433216,Other/Unclear
1539_geocaching.com,2,Other/Unclear,2,0.24767739,1.1048291e-05,5.9259346e-05,0.8749117,9.671479e-06,0.01941199,0.012995345,Other/Unclear
1539_geocaching.com,3,Other/Unclear|Policy Change,2,0.05175529,0.00026183398,0.002036457,0.8781386,0.001986328,0.041965727,0.071990415,Other/Unclear
1539_geocaching.com,4,Data Collection,2,0.93665475,1.2734526e-05,4.1819174e-05,0.067879826,1.7695205e-06,0.07223237,0.005006816,Data Collection
1539_geocaching.com,5,Data Collection,2,0.9340688,6.396157e-05,0.00011311358,0.1222008,3.3220134e-05,0.01773509,0.010161384,Data Collection
1539_geocaching.com,6,Data Collection,2,0.71282816,0.00019013573,0.000955206,0.3914783,0.0001466951,0.15083638,0.017968403,Data Collection
1539_geocaching.com,7,Data Collection,2,0.8181668,8.726923e-07,1.2220845e-05,0.10885966,5.838159e-07,0.06166284,0.0006551695,Data Collection
1539_geocaching.com,8,Third-Party Sharing,2,0.36868504,1.2606849e-05,4.893151e-05,0.38751292,2.8361537e-06,0.6509891,0.00262865,Third-Party Sharing
1539_geocaching.com,9,Other/Unclear|Third-Party Sharing,2,0.4602734,1.604798e-05,0.00010135012,0.31153736,1.4301625e-05,0.47946396,0.0027760353,
1539_geocaching.com,10,Data Security|Third-Party Sharing,2,0.062085632,0.00012640643,0.028680934,0.10294001,0.00013626348,0.88535744,0.0032122894,Third-Party Sharing
1539_geocaching.com,11,Third-Party Sharing,2,0.06205273,0.00020272932,0.0006982478,0.03530149,8.461789e-05,0.96371603,0.0017796122,Third-Party Sharing
1539_geocaching.com,12,Other/Unclear|Third-Party Sharing,2,0.09463747,0.0003729914,0.002150646,0.40751418,0.00072666304,0.53102505,0.020428969,Third-Party Sharing
1539_geocaching.com,13,Data Security|Other/Unclear,2,0.015612661,0.0002037467,0.6567661,0.13757159,9.403791e-05,0.04289134,0.0031424656,Data Security
1539_geocaching.com,14,Other/Unclear|User Control & Deletion,2,0.096435815,7.550411e-05,0.000111077454,0.29741457,4.2576306e-05,0.007034264,0.87539756,User Control & Deletion
1539_geocaching.com,15,Data Collection,2,0.89927876,6.3610016e-05,0.00025123934,0.29296207,3.3694054e-05,0.07328286,0.023816021,Data Collection
1539_geocaching.com,16,Data Collection,2,0.84640497,0.00034430955,0.0013003844,0.22030205,0.00019330176,0.040216096,0.0064178403,Data Collection
1539_geocaching.com,17,Data Collection|Third-Party Sharing,2,0.79772687,0.000102079284,0.00046708484,0.34364262,4.5726483e-05,0.17689718,0.008533047,Data Collection
1539_geocaching.com,18,Third-Party Sharing,2,0.70275414,0.0005349715,0.0019722213,0.3922799,0.00040427016,0.47004426,0.016018996,Data Collection
1539_geocaching.com,19,User Control & Deletion,2,0.48783106,0.00040030817,0.00049887545,0.36818117,0.00014149523,0.042608295,0.3639105,
1539_geocaching.com,20,Other/Unclear|Policy Change|Third-Party Sharing,2,0.043172844,3.888584e-06,5.7540426e-05,0.74494255,2.7658112e-05,0.19799721,0.017983437,Other/Unclear
1539_geocaching.com,21,Other/Unclear|User Control & Deletion,2,0.044028502,0.00054237904,0.0011765343,0.88175344,0.00035731652,0.012649799,0.24091272,Other/Unclear
1539_geocaching.com,22,Other/Unclear,2,0.0812847,3.8963222e-05,0.00021374047,0.98454,2.5863486e-05,0.0032266595,0.0057047713,Other/Unclear
1539_geocaching.com,23,Other/Unclear,2,0.025531242,0.00010896662,0.00089717587,0.95537305,7.053658e-05,0.03631804,0.010761043,Other/Unclear
1539_geocaching.com,24,Other/Unclear,2,0.07322393,0.0014860427,0.009358798,0.7676648,0.0034594298,0.08191041,0.029648833,Other/Unclear
1539_geocaching.com,25,Other/Unclear|Third-Party Sharing,2,0.1613934,3.276292e-05,0.00022746692,0.88202804,3.903832e-05,0.063727744,0.003313868,Other/Unclear
1539_geocaching.com,26,Policy Change,2,0.007020898,1.6126665e-05,0.00014464179,0.6371797,0.027457887,0.0038037326,0.0045920326,Other/Unclear
1582_msn.com,0,Other/Unclear|Policy Change,4,0.03299993,0.0058299536,0.012003383,0.9522656,0.3927541,0.02214993,0.019776985,Other/Unclear
1582_msn.com,1,Other/Unclear,4,0.06110499,0.00013591418,0.0019685773,0.95179605,0.0006914131,0.040964924,0.007259443,Other/Unclear
1582_msn.com,2,Data Collection,4,0.81275094,6.969133e-05,0.0002907607,0.28243867,3.274616e-05,0.050960124,0.032114964,Data Collection
1582_msn.com,3,Data Collection|Third-Party Sharing,4,0.73873246,0.0005405015,0.0042136223,0.26272428,0.00034342118,0.3486388,0.013315855,Data Collection
1582_msn.com,4,Data Collection,4,0.90684634,2.0635223e-05,0.00018744412,0.18480375,8.709766e-06,0.053286962,0.002470797,Data Collection
1582_msn.com,5,Data Collection,4,0.86159456,0.0011357609,0.0024428093,0.21751374,0.0011311701,0.06275249,0.028685259,Data Collection
1582_msn.com,6,Data Collection|Data Retention|Data Security,4,0.66913664,0.00038465965,0.0019815015,0.35375428,0.000104538056,0.03146863,0.011294288,Data Collection
1582_msn.com,7,Data Collection|Third-Party Sharing,4,0.6639581,0.00022462393,0.0013105965,0.2528946,0.00013439891,0.19883552,0.014215051,Data Collection
1582_msn.com,8,Data Collection,4,0.7643212,3.1144875e-05,0.00036803485,0.14738676,2.9427134e-05,0.038481534,0.0029675227,Data Collection
1582_msn.com,9,Data Collection|Other/Unclear,4,0.83170176,2.3609047e-05,0.0003588979,0.054243587,7.798354e-06,0.12155831,0.0014235494,Data Collection
1582_msn.com,10,Data Collection|Third-Party Sharing,4,0.49088016,0.0004566782,0.0014327513,0.43994468,0.0003709194,0.2946331,0.027698547,
1582_msn.com,11,Third-Party Sharing,4,0.052865326,2.1806745e-05,0.00094913604,0.052074622,9.151447e-06,0.84043086,0.0009523671,Third-Party Sharing
1582_msn.com,12,Third-Party Sharing,4,0.54962903,0.0007449193,0.002756441,0.31626377,0.0006065746,0.25089407,0.032427665,Data Collection
1582_msn.com,13,Data Collection|Other/Unclear|Third-Party Sharing|User Control & Deletion,4,0.49672166,0.00018363916,0.00047879884,0.55037475,0.0001019154,0.04431004,0.07235387,Other/Unclear
1582_msn.com,14,Data Collection|User Control & Deletion,4,0.83061045,0.00031775815,0.0008642424,0.16039522,0.00016893107,0.04776188,0.080366865,Data Collection
1582_msn.com,15,Data Collection|Data Retention|User Control & Deletion,4,0.3669083,0.00022590518,0.00067888456,0.5534999,0.00018824989,0.040706772,0.05985148,Other/Unclear
1582_msn.com,16,Other/Unclear|Third-Party Sharing,4,0.5419646,0.00078263204,0.005431118,0.43968582,0.00041488963,0.13586064,0.022548672,Data Collection
1582_msn.com,17,Data Collection|Data Security,4,0.37180185,0.00013301276,0.0007956502,0.37647456,0.000101638376,0.07906767,0.011211872,
1582_msn.com,18,Data Collection|Other/Unclear|Third-Party Sharing,4,0.74642086,0.00016421336,0.00066752033,0.22001205,7.4808515e-05,0.094045,0.018164573,Data Collection
1582_msn.com,19,Data Collection,4,0.7881147,0.00014462355,0.0006792545,0.22540121,0.000111065885,0.055627257,0.013511316,Data Collection
1582_msn.com,20,Data Collection|Third-Party Sharing,4,0.62293935,0.00060591416,0.0017723622,0.3431194,0.0003789451,0.12079938,0.05723868,Data Collection
1582_msn.com,21,Other/Unclear,4,0.24362421,0.0014321093,0.0041940943,0.93488926,0.0016077296,0.038846705,0.0481897,Other/Unclear
1582_msn.com,22,Other/Unclear,4,0.49338496,0.01057201,0.012169457,0.6232424,0.0033235801,0.21798126,0.09640416,Other/Unclear
1582_msn.com,23,Other/Unclear,4,0.061991036,0.0010605493,0.0037373216,0.84362465,0.0052968105,0.08526263,0.10423277,Other/Unclear
1582_msn.com,24,Data Collection,4,0.7171484,6.425324e-05,0.00040002115,0.27132115,6.245351e-05,0.24924468,0.0119012315,Data Collection
1582_msn.com,25,Other/Unclear|User Control & Deletion,4,0.095410585,0.00016717179,0.0012636425,0.79250795,0.00030759914,0.036061358,0.21202762,Other/Unclear
1582_msn.com,26,User Control & Deletion,4,0.2177203,0.00087544305,0.001996252,0.47580847,0.0010254403,0.045285262,0.7200599,User Control & Deletion
1582_msn.com,27,Other/Unclear,4,0.5104877,0.00018772745,0.0020162577,0.4599828,5.6086337e-05,0.09877568,0.0074114287,Data Collection
1582_msn.com,28,Data Collection|Third-Party Sharing,4,0.647448,4.6635687e-05,0.00053812884,0.18058993,1.097466e-05,0.052814417,0.005827881,Data Collection
1582_msn.com,29,Data Collection|User Control & Deletion,4,0.35403997,0.00014381029,0.00036217147,0.5253979,8.988859e-05,0.049411606,0.202091,Other/Unclear
1582_msn.com,30,Other/Unclear|User Control & Deletion,4,0.31010288,0.0006454065,0.002494088,0.7344932,0.0006998581,0.05312829,0.06909138,Other/Unclear
1582_msn.com,31,Other/Unclear,4,0.08206641,0.0001749402,0.003434618,0.7050692,0.0004326122,0.021269783,0.009341408,Other/Unclear
1610_post-gazette.com,0,Other/Unclear|Policy Change,1,0.05523548,0.007622145,0.01670617,0.9065516,0.42284346,0.03437293,0.028447298,Other/Unclear
1610_post-gazette.com,1,Data Collection|Data Security|Other/Unclear,1,0.13130552,2.697367e-06,9.5478885e-05,0.8592788,1.7436243e-05,0.014468885,0.0005341061,Other/Unclear
1610_post-gazette.com,2,Policy Change|User Control & Deletion,1,0.020951726,2.0059373e-05,0.00012818721,0.746919,0.004365744,0.008723142,0.0050512785,Other/Unclear
1610_post-gazette.com,3,Data Collection,1,0.82288533,0.00012899403,0.00073937804,0.37674087,9.088685e-05,0.09325547,0.008429444,Data Collection
1610_post-gazette.com,4,Data Collection,1,0.77163374,0.00026076403,0.0013495185,0.24894921,9.876639e-05,0.09141243,0.018471112,Data Collection
1610_post-gazette.com,5,Data Collection,1,0.6464011,0.0004998946,0.0010532199,0.50990045,0.00030844897,0.14605242,0.020360367,Data Collection|Other/Unclear
1610_post-gazette.com,6,Data Collection|Other/Unclear|User Control & Deletion,1,0.22107206,2.7415623e-05,0.00024384029,0.7061365,3.8472033e-05,0.045092154,0.011495609,Other/Unclear
1610_post-gazette.com,7,Data Collection|Other/Unclear|User Control & Deletion,1,0.57506335,4.0888208e-05,0.00026336018,0.3318458,2.4906427e-05,0.06219588,0.016209073,Data Collection
1610_post-gazette.com,8,Data Collection,1,0.95445126,0.0017723884,0.00243737,0.11227146,0.0009425679,0.17661035,0.01564366,Data Collection
1610_post-gazette.com,9,Data Collection|Other/Unclear,1,0.8709956,0.00016180113,0.0004932504,0.40946457,0.00020442999,0.0616399,0.0154945785,Data Collection
1610_post-gazette.com,10,Data Collection|Data Security|Third-Party Sharing,1,0.44096655,0.00028683175,0.005864108,0.26692268,0.00014956782,0.2789591,0.0092890235,
1610_post-gazette.com,11,Data Collection,1,0.9565197,4.2507636e-05,9.6693664e-05,0.19305956,2.0299965e-05,0.064538345,0.0036975965,Data Collection
1610_post-gazette.com,12,Data Collection|Third-Party Sharing,1,0.38653663,6.831416e-05,0.0007871875,0.81881124,4.022278e-05,0.18548386,0.007421238,Other/Unclear
1610_post-gazette.com,13,Data Collection|Third-Party Sharing,1,0.81881523,2.0061814e-06,1.528818e-05,0.15545541,1.2770728e-06,0.5463169,0.00072466704,Data Collection|Third-Party Sharing
1610_post-gazette.com,14,Data Collection|Third-Party Sharing,1,0.6621644,4.0013976e-05,0.00018195322,0.22011803,1.88404e-05,0.3501228,0.0051520388,Data Collection
1610_post-gazette.com,15,Data Collection|Data Security|Third-Party Sharing,1,0.2579338,3.227607e-05,0.0008678568,0.11591696,1.0646183e-05,0.6890662,0.0017057109,Third-Party Sharing
1610_post-gazette.com,16,Data Collection|Third-Party Sharing,1,0.18683648,0.00074669695,0.0030737629,0.123468265,0.0005427189,0.80023515,0.0076696044,Third-Party Sharing
1610_post-gazette.com,17,Data Collection|Third-Party Sharing|User Control & Deletion,1,0.11901625,3.278093e-05,0.00025749387,0.551462,3.3450255e-05,0.35053954,0.1945725,Other/Unclear
1610_post-gazette.com,18,Other/Unclear|User Control & Deletion,1,0.061748173,0.00055567053,0.0023658036,0.68675953,0.00048557887,0.024176404,0.39233977,Other/Unclear
1610_post-gazette.com,19,Data Collection|Other/Unclear,1,0.9808403,0.000110920766,0.00029438158,0.1723612,4.243382e-05,0.06920941,0.0073192944,Data Collection
1610_post-gazette.com,20,Other/Unclear|Third-Party Sharing,1,0.17810033,0.00011510499,0.0005465711,0.6963663,0.0001526141,0.53240234,0.056464527,Other/Unclear|Third-Party Sharing
1610_post-gazette.com,21,User Control & Deletion,1,0.3959389,0.00019053898,0.00094686676,0.41615307,0.00018415219,0.047088142,0.53631413,User Control & Deletion
1610_post-gazette.com,22,Data Security,1,0.026021067,0.00044231795,0.70535904,0.36349702,0.00025020543,0.018434346,0.0028916954,Data Security
1610_post-gazette.com,23,Data Security|Other/Unclear,1,0.0769582,5.063892e-05,0.0012556805,0.90344757,5.889237e-05,0.12223964,0.0025175374,Other/Unclear
1610_post-gazette.com,24,Data Collection|Other/Unclear,1,0.2795268,0.00029242426,0.0031202089,0.8541327,0.0005242534,0.068552665,0.009174863,Other/Unclear
1610_post-gazette.com,25,Other/Unclear,1,0.087016486,0.0005206411,0.0017991001,0.9319214,0.0016861068,0.027256232,0.029843913,Other/Unclear
1610_post-gazette.com,26,Other/Unclear|User Control & Deletion,1,0.049642246,0.00014660685,0.00090134155,0.95130354,0.00018424803,0.06246248,0.030949533,Other/Unclear
1610_post-gazette.com,27,Other/Unclear,1,0.14734314,0.00030262378,0.0012349484,0.8495489,0.00028410924,0.07557847,0.049711306,Other/Unclear
1618_sltrib.com,0,Other/Unclear,0,0.0630328,4.9003524e-05,0.00047506852,0.9677271,0.00015962939,0.044858553,0.0026600736,Other/Unclear
1618_sltrib.com,1,Policy Change,0,0.01824901,0.0002321175,0.00083608343,0.45587,0.2843059,0.0073040673,0.011016261,
1618_sltrib.com,2,Data Collection,0,0.9720164,4.871834e-05,0.00024627816,0.0684192,2.1915852e-05,0.036666103,0.002979045,Data Collection
1618_sltrib.com,3,Data Collection|User Control & Deletion,0,0.763697,0.00017685426,0.00053928175,0.14460956,0.00012138958,0.033424646,0.26008898,Data Collection
1618_sltrib.com,4,Data Collection,0,0.9113038,0.00018726847,0.0012621819,0.076439016,0.00010974332,0.14544268,0.011761064,Data Collection
1618_sltrib.com,5,Data Collection,0,0.89963096,0.0027796377,0.0043006656,0.30314586,0.0026738557,0.1026082,0.048511125,Data Collection
1618_sltrib.com,6,Data Collection,0,0.8589177,0.00177405,0.004612264,0.4572288,0.0012191517,0.42821655,0.045369964,Data Collection
1618_sltrib.com,7,Data Collection|Third-Party Sharing,0,0.82732505,0.0037476183,0.009619701,0.25011843,0.001383499,0.39547414,0.033562597,Data Collection
1618_sltrib.com,8,Third-Party Sharing,0,0.4130366,0.0024506766,0.012615389,0.7475275,0.0017408532,0.675588,0.056833453,Other/Unclear|Third-Party Sharing
1618_sltrib.com,9,Data Collection|Data Retention|Other/Unclear,0,0.65211546,0.008033849,0.003679968,0.24081369,0.0007591492,0.10839273,0.025152298,Data Collection
1618_sltrib.com,10,Data Collection|Third-Party Sharing,0,0.072083235,4.0663985e-05,0.0005650394,0.029198306,2.3640609e-05,0.84595996,0.00060236023,Third-Party Sharing
1618_sltrib.com,11,Data Collection,0,0.9446036,0.00010865286,0.00054805155,0.1285232,5.887027e-05,0.013233881,0.0043289023,Data Collection
1618_sltrib.com,12,Data Collection|Other/Unclear|Third-Party Sharing|User Control & Deletion,0,0.9186269,9.943102e-06,5.425197e-05,0.5574768,6.2781282e-06,0.36373118,0.0074075554,Data Collection|Other/Unclear
1618_sltrib.com,13,Data Collection,0,0.9800921,0.0003602475,0.00090921315,0.08002819,0.00012437569,0.030729244,0.004304576,Data Collection
1618_sltrib.com,14,Data Collection|Other/Unclear|Third-Party Sharing|User Control & Deletion,0,0.86232173,3.3012162e-05,0.00017296974,0.124328025,2.2888229e-05,0.6073774,0.0034538487,Data Collection|Third-Party Sharing
1618_sltrib.com,15,Data Collection|Other/Unclear,0,0.8757046,0.000659819,0.0016043024,0.14075664,0.00039793024,0.13926044,0.022615686,Data Collection
1618_sltrib.com,16,Data Collection|Third-Party Sharing,0,0.8726228,0.00011428861,0.00055155816,0.16160549,9.752452e-05,0.69689065,0.0068267537,Data Collection|Third-Party Sharing
1618_sltrib.com,17,Other/Unclear|Third-Party Sharing|User Control & Deletion,0,0.8054042,7.964853e-06,8.910039e-05,0.26517048,8.19353e-06,0.6136694,0.0018660629,Data Collection|Third-Party Sharing
1618_sltrib.com,18,Other/Unclear|Third-Party Sharing|User Control & Deletion,0,0.7790406,3.3218006e-05,0.00017920721,0.37139866,3.652632e-05,0.25412548,0.008364695,Data Collection
1618_sltrib.com,19,Data Collection,0,0.79797703,0.00019989458,0.00076321105,0.15573597,0.00014883644,0.38237888,0.023830542,Data Collection
1618_sltrib.com,20,Other/Unclear|Third-Party Sharing,0,0.10130933,3.7183356e-05,0.000273779,0.7598082,7.6379e-05,0.254338,0.0076010237,Other/Unclear
1618_sltrib.com,21,Third-Party Sharing,0,0.18383026,0.0013373815,0.0044142976,0.27759978,0.0017987271,0.7606047,0.023640096,Third-Party Sharing
1618_sltrib.com,22,User Control & Deletion,0,0.37266752,0.00027396643,0.0009077159,0.5442707,0.0001709276,0.09316243,0.21476988,Other/Unclear
1618_sltrib.com,23,Other/Unclear|User Control & Deletion,0,0.2879701,0.00011230533,0.00045336984,0.7278616,0.00010040099,0.12945606,0.15000847,Other/Unclear
1618_sltrib.com,24,Other/Unclear|User Control & Deletion,0,0.020401709,0.00012674322,0.00030389664,0.93746936,0.0001644053,0.08477602,0.64993525,Other/Unclear|User Control & Deletion
1618_sltrib.com,25,Other/Unclear,0,0.123847656,0.0003831735,0.0010616421,0.7901886,0.00032528563,0.12148904,0.29110304,Other/Unclear
1618_sltrib.com,26,Other/Unclear|User Control & Deletion,0,0.035536524,0.00036498773,0.00060351595,0.952977,0.0007136355,0.026764167,0.72618014,Other/Unclear|User Control & Deletion
1618_sltrib.com,27,Other/Unclear,0,0.1401033,0.0009041919,0.002348436,0.7421652,0.0010092919,0.09909859,0.4486217,Other/Unclear
1618_sltrib.com,28,Other/Unclear,0,0.15808399,3.8176007e-05,0.00012957398,0.75540525,0.00016633671,0.038582567,0.03252531,Other/Unclear
1618_sltrib.com,29,Other/Unclear|User Control & Deletion,0,0.052994594,0.00079519243,0.0012068682,0.9160686,0.0013387273,0.0154833,0.6419012,Other/Unclear|User Control & Deletion
1618_sltrib.com,30,Data Security,0,0.055662874,0.00030938466,0.13808756,0.23154446,0.00035039155,0.034965586,0.00469702,
1618_sltrib.com,31,Other/Unclear,0,0.0074642226,0.00048184893,0.001357833,0.9911505,0.0006286498,0.028202632,0.15062173,Other/Unclear
1618_sltrib.com,32,Other/Unclear,0,0.37232828,0.00076072733,0.000977616,0.6854851,0.00025288563,0.06383115,0.056522608,Other/Unclear
1618_sltrib.com,33,Other/Unclear,0,0.008603244,0.000631229,0.002183662,0.991553,0.0033488772,0.01478578,0.07617188,Other/Unclear
1618_sltrib.com,34,Other/Unclear,0,0.09403675,3.9658556e-05,0.00025522136,0.9937619,9.444406e-05,0.011620769,0.0012670632,Other/Unclear
1618_sltrib.com,35,Data Collection|Other/Unclear,0,0.8642734,6.674576e-05,0.0002583013,0.81885093,3.0813382e-05,0.056024566,0.0044061816,Data Collection|Other/Unclear
1618_sltrib.com,36,Data Collection|Data Retention|Data Security|Other/Unclear|Third-Party Sharing,0,0.6731551,0.0012022492,0.0070802136,0.71668255,0.00012444823,0.2624883,0.014928956,Data Collection|Other/Unclear
1618_sltrib.com,37,Other/Unclear|Third-Party Sharing|User Control & Deletion,0,0.11879695,0.00012538147,0.0006589096,0.49013788,3.425565e-05,0.8392146,0.005206663,Third-Party Sharing
1618_sltrib.com,38,Other/Unclear|Third-Party Sharing,0,0.1315996,0.00038182945,0.0010084629,0.87726206,0.00064130634,0.043063205,0.1122095,Other/Unclear
1618_sltrib.com,39,Other/Unclear|User Control & Deletion,0,0.4071926,0.0019857073,0.00594731,0.7218628,0.00072001247,0.09205166,0.06852801,Other/Unclear
1618_sltrib.com,40,Other/Unclear|User Control & Deletion,0,0.22864692,0.024461417,0.08064692,0.5361702,0.020993344,0.20472623,0.36274204,Other/Unclear
1618_sltrib.com,41,Other/Unclear|User Control & Deletion,0,0.23696285,0.015478555,0.017783199,0.634273,0.005802197,0.1626546,0.40292495,Other/Unclear
1618_sltrib.com,42,Other/Unclear|User Control & Deletion,0,0.2504941,0.0042609144,0.007710076,0.73134434,0.0009118695,0.064932086,0.19162874,Other/Unclear
1618_sltrib.com,43,Other/Unclear,0,0.18426444,0.0017544321,0.010044354,0.7664404,0.00053977646,0.050158285,0.028875396,Other/Unclear
1618_sltrib.com,44,Other/Unclear|Policy Change,0,0.0025101572,0.00011560064,0.0004755906,0.9776412,0.02932643,0.0034715203,0.021683967,Other/Unclear
1636_sidearmsports.com,0,Other/Unclear,4,0.08688432,0.0038116886,0.0152174095,0.8954597,0.02095216,0.09817849,0.041053765,Other/Unclear
1636_sidearmsports.com,1,Other/Unclear,4,0.0687805,0.000107074746,0.0010732374,0.94911325,0.00065936527,0.035638295,0.0030716283,Other/Unclear
1636_sidearmsports.com,2,Other/Unclear,4,0.03219193,8.745676e-05,0.0011895058,0.97518283,7.868296e-05,0.056797292,0.001904577,Other/Unclear
1636_sidearmsports.com,3,Data Collection|Third-Party Sharing,4,0.9132301,3.8621838e-05,0.000288751,0.19553895,9.057261e-06,0.116124235,0.0023419708,Data Collection
1636_sidearmsports.com,4,Data Collection,4,0.91353554,0.0012132642,0.0051597925,0.13882105,0.0006893337,0.07077512,0.028811442,Data Collection
1636_sidearmsports.com,5,Data Collection|Data Security|Third-Party Sharing,4,0.7934503,8.30265e-05,0.0013594382,0.1312541,1.8125822e-05,0.56321347,0.0041528367,Data Collection|Third-Party Sharing
1636_sidearmsports.com,6,Third-Party Sharing|User Control & Deletion,4,0.17605919,4.626961e-05,0.0003170887,0.8861329,1.3402773e-05,0.30228,0.004867259,Other/Unclear
1636_sidearmsports.com,7,Data Collection|Other/Unclear|Third-Party Sharing,4,0.110656574,0.00013912955,0.00061559165,0.85930175,7.864195e-05,0.32408342,0.0094493255,Other/Unclear
1636_sidearmsports.com,8,Data Collection|Other/Unclear,4,0.22755137,0.00015124498,0.00062450586,0.7992115,0.0001418731,0.28434515,0.009678369,Other/Unclear
1636_sidearmsports.com,9,Data Collection|Other/Unclear|Third-Party Sharing,4,0.15225412,4.0892523e-05,0.0006780104,0.83952427,4.4296576e-05,0.18870881,0.006300601,Other/Unclear
1636_sidearmsports.com,10,Data Collection|Other/Unclear|Third-Party Sharing,4,0.6611731,4.409675e-05,0.0002626433,0.63179123,4.9936436e-05,0.15643305,0.007753505,Data Collection|Other/Unclear
1636_sidearmsports.com,11,Data Collection|Third-Party Sharing,4,0.76020706,9.529471e-05,0.0008591738,0.40283278,9.004854e-05,0.3717667,0.0073575024,Data Collection
1636_sidearmsports.com,12,Data Collection|Other/Unclear,4,0.75452626,0.0001757058,0.0014642335,0.45419583,0.00014112813,0.15475743,0.009812625,Data Collection
1636_sidearmsports.com,13,Data Collection,4,0.9636638,0.00025520555,0.0008593445,0.07204427,9.799373e-05,0.031834703,0.007446069,Data Collection
1636_sidearmsports.com,14,Data Collection|Other/Unclear,4,0.8059189,2.008667e-05,9.973746e-05,0.5165729,1.0093475e-05,0.026606012,0.020857403,Data Collection|Other/Unclear
1636_sidearmsports.com,15,Third-Party Sharing,4,0.49581254,0.00022591295,0.0016462018,0.3904807,0.00014090912,0.521854,0.007833442,Third-Party Sharing
1636_sidearmsports.com,16,Data Collection|Other/Unclear|Third-Party Sharing,4,0.46924266,6.31906e-05,0.00057484146,0.63171375,5.441227e-05,0.37738535,0.006380209,Other/Unclear
1636_sidearmsports.com,17,Data Collection,4,0.9531902,0.00034822564,0.00089359964,0.13908961,0.0001204,0.046129167,0.008406041,Data Collection
1636_sidearmsports.com,18,Data Collection,4,0.87139326,0.0017679357,0.004441511,0.19596148,0.0010997048,0.09910632,0.025497945,Data Collection
1636_sidearmsports.com,19,Data Collection|Data Retention,4,0.90836316,0.0006082257,0.0018102796,0.1700685,0.00032812686,0.040503345,0.20981193,Data Collection
1636_sidearmsports.com,20,Data Collection|Other/Unclear,4,0.5944129,5.7530982e-05,0.00032280368,0.5975994,5.149812e-05,0.09794298,0.0076627834,Data Collection|Other/Unclear
1636_sidearmsports.com,21,Third-Party Sharing,4,0.516845,8.9395035e-06,7.584385e-05,0.4433213,4.6193745e-06,0.66683537,0.0023359146,Data Collection|Third-Party Sharing
1636_sidearmsports.com,22,Other/Unclear,4,0.15191098,0.00014720902,0.0018490505,0.7436768,8.709823e-05,0.34415817,0.022885362,Other/Unclear
1636_sidearmsports.com,23,Other/Unclear|User Control & Deletion,4,0.14954899,0.00024498944,0.0017078428,0.74222225,0.00023360345,0.090016514,0.05438385,Other/Unclear
1636_sidearmsports.com,24,Data Collection,4,0.9086758,8.8780966e-05,0.0002947499,0.22640942,5.2277705e-05,0.039729837,0.01075714,Data Collection
1636_sidearmsports.com,25,Data Collection,4,0.9214797,0.0025385458,0.007254097,0.09427994,0.0017194371,0.574629,0.020008434,Data Collection|Third-Party Sharing
1636_sidearmsports.com,26,Data Collection,4,0.94053596,6.622333e-05,0.00028046864,0.09410654,3.2617776e-05,0.051349387,0.0065321494,Data Collection
1636_sidearmsports.com,27,Data Collection|Third-Party Sharing,4,0.83951783,0.00036047894,0.0014556163,0.35722482,0.00028139408,0.65984803,0.019115321,Data Collection|Third-Party Sharing
1636_sidearmsports.com,28,Data Collection|Other/Unclear,4,0.34166023,0.0027266024,0.0068031424,0.7565907,0.003592965,0.06420491,0.14269066,Other/Unclear
1636_sidearmsports.com,29,Third-Party Sharing,4,0.1643377,0.00015053294,0.00053946563,0.5031596,7.497669e-05,0.6234444,0.017857289,Other/Unclear|Third-Party Sharing
1636_sidearmsports.com,30,Other/Unclear|Third-Party Sharing,4,0.23039791,0.001343987,0.005088641,0.38159782,0.0019533709,0.5806795,0.015561409,Third-Party Sharing
1636_sidearmsports.com,31,Third-Party Sharing,4,0.13955459,0.0018806299,0.00800455,0.23420446,0.0021300132,0.89113814,0.027574591,Third-Party Sharing
1636_sidearmsports.com,32,Third-Party Sharing,4,0.14036927,0.0007136599,0.0034590398,0.5671467,0.00061017444,0.75201416,0.020774597,Other/Unclear|Third-Party Sharing
1636_sidearmsports.com,33,Data Security|Third-Party Sharing,4,0.067594044,0.000106241176,0.0211866,0.49509814,4.372546e-05,0.89076555,0.0046059303,Third-Party Sharing
1636_sidearmsports.com,34,Other/Unclear|Third-Party Sharing,4,0.037361056,7.0349386e-05,0.0002898651,0.41364887,6.4975626e-05,0.73706543,0.007879067,Third-Party Sharing
1636_sidearmsports.com,35,Data Collection|Other/Unclear|Third-Party Sharing|User Control & Deletion,4,0.06386981,0.00021247868,0.00071840873,0.8794811,0.00013766326,0.20022371,0.11344144,Other/Unclear
1636_sidearmsports.com,36,Data Collection|Other/Unclear|Policy Change,4,0.37123165,8.173858e-05,0.0005468682,0.56185484,0.00022330786,0.024848873,0.029375535,Other/Unclear
1636_sidearmsports.com,37,User Control & Deletion,4,0.11300886,0.0038225232,0.005749372,0.7211967,0.0018957463,0.050310247,0.8690921,Other/Unclear|User Control & Deletion
1636_sidearmsports.com,38,Data Collection|User Control & Deletion,4,0.24841616,0.00042256372,0.0010146779,0.3234228,0.0004765406,0.06590906,0.5657641,User Control & Deletion
1636_sidearmsports.com,39,Data Collection|Third-Party Sharing,4,0.91239727,4.574995e-05,0.0001549007,0.15013793,1.9243296e-05,0.2743311,0.0038146037,Data Collection
1636_sidearmsports.com,40,Data Collection|Other/Unclear|Third-Party Sharing|User Control & Deletion,4,0.5735954,0.00012225358,0.00039203986,0.35309494,5.0671126e-05,0.13295338,0.028042784,Data Collection
1636_sidearmsports.com,41,Data Collection|Data Security|Other/Unclear,4,0.2485228,0.00016554412,0.0013933623,0.74747854,6.99493e-05,0.18444513,0.012634404,Other/Unclear
1636_sidearmsports.com,42,Data Collection|Data Retention|Third-Party Sharing,4,0.52261215,0.00028396962,0.0005097524,0.5797639,5.252079e-05,0.21413893,0.015047751,Data Collection|Other/Unclear
1636_sidearmsports.com,43,User Control & Deletion,4,0.069932014,0.0018476436,0.0047827745,0.5733581,0.0022013795,0.034398448,0.5711299,Other/Unclear|User Control & Deletion
1636_sidearmsports.com,44,Data Security|Other/Unclear,4,0.017289909,0.0010843866,0.7694813,0.102219544,0.00057289086,0.021529742,0.008394297,Data Security
1636_sidearmsports.com,45,Third-Party Sharing,4,0.022668656,2.358e-05,0.00049591355,0.016615989,9.90537e-06,0.9499077,0.00035829085,Third-Party Sharing
1636_sidearmsports.com,46,Data Collection|Other/Unclear,4,0.21879247,0.00025986694,0.0011464532,0.98207176,0.00017767111,0.01171513,0.0033026722,Other/Unclear
1636_sidearmsports.com,47,Data Collection|Data Security|Other/Unclear|Third-Party Sharing,4,0.33134875,7.366315e-05,0.00036703865,0.9241201,3.887079e-05,0.026712643,0.0060575935,Other/Unclear
1636_sidearmsports.com,48,Data Collection|Other/Unclear,4,0.37220994,0.00011851532,0.00025011812,0.9660955,2.1533067e-05,0.009341619,0.009468048,Other/Unclear
1636_sidearmsports.com,49,Other/Unclear|Policy Change,4,0.018035779,0.00023546453,0.00133605,0.8203094,0.006721345,0.020627301,0.02140247,Other/Unclear
1636_sidearmsports.com,50,Other/Unclear|User Control & Deletion,4,0.0028698852,1.28951715e-05,9.604974e-05,0.9799483,1.4677289e-05,0.039952386,0.17090964,Other/Unclear
1636_sidearmsports.com,51,Policy Change,4,0.009761838,0.00019039436,0.000639261,0.5266722,0.1297141,0.008731737,0.010882129,Other/Unclear
164_adweek.com,0,Data Collection|Other/Unclear|Policy Change,3,0.055640083,2.6041595e-05,0.0003331053,0.9079992,0.00048169302,0.015831277,0.0048366613,Other/Unclear
164_adweek.com,1,Data Collection,3,0.93173623,2.8104354e-05,0.00015435126,0.20018443,1.6693299e-05,0.05329696,0.0017150241,Data Collection
164_adweek.com,2,Data Collection|Other/Unclear|User Control & Deletion,3,0.91383415,5.1776584e-05,0.00030893338,0.23223245,3.829317e-05,0.052361757,0.015870575,Data Collection
164_adweek.com,3,Data Collection,3,0.93237764,0.0002832818,0.0012249711,0.24882922,0.0002969035,0.20112856,0.011878914,Data Collection
164_adweek.com,4,Data Collection|Third-Party Sharing|User Control & Deletion,3,0.51281893,4.0012787e-06,5.9981274e-05,0.2045899,6.0133775e-06,0.4855012,0.004610187,Data Collection
164_adweek.com,5,Data Collection,3,0.92383516,9.650709e-07,8.169548e-06,0.18568757,2.3571654e-07,0.029231614,0.0011742414,Data Collection
164_adweek.com,6,Data Collection|User Control & Deletion,3,0.7677193,0.0002104281,0.0010198527,0.23171818,0.00013327047,0.098299876,0.026991118,Data Collection
164_adweek.com,7,Other/Unclear|Third-Party Sharing,3,0.20840941,5.6460558e-05,0.0005265342,0.52324766,2.9351799e-05,0.64128,0.012973545,Other/Unclear|Third-Party Sharing
164_adweek.com,8,Data Security|Third-Party Sharing,3,0.08049234,3.3449756e-05,0.005245007,0.19635664,4.3623095e-05,0.7063643,0.0037834437,Third-Party Sharing
164_adweek.com,9,Other/Unclear|Third-Party Sharing|User Control & Deletion,3,0.09410478,1.2871943e-05,0.00016262494,0.4427264,1.1126532e-05,0.26182792,0.018091708,
164_adweek.com,10,Third-Party Sharing,3,0.035581253,3.245293e-05,0.00051579735,0.036916547,1.8261879e-05,0.93887335,0.0015585143,Third-Party Sharing
164_adweek.com,11,Data Security,3,0.02012474,9.317866e-05,0.068359315,0.6248664,9.079087e-05,0.032895267,0.0071924557,Other/Unclear
164_adweek.com,12,Data Retention|Other/Unclear,3,0.061502583,0.00018583871,0.0020156289,0.8454825,0.00022970182,0.08609098,0.007455341,Other/Unclear
164_adweek.com,13,Data Collection|Other/Unclear,3,0.0852588,4.170037e-05,0.00034964125,0.99715364,5.4623553e-05,0.0026456565,0.003481027,Other/Unclear
164_adweek.com,14,Other/Unclear|User Control & Deletion,3,0.027053151,1.3658515e-05,9.7989294e-05,0.8542168,2.0758274e-05,0.004925989,0.06569924,Other/Unclear
164_adweek.com,15,Other/Unclear,3,0.038251255,0.00032304018,0.0015422647,0.95569444,0.0012209894,0.014526674,0.05944012,Other/Unclear
164_adweek.com,16,Policy Change,3,0.002016541,7.0846095e-06,7.98605e-05,0.7554727,0.039759953,0.0036399672,0.0034221027,Other/Unclear
1666_wsmv.com,0,Other/Unclear,3,0.16700801,0.0014974952,0.010397156,0.7936287,0.009476146,0.118141316,0.038210124,Other/Unclear
1666_wsmv.com,1,Data Security|Other/Unclear,3,0.25518316,2.8279592e-05,0.0023234328,0.70455295,6.0086968e-05,0.033532996,0.0024614276,Other/Unclear
1666_wsmv.com,2,Data Collection|Other/Unclear|Third-Party Sharing,3,0.19989476,1.1448931e-05,0.00021440037,0.77275395,3.011391e-05,0.088463224,0.004530516,Other/Unclear
1666_wsmv.com,3,Other/Unclear|Policy Change,3,0.028689276,4.229513e-05,0.00049379014,0.887142,0.0009878435,0.011608158,0.015399953,Other/Unclear
1666_wsmv.com,4,Data Collection,3,0.67277724,0.00037263066,0.002846686,0.4107127,0.000474767,0.05461981,0.011534238,Data Collection
1666_wsmv.com,5,Data Collection|Other/Unclear,3,0.96677274,6.158663e-05,0.00027070186,0.094746344,1.761705e-05,0.11108199,0.002702505,Data Collection
1666_wsmv.com,6,Data Collection|Third-Party Sharing,3,0.8714506,0.00013128262,0.00075878546,0.15715748,8.1400955e-05,0.37534618,0.006502758,Data Collection
1666_wsmv.com,7,Data Collection|Other/Unclear|Third-Party Sharing,3,0.8153903,2.0066169e-05,0.00014656276,0.34341076,1.816518e-05,0.1717608,0.0063752015,Data Collection
1666_wsmv.com,8,Data Collection|Other/Unclear|User Control & Deletion,3,0.703593,9.324558e-05,0.00072620064,0.42535943,9.880641e-05,0.051509418,0.034011245,Data Collection
1666_wsmv.com,9,Data Collection|Other/Unclear|Third-Party Sharing|User Control & Deletion,3,0.7379305,9.6811955e-06,6.161532e-05,0.31604666,8.815503e-06,0.17885967,0.0058822175,Data Collection
1666_wsmv.com,10,Other/Unclear|User Control & Deletion,3,0.32241943,2.1125665e-05,0.00019579222,0.7211148,3.969535e-05,0.029836914,0.039625775,Other/Unclear
1666_wsmv.com,11,Data Collection|Third-Party Sharing,3,0.8762291,2.077284e-05,0.0002614852,0.14963393,9.638818e-06,0.0674866,0.009837922,Data Collection
1666_wsmv.com,12,Data Collection,3,0.7715437,7.776103e-05,0.00031664714,0.29230213,3.986026e-05,0.07932859,0.011391981,Data Collection
1666_wsmv.com,13,Other/Unclear,3,0.1645343,7.951759e-05,0.00049451087,0.97550243,0.00011077151,0.009350888,0.009251478,Other/Unclear
1666_wsmv.com,14,Other/Unclear,3,0.09329376,1.4590117e-05,0.00014896636,0.78498125,1.09216735e-05,0.24857229,0.005080237,Other/Unclear
1666_wsmv.com,15,Other/Unclear,3,0.21249741,3.568556e-05,0.00095658656,0.83010626,4.7640206e-05,0.09552281,0.008497213,Other/Unclear
1666_wsmv.com,16,Data Collection|Third-Party Sharing,3,0.7653409,2.620849e-05,0.0002703552,0.23175429,2.1830912e-05,0.47309887,0.0031224026,Data Collection
1666_wsmv.com,17,Other/Unclear,3,0.12920745,7.107016e-06,0.00012414221,0.8903834,1.0297582e-05,0.08830145,0.0008195978,Other/Unclear
1666_wsmv.com,18,Data Collection|Other/Unclear|Third-Party Sharing|User Control & Deletion,3,0.13070312,1.8136128e-06,3.3923243e-05,0.4070826,2.0824045e-06,0.18276365,0.012272414,
1666_wsmv.com,19,Other/Unclear|User Control & Deletion,3,0.16741191,0.0007334886,0.0061599077,0.6061362,0.0007946493,0.09546514,0.20135505,Other/Unclear
1666_wsmv.com,20,Third-Party Sharing,3,0.2400069,0.00010408282,0.0010814574,0.24614502,0.00013939012,0.7363889,0.008096721,Third-Party Sharing
1666_wsmv.com,21,Data Collection,3,0.6539888,0.000570262,0.0049618264,0.3640806,0.0005526692,0.39130718,0.050242037,Data Collection
1666_wsmv.com,22,Data Collection|Third-Party Sharing,3,0.38351175,0.00015862954,0.0011180142,0.43031892,9.255928e-05,0.41267046,0.015627101,
1666_wsmv.com,23,Data Collection|Third-Party Sharing,3,0.61430067,1.527911e-05,0.00018995999,0.17629397,1.1377828e-05,0.32914206,0.0041388287,Data Collection
1666_wsmv.com,24,Other/Unclear|Third-Party Sharing,3,0.13605937,0.000124281,0.00070150284,0.15325066,0.00016517786,0.7233836,0.004371841,Third-Party Sharing
1666_wsmv.com,25,Other/Unclear|Policy Change,3,0.33690006,0.00020432056,0.0014126793,0.6893995,0.00038331148,0.24547575,0.012265284,Other/Unclear
1666_wsmv.com,26,Data Security|Other/Unclear,3,0.017819818,8.949023e-05,0.09507481,0.6837923,0.000100923986,0.011125938,0.0049642688,Other/Unclear
1666_wsmv.com,27,Data Retention|Other/Unclear|User Control & Deletion,3,0.053570937,3.6267782e-05,0.0003916719,0.72772557,3.6155703e-05,0.05160518,0.033439167,Other/Unclear
1666_wsmv.com,28,Other/Unclear|Third-Party Sharing,3,0.29451764,1.9392385e-06,3.255647e-05,0.40136793,3.0630572e-06,0.527141,0.0049674404,Third-Party Sharing
1666_wsmv.com,29,Other/Unclear,3,0.0301626,0.00038407344,0.0029880074,0.97051966,0.0023934352,0.023271699,0.035812233,Other/Unclear
1666_wsmv.com,30,Other/Unclear|Policy Change,3,0.052473392,0.0073866462,0.017419267,0.8893,0.28001416,0.033428263,0.048206788,Other/Unclear
1673_tulsaworld.com,0,Other/Unclear,1,0.036743913,0.0009500801,0.006309648,0.9488019,0.009572996,0.06913932,0.02332642,Other/Unclear
1673_tulsaworld.com,1,Other/Unclear,1,0.027204392,4.5748053e-05,0.00037704973,0.96008676,0.00016211915,0.045090944,0.020502904,Other/Unclear
1673_tulsaworld.com,2,Other/Unclear,1,0.15770698,0.0004540134,0.005868599,0.74844563,0.0011031752,0.061674405,0.02680136,Other/Unclear
1673_tulsaworld.com,3,Other/Unclear|User Control & Deletion,1,0.036461253,5.3954867e-05,0.0006080992,0.9316892,0.0011415282,0.03321695,0.035093132,Other/Unclear
1673_tulsaworld.com,4,Policy Change,1,0.007669695,7.540171e-05,0.00031645887,0.529986,0.07118317,0.014726361,0.010377758,Other/Unclear
1673_tulsaworld.com,5,Other/Unclear,1,0.24504054,0.00344021,0.033393156,0.598962,0.0041459305,0.089542486,0.09216278,Other/Unclear
1673_tulsaworld.com,6,Data Collection,1,0.7422738,0.0014085069,0.0039116885,0.3524868,0.00075329497,0.17537554,0.01577348,Data Collection
1673_tulsaworld.com,7,Third-Party Sharing,1,0.15342104,0.00011450545,0.0010319944,0.52266645,0.0001887316,0.49607396,0.008345501,Other/Unclear
1673_tulsaworld.com,8,Third-Party Sharing,1,0.21528733,0.0078288475,0.01871208,0.2899963,0.0067507396,0.66845936,0.04423992,Third-Party Sharing
1673_tulsaworld.com,9,Third-Party Sharing,1,0.15188591,0.0007035818,0.0037572016,0.32563928,0.00062303746,0.55561537,0.016170304,Third-Party Sharing
1673_tulsaworld.com,10,Data Security|Third-Party Sharing,1,0.41480276,0.00017220274,0.0029973977,0.42758173,0.00014646442,0.16066974,0.014556151,
1673_tulsaworld.com,11,Data Collection,1,0.90632486,0.00043754964,0.0012019507,0.28146607,0.00027352833,0.03394791,0.0154303005,Data Collection
1673_tulsaworld.com,12,Data Collection,1,0.8470694,6.428638e-05,0.00034532507,0.23119994,2.747186e-05,0.08960514,0.010584517,Data Collection
1673_tulsaworld.com,13,Data Collection|Third-Party Sharing,1,0.9106965,2.291946e-05,0.000132116,0.13216206,1.6921123e-05,0.5008354,0.0020840748,Data Collection|Third-Party Sharing
1673_tulsaworld.com,14,Data Collection|Other/Unclear,1,0.71376467,0.00026200814,0.0015334565,0.33260888,0.0005011114,0.09499349,0.016731435,Data Collection
1673_tulsaworld.com,15,Data Collection,1,0.49403322,0.013667121,0.010473483,0.537293,0.003278445,0.095613845,0.15775497,Other/Unclear
1673_tulsaworld.com,16,Data Collection|Other/Unclear|Third-Party Sharing,1,0.94106525,5.906247e-06,3.5942303e-05,0.04372179,2.00155e-06,0.37247205,0.00032159683,Data Collection
1673_tulsaworld.com,17,Data Collection|Other/Unclear,1,0.86547375,0.00022789332,0.0011111571,0.41624722,0.000111788875,0.07146379,0.029481057,Data Collection
1673_tulsaworld.com,18,Other/Unclear|Third-Party Sharing,1,0.22755316,2.823706e-05,0.00028733205,0.70407677,2.8104956e-05,0.699183,0.0054496005,Other/Unclear|Third-Party Sharing
1673_tulsaworld.com,19,User Control & Deletion,1,0.48413345,3.9357794e-05,0.00010332404,0.39632395,2.3682049e-05,0.030043123,0.2698054,
1673_tulsaworld.com,20,Data Collection|Third-Party Sharing,1,0.8793828,0.00013934367,0.0005502205,0.17329961,8.9805886e-05,0.22668779,0.0040845983,Data Collection
1673_tulsaworld.com,21,Data Collection,1,0.81787187,0.00087607285,0.002703672,0.20981178,0.0010559404,0.2628916,0.018903041,Data Collection
1673_tulsaworld.com,22,Data Collection,1,0.5926083,0.0010760529,0.004858225,0.4655476,0.0008409262,0.1855108,0.018090328,Data Collection
1673_tulsaworld.com,23,Data Collection|Third-Party Sharing,1,0.79566514,5.3059357e-05,0.00028536632,0.21125337,3.4704735e-05,0.3925469,0.0047518327,Data Collection
1673_tulsaworld.com,24,Data Collection|User Control & Deletion,1,0.8652963,0.00011084222,0.00035792266,0.25186828,7.4791504e-05,0.12609492,0.016011672,Data Collection
1673_tulsaworld.com,25,Data Collection|Third-Party Sharing|User Control & Deletion,1,0.78632414,2.3361998e-05,0.00019458988,0.18447451,1.591004e-05,0.3456926,0.004883808,Data Collection
1673_tulsaworld.com,26,Data Collection|Other/Unclear|Third-Party Sharing,1,0.1512091,2.679383e-06,0.00026872102,0.27544898,6.564603e-07,0.8540992,0.00041031095,Third-Party Sharing
1673_tulsaworld.com,27,Data Collection,1,0.5034511,0.0005700827,0.0026178807,0.5595001,0.0006292572,0.1494434,0.036073074,Data Collection|Other/Unclear
1673_tulsaworld.com,28,Data Collection|Data Security|Third-Party Sharing,1,0.6280233,1.1791232e-05,6.375129e-05,0.2146433,3.5943692e-06,0.28451598,0.0031545833,Data Collection
1673_tulsaworld.com,29,Data Collection,1,0.79356086,0.0001664387,0.00073937984,0.25538322,0.00011910217,0.12667769,0.028677631,Data Collection
1673_tulsaworld.com,30,Data Collection|Third-Party Sharing,1,0.767849,0.00039563957,0.0019509315,0.33050597,0.00037327374,0.10751288,0.040445786,Data Collection
1673_tulsaworld.com,31,Other/Unclear|Third-Party Sharing,1,0.29675618,7.543672e-06,8.1807084e-05,0.3828182,3.8723774e-06,0.4517493,0.0033074762,
1673_tulsaworld.com,32,Third-Party Sharing,1,0.15078756,0.00042601652,0.003068878,0.3194231,0.00032609506,0.6982135,0.014881367,Third-Party Sharing
1673_tulsaworld.com,33,Data Collection|Other/Unclear|User Control & Deletion,1,0.5192098,4.429896e-05,0.00038955742,0.56134456,5.255307e-05,0.044489495,0.0026650752,Data Collection|Other/Unclear
1673_tulsaworld.com,34,Other/Unclear|User Control & Deletion,1,0.08572284,0.00026283463,0.001308464,0.9211737,0.0007393167,0.22893722,0.01142794,Other/Unclear
1673_tulsaworld.com,35,Other/Unclear|Third-Party Sharing,1,0.065661184,8.695096e-05,0.0004700739,0.90855855,4.5408455e-05,0.5008675,0.0073854197,Other/Unclear|Third-Party Sharing
1673_tulsaworld.com,36,Other/Unclear|Third-Party Sharing,1,0.04853241,3.8254275e-06,8.377825e-05,0.9711616,1.3633648e-05,0.082060635,0.00082520663,Other/Unclear
1673_tulsaworld.com,37,Data Security|Other/Unclear,1,0.14412077,0.0050822194,0.036074616,0.76397294,0.004481833,0.19287409,0.0956368,Other/Unclear
1673_tulsaworld.com,38,User Control & Deletion,1,0.13144621,0.00017672226,0.00059766555,0.7169931,0.00028943917,0.03454226,0.46203354,Other/Unclear
1673_tulsaworld.com,39,User Control & Deletion,1,0.35345107,0.00047118915,0.0011823132,0.4604517,0.00040993435,0.07197509,0.5111537,User Control & Deletion
1673_tulsaworld.com,40,Other/Unclear|User Control & Deletion,1,0.4666631,0.0009121919,0.001988807,0.4266245,0.0007744845,0.09997359,0.30818975,
1673_tulsaworld.com,41,Policy Change|User Control & Deletion,1,0.27866703,0.00046575864,0.0014692706,0.5993177,0.00045504593,0.08599726,0.1871459,Other/Unclear
1673_tulsaworld.com,42,Data Security,1,0.11140727,0.00016100498,0.1187704,0.17840078,9.941066e-05,0.028622651,0.0026486157,
1673_tulsaworld.com,43,Data Security,1,0.013913943,4.2390428e-05,0.14989902,0.6825729,3.3634493e-05,0.044122517,0.001343786,Other/Unclear
1673_tulsaworld.com,44,Other/Unclear|User Control & Deletion,1,0.44313988,0.00014603122,0.0005274928,0.29444313,4.3297423e-05,0.040747155,0.035205364,
1673_tulsaworld.com,45,Other/Unclear|Third-Party Sharing,1,0.15812176,4.655162e-05,0.00034209964,0.81102496,0.0004817665,0.035787065,0.011681909,Other/Unclear
1673_tulsaworld.com,46,Other/Unclear,1,0.0059841145,1.480895e-05,0.0001329174,0.99432933,8.208951e-05,0.0046948423,0.015528613,Other/Unclear
1673_tulsaworld.com,47,Other/Unclear,1,0.17898534,0.0065239873,0.044575375,0.6391863,0.008352345,0.21490917,0.10584993,Other/Unclear
1683_dailynews.com,0,Other/Unclear,3,0.02264593,2.5649255e-05,0.0003532865,0.98026586,0.00013138115,0.063492894,0.002434715,Other/Unclear
1683_dailynews.com,1,Policy Change,3,0.01445485,0.00016112316,0.0008171497,0.5062135,0.22981602,0.007361778,0.016950164,Other/Unclear
1683_dailynews.com,2,Data Collection,3,0.96289116,3.2822176e-05,0.00025677416,0.097440295,2.1258766e-05,0.032725994,0.0034538633,Data Collection
1683_dailynews.com,3,Data Collection|User Control & Deletion,3,0.6833769,0.00013868712,0.00044441875,0.1605806,0.000110936424,0.02700839,0.37940374,Data Collection
1683_dailynews.com,4,Data Collection,3,0.8864579,0.00014937118,0.0013521147,0.090294816,0.00010534284,0.1326207,0.017131831,Data Collection
1683_dailynews.com,5,Data Collection,3,0.8803822,0.0018752654,0.0038984807,0.29538864,0.0019271416,0.07289045,0.065171555,Data Collection
1683_dailynews.com,6,Data Collection|Other/Unclear|Third-Party Sharing,3,0.67979383,0.00033601426,0.0019343878,0.20575193,0.0001920497,0.5754171,0.015989397,Data Collection|Third-Party Sharing
1683_dailynews.com,7,Data Collection|Data Retention,3,0.6055567,0.0043031042,0.003840925,0.5597378,0.00065516785,0.109164916,0.028733289,Data Collection|Other/Unclear
1683_dailynews.com,8,Data Collection|Third-Party Sharing,3,0.06189659,2.6355676e-05,0.00080208154,0.04782443,2.9018938e-05,0.8474568,0.00090716215,Third-Party Sharing
1683_dailynews.com,9,Data Collection,3,0.93379885,7.588994e-05,0.0006750692,0.14312398,7.859508e-05,0.014779614,0.007442542,Data Collection
1683_dailynews.com,10,Data Collection|Other/Unclear|Third-Party Sharing,3,0.8702872,9.163581e-06,5.6289075e-05,0.58293486,7.3563947e-06,0.34596577,0.050569836,Data Collection|Other/Unclear
1683_dailynews.com,11,Data Collection,3,0.979315,0.00017385239,0.00080261333,0.079015836,0.000104788975,0.033712342,0.005701528,Data Collection
1683_dailynews.com,12,Other/Unclear,3,0.6525787,0.005664672,0.018490994,0.44967362,0.005067921,0.3759861,0.06357062,Data Collection
1683_dailynews.com,13,Data Collection|Third-Party Sharing,3,0.80126053,1.9290279e-05,0.00014800379,0.32441857,2.076009e-05,0.44973534,0.013596993,Data Collection
1683_dailynews.com,14,Data Collection,3,0.8608481,0.00087855436,0.0027619742,0.37934285,0.0006262751,0.09114491,0.049681973,Data Collection
1683_dailynews.com,15,Data Collection|Third-Party Sharing,3,0.84922224,0.0001204052,0.00068508956,0.19188298,0.00012139804,0.49670738,0.012400214,Data Collection
1683_dailynews.com,16,Data Collection|Third-Party Sharing,3,0.41809306,1.649223e-05,0.00013407707,0.5953597,2.0589776e-05,0.69209474,0.048481826,Other/Unclear|Third-Party Sharing
1683_dailynews.com,17,Data Collection|Third-Party Sharing,3,0.047553957,9.164279e-06,7.6166834e-05,0.6100787,2.4638186e-05,0.62603676,0.0047094245,Other/Unclear|Third-Party Sharing
1683_dailynews.com,18,Data Collection|Other/Unclear|User Control & Deletion,3,0.08426874,1.878548e-05,0.000114223905,0.68600506,1.7751778e-05,0.053396814,0.23321216,Other/Unclear
1683_dailynews.com,19,Other/Unclear|Third-Party Sharing|User Control & Deletion,3,0.008216366,2.6810992e-05,0.00010752592,0.95997036,5.151017e-05,0.015058073,0.494072,Other/Unclear
1683_dailynews.com,20,Other/Unclear|User Control & Deletion,3,0.016206753,0.00011864049,0.00030733622,0.9608552,0.0003546956,0.006953866,0.6903393,Other/Unclear|User Control & Deletion
1683_dailynews.com,21,Other/Unclear,3,0.067718975,4.3467e-05,0.00016055946,0.8469785,0.00019154475,0.031226423,0.069254465,Other/Unclear
1683_dailynews.com,22,Other/Unclear|User Control & Deletion,3,0.028392775,0.0004717682,0.0008867045,0.93030685,0.0010806533,0.008913761,0.6866836,Other/Unclear|User Control & Deletion
1683_dailynews.com,23,Data Security,3,0.040577777,0.00019023694,0.08838424,0.40484947,0.00030376023,0.037216693,0.006274859,
1683_dailynews.com,24,Other/Unclear,3,0.0058719316,7.1230446e-05,0.00020492746,0.9917788,7.0881164e-05,0.011911116,0.040308867,Other/Unclear
1683_dailynews.com,25,Other/Unclear|Third-Party Sharing,3,0.2584012,3.7136164e-05,0.00031306368,0.6867716,3.5735047e-05,0.08494402,0.011520111,Other/Unclear
1683_dailynews.com,26,Other/Unclear,3,0.0051893424,0.00039202702,0.001906891,0.99323756,0.0030381486,0.009417303,0.06395794,Other/Unclear
1683_dailynews.com,27,Data Collection|Other/Unclear,3,0.020207148,2.5826426e-05,0.00019891937,0.9964605,9.071906e-05,0.014460264,0.0010886262,Other/Unclear
1683_dailynews.com,28,Data Collection|Other/Unclear,3,0.8000591,3.5419278e-05,0.00026640546,0.8014756,2.4536072e-05,0.047999006,0.003941342,Data Collection|Other/Unclear
1683_dailynews.com,29,Data Collection|Data Retention|Data Security|Other/Unclear|Third-Party Sharing,3,0.32286865,9.9753066e-05,0.0012743092,0.79158825,1.2717379e-05,0.57719517,0.008661296,Other/Unclear|Third-Party Sharing
1683_dailynews.com,30,Other/Unclear|User Control & Deletion,3,0.037200656,7.871566e-05,0.00031477472,0.9363416,5.8524085e-05,0.025829125,0.15222995,Other/Unclear
1683_dailynews.com,31,Other/Unclear,3,0.16275026,0.0011056005,0.010627146,0.83074987,0.000524133,0.048178874,0.024032144,Other/Unclear
1683_dailynews.com,32,Other/Unclear|Policy Change,3,0.0015610958,7.08991e-05,0.0004132368,0.9815549,0.023385124,0.0024584755,0.023866564,Other/Unclear
1694_lids.com,0,Other/Unclear,2,0.041798454,0.0005852711,0.004249149,0.9098379,0.016047783,0.046439692,0.02080641,Other/Unclear
1694_lids.com,1,Other/Unclear|Policy Change,2,0.03563712,0.0033998473,0.007166459,0.9445184,0.3936257,0.016937954,0.015361579,Other/Unclear
1694_lids.com,2,Other/Unclear,2,0.1305793,0.009933713,0.1085145,0.8299425,0.02429594,0.09924772,0.093079925,Other/Unclear
1694_lids.com,3,Data Collection|Third-Party Sharing,2,0.41023114,2.5231408e-05,0.0002005897,0.4064208,1.7270722e-05,0.3530493,0.0021557782,
1694_lids.com,4,Policy Change,2,0.016474245,8.370345e-05,0.00044683946,0.55183554,0.048144083,0.0112919165,0.007767816,Other/Unclear
1694_lids.com,5,Other/Unclear,2,0.03804445,0.0003120715,0.0012563292,0.9366289,0.002031575,0.033179276,0.023421908,Other/Unclear
1694_lids.com,6,Data Collection,2,0.92229706,3.4791792e-05,0.00015897007,0.17872423,1.0902764e-05,0.05063717,0.0028032025,Data Collection
1694_lids.com,7,Data Collection,2,0.90944934,0.00069069955,0.0014046616,0.1191769,0.00030856454,0.18837799,0.0058580516,Data Collection
1694_lids.com,8,Data Collection,2,0.7279469,0.00032714359,0.0006948371,0.40213293,0.00011020935,0.08481499,0.0075300946,Data Collection
1694_lids.com,9,Data Collection,2,0.9772574,0.0005020131,0.00061376306,0.06784946,0.00017089948,0.07968681,0.0034992483,Data Collection
1694_lids.com,10,Data Collection|Third-Party Sharing,2,0.8603615,2.0003617e-05,0.00012553188,0.28729472,9.6394e-06,0.089167565,0.019322915,Data Collection
1694_lids.com,11,Other/Unclear,2,0.19120179,0.00041134655,0.00095108,0.84700996,0.00029017366,0.042298768,0.044323053,Other/Unclear
1694_lids.com,12,Data Collection|Third-Party Sharing,2,0.8869151,6.171928e-05,0.00046850246,0.20661509,4.9382266e-05,0.3153421,0.0036018214,Data Collection
1694_lids.com,13,Data Collection|Other/Unclear,2,0.6554361,0.001362214,0.0061931424,0.54967827,0.0016502389,0.072622515,0.14307947,Data Collection|Other/Unclear
1694_lids.com,14,Data Collection,2,0.83557445,0.00047798952,0.0013234552,0.20458014,0.00032161365,0.11758045,0.029666461,Data Collection
1694_lids.com,15,Data Security|Other/Unclear|User Control & Deletion,2,0.15995793,0.00059947884,0.009476028,0.6126726,0.00029161468,0.050720572,0.019689096,Other/Unclear
1694_lids.com,16,Data Collection,2,0.9312805,1.0306385e-05,5.4653905e-05,0.1022642,3.7965463e-06,0.05036156,0.0058240597,Data Collection
1694_lids.com,17,Other/Unclear,2,0.06131472,0.00016739633,0.0008522093,0.94617414,0.00027643205,0.011513073,0.019654557,Other/Unclear
1694_lids.com,18,Third-Party Sharing,2,0.111458465,5.8255305e-06,0.00012475393,0.145001,2.4600809e-06,0.69437325,0.00029001533,Third-Party Sharing
1694_lids.com,19,Other/Unclear|Third-Party Sharing,2,0.17441715,0.0016489567,0.11297613,0.09458639,0.0011878338,0.896908,0.021470997,Third-Party Sharing
1694_lids.com,20,Data Security|Third-Party Sharing,2,0.10724453,0.0006812553,0.020926544,0.28818715,0.00036223678,0.6824139,0.012402084,Third-Party Sharing
1694_lids.com,21,Other/Unclear|Third-Party Sharing,2,0.37432694,2.9493067e-06,5.2302734e-05,0.43231204,1.8197662e-06,0.14351843,0.002224168,
1694_lids.com,22,Data Security,2,0.11241618,0.0014545091,0.125005,0.40811113,0.0011894197,0.069458134,0.012712787,
1694_lids.com,23,Data Security|Third-Party Sharing,2,0.10676305,0.0028502995,0.80278826,0.05113875,0.002635724,0.32131022,0.016848767,Data Security
1694_lids.com,24,Data Security,2,0.081934914,0.00013704834,0.09211911,0.25599584,0.00015218018,0.06537166,0.007993829,
1694_lids.com,25,Data Security|Other/Unclear,2,0.36460638,8.6507534e-05,0.0012328904,0.34383973,4.3989516e-05,0.09916904,0.023441333,
1694_lids.com,26,User Control & Deletion,2,0.114025414,0.0004616209,0.0010515928,0.42715675,0.00016685326,0.02058407,0.2367169,
1694_lids.com,27,User Control & Deletion,2,0.1261248,0.0005464634,0.0009686308,0.61009365,0.00054163975,0.020174844,0.23544887,Other/Unclear
1694_lids.com,28,User Control & Deletion,2,0.10699921,0.0007787572,0.0038047335,0.43334547,0.0025136655,0.04463805,0.387083,
1694_lids.com,29,User Control & Deletion,2,0.14834252,0.0002823876,0.0007912257,0.62318414,0.00033100822,0.03166365,0.23762992,Other/Unclear
1694_lids.com,30,Other/Unclear|User Control & Deletion,2,0.46025854,0.00013760744,0.0002609473,0.3361051,3.732261e-05,0.021524962,0.12414078,
1694_lids.com,31,User Control & Deletion,2,0.204369,0.000838952,0.0023435852,0.5213202,0.0017759035,0.053898256,0.065767154,Other/Unclear
1694_lids.com,32,Other/Unclear|User Control & Deletion,2,0.09937027,0.00021287722,0.0007715034,0.86077327,0.00034791653,0.027245909,0.034171674,Other/Unclear
1694_lids.com,33,Data Collection|Other/Unclear,2,0.07698394,0.00018248029,0.001552623,0.9711633,0.00028608798,0.018193342,0.00431424,Other/Unclear
1694_lids.com,34,Other/Unclear,2,0.17356355,0.0012328371,0.0048142388,0.8424653,0.0013135099,0.12066948,0.027766058,Other/Unclear
1694_lids.com,35,Other/Unclear,2,0.024042055,1.9839947e-05,0.00088160107,0.9535845,4.4972603e-05,0.095452584,0.0038609535,Other/Unclear
1694_lids.com,36,Other/Unclear,2,0.011018683,0.00020269008,0.0007632722,0.98121774,0.00024924442,0.047788724,0.07351708,Other/Unclear
1694_lids.com,37,Other/Unclear,2,0.065585986,0.0003682128,0.0015639323,0.898987,0.00089432456,0.024189975,0.038173325,Other/Unclear
1703_sports-reference.com,0,Other/Unclear,3,0.07753464,0.0033665942,0.020070082,0.9316955,0.018290188,0.06890728,0.042620786,Other/Unclear
1703_sports-reference.com,1,Other/Unclear,3,0.41144228,0.009179333,0.04880094,0.52924544,0.017636893,0.2432299,0.09090433,Other/Unclear
1703_sports-reference.com,2,Data Collection|Other/Unclear,3,0.09679128,4.2161533e-05,0.00057149836,0.91651434,0.0001298117,0.041637044,0.008101339,Other/Unclear
1703_sports-reference.com,3,Data Collection,3,0.93159896,0.00015364602,0.0006667932,0.19904691,9.144681e-05,0.050284933,0.009702732,Data Collection
1703_sports-reference.com,4,Data Collection|User Control & Deletion,3,0.7681227,0.00017419853,0.0014370558,0.23834063,0.00018907986,0.07565272,0.029610906,Data Collection
1703_sports-reference.com,5,Data Collection,3,0.9244941,0.00012322264,0.00042662935,0.19346131,8.1622245e-05,0.05640611,0.008192547,Data Collection
1703_sports-reference.com,6,Data Collection,3,0.66348165,0.00027863472,0.001573557,0.280722,0.00018216165,0.13954818,0.013396363,Data Collection
1703_sports-reference.com,7,Data Retention|Data Security|Other/Unclear|Third-Party Sharing,3,0.15310124,9.1487505e-05,0.002684484,0.71459293,0.00021081799,0.20766012,0.008833237,Other/Unclear
1703_sports-reference.com,8,Other/Unclear|Third-Party Sharing,3,0.25558844,0.00061648723,0.0023384935,0.8300876,0.0010442296,0.06253861,0.030811843,Other/Unclear
1703_sports-reference.com,9,Other/Unclear,3,0.12546839,0.000119219876,0.0014598963,0.8183109,0.00015566427,0.040698316,0.017059775,Other/Unclear
1703_sports-reference.com,10,Data Collection,3,0.92837465,0.00010443797,0.00048919185,0.1377338,5.2177293e-05,0.12368675,0.008864215,Data Collection
1703_sports-reference.com,11,Data Collection|Other/Unclear|User Control & Deletion,3,0.35279298,0.00052760745,0.0017525977,0.55723286,0.00036877647,0.1536671,0.041274548,Other/Unclear
1703_sports-reference.com,12,Data Collection|Policy Change,3,0.17209618,9.985753e-05,0.0007296554,0.722378,0.00097157445,0.05939401,0.011616332,Other/Unclear
1703_sports-reference.com,13,Third-Party Sharing,3,0.21702483,0.00022373268,0.003425604,0.48940474,0.0003024769,0.34006473,0.024559623,
1703_sports-reference.com,14,Third-Party Sharing,3,0.13486587,9.585729e-05,0.0012918708,0.15576234,5.9514132e-05,0.8770685,0.003657298,Third-Party Sharing
1703_sports-reference.com,15,Data Security|Other/Unclear,3,0.087941445,0.00027835078,0.005757055,0.8219661,0.00014868153,0.3325542,0.010858746,Other/Unclear
1703_sports-reference.com,16,Data Security|Other/Unclear|Third-Party Sharing,3,0.054945607,1.4809656e-05,0.00031407888,0.93029684,1.9577452e-05,0.23163196,0.0019073008,Other/Unclear
1703_sports-reference.com,17,Data Security|Other/Unclear,3,0.0194542,2.5181635e-05,0.03146613,0.5546441,1.8253848e-05,0.028662072,0.0026221138,Other/Unclear
1703_sports-reference.com,18,Other/Unclear|User Control & Deletion,3,0.21822901,8.405136e-06,5.5943525e-05,0.48667327,5.700625e-06,0.038776353,0.038393516,
1703_sports-reference.com,19,Other/Unclear|User Control & Deletion,3,0.09716799,0.0001067088,0.0009078977,0.57365227,0.00016205097,0.018093916,0.08169301,Other/Unclear
1703_sports-reference.com,20,Other/Unclear|Policy Change,3,0.00815088,2.4004068e-05,0.00020013454,0.8729035,0.023448508,0.0020785904,0.004806841,Other/Unclear
1708_foxsports.com,0,Other/Unclear,3,0.028272232,0.0021509873,0.007728759,0.9451534,0.10910668,0.022797206,0.02093686,Other/Unclear
1708_foxsports.com,1,Other/Unclear,3,0.08638427,1.1619942e-05,0.00023655739,0.93551683,5.3888863e-05,0.03734072,0.002027613,Other/Unclear
1708_foxsports.com,2,Other/Unclear,3,0.055920716,4.9461385e-05,0.0006727838,0.8674959,0.0005972867,0.07032987,0.022810942,Other/Unclear
1708_foxsports.com,3,Data Collection|Other/Unclear,3,0.12845674,9.181057e-05,0.00046058005,0.9852596,0.00018461404,0.013131951,0.003640353,Other/Unclear
1708_foxsports.com,4,Other/Unclear,3,0.27872193,3.193259e-05,0.0006380889,0.80839616,6.482148e-05,0.07217594,0.009431453,Other/Unclear
1708_foxsports.com,5,Data Collection,3,0.92450356,3.6827318e-05,0.00024886892,0.21442984,1.6658749e-05,0.037253812,0.008277866,Data Collection
1708_foxsports.com,6,Data Collection|Third-Party Sharing,3,0.4711577,0.00022504077,0.0011698315,0.6400857,0.00013372453,0.19424579,0.018943246,Other/Unclear
1708_foxsports.com,7,Data Collection,3,0.6646308,2.528452e-05,0.00011488599,0.44599375,6.7280907e-06,0.119596645,0.006113532,Data Collection
1708_foxsports.com,8,Data Collection|Third-Party Sharing,3,0.9695541,2.4259618e-05,0.00022793547,0.052886426,9.091499e-06,0.05927947,0.0028664584,Data Collection
1708_foxsports.com,9,Data Collection|Data Security|Other/Unclear|Third-Party Sharing,3,0.86595094,1.2003078e-06,1.3117979e-05,0.29525995,4.7404512e-07,0.09495026,0.0027643598,Data Collection
1708_foxsports.com,10,Other/Unclear|Third-Party Sharing|User Control & Deletion,3,0.19675788,1.0832137e-05,0.00022259956,0.65783346,1.6585478e-05,0.4007484,0.0131397545,Other/Unclear
1708_foxsports.com,11,Data Security|Other/Unclear|User Control & Deletion,3,0.25652418,0.00017541533,0.0012519634,0.6372214,0.00024333264,0.039110564,0.51882493,Other/Unclear|User Control & Deletion
1708_foxsports.com,12,Data Collection|Third-Party Sharing,3,0.83281267,0.000322141,0.0017892492,0.26808044,0.00021338431,0.25309718,0.007873337,Data Collection
1708_foxsports.com,13,Other/Unclear,3,0.15227212,0.00066447054,0.0034861676,0.86625695,0.0011453807,0.09200636,0.037218112,Other/Unclear
1708_foxsports.com,14,Other/Unclear|Policy Change,3,0.118869506,0.00048397353,0.004030912,0.7927649,0.0030001376,0.047771428,0.066957146,Other/Unclear
1708_foxsports.com,15,Policy Change,3,0.0063205324,0.00014900736,0.0009375406,0.8324333,0.26062268,0.0040714215,0.012072072,Other/Unclear
1708_foxsports.com,16,Other/Unclear,3,0.034954697,4.2927622e-05,0.0005818595,0.9591756,6.611966e-05,0.025735622,0.007941973,Other/Unclear
1708_foxsports.com,17,Other/Unclear|User Control & Deletion,3,0.09490081,0.000114939954,0.0009660692,0.9029962,0.00021557543,0.17184767,0.0077973967,Other/Unclear
1708_foxsports.com,18,Data Security|Other/Unclear|User Control & Deletion,3,0.20123515,4.8537957e-05,0.00085198175,0.7328062,3.1486434e-05,0.19044347,0.0040479596,Other/Unclear
1708_foxsports.com,19,Data Collection|Other/Unclear|Third-Party Sharing,3,0.23088339,3.252841e-06,7.51099e-05,0.7029309,3.8968724e-06,0.037714183,0.0016425989,Other/Unclear
1708_foxsports.com,20,Data Collection,3,0.956463,1.3308015e-05,9.314379e-05,0.067247346,1.0932783e-05,0.16855243,0.0030920033,Data Collection
1708_foxsports.com,21,Third-Party Sharing,3,0.45116782,4.8459126e-05,0.0014957833,0.23293424,4.500256e-05,0.6028344,0.0073566954,Third-Party Sharing
1708_foxsports.com,22,Third-Party Sharing,3,0.4816871,1.4429373e-05,0.00022970748,0.14834122,7.407936e-06,0.4456589,0.004697691,
1708_foxsports.com,23,Other/Unclear|Third-Party Sharing,3,0.38575882,3.242086e-05,0.00014387252,0.66166687,2.5105604e-05,0.20402749,0.032970596,Other/Unclear
1708_foxsports.com,24,Other/Unclear|Third-Party Sharing,3,0.24284069,4.5084795e-05,0.00043105925,0.76181364,5.52124e-05,0.6328439,0.008987982,Other/Unclear|Third-Party Sharing
1708_foxsports.com,25,Data Collection|Other/Unclear|Third-Party Sharing,3,0.65120625,5.8574137e-06,8.404082e-05,0.258539,7.3998663e-06,0.30453262,0.0066973427,Data Collection
1708_foxsports.com,26,Data Collection|User Control & Deletion,3,0.09496869,1.35926475e-05,4.12851e-05,0.46182832,2.8649269e-05,0.0040137866,0.4664149,
1708_foxsports.com,27,Other/Unclear|Third-Party Sharing,3,0.0426963,3.92838e-05,0.00048335697,0.8717268,0.0001393671,0.2775409,0.012402317,Other/Unclear
1708_foxsports.com,28,Third-Party Sharing,3,0.22881906,0.000581933,0.0030088276,0.39332536,0.0005499487,0.65725255,0.063756935,Third-Party Sharing
1708_foxsports.com,29,Data Collection|Third-Party Sharing,3,0.028318813,3.869739e-05,0.0017211714,0.054042667,3.747325e-05,0.8734519,0.000968348,Third-Party Sharing
1708_foxsports.com,30,Third-Party Sharing,3,0.07152575,0.00059083285,0.0048616785,0.23903932,0.0011171396,0.9146106,0.0157236,Third-Party Sharing
1708_foxsports.com,31,Data Collection|Third-Party Sharing,3,0.4515968,4.7718437e-05,0.00044955153,0.45501983,2.9856952e-05,0.32880157,0.0036181828,
1708_foxsports.com,32,Data Security,3,0.03473361,0.0021639406,0.5804015,0.2745435,0.0016621617,0.06465037,0.0149464,Data Security
1708_foxsports.com,33,User Control & Deletion,3,0.13241318,6.308554e-05,0.00034515696,0.6135751,5.1634146e-05,0.023383005,0.08293445,Other/Unclear
1708_foxsports.com,34,Other/Unclear|User Control & Deletion,3,0.06875319,4.48377e-05,0.00018122933,0.70779246,2.3946206e-05,0.09188782,0.06215724,Other/Unclear
1708_foxsports.com,35,Data Retention,3,0.08390912,0.07354162,0.014536465,0.21277273,0.0030850403,0.13689521,0.05346981,
1708_foxsports.com,36,Data Retention|Other/Unclear,3,0.15130536,0.00014110388,0.000863457,0.38310215,4.2816493e-05,0.12579043,0.031191053,
1708_foxsports.com,37,Data Security|Other/Unclear,3,0.41258448,0.0006709317,0.010075042,0.5038706,0.0004306162,0.16526666,0.025689917,Other/Unclear
1708_foxsports.com,38,Other/Unclear,3,0.016597595,5.9944134e-05,0.00033660696,0.9763316,0.00032842063,0.006452863,0.024995496,Other/Unclear
1713_latinpost.com,0,Other/Unclear,1,0.036193788,0.004901487,0.014781206,0.9496566,0.336159,0.03137573,0.02482316,Other/Unclear
1713_latinpost.com,1,Other/Unclear,1,0.01713142,1.2546287e-05,0.00034452957,0.9704775,6.317116e-05,0.018820245,0.0051199095,Other/Unclear
1713_latinpost.com,2,Data Collection|Other/Unclear,1,0.23304854,6.0482294e-06,6.9951304e-05,0.7086471,1.6335545e-05,0.08355505,0.0010629437,Other/Unclear
1713_latinpost.com,3,Other/Unclear|User Control & Deletion,1,0.18357626,5.883855e-05,0.0002865196,0.8174537,0.00021535237,0.03235999,0.022766974,Other/Unclear
1713_latinpost.com,4,Other/Unclear,1,0.05030928,3.5905006e-05,0.00046506006,0.928499,0.00012732489,0.028920619,0.004362743,Other/Unclear
1713_latinpost.com,5,Other/Unclear|Third-Party Sharing,1,0.052255817,1.3454318e-05,0.0004254115,0.8780362,1.2510926e-05,0.04927827,0.0015187905,Other/Unclear
1713_latinpost.com,6,Data Collection|Other/Unclear,1,0.6169542,4.230004e-05,0.00028973434,0.5588601,2.2575863e-05,0.08804655,0.00540187,Data Collection|Other/Unclear
1713_latinpost.com,7,Data Collection,1,0.88298005,5.589433e-05,0.00018345639,0.12208045,1.960061e-05,0.07291188,0.010636254,Data Collection
1713_latinpost.com,8,Data Collection|Data Security,1,0.903515,2.2945687e-06,3.411792e-05,0.058874488,6.66549e-07,0.0638236,0.0021724445,Data Collection
1713_latinpost.com,9,Data Collection|Other/Unclear|User Control & Deletion,1,0.78630906,3.0614927e-05,0.00010352504,0.3497497,2.7141667e-05,0.10319968,0.010297248,Data Collection
1713_latinpost.com,10,Data Collection|Third-Party Sharing,1,0.9637054,6.2876374e-05,0.00023231156,0.15761952,3.532425e-05,0.21328834,0.0040336237,Data Collection
1713_latinpost.com,11,Data Collection|Other/Unclear,1,0.98245984,1.8074007e-06,1.3192547e-05,0.06530177,9.576302e-07,0.09017959,0.0006814646,Data Collection
1713_latinpost.com,12,Data Collection|Other/Unclear,1,0.6093469,0.000117424126,0.0005368766,0.36693206,0.00018345595,0.13844652,0.030106962,Data Collection
1713_latinpost.com,13,Other/Unclear|Third-Party Sharing,1,0.7536266,2.201531e-05,0.0002290566,0.105690986,1.5908883e-05,0.6206487,0.0030728243,Data Collection|Third-Party Sharing
1713_latinpost.com,14,Data Security|Third-Party Sharing|User Control & Deletion,1,0.27426517,8.583064e-06,0.00016009541,0.47190362,4.874205e-06,0.52398163,0.008633672,Third-Party Sharing
1713_latinpost.com,15,Third-Party Sharing,1,0.070506364,0.00010944972,0.0010142797,0.5207145,0.0002602123,0.46360126,0.0050884755,Other/Unclear
1713_latinpost.com,16,Data Collection|Third-Party Sharing,1,0.63080823,0.00028721686,0.0024928462,0.4511748,0.00023706624,0.26855755,0.0075826026,Data Collection
1713_latinpost.com,17,Data Collection|Third-Party Sharing,1,0.4623298,3.177709e-05,0.00019098114,0.49817258,2.3465649e-05,0.34873754,0.012044231,
1713_latinpost.com,18,Data Collection|Third-Party Sharing,1,0.5612445,0.0029982843,0.01046105,0.39464048,0.0015666777,0.12851225,0.07327018,Data Collection
1713_latinpost.com,19,Data Collection|Third-Party Sharing,1,0.36914137,0.0008852135,0.0041485084,0.38541776,0.00095267314,0.23941475,0.061103407,
1713_latinpost.com,20,Data Collection|Third-Party Sharing,1,0.6246052,0.000995314,0.0025057427,0.4575673,0.00081111834,0.32100898,0.03455384,Data Collection
1713_latinpost.com,21,Data Collection|Third-Party Sharing,1,0.4081816,0.005024474,0.010275941,0.74517554,0.0028270774,0.11576358,0.05430138,Other/Unclear
1713_latinpost.com,22,Data Collection|Third-Party Sharing,1,0.24555212,0.0002746292,0.001113259,0.5201754,0.0016037216,0.050643235,0.024202567,Other/Unclear
1713_latinpost.com,23,Data Collection|Third-Party Sharing,1,0.66955125,0.0019312206,0.0062921206,0.23140843,0.002041768,0.28374058,0.03023842,Data Collection
1713_latinpost.com,24,Data Collection|Third-Party Sharing,1,0.76764673,0.00045163697,0.0014903086,0.27261862,0.0006544964,0.09552328,0.019684587,Data Collection
1713_latinpost.com,25,Data Collection|Third-Party Sharing,1,0.72575665,0.0018626779,0.0041080615,0.25124764,0.001521729,0.09600983,0.067814626,Data Collection
1713_latinpost.com,26,Data Collection|Third-Party Sharing,1,0.5257673,0.007928106,0.03372032,0.30603376,0.008722592,0.24860884,0.05383091,Data Collection
1713_latinpost.com,27,Data Collection|Third-Party Sharing,1,0.4450324,0.00062153314,0.004310887,0.41296214,0.0006951234,0.22117999,0.027569829,
1713_latinpost.com,28,Data Collection|Third-Party Sharing,1,0.91879565,8.181899e-06,5.4925345e-05,0.11744915,5.0117383e-06,0.29197007,0.00071707956,Data Collection
1713_latinpost.com,29,Other/Unclear|Third-Party Sharing|User Control & Deletion,1,0.032997563,5.1384103e-07,2.6093283e-05,0.9569724,7.039852e-07,0.28164062,0.001050065,Other/Unclear
1713_latinpost.com,30,Other/Unclear|User Control & Deletion,1,0.10205308,1.0330911e-05,3.9848877e-05,0.67755896,7.321252e-06,0.009561247,0.40700203,Other/Unclear
1713_latinpost.com,31,Other/Unclear|User Control & Deletion,1,0.13829772,3.9531136e-05,0.00016199943,0.714336,3.863018e-05,0.027769146,0.514174,Other/Unclear|User Control & Deletion
1713_latinpost.com,32,Other/Unclear|User Control & Deletion,1,0.29268765,0.00057422667,0.002966745,0.685764,0.0005367842,0.12765434,0.12059545,Other/Unclear
1713_latinpost.com,33,Data Collection|Other/Unclear|Third-Party Sharing|User Control & Deletion,1,0.13009985,0.00035937224,0.0013793055,0.64635164,0.00024039349,0.24285847,0.053677917,Other/Unclear
1713_latinpost.com,34,Other/Unclear|User Control & Deletion,1,0.23351753,9.429864e-05,0.0010910538,0.6381229,9.6857795e-05,0.5052795,0.02363536,Other/Unclear|Third-Party Sharing
1713_latinpost.com,35,Third-Party Sharing,1,0.769712,5.9335125e-05,0.0004151272,0.22095072,4.327483e-05,0.38737285,0.0055905045,Data Collection
1713_latinpost.com,36,Other/Unclear|User Control & Deletion,1,0.12802376,7.695398e-05,0.00094526063,0.79493284,7.099386e-05,0.33210108,0.09628316,Other/Unclear
1713_latinpost.com,37,Third-Party Sharing,1,0.08509923,1.5197011e-05,0.00032263785,0.6756351,2.9371444e-05,0.4441565,0.027433818,Other/Unclear
1713_latinpost.com,38,Other/Unclear|User Control & Deletion,1,0.32801116,7.3634783e-06,3.895428e-05,0.5595601,4.9154523e-06,0.043763775,0.05904152,Other/Unclear
1713_latinpost.com,39,Other/Unclear|User Control & Deletion,1,0.35636628,0.00032789976,0.0029819245,0.77937675,0.00034185994,0.05235761,0.11756946,Other/Unclear
1713_latinpost.com,40,Other/Unclear|User Control & Deletion,1,0.39476264,0.0006882732,0.0038284238,0.61425054,0.0010658142,0.16513698,0.050383236,Other/Unclear
1713_latinpost.com,41,Other/Unclear|User Control & Deletion,1,0.5423013,1.6410833e-05,0.0001573973,0.4878848,1.1636665e-05,0.03755115,0.09084119,Data Collection
1713_latinpost.com,42,Other/Unclear|User Control & Deletion,1,0.6974508,7.6317134e-05,0.00037364403,0.35512772,4.6613037e-05,0.036187287,0.108682245,Data Collection
1713_latinpost.com,43,Data Security|Other/Unclear,1,0.09087829,0.0005084744,0.010684363,0.9379191,0.0010158985,0.05580235,0.07583496,Other/Unclear
1713_latinpost.com,44,Other/Unclear|User Control & Deletion,1,0.4821475,0.00014266187,0.0008261752,0.480125,9.7577176e-05,0.1335353,0.08922571,
1713_latinpost.com,45,Other/Unclear|User Control & Deletion,1,0.2883124,6.7168854e-05,0.00055669283,0.77568215,6.301933e-05,0.1767656,0.11917004,Other/Unclear
1713_latinpost.com,46,Data Collection|Third-Party Sharing|User Control & Deletion,1,0.7203818,4.921607e-06,2.4613348e-05,0.31330177,5.0626118e-06,0.094654724,0.002943696,Data Collection
1713_latinpost.com,47,Data Security|Other/Unclear,1,0.43476266,0.0013208959,0.011383236,0.509198,0.0006979771,0.1889285,0.0474976,Other/Unclear
1713_latinpost.com,48,Other/Unclear,1,0.30820638,0.0003872469,0.0024548387,0.66688377,0.00040548015,0.14400703,0.028701043,Other/Unclear
1713_latinpost.com,49,User Control & Deletion,1,0.40396672,0.0007438341,0.0031063594,0.5452368,0.0010210758,0.19683872,0.05713789,Other/Unclear
1713_latinpost.com,50,Data Collection|Other/Unclear|User Control & Deletion,1,0.39740717,0.00093466835,0.0021907256,0.5569396,0.0007706139,0.05122994,0.18540119,Other/Unclear
1713_latinpost.com,51,Data Collection|Other/Unclear|User Control & Deletion,1,0.33888,8.09034e-05,0.0003379876,0.6467186,0.00014223186,0.03168386,0.042103462,Other/Unclear
1713_latinpost.com,52,Data Collection|Other/Unclear|User Control & Deletion,1,0.43101493,0.00021469477,0.0008037468,0.56791925,0.00023327548,0.046403848,0.04892583,Other/Unclear
1713_latinpost.com,53,Other/Unclear|User Control & Deletion,1,0.3723602,0.00085607223,0.0019586412,0.62312883,0.0009835297,0.119049795,0.17151521,Other/Unclear
1713_latinpost.com,54,User Control & Deletion,1,0.3384206,0.00035945038,0.000828206,0.61572075,0.00037464828,0.040431157,0.1884187,Other/Unclear
1713_latinpost.com,55,Data Collection|Other/Unclear|Policy Change,1,0.14300342,0.0012639028,0.00484868,0.62584615,0.0057059894,0.20004138,0.043579318,Other/Unclear
1713_latinpost.com,56,Data Collection|Data Security|Policy Change|Third-Party Sharing,1,0.2490357,1.657416e-05,0.00021996135,0.4758293,8.373262e-06,0.6226664,0.0036407243,Third-Party Sharing
1713_latinpost.com,57,Third-Party Sharing,1,0.0580142,2.9982408e-05,0.00044041037,0.6980815,4.4369634e-05,0.6365041,0.006891184,Other/Unclear|Third-Party Sharing
1713_latinpost.com,58,Third-Party Sharing,1,0.10606975,0.00010195431,0.0005469781,0.49099657,5.929223e-05,0.27510393,0.07432909,
1713_latinpost.com,59,Other/Unclear|Third-Party Sharing,1,0.30586657,0.00031853368,0.0017696476,0.5316115,0.00030838145,0.2304798,0.012733438,Other/Unclear
1713_latinpost.com,60,Other/Unclear|Third-Party Sharing|User Control & Deletion,1,0.16488998,1.0097451e-05,6.0443308e-05,0.76605517,9.505983e-06,0.4899803,0.0049483674,Other/Unclear
1713_latinpost.com,61,Third-Party Sharing,1,0.25191686,9.272848e-05,0.001955084,0.28448984,4.5678047e-05,0.69851345,0.007971796,Third-Party Sharing
1713_latinpost.com,62,Third-Party Sharing,1,0.20450228,0.00023346182,0.0018389199,0.49752405,0.00016225789,0.49075708,0.022451289,
1713_latinpost.com,63,Third-Party Sharing,1,0.12539281,0.0018908727,0.0034413277,0.15525271,0.0012056284,0.81060725,0.02601972,Third-Party Sharing
1713_latinpost.com,64,Third-Party Sharing,1,0.1548092,0.00062654034,0.002210571,0.6809814,0.0031014257,0.20262879,0.019887803,Other/Unclear
1713_latinpost.com,65,Third-Party Sharing,1,0.4619417,0.0018053246,0.003970182,0.20475826,0.0008036673,0.45053875,0.010660679,
1713_latinpost.com,66,Other/Unclear|Third-Party Sharing,1,0.04642863,3.6493995e-05,0.00033866207,0.9001338,3.9994036e-05,0.4048473,0.02267623,Other/Unclear
1713_latinpost.com,67,Third-Party Sharing,1,0.045266047,0.00019777617,0.0009799224,0.15722409,0.00019717138,0.8172298,0.0024185018,Third-Party Sharing
1713_latinpost.com,68,Third-Party Sharing,1,0.052123714,0.0017315206,0.006624392,0.3847844,0.001959589,0.8480435,0.015271339,Third-Party Sharing
1713_latinpost.com,69,Third-Party Sharing,1,0.07154461,1.789915e-05,0.00028483514,0.6563018,2.302302e-05,0.72976303,0.0038588233,Other/Unclear|Third-Party Sharing
1713_latinpost.com,70,User Control & Deletion,1,0.32352495,4.7423488e-05,0.00011812479,0.25060934,1.4800708e-05,0.017341522,0.050160527,
1713_latinpost.com,71,User Control & Deletion,1,0.14692415,0.0005534865,0.0017807055,0.50017065,0.0010958142,0.033912458,0.31231374,Other/Unclear
1713_latinpost.com,72,Data Retention|Other/Unclear|User Control & Deletion,1,0.24377586,0.00090530346,0.0013717049,0.9245779,0.000393868,0.030387973,0.019327264,Other/Unclear
1713_latinpost.com,73,Policy Change|User Control & Deletion,1,0.14823721,0.00013952662,0.001443904,0.5193103,8.934137e-05,0.124923505,0.0210617,Other/Unclear
1713_latinpost.com,74,Other/Unclear|User Control & Deletion,1,0.10450078,0.00013100692,0.00034848362,0.9317558,0.00010092479,0.027428137,0.02667497,Other/Unclear
1713_latinpost.com,75,Other/Unclear|User Control & Deletion,1,0.3581216,0.00011707035,0.00019965069,0.7868217,3.4192875e-05,0.014789299,0.02914716,Other/Unclear
1713_latinpost.com,76,Data Security,1,0.033408195,7.8096986e-05,0.12354026,0.37936834,3.1279847e-05,0.036028378,0.002631519,
1713_latinpost.com,77,Data Security|Other/Unclear,1,0.44874603,0.0005870356,0.008606439,0.56738806,0.00024692705,0.04976939,0.04614088,Other/Unclear
1713_latinpost.com,78,Other/Unclear|User Control & Deletion,1,0.042943835,2.3591716e-05,0.00018082364,0.8962311,1.47896235e-05,0.08793957,0.03896373,Other/Unclear
1713_latinpost.com,79,Other/Unclear|User Control & Deletion,1,0.020016052,0.00025954627,0.0007230069,0.97382027,0.00054334966,0.01914311,0.13207017,Other/Unclear
1713_latinpost.com,80,Other/Unclear,1,0.14120723,0.00017306977,0.0005402032,0.8902425,0.00013270794,0.017256789,0.046935342,Other/Unclear
1713_latinpost.com,81,Policy Change,1,0.010979253,6.160297e-05,0.00023189206,0.78011084,0.03535495,0.012368088,0.007173845,Other/Unclear
1713_latinpost.com,82,Other/Unclear,1,0.114180416,0.00030169915,0.0031927112,0.56996197,0.00020857855,0.08494592,0.026516303,Other/Unclear
1713_latinpost.com,83,Data Security|Other/Unclear,1,0.23099211,0.00014705732,0.001352694,0.45360824,9.8767574e-05,0.100067765,0.012419099,
1713_latinpost.com,84,Data Security|Other/Unclear|Third-Party Sharing,1,0.13129549,6.2064835e-05,0.00083185354,0.7552098,4.576746e-05,0.26266477,0.009369133,Other/Unclear
1713_latinpost.com,85,Other/Unclear,1,0.015686594,1.0997022e-05,6.888553e-05,0.9749438,3.328119e-05,0.009066169,0.008921501,Other/Unclear
1713_latinpost.com,86,Other/Unclear,1,0.17626752,0.0010353245,0.0059414795,0.83462256,0.0033040494,0.06592112,0.012948546,Other/Unclear
1713_latinpost.com,87,Other/Unclear,1,0.101245746,0.00031475624,0.0016480326,0.8267177,0.0024895745,0.09326911,0.02118072,Other/Unclear
1713_latinpost.com,88,Other/Unclear,1,0.050844725,0.0023045088,0.009246605,0.83369285,0.12206073,0.031154878,0.023553751,Other/Unclear
186_abcnews.com,0,Other/Unclear,4,0.37869832,0.0013941148,0.008905393,0.72134167,0.0022296307,0.11362154,0.029422564,Other/Unclear
186_abcnews.com,1,Data Security|Other/Unclear,4,0.05183902,0.00026204472,0.005054558,0.92453116,0.00064832653,0.06754614,0.014173233,Other/Unclear
186_abcnews.com,2,Other/Unclear|Policy Change,4,0.019219324,0.0030390115,0.008653528,0.96786195,0.17052211,0.018050132,0.018498648,Other/Unclear
186_abcnews.com,3,Other/Unclear,4,0.04616056,1.5181849e-05,0.00039282214,0.83519477,5.463275e-05,0.038077906,0.0019697887,Other/Unclear
186_abcnews.com,4,Data Collection|Other/Unclear,4,0.85809445,0.00042396242,0.001295667,0.34830567,0.00025367478,0.09534377,0.0058106408,Data Collection
186_abcnews.com,5,Data Collection,4,0.854208,0.0025944314,0.002805847,0.3452277,0.0006636089,0.033575673,0.042344686,Data Collection
186_abcnews.com,6,Data Collection,4,0.7563398,0.00039595983,0.001952008,0.3191587,0.00015342217,0.11095664,0.019899758,Data Collection
186_abcnews.com,7,Data Collection,4,0.4810206,0.0016855372,0.008487588,0.5527218,0.0011725752,0.22999252,0.020252367,Other/Unclear
186_abcnews.com,8,Data Collection,4,0.42447317,0.0008719921,0.0021202997,0.4278278,0.0004890405,0.24389715,0.018235167,
186_abcnews.com,9,Data Collection,4,0.48279834,0.00017662703,0.0010121537,0.48235875,7.2133946e-05,0.10242215,0.013976124,
186_abcnews.com,10,Data Collection,4,0.7633928,0.00016287918,0.00043198653,0.2113984,5.2595624e-05,0.09983414,0.005061552,Data Collection
186_abcnews.com,11,Data Collection,4,0.8279626,0.00086367084,0.0036365192,0.2872959,0.00034293163,0.1109773,0.019204786,Data Collection
186_abcnews.com,12,Data Collection|Other/Unclear|Third-Party Sharing,4,0.2738032,2.743942e-06,3.327683e-05,0.8271415,1.7919768e-06,0.029522609,0.0010419993,Other/Unclear
186_abcnews.com,13,Data Collection|Other/Unclear,4,0.59496593,3.9105867e-05,0.0002550103,0.5384666,2.4588975e-05,0.032519538,0.012916304,Data Collection|Other/Unclear
186_abcnews.com,14,Data Collection,4,0.31628704,0.0005797165,0.0019358539,0.43311706,0.0002332191,0.33518973,0.028070753,
186_abcnews.com,15,Data Collection|Other/Unclear|Policy Change|Third-Party Sharing,4,0.54332477,1.3338596e-05,0.00014310899,0.24831946,8.948983e-06,0.13566339,0.00280673,Data Collection
186_abcnews.com,16,Third-Party Sharing,4,0.19739285,1.4518433e-05,0.0001914207,0.37227455,6.5369272e-06,0.7147155,0.004800409,Third-Party Sharing
186_abcnews.com,17,Other/Unclear|Third-Party Sharing,4,0.048924256,7.376035e-06,0.00023246488,0.15079166,3.4935067e-06,0.928562,0.00051729946,Third-Party Sharing
186_abcnews.com,18,User Control & Deletion,4,0.17265,6.437882e-05,0.00022383033,0.33914977,3.284487e-05,0.06991606,0.17455678,
186_abcnews.com,19,Data Collection|Other/Unclear|User Control & Deletion,4,0.12771535,5.2714317e-06,2.3771783e-05,0.6432945,1.7302538e-06,0.016029375,0.02442624,Other/Unclear
186_abcnews.com,20,Data Collection|Other/Unclear,4,0.21218058,2.1811878e-05,0.00041325652,0.92711073,1.938623e-05,0.015030545,0.0023246165,Other/Unclear
186_abcnews.com,21,Data Collection|Other/Unclear|Third-Party Sharing,4,0.20740607,0.00030719506,0.0021890565,0.7887967,0.000293438,0.08841701,0.0054399897,Other/Unclear
186_abcnews.com,22,Other/Unclear,4,0.26057956,0.00016874779,0.00089006976,0.87374485,0.00011583003,0.09173739,0.0139120165,Other/Unclear
186_abcnews.com,23,Data Collection|Other/Unclear,4,0.483359,0.0014255212,0.0053216373,0.669351,0.00056219054,0.093065746,0.017207276,Other/Unclear
186_abcnews.com,24,Other/Unclear|User Control & Deletion,4,0.13135824,0.0007330601,0.0040861988,0.810726,0.00042106965,0.041049223,0.080390416,Other/Unclear
186_abcnews.com,25,Other/Unclear,4,0.030887857,0.00031424945,0.0021914241,0.980014,0.00073739473,0.017051795,0.013619999,Other/Unclear
186_abcnews.com,26,Data Retention|Data Security,4,0.009780402,0.00161331,0.12174295,0.21380237,0.00031853723,0.024045676,0.0054943827,
186_abcnews.com,27,Data Security|Other/Unclear,4,0.009075991,7.4660406e-05,0.009028092,0.9459322,7.910816e-05,0.032730952,0.002279534,Other/Unclear
186_abcnews.com,28,Policy Change,4,0.032165967,7.5945856e-05,0.00044850676,0.40938133,0.00388013,0.04338873,0.0061341976,
186_abcnews.com,29,Other/Unclear,4,0.01651403,1.3027663e-05,0.00014634845,0.9828249,1.9931927e-05,0.02651671,0.001244988,Other/Unclear
186_abcnews.com,30,Other/Unclear|User Control & Deletion,4,0.008253565,5.1508796e-05,0.00019804422,0.9749074,5.1336796e-05,0.043604117,0.046456225,Other/Unclear
186_abcnews.com,31,Other/Unclear,4,0.65072674,0.0031541775,0.007937677,0.48075068,0.0018773465,0.34551227,0.022062624,Data Collection
186_abcnews.com,32,Other/Unclear,4,0.6602174,0.004082953,0.009939907,0.52942777,0.0023928883,0.32348984,0.02757817,Data Collection|Other/Unclear
186_abcnews.com,33,Other/Unclear,4,0.2898697,0.0003082194,0.0024557756,0.72383183,0.00021469688,0.28903636,0.009794096,Other/Unclear
186_abcnews.com,34,Other/Unclear,4,0.03555303,0.00026216256,0.0016375285,0.9847998,0.000344893,0.029419634,0.009732805,Other/Unclear
186_abcnews.com,35,Other/Unclear,4,0.07785152,0.00032409182,0.002521581,0.92949426,0.00024761292,0.058608044,0.009864835,Other/Unclear
186_abcnews.com,36,Other/Unclear,4,0.28981224,0.0047729644,0.04236887,0.5359018,0.0018459287,0.5169735,0.053656153,Other/Unclear|Third-Party Sharing
186_abcnews.com,37,Data Collection|Other/Unclear,4,0.9236617,0.00037314536,0.0009846548,0.34079996,0.00012557914,0.08472999,0.005063236,Data Collection
186_abcnews.com,38,Other/Unclear,4,0.116931915,0.0057925875,0.016202342,0.44250003,0.006279617,0.63920563,0.055537257,Third-Party Sharing
186_abcnews.com,39,Other/Unclear|Policy Change,4,0.08677079,0.00021987151,0.00083383545,0.67977744,0.0027035587,0.032313857,0.013278145,Other/Unclear
186_abcnews.com,40,Other/Unclear,4,0.12481179,0.008163272,0.014525551,0.8448817,0.008546503,0.13010783,0.08275977,Other/Unclear
186_abcnews.com,41,Other/Unclear,4,0.77490956,0.0016577655,0.004425748,0.5456662,0.00073746283,0.25507173,0.02786081,Data Collection|Other/Unclear
186_abcnews.com,42,Data Collection|Third-Party Sharing|User Control & Deletion,4,0.23561864,3.1948268e-05,0.00024018507,0.76853335,1.6409605e-05,0.1375191,0.005889716,Other/Unclear
186_abcnews.com,43,Other/Unclear,4,0.19657974,0.00092112075,0.0071404804,0.5800363,0.0012449628,0.4472198,0.020486286,Other/Unclear
186_abcnews.com,44,Other/Unclear,4,0.08366654,0.002717001,0.006214098,0.94709885,0.0029640447,0.026647476,0.03302902,Other/Unclear
186_abcnews.com,45,Other/Unclear,4,0.299892,0.0031058555,0.008914343,0.72574896,0.0038157322,0.11652647,0.09766226,Other/Unclear
186_abcnews.com,46,Data Security|Other/Unclear,4,0.011124307,0.0003020745,0.009792729,0.9825704,0.0005517419,0.012186595,0.0072875535,Other/Unclear
200_washingtonpost.com,0,Other/Unclear,2,0.13918614,0.018919297,0.035819694,0.87262684,0.084588714,0.112953655,0.062536985,Other/Unclear
200_washingtonpost.com,1,Other/Unclear,2,0.06426461,1.0681894e-05,0.00026893732,0.9453224,3.871424e-05,0.02758883,0.00136207,Other/Unclear
200_washingtonpost.com,2,Other/Unclear,2,0.0144495275,3.2302527e-05,0.0007715022,0.8450347,0.0002602405,0.015219096,0.009111333,Other/Unclear
200_washingtonpost.com,3,Data Collection,2,0.8356345,1.1010419e-05,8.042407e-05,0.33788145,6.721619e-06,0.10076382,0.001400838,Data Collection
200_washingtonpost.com,4,Other/Unclear,2,0.55414736,0.00066799734,0.004296062,0.46515498,0.0004054469,0.09848721,0.035857357,Data Collection
200_washingtonpost.com,5,Data Collection,2,0.97244084,2.1608632e-05,0.00015580562,0.0407591,7.412091e-06,0.039353468,0.0028019764,Data Collection
200_washingtonpost.com,6,Data Collection,2,0.8109052,2.3878805e-05,8.0045385e-05,0.33522353,1.2868831e-05,0.12131704,0.005482736,Data Collection
200_washingtonpost.com,7,Data Collection,2,0.9658438,1.12446205e-05,6.580785e-05,0.13633287,5.639143e-06,0.030080676,0.0029593045,Data Collection
200_washingtonpost.com,8,Data Collection,2,0.7955569,0.00010898511,0.00037872218,0.29102847,6.6972454e-05,0.22087154,0.0072137564,Data Collection
200_washingtonpost.com,9,Data Collection|User Control & Deletion,2,0.8365891,3.8258313e-05,0.00014124936,0.22883427,2.2969582e-05,0.07505905,0.016914975,Data Collection
200_washingtonpost.com,10,Data Collection,2,0.8144968,9.897227e-05,0.000514226,0.16421983,8.9237255e-05,0.11260534,0.018002661,Data Collection
200_washingtonpost.com,11,Data Collection|Other/Unclear|User Control & Deletion,2,0.2826283,6.287901e-05,0.0001923487,0.3755451,7.783627e-05,0.08100979,0.1124236,
200_washingtonpost.com,12,Data Collection,2,0.6417922,3.3796197e-05,0.00014679448,0.30514073,2.4746509e-05,0.35678703,0.029600518,Data Collection
200_washingtonpost.com,13,Data Collection,2,0.8751305,0.00029114672,0.0010985474,0.17502373,0.00039521826,0.275422,0.007817268,Data Collection
200_washingtonpost.com,14,Data Collection,2,0.16904789,0.00019309012,0.0023392197,0.07033708,0.00014436923,0.7877842,0.0018664594,Third-Party Sharing
200_washingtonpost.com,15,Data Collection,2,0.2961481,0.0015265926,0.005846355,0.3943661,0.0017174633,0.36095324,0.056794964,
200_washingtonpost.com,16,Other/Unclear,2,0.31215143,0.00038005513,0.0017885746,0.39017788,0.00039621198,0.28647384,0.012953775,
200_washingtonpost.com,17,Third-Party Sharing,2,0.14063092,0.0021967231,0.008653751,0.4301802,0.0020664393,0.7978973,0.02357712,Third-Party Sharing
200_washingtonpost.com,18,Other/Unclear|Third-Party Sharing,2,0.20938256,1.9092158e-05,0.00013453166,0.51694703,1.19137185e-05,0.61649966,0.0029286148,Other/Unclear|Third-Party Sharing
200_washingtonpost.com,19,Third-Party Sharing,2,0.23038192,0.00010015399,0.0013177635,0.1166233,3.3385695e-05,0.80822796,0.0043564797,Third-Party Sharing
200_washingtonpost.com,20,Third-Party Sharing,2,0.10537175,0.00022797858,0.0013216836,0.037016645,8.158807e-05,0.910852,0.0013277596,Third-Party Sharing
200_washingtonpost.com,21,Other/Unclear|Third-Party Sharing|User Control & Deletion,2,0.312291,0.00021251095,0.0006380427,0.59761,0.00020503186,0.22529182,0.038688153,Other/Unclear
200_washingtonpost.com,22,Data Collection|Third-Party Sharing,2,0.57262075,1.3691357e-05,8.749955e-05,0.5272089,1.0653183e-05,0.333289,0.0034971898,Data Collection|Other/Unclear
200_washingtonpost.com,23,Third-Party Sharing,2,0.039796405,9.884704e-05,0.0005365275,0.103744864,0.0001787402,0.948155,0.0040748045,Third-Party Sharing
200_washingtonpost.com,24,Third-Party Sharing,2,0.072915904,3.051697e-05,0.0002153707,0.4871548,5.9869657e-05,0.42537424,0.011895468,
200_washingtonpost.com,25,Third-Party Sharing,2,0.5048551,0.00055143266,0.0016458376,0.26738268,0.00034174736,0.39699247,0.0125629455,Data Collection
200_washingtonpost.com,26,Other/Unclear,2,0.030078959,1.6197771e-05,0.0005102496,0.94621176,2.0965528e-05,0.19399484,0.001726784,Other/Unclear
200_washingtonpost.com,27,User Control & Deletion,2,0.2005839,0.00029437421,0.00088995433,0.33266008,0.00023244902,0.02509359,0.29937,
200_washingtonpost.com,28,Data Collection|Other/Unclear|User Control & Deletion,2,0.17024478,0.001119301,0.0018075261,0.47294426,0.0010170552,0.078862906,0.6671449,User Control & Deletion
200_washingtonpost.com,29,User Control & Deletion,2,0.19672577,4.4113054e-05,0.0002466076,0.6138193,4.4712713e-05,0.14913802,0.13399036,Other/Unclear
200_washingtonpost.com,30,Data Security,2,0.020797435,0.00061541295,0.7595872,0.22969902,0.00042812226,0.010912065,0.0056488463,Data Security
200_washingtonpost.com,31,Other/Unclear,2,0.10655929,8.836426e-05,0.00021589326,0.99146247,9.8265504e-05,0.0055461964,0.0027674995,Other/Unclear
200_washingtonpost.com,32,Other/Unclear,2,0.027938934,7.5634116e-06,2.9164878e-05,0.9548923,4.275033e-06,0.023479348,0.02240234,Other/Unclear
200_washingtonpost.com,33,Other/Unclear,2,0.057367064,3.3004282e-05,0.00033470217,0.8854571,4.5980607e-05,0.03359601,0.0154032055,Other/Unclear
200_washingtonpost.com,34,Data Collection|Other/Unclear,2,0.039789766,2.8714438e-05,0.000269371,0.94104403,2.5017349e-05,0.046249107,0.0037093402,Other/Unclear
200_washingtonpost.com,35,Policy Change,2,0.009025044,2.6753332e-05,0.00018706576,0.54328734,0.06761992,0.0053859036,0.00293821,Other/Unclear
200_washingtonpost.com,36,Data Collection|Third-Party Sharing,2,0.90302783,3.6221052e-05,0.00011056058,0.2554223,2.9598546e-05,0.21150556,0.005999389,Data Collection
200_washingtonpost.com,37,Data Collection|Other/Unclear|Third-Party Sharing,2,0.9286107,5.1037737e-06,3.6319998e-05,0.18164358,2.3532875e-06,0.07283263,0.0049185096,Data Collection
200_washingtonpost.com,38,Data Collection|User Control & Deletion,2,0.40154147,0.00014796971,0.00064362504,0.39261496,0.00011594995,0.03626549,0.48525232,
200_washingtonpost.com,39,Data Collection|Third-Party Sharing,2,0.8920413,2.1311376e-05,8.441781e-05,0.22115664,1.0734823e-05,0.15953074,0.0026735559,Data Collection
200_washingtonpost.com,40,Data Collection|Third-Party Sharing,2,0.71896946,8.042747e-05,0.00034003786,0.4058904,2.991295e-05,0.09410767,0.08051485,Data Collection
200_washingtonpost.com,41,Data Collection|Third-Party Sharing,2,0.49349284,4.9158534e-05,0.00019497224,0.54531056,4.4418517e-05,0.22329511,0.064355195,Other/Unclear
200_washingtonpost.com,42,User Control & Deletion,2,0.052577794,6.0398466e-05,0.00039150857,0.7285018,6.489035e-05,0.16710237,0.24475415,Other/Unclear
207_reference.com,0,Other/Unclear|Policy Change,4,0.012324678,0.0009510102,0.0049287193,0.97471535,0.0776082,0.012112959,0.0127711985,Other/Unclear
207_reference.com,1,Data Collection|Other/Unclear|Third-Party Sharing,4,0.5290082,9.477274e-06,7.728414e-05,0.6449706,6.778912e-06,0.052304193,0.003292592,Data Collection|Other/Unclear
207_reference.com,2,Other/Unclear|Policy Change,4,0.011270725,1.2103622e-05,5.8618443e-05,0.9326762,0.0004693604,0.0036540995,0.003700666,Other/Unclear
207_reference.com,3,Data Collection,4,0.97254646,7.296713e-05,0.00013142201,0.10890403,1.9172952e-05,0.013734034,0.0030666764,Data Collection
207_reference.com,4,Data Collection|Other/Unclear|Third-Party Sharing|User Control & Deletion,4,0.83395004,1.2784562e-06,2.7369665e-06,0.24005806,2.1295344e-07,0.0067456365,0.013593157,Data Collection
207_reference.com,5,Data Collection,4,0.92681336,8.050039e-05,0.0004883777,0.07367958,4.329905e-05,0.0806883,0.005184535,Data Collection
207_reference.com,6,Data Collection|Other/Unclear,4,0.3377588,1.2244872e-05,2.096447e-05,0.5233953,4.0242444e-06,0.004540861,0.14676295,Other/Unclear
207_reference.com,7,Data Collection,4,0.70611256,0.0013223299,0.0029246614,0.44877866,0.00080934685,0.052187886,0.1202025,Data Collection
207_reference.com,8,Data Collection,4,0.6635621,0.0022827177,0.03640645,0.095647596,0.0009551244,0.26210198,0.016923813,Data Collection
207_reference.com,9,Third-Party Sharing,4,0.26081735,0.000752293,0.0073092934,0.5048045,0.00073527766,0.5398289,0.016945934,Other/Unclear|Third-Party Sharing
207_reference.com,10,Third-Party Sharing,4,0.5612903,0.00046232884,0.005318586,0.22555622,0.00020258302,0.639426,0.0073576937,Data Collection|Third-Party Sharing
207_reference.com,11,Third-Party Sharing,4,0.83000815,7.76316e-05,0.00047997353,0.35523844,5.7662495e-05,0.30218083,0.008254083,Data Collection
207_reference.com,12,Third-Party Sharing,4,0.42914236,3.3155826e-05,0.00027389353,0.5216846,2.8017608e-05,0.13535364,0.02820119,Other/Unclear
207_reference.com,13,Third-Party Sharing,4,0.7401462,0.00030553012,0.0018326851,0.3610227,0.000111000234,0.29499128,0.015113232,Data Collection
207_reference.com,14,Third-Party Sharing,4,0.59309334,0.00097034534,0.003415955,0.30649036,0.00073739473,0.42561138,0.014492061,Data Collection
207_reference.com,15,Third-Party Sharing,4,0.07608316,0.00034864087,0.0009436629,0.044389695,0.00014137398,0.9552061,0.0038833262,Third-Party Sharing
207_reference.com,16,Data Collection|Third-Party Sharing,4,0.82170755,0.00020449667,0.0011494578,0.3737819,0.00010427287,0.1460558,0.0104658995,Data Collection
207_reference.com,17,Data Collection|Third-Party Sharing,4,0.84659165,0.00011200346,0.0004939084,0.38410845,6.763514e-05,0.14147022,0.019629136,Data Collection
207_reference.com,18,User Control & Deletion,4,0.10675867,4.2144013e-05,0.00026201986,0.81836826,4.274189e-05,0.07567866,0.4260985,Other/Unclear
207_reference.com,19,Data Collection|Third-Party Sharing,4,0.94348603,0.0006095252,0.0015149581,0.23952353,0.00041965218,0.34865686,0.011332749,Data Collection
207_reference.com,20,Data Collection|Third-Party Sharing,4,0.8586751,0.0004251378,0.0011964416,0.35425952,0.00025757623,0.10069968,0.027245438,Data Collection
207_reference.com,21,Other/Unclear|User Control & Deletion,4,0.11531028,1.7061271e-05,0.00018774533,0.8216001,1.7306933e-05,0.04772646,0.01220228,Other/Unclear
207_reference.com,22,Other/Unclear,4,0.44292402,0.0008687087,0.0036109784,0.62420225,0.0010584294,0.057051923,0.04646585,Other/Unclear
207_reference.com,23,Data Collection|Other/Unclear,4,0.55267304,3.2774562e-05,0.00019234642,0.87559795,2.1954107e-05,0.0059875306,0.0020997643,Data Collection|Other/Unclear
207_reference.com,24,Other/Unclear,4,0.53977257,0.0005693297,0.0012842369,0.6960065,0.00017754371,0.0357568,0.022015473,Data Collection|Other/Unclear
207_reference.com,25,Data Security|Other/Unclear,4,0.47440192,0.0053504677,0.017008012,0.52163464,0.0046200063,0.15890029,0.0720532,Other/Unclear
207_reference.com,26,Data Security|Other/Unclear,4,0.45046923,0.0007542757,0.0043762554,0.4804776,0.0004063235,0.08606911,0.03693662,
207_reference.com,27,Other/Unclear,4,0.6179615,0.0009973334,0.0008337815,0.8484683,0.00018271377,0.019827599,0.024638778,Data Collection|Other/Unclear
207_reference.com,28,Data Security|Other/Unclear,4,0.5316146,0.0033996776,0.0065826075,0.62778044,0.0016950222,0.06606606,0.098920055,Data Collection|Other/Unclear
207_reference.com,29,Other/Unclear,4,0.026934907,5.1114526e-05,0.0003511773,0.97035825,7.264247e-05,0.010170984,0.005092996,Other/Unclear
207_reference.com,30,Other/Unclear,4,0.029205432,0.00016389751,0.0008139776,0.9411452,0.00011069718,0.19865136,0.029396305,Other/Unclear
207_reference.com,31,Other/Unclear|Third-Party Sharing,4,0.026041076,3.4801058e-05,0.00039876995,0.78986883,3.2399937e-05,0.30657586,0.024881236,Other/Unclear
207_reference.com,32,Data Retention|Other/Unclear|User Control & Deletion,4,0.019990824,7.719748e-06,2.302991e-05,0.75452834,8.321955e-06,0.018226828,0.044325113,Other/Unclear
207_reference.com,33,Other/Unclear|User Control & Deletion,4,0.0264469,4.202122e-05,0.00021617967,0.90235835,6.8744e-05,0.048696578,0.030151693,Other/Unclear
20_theatlantic.com,0,Other/Unclear,2,0.03418487,8.186159e-06,0.0003623804,0.88735557,2.9468747e-05,0.012456244,0.0010508181,Other/Unclear
20_theatlantic.com,1,Other/Unclear,2,0.019617103,5.5027765e-05,0.0008136245,0.97628844,9.0079404e-05,0.19917889,0.0037928286,Other/Unclear
20_theatlantic.com,2,Other/Unclear|Policy Change,2,0.015507293,1.2508415e-06,1.0548857e-05,0.700055,0.00019881372,0.004551071,0.004285268,Other/Unclear
20_theatlantic.com,3,Data Collection,2,0.9003994,1.0415678e-05,7.607764e-05,0.17078981,4.0616355e-06,0.095415026,0.0010202714,Data Collection
20_theatlantic.com,4,Data Collection|Other/Unclear,2,0.8242891,6.885239e-05,0.0003881634,0.13670139,2.1578344e-05,0.14569679,0.014840985,Data Collection
20_theatlantic.com,5,Data Collection,2,0.9876868,6.2495646e-06,2.6290245e-05,0.040870834,1.9157715e-06,0.041968875,0.0004937688,Data Collection
20_theatlantic.com,6,Data Collection|Third-Party Sharing,2,0.6712397,1.5571413e-05,5.8388698e-05,0.32929304,5.354709e-06,0.24159476,0.0032359224,Data Collection
20_theatlantic.com,7,Data Collection,2,0.7964724,0.00016718231,0.00046770228,0.28133798,7.307269e-05,0.0877098,0.006707131,Data Collection
20_theatlantic.com,8,Data Collection,2,0.76021445,1.0664475e-05,3.1309843e-05,0.28427565,3.957536e-06,0.012563578,0.06661667,Data Collection
20_theatlantic.com,9,Data Collection|Third-Party Sharing,2,0.8460434,7.2169874e-05,0.00031588643,0.24617408,2.83767e-05,0.27152893,0.0071212696,Data Collection
20_theatlantic.com,10,Third-Party Sharing,2,0.77471334,3.8441442e-07,6.7276396e-06,0.16222697,1.7040472e-07,0.5527762,0.0006018287,Data Collection|Third-Party Sharing
20_theatlantic.com,11,Other/Unclear|Third-Party Sharing,2,0.08253514,9.873788e-07,9.8200735e-06,0.7260572,1.9287108e-06,0.17422535,0.003478603,Other/Unclear
20_theatlantic.com,12,Other/Unclear,2,0.12785153,8.154303e-05,0.00056798826,0.8184615,0.00014164965,0.04175729,0.0161996,Other/Unclear
20_theatlantic.com,13,Data Collection,2,0.96808034,1.2939863e-05,4.420923e-05,0.09190984,1.6035634e-05,0.16056657,0.0017094227,Data Collection
20_theatlantic.com,14,Data Collection|Third-Party Sharing,2,0.4028583,0.00045752132,0.0016033258,0.5971474,0.0004958492,0.15222406,0.01747114,Other/Unclear
20_theatlantic.com,15,Third-Party Sharing,2,0.083631635,5.2125033e-05,0.0003238096,0.59731615,5.7936188e-05,0.35526708,0.006314536,Other/Unclear
20_theatlantic.com,16,Data Security|Third-Party Sharing,2,0.11578855,5.67451e-05,0.012288839,0.1710722,1.828585e-05,0.7921402,0.0028720521,Third-Party Sharing
20_theatlantic.com,17,Other/Unclear|Third-Party Sharing,2,0.27423808,3.758316e-05,0.0002715669,0.53745496,3.978548e-05,0.26528296,0.037150573,Other/Unclear
20_theatlantic.com,18,Third-Party Sharing,2,0.009920246,3.9539504e-05,0.0005382121,0.48369402,0.00027029938,0.39144504,0.004810204,
20_theatlantic.com,19,Third-Party Sharing,2,0.045606565,2.3020655e-05,0.00030950666,0.03581398,9.104708e-06,0.9305699,0.00050673087,Third-Party Sharing
20_theatlantic.com,20,Third-Party Sharing,2,0.5447359,1.4368601e-05,0.00010280633,0.14669938,9.022196e-06,0.61657685,0.0013978448,Data Collection|Third-Party Sharing
20_theatlantic.com,21,Other/Unclear|User Control & Deletion,2,0.059630446,0.000102449805,0.00070789346,0.6858715,0.00010106259,0.10044061,0.08758287,Other/Unclear
20_theatlantic.com,22,Data Collection|User Control & Deletion,2,0.3936155,0.00016112912,0.00089961145,0.48711586,0.00012914168,0.12861434,0.053612974,
20_theatlantic.com,23,Other/Unclear|Third-Party Sharing|User Control & Deletion,2,0.09340943,0.00014153717,0.0006491343,0.65330553,7.040773e-05,0.25782079,0.1231563,Other/Unclear
20_theatlantic.com,24,User Control & Deletion,2,0.10642523,0.00013493579,0.0006200167,0.59355253,0.00011871536,0.25934178,0.45418438,Other/Unclear
20_theatlantic.com,25,User Control & Deletion,2,0.20143864,0.0013638339,0.0024658644,0.508986,0.0015245492,0.045792352,0.65465516,Other/Unclear|User Control & Deletion
20_theatlantic.com,26,Other/Unclear,2,0.022357171,3.2461114e-05,0.00067507953,0.9277185,6.087536e-05,0.050036006,0.0025185312,Other/Unclear
20_theatlantic.com,27,Other/Unclear,2,0.017441925,4.066637e-05,0.00025997858,0.9659647,4.22496e-05,0.031692304,0.0048010536,Other/Unclear
20_theatlantic.com,28,Data Security,2,0.01031704,9.314622e-06,0.12863633,0.38058516,4.597362e-06,0.010784061,0.0010951399,
20_theatlantic.com,29,Data Retention,2,0.25415802,0.0015344756,0.0037136734,0.35793152,0.000275607,0.15730894,0.012093687,
20_theatlantic.com,30,Data Collection|Other/Unclear,2,0.62307197,0.00013635504,0.0005135788,0.5348766,0.00019141838,0.3049524,0.009155904,Data Collection|Other/Unclear
20_theatlantic.com,31,Data Collection|Other/Unclear,2,0.042973597,4.0298237e-05,0.00023597931,0.99764997,4.5598124e-05,0.001619976,0.0028310427,Other/Unclear
20_theatlantic.com,32,Other/Unclear,2,0.015423861,0.00018616798,0.0008528191,0.9802993,0.00017110618,0.04090397,0.09542844,Other/Unclear
20_theatlantic.com,33,User Control & Deletion,2,0.02031757,6.283817e-05,0.00018740038,0.8256081,0.000115823364,0.0057961326,0.10164441,Other/Unclear
20_theatlantic.com,34,Other/Unclear,2,0.10566414,0.006312511,0.017111775,0.9014134,0.008671021,0.08713169,0.10533176,Other/Unclear
20_theatlantic.com,35,User Control & Deletion,2,0.14875239,4.366854e-05,0.00018096295,0.1943648,2.2153275e-05,0.10108023,0.018400468,
21_imdb.com,0,Other/Unclear,3,0.11305341,0.0026650166,0.012572924,0.83469397,0.036868505,0.10227425,0.05880402,Other/Unclear
21_imdb.com,1,Other/Unclear|Policy Change,3,0.04419875,0.003317121,0.007935934,0.88725907,0.19757313,0.028451718,0.04743868,Other/Unclear
21_imdb.com,2,Other/Unclear,3,0.52750444,0.0038394108,0.06427158,0.80387264,0.007545386,0.20698862,0.11107662,Data Collection|Other/Unclear
21_imdb.com,3,Other/Unclear,3,0.04329878,0.0004273095,0.0035446265,0.89724094,0.016591953,0.058774497,0.06158341,Other/Unclear
21_imdb.com,4,Data Collection|Other/Unclear,3,0.8684556,0.00051383395,0.003136909,0.301458,0.00065387477,0.032621786,0.012853133,Data Collection
21_imdb.com,5,Data Collection|Other/Unclear,3,0.8525709,0.00013535516,0.00016793968,0.15505533,2.363391e-05,0.032686006,0.058270283,Data Collection
21_imdb.com,6,Data Collection|Other/Unclear,3,0.89307123,0.00021222155,0.00032493382,0.2876042,4.762231e-05,0.06971648,0.0074663456,Data Collection
21_imdb.com,7,Data Collection|Other/Unclear|User Control & Deletion,3,0.7043375,0.00040674882,0.0023217278,0.5971534,0.00046867927,0.059192047,0.33529758,Data Collection|Other/Unclear
21_imdb.com,8,Data Collection|Other/Unclear,3,0.9217343,2.3659164e-05,0.00016066164,0.12224931,2.2950413e-05,0.10488469,0.03742958,Data Collection
21_imdb.com,9,Data Collection|Other/Unclear,3,0.7462045,0.0005929128,0.0018669198,0.21267053,0.00071734947,0.10218445,0.034169804,Data Collection
21_imdb.com,10,Data Collection|Other/Unclear,3,0.94200766,0.0005383659,0.0025423819,0.25960454,0.0004049227,0.16597643,0.053661335,Data Collection
21_imdb.com,11,User Control & Deletion,3,0.5432431,0.001089997,0.0031126689,0.39586708,0.0012294325,0.08428873,0.6868834,Data Collection|User Control & Deletion
21_imdb.com,12,Data Collection|Third-Party Sharing,3,0.9102397,0.00015174034,0.0012057727,0.18846874,0.00012306639,0.4440754,0.008739447,Data Collection
21_imdb.com,13,Third-Party Sharing,3,0.27867815,0.0002203728,0.0028851207,0.68636245,0.00030145765,0.61863023,0.013028958,Other/Unclear|Third-Party Sharing
21_imdb.com,14,Other/Unclear|Third-Party Sharing,3,0.13184288,0.0004179272,0.0037094443,0.58134854,0.0005368395,0.6877532,0.022781264,Other/Unclear|Third-Party Sharing
21_imdb.com,15,Data Security|Third-Party Sharing,3,0.060314517,0.0005891229,0.090637825,0.14355011,0.00043311453,0.91600627,0.011858475,Third-Party Sharing
21_imdb.com,16,Third-Party Sharing,3,0.6685349,0.000523469,0.0017028656,0.560287,0.0004079535,0.28079516,0.2582914,Data Collection|Other/Unclear
21_imdb.com,17,Third-Party Sharing,3,0.21833287,0.0005442877,0.004544717,0.2408077,0.0019240426,0.77969295,0.038549107,Third-Party Sharing
21_imdb.com,18,Third-Party Sharing,3,0.17432968,7.037527e-05,0.0016246354,0.28098956,0.000121635945,0.83034116,0.002167234,Third-Party Sharing
21_imdb.com,19,Other/Unclear|Third-Party Sharing|User Control & Deletion,3,0.07140326,7.1520653e-06,0.00014319608,0.7038855,1.2496745e-05,0.31407374,0.033392113,Other/Unclear
21_imdb.com,20,Other/Unclear|Third-Party Sharing,3,0.3871058,1.6939308e-06,4.5958473e-05,0.7232968,2.5327486e-06,0.33535814,0.0034901565,Other/Unclear
21_imdb.com,21,Data Collection|Other/Unclear|Third-Party Sharing,3,0.29204974,8.726835e-06,0.00016022923,0.66723526,9.872313e-06,0.1786431,0.013067964,Other/Unclear
21_imdb.com,22,Data Security,3,0.11356673,0.0016621114,0.46827766,0.25227478,0.0018381506,0.18371525,0.034688234,
21_imdb.com,23,Data Security|Other/Unclear,3,0.11503267,0.0012974018,0.28430805,0.22950111,0.0013908761,0.078791134,0.035474088,
21_imdb.com,24,User Control & Deletion,3,0.25752944,0.0019503402,0.01084089,0.3478956,0.0021837258,0.096805274,0.5409253,User Control & Deletion
21_imdb.com,25,Data Retention|Other/Unclear|User Control & Deletion,3,0.2655664,0.0006483864,0.0011715667,0.3820163,0.00037279597,0.019190274,0.14172009,
21_imdb.com,26,Other/Unclear|Policy Change|User Control & Deletion,3,0.13867904,7.864603e-05,0.00045141816,0.62243104,0.00057417306,0.020495642,0.30833152,Other/Unclear
21_imdb.com,27,User Control & Deletion,3,0.4549401,0.00015717246,0.0010736572,0.37681618,0.00020619306,0.11705494,0.1582081,
21_imdb.com,28,User Control & Deletion,3,0.5312913,0.0011196946,0.0030103512,0.3938318,0.0012168954,0.08623758,0.70223814,Data Collection|User Control & Deletion
21_imdb.com,29,Other/Unclear,3,0.11936253,0.00016068052,0.00081508665,0.99155617,0.0002050946,0.008464031,0.0101609,Other/Unclear
21_imdb.com,30,Other/Unclear,3,0.031779572,0.0006892298,0.09606646,0.9836935,0.0013005326,0.018285608,0.014271755,Other/Unclear
21_imdb.com,31,Other/Unclear,3,0.05076637,0.00032258948,0.041527368,0.98206663,0.00065858697,0.0123003675,0.022040376,Other/Unclear
21_imdb.com,32,Other/Unclear,3,0.040863708,0.00027016303,0.02866351,0.975274,0.00043586013,0.01278226,0.017030263,Other/Unclear
21_imdb.com,33,Other/Unclear,3,0.13009521,0.0012729466,0.008257444,0.8517896,0.010877773,0.08477517,0.07265705,Other/Unclear
21_imdb.com,34,Other/Unclear,3,0.13286802,0.0010041945,0.008213684,0.8577569,0.0024137842,0.05904918,0.06029329,Other/Unclear
21_imdb.com,35,Other/Unclear|Policy Change,3,0.063199386,5.7272347e-05,0.0008137529,0.829659,0.0023317228,0.029634539,0.03531921,Other/Unclear
228_gawker.com,0,Other/Unclear,3,0.03286166,4.0075156e-05,0.0007612692,0.9366911,0.0008281668,0.019268671,0.007907152,Other/Unclear
228_gawker.com,1,Data Collection|Third-Party Sharing,3,0.443624,0.00039559382,0.0024456517,0.65511566,0.00045636902,0.17165582,0.021655977,Other/Unclear
228_gawker.com,2,Data Collection|Third-Party Sharing,3,0.6425687,5.712791e-06,4.214111e-05,0.27577993,4.103545e-06,0.078507915,0.015732504,Data Collection
228_gawker.com,3,Data Collection|Third-Party Sharing,3,0.7283088,8.248056e-06,3.802711e-05,0.22592837,2.3761822e-06,0.10918343,0.014745759,Data Collection
228_gawker.com,4,Data Collection|Third-Party Sharing,3,0.8481517,1.649853e-05,0.00010122945,0.19857644,7.84744e-06,0.01877933,0.060501073,Data Collection
228_gawker.com,5,Other/Unclear|Third-Party Sharing,3,0.025543854,4.6828327e-06,0.0001464953,0.97996783,9.242159e-06,0.0778152,0.0011662414,Other/Unclear
228_gawker.com,6,Other/Unclear|Third-Party Sharing,3,0.25877193,2.5260284e-05,0.00026373434,0.6861477,4.480437e-05,0.13961123,0.008876029,Other/Unclear
228_gawker.com,7,Data Collection,3,0.8834343,0.00054484216,0.0022500493,0.24721502,0.00024419965,0.051710326,0.020452702,Data Collection
228_gawker.com,8,Data Collection,3,0.70827055,2.1815114e-05,0.00016136092,0.38579732,1.9887655e-05,0.036715727,0.008155336,Data Collection
228_gawker.com,9,Other/Unclear,3,0.30743587,0.0006041249,0.0024754994,0.78178114,0.00086230953,0.08573059,0.042837486,Other/Unclear
228_gawker.com,10,Data Collection|Data Security|Third-Party Sharing,3,0.3200327,1.2613204e-05,0.00021101139,0.43778056,1.2345031e-05,0.4403881,0.004942874,
228_gawker.com,11,Other/Unclear|Third-Party Sharing,3,0.21880448,8.407468e-05,0.0013317431,0.61969024,6.654583e-05,0.3701927,0.032202914,Other/Unclear
228_gawker.com,12,Other/Unclear|Third-Party Sharing,3,0.45971888,8.264198e-05,0.00071340456,0.5507203,0.00011930131,0.28372043,0.010438982,Other/Unclear
228_gawker.com,13,Third-Party Sharing,3,0.15145692,0.00015982357,0.001290759,0.7069363,0.00013427155,0.37296402,0.02086455,Other/Unclear
228_gawker.com,14,Other/Unclear|User Control & Deletion,3,0.112682074,0.0001110536,0.0015033812,0.80295515,0.00015418613,0.19339973,0.061587222,Other/Unclear
228_gawker.com,15,Other/Unclear|User Control & Deletion,3,0.10564341,0.00046919723,0.0021177947,0.8611226,0.00094598834,0.16201787,0.31044257,Other/Unclear
228_gawker.com,16,User Control & Deletion,3,0.03491539,0.00020491362,0.0026381756,0.8958191,0.00037187137,0.09447651,0.31102008,Other/Unclear
228_gawker.com,17,Third-Party Sharing,3,0.12593468,0.0012177464,0.006198118,0.16826798,0.0021845526,0.8879685,0.023046995,Third-Party Sharing
228_gawker.com,18,Data Collection|Other/Unclear|Third-Party Sharing,3,0.20777366,2.2915074e-06,4.2397183e-05,0.7734724,4.7416866e-06,0.24085453,0.0053848666,Other/Unclear
228_gawker.com,19,Third-Party Sharing,3,0.05005343,0.00021719164,0.0033276044,0.082712345,0.00023479972,0.8052769,0.004847111,Third-Party Sharing
228_gawker.com,20,Data Retention|Data Security,3,0.02584382,9.206393e-05,0.12269433,0.3545907,2.3329701e-05,0.05304044,0.0022966,
228_gawker.com,21,Data Security|Other/Unclear,3,0.14596485,0.0016397533,0.011416898,0.752689,0.0035790135,0.08320275,0.09411304,Other/Unclear
228_gawker.com,22,Policy Change,3,0.021787327,0.000142963,0.0013164287,0.68435097,0.01983239,0.016682567,0.012923685,Other/Unclear
228_gawker.com,23,Other/Unclear,3,0.013246393,0.00023872124,0.0010023017,0.9716566,0.0009339978,0.013864524,0.036082692,Other/Unclear
228_gawker.com,24,Other/Unclear|Policy Change,3,0.019648653,0.0015233887,0.005371545,0.91855943,0.11006798,0.013919765,0.025498683,Other/Unclear
26_nytimes.com,0,Other/Unclear|Policy Change,3,0.00841532,0.0008708866,0.0030286785,0.9820277,0.21449567,0.007112966,0.008804468,Other/Unclear
26_nytimes.com,1,Other/Unclear,3,0.10941009,0.00018787743,0.00141914,0.85072887,0.00070764427,0.053672004,0.011885741,Other/Unclear
26_nytimes.com,2,Other/Unclear,3,0.10432929,0.0029905157,0.018957285,0.92103314,0.0101840915,0.17757566,0.052048963,Other/Unclear
26_nytimes.com,3,Other/Unclear,3,0.19266146,0.0017987023,0.010929602,0.77429646,0.005747538,0.1567073,0.059253853,Other/Unclear
26_nytimes.com,4,Other/Unclear,3,0.021943009,7.256233e-05,0.001201278,0.9825917,8.4101346e-05,0.07167375,0.002384826,Other/Unclear
26_nytimes.com,5,Other/Unclear,3,0.039822724,1.6466342e-05,0.00026653285,0.853032,8.2777355e-05,0.011264809,0.010198469,Other/Unclear
26_nytimes.com,6,Data Security|Other/Unclear,3,0.042877667,0.0017788159,0.14358048,0.9248751,0.0062108575,0.03966412,0.05419132,Other/Unclear
26_nytimes.com,7,Other/Unclear,3,0.07886353,0.0018980238,0.029581007,0.870352,0.002835444,0.058062892,0.11348188,Other/Unclear
26_nytimes.com,8,Other/Unclear,3,0.25445378,0.00068441953,0.029191883,0.8803077,0.00079278473,0.061134238,0.015892023,Other/Unclear
26_nytimes.com,9,Data Collection|Third-Party Sharing,3,0.921405,2.8184422e-05,0.0002652709,0.2028685,1.3339025e-05,0.10479641,0.002994672,Data Collection
26_nytimes.com,10,Other/Unclear,3,0.5096311,0.0004294176,0.0026367418,0.3105985,0.00020228633,0.23500787,0.03539582,Data Collection
26_nytimes.com,11,Data Collection,3,0.928643,0.0012736989,0.0063503357,0.1357923,0.00095059315,0.07105589,0.041338716,Data Collection
26_nytimes.com,12,Data Collection|Third-Party Sharing|User Control & Deletion,3,0.48249543,0.0003298438,0.0011461382,0.66078675,0.00028860164,0.060664114,0.07746224,Other/Unclear
26_nytimes.com,13,Data Collection|Other/Unclear|Third-Party Sharing,3,0.6912714,0.00034260534,0.0011082498,0.5033017,0.0002651462,0.16566214,0.026182434,Data Collection|Other/Unclear
26_nytimes.com,14,User Control & Deletion,3,0.30288702,0.00041189,0.0023996748,0.69811094,0.00062925345,0.08124899,0.07457893,Other/Unclear
26_nytimes.com,15,Data Collection|Third-Party Sharing,3,0.8390332,0.00026775786,0.013667222,0.05263004,5.647992e-05,0.6228898,0.0040721954,Data Collection|Third-Party Sharing
26_nytimes.com,16,Other/Unclear|Third-Party Sharing,3,0.093001336,4.117458e-05,0.00037297377,0.85394347,2.3639319e-05,0.29071072,0.018158717,Other/Unclear
26_nytimes.com,17,Other/Unclear|Third-Party Sharing,3,0.0936349,0.00013773466,0.0010663423,0.8735766,0.00013135471,0.22913948,0.019859351,Other/Unclear
26_nytimes.com,18,Other/Unclear|Third-Party Sharing,3,0.20779705,0.00020090253,0.0019319514,0.8106012,0.00040183013,0.31025788,0.01330852,Other/Unclear
26_nytimes.com,19,Data Collection|Other/Unclear|Third-Party Sharing,3,0.59473103,5.818169e-05,0.00048710057,0.6381298,0.000108878594,0.13047236,0.016295416,Data Collection|Other/Unclear
26_nytimes.com,20,Data Collection|Third-Party Sharing,3,0.7448302,7.584061e-05,0.00071241165,0.35089535,8.616669e-05,0.33381504,0.009475402,Data Collection
26_nytimes.com,21,Data Collection|Other/Unclear,3,0.51020706,0.0018954328,0.011833214,0.5839335,0.0040779994,0.19518737,0.08117656,Data Collection|Other/Unclear
26_nytimes.com,22,Data Collection|Other/Unclear|Third-Party Sharing,3,0.43645883,0.00022013209,0.0012821874,0.38781482,0.00034992702,0.29725227,0.024077836,
26_nytimes.com,23,Data Collection|Other/Unclear,3,0.8083711,6.595061e-05,0.00085924496,0.5026672,7.688723e-05,0.104880065,0.0065864543,Data Collection|Other/Unclear
26_nytimes.com,24,Data Collection,3,0.97931504,9.382601e-05,0.0005138156,0.04659095,6.680405e-05,0.025536984,0.0061767246,Data Collection
26_nytimes.com,25,Data Collection|Other/Unclear|User Control & Deletion,3,0.79184353,9.304078e-06,6.4603766e-05,0.6409238,6.916402e-06,0.020604458,0.008694353,Data Collection|Other/Unclear
26_nytimes.com,26,Other/Unclear|Third-Party Sharing,3,0.2759799,1.7436236e-05,0.00021679931,0.42491895,1.9474406e-05,0.4959968,0.009613631,
26_nytimes.com,27,Data Collection,3,0.97453564,9.8719596e-05,0.00043883902,0.06851644,3.5249806e-05,0.03418669,0.003497446,Data Collection
26_nytimes.com,28,Data Collection|Other/Unclear,3,0.8642236,1.95469e-05,0.00020309928,0.3088236,1.826134e-05,0.07752574,0.0058687013,Data Collection
26_nytimes.com,29,Data Collection|Third-Party Sharing,3,0.83361614,0.0001748072,0.001314153,0.26543823,0.00011247385,0.2024979,0.007363855,Data Collection
26_nytimes.com,30,Data Collection|User Control & Deletion,3,0.91839534,0.0018473037,0.0021685374,0.19222903,0.00039026866,0.054113604,0.08217207,Data Collection
26_nytimes.com,31,Other/Unclear,3,0.8080894,0.0006234276,0.0027988607,0.42714244,0.0006164065,0.11648977,0.03254029,Data Collection
26_nytimes.com,32,Third-Party Sharing,3,0.3417666,6.829033e-05,0.00054711977,0.48500386,6.892267e-05,0.40146837,0.013844954,
26_nytimes.com,33,Other/Unclear|Third-Party Sharing,3,0.75513417,2.0163608e-05,0.00017626694,0.21462804,1.8974646e-05,0.6245725,0.0056553935,Data Collection|Third-Party Sharing
26_nytimes.com,34,Other/Unclear,3,0.13228287,0.000118548065,0.0015735888,0.77852106,9.920747e-05,0.33206177,0.02868475,Other/Unclear
26_nytimes.com,35,Other/Unclear|Third-Party Sharing,3,0.2799938,7.204439e-06,6.1140905e-05,0.58615166,1.4651696e-05,0.098250724,0.025023151,Other/Unclear
26_nytimes.com,36,User Control & Deletion,3,0.06283314,3.68725e-05,0.00015785084,0.812837,6.216061e-05,0.086916134,0.33533892,Other/Unclear
26_nytimes.com,37,Other/Unclear,3,0.14194624,0.00042111668,0.0032097828,0.7759553,0.00056826504,0.09879102,0.154276,Other/Unclear
26_nytimes.com,38,Data Collection,3,0.9264566,6.104285e-05,0.00032556243,0.13068788,4.653534e-05,0.051913537,0.008369158,Data Collection
26_nytimes.com,39,Data Collection|Third-Party Sharing,3,0.92634237,0.002370748,0.009012929,0.101016074,0.0020918641,0.46473795,0.023701923,Data Collection
26_nytimes.com,40,Data Collection,3,0.92544496,3.9997754e-05,0.0003464886,0.10039806,3.195423e-05,0.07471903,0.007842634,Data Collection
26_nytimes.com,41,Data Collection|Other/Unclear|Third-Party Sharing,3,0.8289637,0.00026344016,0.0016488965,0.22072482,0.00023521377,0.6046877,0.02278855,Data Collection|Third-Party Sharing
26_nytimes.com,42,Data Collection|Other/Unclear,3,0.40697163,0.0009689838,0.0036856045,0.66758835,0.0020310432,0.043496545,0.109608054,Other/Unclear
26_nytimes.com,43,Third-Party Sharing,3,0.2437506,9.711966e-05,0.00063085154,0.43703246,9.820832e-05,0.5153215,0.023682056,Third-Party Sharing
26_nytimes.com,44,Third-Party Sharing,3,0.1323453,0.0018565534,0.0088757165,0.26551375,0.002881692,0.85871226,0.031842843,Third-Party Sharing
26_nytimes.com,45,Third-Party Sharing,3,0.142453,0.00061029213,0.0043181144,0.6214317,0.0010649875,0.7160192,0.015612994,Other/Unclear|Third-Party Sharing
26_nytimes.com,46,Other/Unclear|Third-Party Sharing,3,0.1561652,1.8845938e-05,0.0001018924,0.6554372,1.03436605e-05,0.04932394,0.078545846,Other/Unclear
26_nytimes.com,47,Other/Unclear|Third-Party Sharing,3,0.30721873,5.1194333e-05,0.0004952808,0.29780513,7.811434e-05,0.35006768,0.010105864,
26_nytimes.com,48,Data Security|Other/Unclear|Third-Party Sharing,3,0.050056968,5.536017e-05,0.016677182,0.2743173,3.7008413e-05,0.8971069,0.004071692,Third-Party Sharing
26_nytimes.com,49,Other/Unclear|Third-Party Sharing,3,0.045552105,4.1977644e-05,0.00038802225,0.4044254,7.1430644e-05,0.77179,0.009582173,Third-Party Sharing
26_nytimes.com,50,Other/Unclear|Third-Party Sharing|User Control & Deletion,3,0.100865796,7.958776e-05,0.00033899202,0.7088444,9.3837945e-05,0.055210654,0.59388745,Other/Unclear|User Control & Deletion
26_nytimes.com,51,Other/Unclear|User Control & Deletion,3,0.11854527,0.0010308096,0.0021551305,0.4561316,0.0009540246,0.01515979,0.84512156,User Control & Deletion
26_nytimes.com,52,Data Collection|Third-Party Sharing,3,0.8339566,3.1881682e-05,0.00023736538,0.17199823,1.899405e-05,0.42944205,0.0048597315,Data Collection
26_nytimes.com,53,Data Collection|Other/Unclear,3,0.62874854,0.00028540817,0.001320082,0.53673697,0.00022381866,0.054988474,0.028036524,Data Collection|Other/Unclear
26_nytimes.com,54,Data Collection|Data Retention|Third-Party Sharing,3,0.48760858,0.00047264565,0.00093595707,0.46588117,8.3296756e-05,0.29522395,0.04254243,
26_nytimes.com,55,Other/Unclear|User Control & Deletion,3,0.071558006,0.00031130743,0.0017755512,0.58466136,0.00084305916,0.019932045,0.32530436,Other/Unclear
26_nytimes.com,56,User Control & Deletion,3,0.1322151,0.0017764528,0.0056332923,0.39952376,0.0017096652,0.040961448,0.5853686,User Control & Deletion
26_nytimes.com,57,User Control & Deletion,3,0.36999997,0.0005890224,0.0022799985,0.5726296,0.00067886634,0.051955674,0.14716057,Other/Unclear
26_nytimes.com,58,User Control & Deletion,3,0.08920564,0.00029721856,0.0010609264,0.50182575,0.00064502633,0.014360403,0.8488757,Other/Unclear|User Control & Deletion
26_nytimes.com,59,Other/Unclear|User Control & Deletion,3,0.22556177,0.0001723127,0.00037419278,0.702181,0.00011765026,0.018918695,0.15024897,Other/Unclear
26_nytimes.com,60,Other/Unclear|User Control & Deletion,3,0.04882935,2.4499088e-05,0.00014296299,0.8428353,2.809512e-05,0.030245315,0.12448496,Other/Unclear
26_nytimes.com,61,Data Security,3,0.011632205,0.00058877707,0.87886095,0.22203714,0.00040768646,0.011305132,0.00554537,Data Security
26_nytimes.com,62,Third-Party Sharing,3,0.019888282,2.0278678e-05,0.0008963272,0.026313268,1.5708827e-05,0.9345966,0.0006254739,Third-Party Sharing
26_nytimes.com,63,Other/Unclear,3,0.18167858,0.0001913625,0.0011192706,0.9871617,0.00021624239,0.012043526,0.0050198683,Other/Unclear
26_nytimes.com,64,Data Collection|Other/Unclear|Third-Party Sharing|User Control & Deletion,3,0.24274288,0.00011571944,0.0011464304,0.82537585,0.00010762172,0.0987664,0.027994523,Other/Unclear
26_nytimes.com,65,Other/Unclear,3,0.07901668,0.0029311099,0.011915139,0.92387325,0.0066771214,0.038400963,0.089130536,Other/Unclear
26_nytimes.com,66,Other/Unclear|User Control & Deletion,3,0.002170534,7.921719e-06,8.873141e-05,0.97320235,1.1488294e-05,0.039307073,0.19332792,Other/Unclear
26_nytimes.com,67,Policy Change,3,0.006949759,0.00018343072,0.0010391317,0.53140694,0.25552276,0.008465126,0.013253334,Other/Unclear
303_reddit.com,0,Other/Unclear,3,0.026785936,0.0009107087,0.011521301,0.961164,0.009722342,0.021519199,0.017349863,Other/Unclear
303_reddit.com,1,Other/Unclear,3,0.113071606,4.061822e-05,0.0013196561,0.92386323,0.0001772862,0.016623344,0.0058184485,Other/Unclear
303_reddit.com,2,Other/Unclear|User Control & Deletion,3,0.029266799,5.0699695e-05,0.0007881954,0.9324298,0.0011151906,0.025154648,0.02975076,Other/Unclear
303_reddit.com,3,Data Collection|Other/Unclear|Third-Party Sharing,3,0.36731562,1.6628832e-05,0.00017133835,0.5655989,1.6186767e-05,0.0786114,0.012465056,Other/Unclear
303_reddit.com,4,Data Collection|Third-Party Sharing,3,0.15532108,7.246438e-05,0.00086239644,0.5678101,0.0001153931,0.08314236,0.013188541,Other/Unclear
303_reddit.com,5,Data Collection|Data Retention,3,0.84991676,0.00029354153,0.0008771826,0.20148101,7.391052e-05,0.03343366,0.023779884,Data Collection
303_reddit.com,6,Data Collection|Data Retention|Third-Party Sharing|User Control & Deletion,3,0.18812582,0.0021655906,0.0092158485,0.70466,0.0017617184,0.0762324,0.16775596,Other/Unclear
303_reddit.com,7,Data Collection|Data Retention|Third-Party Sharing,3,0.33028293,0.0007954008,0.006742222,0.4764511,0.0004166606,0.28795886,0.057877887,
303_reddit.com,8,Data Collection|Data Retention,3,0.55575067,0.0034636257,0.012917606,0.6660056,0.00254107,0.11518725,0.06679109,Data Collection|Other/Unclear
303_reddit.com,9,Data Collection|Other/Unclear|Third-Party Sharing,3,0.30639595,1.6724382e-05,0.000255921,0.59357977,6.7900296e-06,0.047274556,0.0060253423,Other/Unclear
303_reddit.com,10,Data Collection|Data Retention,3,0.91569364,2.3981152e-05,0.00013489324,0.21419202,6.8318823e-06,0.0088106105,0.0032604258,Data Collection
303_reddit.com,11,Data Collection|Data Retention,3,0.59496456,0.00051367114,0.00330902,0.48591897,0.0005862775,0.09966353,0.030043447,Data Collection
303_reddit.com,12,Data Collection,3,0.7966136,6.615471e-05,0.00025171615,0.16693002,7.074103e-05,0.025175793,0.039916266,Data Collection
303_reddit.com,13,Data Collection|Data Retention,3,0.6565031,0.00015177914,0.0031945955,0.16083674,6.467085e-05,0.17444892,0.0053823106,Data Collection
303_reddit.com,14,Third-Party Sharing,3,0.2220877,8.322415e-06,0.00017535468,0.5030534,7.478551e-06,0.41215965,0.003220098,Other/Unclear
303_reddit.com,15,Third-Party Sharing,3,0.33319312,0.0016935624,0.007977167,0.5836744,0.0014699148,0.44429922,0.041120015,Other/Unclear
303_reddit.com,16,Data Collection|Data Retention|Third-Party Sharing,3,0.06456782,8.493986e-05,0.0009804675,0.14278087,0.00014140393,0.6329679,0.0054291515,Third-Party Sharing
303_reddit.com,17,Data Collection|Third-Party Sharing,3,0.16018365,0.00023840695,0.0029689074,0.053562548,0.00014154585,0.8776288,0.003966475,Third-Party Sharing
303_reddit.com,18,Data Collection|Third-Party Sharing,3,0.8653279,3.120505e-05,0.00024368084,0.2889649,2.1010374e-05,0.19888875,0.009036141,Data Collection
303_reddit.com,19,Other/Unclear|Third-Party Sharing,3,0.14965911,0.00014902903,0.0009551422,0.7912619,0.00014714537,0.10311834,0.009809791,Other/Unclear
303_reddit.com,20,Data Collection|Third-Party Sharing,3,0.21151409,0.0004458977,0.0018444739,0.6239213,0.00046740312,0.14441402,0.20207037,Other/Unclear
303_reddit.com,21,Data Collection,3,0.49087864,0.0018455378,0.008716006,0.53731304,0.0024650495,0.1590599,0.0951719,Other/Unclear
303_reddit.com,22,Data Collection,3,0.61505514,0.0036008975,0.010839484,0.33158126,0.0015994955,0.11254328,0.11307146,Data Collection
303_reddit.com,23,Data Collection|Third-Party Sharing,3,0.6440028,9.408712e-05,0.00078929815,0.5963584,0.00012362667,0.12678349,0.015659578,Data Collection|Other/Unclear
303_reddit.com,24,Data Collection,3,0.53736377,7.90305e-05,0.0005132155,0.4854402,0.00012731379,0.05152745,0.018621033,Data Collection
303_reddit.com,25,Data Collection|Data Retention|Third-Party Sharing,3,0.855131,0.00016160462,0.0007592833,0.38302392,6.8607245e-05,0.08618626,0.010952988,Data Collection
303_reddit.com,26,Data Collection|User Control & Deletion,3,0.35658556,0.0016712147,0.0053188032,0.64301556,0.0021895159,0.09019829,0.40451393,Other/Unclear
303_reddit.com,27,Third-Party Sharing,3,0.48514357,9.6626245e-05,0.00088145916,0.5644993,9.8673656e-05,0.0907523,0.011681599,Other/Unclear
303_reddit.com,28,Other/Unclear|Third-Party Sharing,3,0.4540978,0.0009101931,0.0064256485,0.25422934,0.002197449,0.44815654,0.050916664,
303_reddit.com,29,Other/Unclear|Third-Party Sharing,3,0.33871892,0.0026082841,0.010863104,0.60962427,0.0059664133,0.27250412,0.08625012,Other/Unclear
303_reddit.com,30,Third-Party Sharing,3,0.7375865,0.00016399147,0.00067370286,0.389385,0.000113341426,0.13471408,0.016945262,Data Collection
303_reddit.com,31,Data Retention|Other/Unclear|Third-Party Sharing|User Control & Deletion,3,0.20556408,0.00011653625,0.0005114095,0.72988313,6.058021e-05,0.09096781,0.065370195,Other/Unclear
303_reddit.com,32,Third-Party Sharing,3,0.2710383,0.00025352003,0.0038745545,0.6352998,0.0001686606,0.18464476,0.03992164,Other/Unclear
303_reddit.com,33,Third-Party Sharing,3,0.49078295,2.078837e-05,0.00014349344,0.34724158,1.4570693e-05,0.05044515,0.10590123,
303_reddit.com,34,Data Security,3,0.01714611,0.000262379,0.39693204,0.5599503,0.00017291766,0.027776485,0.0061004353,Other/Unclear
303_reddit.com,35,Other/Unclear,3,0.044829737,0.00029362988,0.0028396214,0.94669604,0.00027409114,0.037274066,0.005623791,Other/Unclear
303_reddit.com,36,Other/Unclear,3,0.007089119,0.0007172608,0.03653554,0.99428993,0.0011136403,0.006808255,0.012909601,Other/Unclear
303_reddit.com,37,Other/Unclear,3,0.03681445,0.00030787147,0.02241211,0.9682028,0.00077858224,0.018005304,0.012232642,Other/Unclear
303_reddit.com,38,Other/Unclear,3,0.031812113,0.00027710517,0.024462184,0.9787623,0.00046933294,0.015272234,0.020723391,Other/Unclear
303_reddit.com,39,Other/Unclear,3,0.023407154,4.064098e-05,0.0005990287,0.99259245,6.79507e-05,0.0030458071,0.0062992517,Other/Unclear
303_reddit.com,40,Other/Unclear|User Control & Deletion,3,0.053164426,0.00024630388,0.0035889398,0.905847,0.00073827815,0.06454425,0.033362474,Other/Unclear
303_reddit.com,41,Other/Unclear,3,0.20574938,0.00022700187,0.002957889,0.77200806,0.0008986324,0.046602596,0.014173928,Other/Unclear
303_reddit.com,42,Data Collection,3,0.2739423,9.5902455e-05,0.00088226865,0.6696681,0.00024784546,0.06593384,0.011056789,Other/Unclear
303_reddit.com,43,Data Collection|Data Retention,3,0.9526234,2.5392294e-05,0.0001373332,0.14209181,8.0653845e-06,0.03480129,0.003951781,Data Collection
303_reddit.com,44,Data Collection|Third-Party Sharing,3,0.6479352,0.00024285352,0.0015481479,0.30333552,0.00019699684,0.2831828,0.026605872,Data Collection
303_reddit.com,45,Data Collection|Other/Unclear,3,0.64060926,0.0013511432,0.0042387703,0.62632525,0.0010563598,0.16328801,0.11353198,Data Collection|Other/Unclear
303_reddit.com,46,Data Collection|User Control & Deletion,3,0.16308083,0.00012966356,0.0009863391,0.6073431,0.00012569537,0.046202004,0.160915,Other/Unclear
303_reddit.com,47,Data Collection|Third-Party Sharing,3,0.28922182,0.00037329612,0.0032711655,0.6584989,0.00059068005,0.14248942,0.035408128,Other/Unclear
303_reddit.com,48,Other/Unclear,3,0.58662486,0.0006292946,0.0016668774,0.41176516,0.0006638204,0.055935998,0.17793794,Data Collection
303_reddit.com,49,Data Retention|User Control & Deletion,3,0.46510336,8.282549e-05,0.0004407491,0.5772787,6.3713334e-05,0.023587974,0.0489757,Other/Unclear
303_reddit.com,50,Third-Party Sharing,3,0.44147813,0.00024201894,0.0013642425,0.5999574,0.0002748533,0.21901947,0.031259563,Other/Unclear
303_reddit.com,51,Other/Unclear,3,0.08658137,0.0004865455,0.0045157806,0.9127575,0.0018761656,0.10854971,0.022256747,Other/Unclear
303_reddit.com,52,Policy Change,3,0.025687676,8.663991e-05,0.0007350761,0.66610813,0.008282622,0.030822579,0.020618016,Other/Unclear
303_reddit.com,53,Other/Unclear,3,0.047614925,0.0008307646,0.002934188,0.94829184,0.0031965591,0.020773567,0.032379165,Other/Unclear
320_timeinc.com,0,Other/Unclear,3,0.011764103,6.363541e-05,0.0017182668,0.97800237,0.00028209935,0.006575856,0.00955974,Other/Unclear
320_timeinc.com,1,Other/Unclear,3,0.054635596,0.0006565225,0.0089630205,0.9534468,0.002022983,0.0504456,0.019517872,Other/Unclear
320_timeinc.com,2,Other/Unclear,3,0.046446394,1.5982023e-05,0.00044511922,0.943582,8.599376e-05,0.016924089,0.004374031,Other/Unclear
320_timeinc.com,3,Data Collection,3,0.91327965,8.938396e-06,0.00014087692,0.26401103,3.5927776e-06,0.06581811,0.0029886498,Data Collection
320_timeinc.com,4,Data Collection,3,0.7821362,0.000109508524,0.0009289527,0.3160322,7.810019e-05,0.09557484,0.011289281,Data Collection
320_timeinc.com,5,Data Collection,3,0.8304486,7.672997e-05,0.00038234727,0.29794994,2.8881073e-05,0.057062782,0.012876552,Data Collection
320_timeinc.com,6,Data Collection,3,0.97498745,4.7253652e-05,0.00030030118,0.08377025,1.8625049e-05,0.056783013,0.0031072015,Data Collection
320_timeinc.com,7,Data Collection,3,0.72279364,5.587854e-05,0.00044460816,0.24064472,4.197638e-05,0.13510056,0.0041841427,Data Collection
320_timeinc.com,8,Data Collection|Third-Party Sharing,3,0.58251446,4.5189205e-05,0.0005023518,0.3177398,3.6293153e-05,0.4345028,0.0072331154,Data Collection
320_timeinc.com,9,Data Collection|Other/Unclear|Third-Party Sharing,3,0.18318735,5.5440934e-05,0.0008247467,0.67248577,7.926173e-05,0.2760696,0.00912043,Other/Unclear
320_timeinc.com,10,Third-Party Sharing,3,0.562655,0.000219868,0.0010475513,0.25265008,9.589887e-05,0.18681891,0.021392846,Data Collection
320_timeinc.com,11,Data Collection,3,0.7032459,5.4731958e-05,0.00015800707,0.2156938,8.398665e-05,0.031113856,0.01017918,Data Collection
320_timeinc.com,12,Data Collection|Third-Party Sharing,3,0.36953565,0.0001511481,0.0005689793,0.544516,0.00016696684,0.075025916,0.053771444,Other/Unclear
320_timeinc.com,13,Data Collection,3,0.52226114,0.000117304844,0.0013023547,0.4622868,0.00023829205,0.17063725,0.011210341,Data Collection
320_timeinc.com,14,Data Collection,3,0.9532923,5.9250728e-05,0.00043827886,0.11328576,3.1885593e-05,0.11040246,0.0036441695,Data Collection
320_timeinc.com,15,Third-Party Sharing,3,0.13331977,0.0003462161,0.0017794892,0.18976015,0.0001860725,0.8557345,0.01390363,Third-Party Sharing
320_timeinc.com,16,Data Security|Third-Party Sharing,3,0.12541875,0.0001382274,0.005996436,0.4032792,0.00013651403,0.29157704,0.0077934214,
320_timeinc.com,17,Third-Party Sharing,3,0.08526803,4.2160893e-05,0.0014416567,0.17893827,3.677553e-05,0.64579517,0.0023849125,Third-Party Sharing
320_timeinc.com,18,Third-Party Sharing,3,0.08444677,0.0003731954,0.0022746555,0.4045659,0.00063838233,0.7219819,0.016469073,Third-Party Sharing
320_timeinc.com,19,Data Security,3,0.07450668,8.6204105e-05,0.012577248,0.54073524,7.321666e-05,0.09958677,0.009504984,Other/Unclear
320_timeinc.com,20,User Control & Deletion,3,0.02989538,1.3081409e-05,0.0001284565,0.6938826,2.558468e-05,0.08774014,0.11144988,Other/Unclear
320_timeinc.com,21,User Control & Deletion,3,0.028975982,2.0092944e-05,0.00011340362,0.69152063,3.6484726e-05,0.10185764,0.17557012,Other/Unclear
320_timeinc.com,22,Data Collection|Third-Party Sharing|User Control & Deletion,3,0.17750707,0.00010055226,0.0011135567,0.5050013,0.00014095337,0.17133692,0.13401946,Other/Unclear
320_timeinc.com,23,Other/Unclear|User Control & Deletion,3,0.0029206215,1.1403361e-05,7.8601566e-05,0.982277,1.3114677e-05,0.029381407,0.06861967,Other/Unclear
320_timeinc.com,24,Other/Unclear,3,0.08615509,1.0567278e-05,0.00023809462,0.89437824,1.0256386e-05,0.22073722,0.003458629,Other/Unclear
320_timeinc.com,25,Data Collection|Other/Unclear|Third-Party Sharing,3,0.42126656,4.4612316e-05,0.00041474978,0.6440712,2.8624752e-05,0.22997376,0.0061289296,Other/Unclear
320_timeinc.com,26,Other/Unclear|Third-Party Sharing,3,0.67792535,2.1267468e-05,0.00017286748,0.4017142,2.668682e-05,0.18564902,0.0034212635,Data Collection
320_timeinc.com,27,Other/Unclear|User Control & Deletion,3,0.30118755,0.0003431268,0.0034482018,0.6388736,0.0006674777,0.10186212,0.12092735,Other/Unclear
320_timeinc.com,28,Data Collection,3,0.96157676,1.1513381e-06,9.358218e-06,0.18215261,3.482505e-07,0.027772894,0.0021193512,Data Collection
320_timeinc.com,29,Data Collection,3,0.9816883,7.978625e-05,0.00035351914,0.092190325,6.529252e-05,0.18065314,0.0058519435,Data Collection
320_timeinc.com,30,Data Collection|User Control & Deletion,3,0.37730244,8.887656e-05,0.00024805707,0.5987253,7.2890485e-05,0.041922882,0.3994407,Other/Unclear
320_timeinc.com,31,Data Collection|User Control & Deletion,3,0.6913244,0.00015805315,0.0010958597,0.45517802,0.00013211039,0.058329087,0.12816991,Data Collection
320_timeinc.com,32,Data Collection,3,0.86020964,1.4393032e-05,0.00013148216,0.32467848,7.675977e-06,0.09095037,0.00404465,Data Collection
320_timeinc.com,33,Data Collection|Other/Unclear,3,0.80709237,0.00024651995,0.0013277525,0.32821032,0.0002093509,0.13884759,0.022898685,Data Collection
320_timeinc.com,34,Data Collection,3,0.94503695,0.00044006467,0.0011428295,0.23310459,0.0005309857,0.18130678,0.013568582,Data Collection
320_timeinc.com,35,Data Collection|Third-Party Sharing,3,0.67557925,5.535163e-06,8.628367e-05,0.42362353,4.5220986e-06,0.17057665,0.0015447052,Data Collection
320_timeinc.com,36,Data Security,3,0.035918362,0.00042244355,0.576404,0.31216267,0.00028565104,0.023089617,0.006264141,Data Security
320_timeinc.com,37,Data Collection|Other/Unclear|User Control & Deletion,3,0.15603328,0.0007240178,0.02171988,0.5422117,0.0005638364,0.044175632,0.038202833,Other/Unclear
320_timeinc.com,38,Data Collection|Data Retention|User Control & Deletion,3,0.024994783,2.3523797e-05,0.00011967411,0.53954077,1.373554e-05,0.03362218,0.0457531,Other/Unclear
320_timeinc.com,39,Data Retention|User Control & Deletion,3,0.11842201,0.0009389363,0.0019523414,0.53030896,0.00015092244,0.08252454,0.097148344,Other/Unclear
320_timeinc.com,40,Other/Unclear,3,0.10737467,3.570408e-05,0.00036607127,0.96151096,0.00016514465,0.021923931,0.0061438233,Other/Unclear
320_timeinc.com,41,Policy Change,3,0.019427886,2.7933032e-05,0.00029619064,0.76256704,0.009292172,0.013246317,0.0028035445,Other/Unclear
320_timeinc.com,42,Other/Unclear,3,0.015430471,6.9236485e-05,0.00048874493,0.9698202,0.00031853808,0.0071153096,0.044530418,Other/Unclear
320_timeinc.com,43,Other/Unclear|Policy Change,3,0.021319319,0.0010257048,0.00586365,0.9412311,0.08899776,0.022198055,0.017049942,Other/Unclear
325_ocregister.com,0,Other/Unclear,4,0.19196676,0.0027467634,0.007066757,0.5032402,0.004637948,0.4995445,0.040211,Other/Unclear
325_ocregister.com,1,Other/Unclear|Third-Party Sharing,4,0.07330617,0.00017044865,0.001322878,0.8227943,0.00028859312,0.14248228,0.03749828,Other/Unclear
325_ocregister.com,2,Data Collection|Other/Unclear,4,0.039855316,8.708124e-06,0.0002818726,0.964419,5.8620026e-05,0.009194527,0.002548824,Other/Unclear
325_ocregister.com,3,Other/Unclear|User Control & Deletion,4,0.02384572,5.397983e-05,0.00018819119,0.95014846,7.778629e-05,0.007565188,0.082863405,Other/Unclear
325_ocregister.com,4,User Control & Deletion,4,0.037866976,0.00046610853,0.0010430628,0.8138738,0.00036867397,0.0294879,0.2825884,Other/Unclear
325_ocregister.com,5,Data Collection,4,0.9516444,1.7214969e-06,1.246347e-05,0.08851009,3.2772394e-07,0.034790125,0.0009792484,Data Collection
325_ocregister.com,6,Data Collection,4,0.95023113,2.2181464e-05,0.00010043622,0.16435169,1.1811397e-05,0.055431407,0.0015415223,Data Collection
325_ocregister.com,7,Data Collection|Third-Party Sharing,4,0.82287985,6.6413195e-05,0.00035253548,0.1461452,2.791205e-05,0.09363918,0.046196643,Data Collection
325_ocregister.com,8,Third-Party Sharing,4,0.11063119,2.4130088e-05,0.0002539814,0.52554333,2.8603175e-05,0.66968113,0.0029455777,Other/Unclear|Third-Party Sharing
325_ocregister.com,9,Data Collection,4,0.9469821,2.9537741e-05,0.00022555196,0.06298475,1.6848613e-05,0.17100377,0.004571379,Data Collection
325_ocregister.com,10,Data Collection|Third-Party Sharing,4,0.7495355,3.4028144e-05,0.00016885229,0.18960284,1.4088216e-05,0.34479383,0.0029501626,Data Collection
325_ocregister.com,11,Third-Party Sharing,4,0.09991782,0.00011529703,0.001188015,0.25696895,9.8888806e-05,0.8735007,0.0041176165,Third-Party Sharing
325_ocregister.com,12,Data Security|Third-Party Sharing,4,0.065169096,2.7135022e-05,0.006251687,0.22411788,2.096722e-05,0.29984456,0.0014683644,
325_ocregister.com,13,Other/Unclear|Third-Party Sharing,4,0.48747045,6.459748e-07,1.5263284e-05,0.61213076,8.1035006e-07,0.36816773,0.002084496,Other/Unclear
325_ocregister.com,14,Third-Party Sharing,4,0.03766678,6.646985e-05,0.00048191845,0.14916064,2.7077482e-05,0.8875871,0.0027834724,Third-Party Sharing
325_ocregister.com,15,Data Security,4,0.014209594,3.5277008e-05,0.26845032,0.37396458,2.4403605e-05,0.015971255,0.0017167238,
325_ocregister.com,16,Other/Unclear,4,0.022503637,5.1310468e-05,0.0015549052,0.9733767,0.0001035104,0.08261314,0.004446211,Other/Unclear
325_ocregister.com,17,Other/Unclear|Third-Party Sharing,4,0.27347416,8.4503095e-05,0.0005908719,0.8135773,3.8017784e-05,0.24971363,0.006088173,Other/Unclear
325_ocregister.com,18,Data Collection|Other/Unclear,4,0.087384075,8.00143e-05,0.00025227646,0.9967584,9.30469e-05,0.0025483791,0.002866314,Other/Unclear
325_ocregister.com,19,Policy Change,4,0.03540815,0.0005104601,0.0017040687,0.59842616,0.07415181,0.027216533,0.037862826,Other/Unclear
32_voxmedia.com,0,Other/Unclear,4,0.08666357,0.0010613498,0.005106815,0.882195,0.007883687,0.085077226,0.026044553,Other/Unclear
32_voxmedia.com,1,Other/Unclear|Policy Change,4,0.029673057,0.00024165314,0.0017496527,0.92293274,0.0066573,0.033082582,0.006850458,Other/Unclear
32_voxmedia.com,2,Other/Unclear,4,0.15007572,0.0019152485,0.009745504,0.7991859,0.0027294322,0.1059278,0.03237057,Other/Unclear
32_voxmedia.com,3,Data Security|Other/Unclear|User Control & Deletion,4,0.050686155,9.970514e-07,2.6871885e-05,0.9442601,2.2210127e-06,0.009640259,0.0004806679,Other/Unclear
32_voxmedia.com,4,Data Collection,4,0.89024436,4.122269e-05,0.00013400802,0.16858518,3.624351e-05,0.022859097,0.0027717901,Data Collection
32_voxmedia.com,5,Data Collection,4,0.8615892,0.0002459359,0.0013491273,0.16125958,0.00013689167,0.21455418,0.0052151224,Data Collection
32_voxmedia.com,6,Data Collection|Third-Party Sharing|User Control & Deletion,4,0.8432381,1.1139799e-06,2.6465307e-06,0.2087473,4.5387e-07,0.010385581,0.0016373494,Data Collection
32_voxmedia.com,7,Third-Party Sharing|User Control & Deletion,4,0.05790182,5.7110792e-05,0.00045457066,0.6614587,0.00012103848,0.34575522,0.0065817586,Other/Unclear
32_voxmedia.com,8,Third-Party Sharing,4,0.3889142,5.722988e-05,0.0004838614,0.2491956,8.201635e-05,0.62411,0.0052700937,Third-Party Sharing
32_voxmedia.com,9,Third-Party Sharing,4,0.30523136,0.00064160256,0.0018993145,0.24035858,0.000500114,0.63998604,0.013651558,Third-Party Sharing
32_voxmedia.com,10,Data Security|Other/Unclear|Third-Party Sharing,4,0.1846025,9.5889816e-05,0.005082004,0.2152701,7.26109e-05,0.6965546,0.0039137234,Third-Party Sharing
32_voxmedia.com,11,Third-Party Sharing,4,0.014132835,6.492033e-05,0.00066472165,0.037693392,7.479202e-05,0.9450212,0.0009736148,Third-Party Sharing
32_voxmedia.com,12,Third-Party Sharing|User Control & Deletion,4,0.38445616,4.657513e-05,0.00020347995,0.67356026,2.5035968e-05,0.19133519,0.011471128,Other/Unclear
32_voxmedia.com,13,Data Collection|Other/Unclear|User Control & Deletion,4,0.80080307,5.2507497e-05,0.0001994828,0.21221769,1.9728945e-05,0.020271853,0.1118987,Data Collection
32_voxmedia.com,14,Data Collection,4,0.94415116,1.498357e-05,6.0948478e-05,0.1198191,6.7863443e-06,0.045849036,0.0031196391,Data Collection
32_voxmedia.com,15,Data Collection,4,0.90922785,0.00041815735,0.0009436195,0.19617555,0.00036636073,0.06221811,0.009383239,Data Collection
32_voxmedia.com,16,Data Collection|Third-Party Sharing,4,0.67694163,1.4261548e-05,0.00015430982,0.35028923,1.0745707e-05,0.37375915,0.0020837316,Data Collection
32_voxmedia.com,17,Data Collection|Third-Party Sharing,4,0.7344523,4.6816018e-05,0.00044510193,0.1651867,3.8880888e-05,0.3836185,0.0038248585,Data Collection
32_voxmedia.com,18,Other/Unclear|Third-Party Sharing,4,0.76585317,2.5117752e-06,3.8227357e-05,0.40399623,2.1817502e-06,0.5066158,0.001272687,Data Collection|Third-Party Sharing
32_voxmedia.com,19,Data Collection|Other/Unclear|Third-Party Sharing,4,0.48804542,3.7984966e-05,0.00026992158,0.37272245,3.105203e-05,0.52265835,0.006628569,Third-Party Sharing
32_voxmedia.com,20,Other/Unclear|Third-Party Sharing|User Control & Deletion,4,0.116137296,5.7312183e-05,0.00062237657,0.6807785,6.450131e-05,0.19298305,0.14899036,Other/Unclear
32_voxmedia.com,21,Data Collection|Third-Party Sharing,4,0.70656574,8.724046e-06,7.782668e-05,0.17925589,8.02102e-06,0.11550661,0.0036366393,Data Collection
32_voxmedia.com,22,Data Collection|Other/Unclear|User Control & Deletion,4,0.05638021,1.4078574e-05,4.2915017e-05,0.60570395,1.7975193e-05,0.017102024,0.08631871,Other/Unclear
32_voxmedia.com,23,Data Retention|User Control & Deletion,4,0.054545913,0.00022333239,0.00024603723,0.65291715,2.8136981e-05,0.0279195,0.20689635,Other/Unclear
32_voxmedia.com,24,Data Security|Other/Unclear,4,0.009213927,0.0005903812,0.938136,0.16387455,0.00031051307,0.011058316,0.0035922944,Data Security
32_voxmedia.com,25,Other/Unclear|Third-Party Sharing,4,0.025436487,8.470744e-05,0.0016036325,0.96907675,0.00023976745,0.09062929,0.00437546,Other/Unclear
32_voxmedia.com,26,Other/Unclear,4,0.17449452,5.6002507e-05,0.00029327822,0.9972113,7.680508e-05,0.0024380097,0.0015672288,Other/Unclear
32_voxmedia.com,27,Policy Change,4,0.018332593,5.5679633e-05,0.00020660316,0.51697195,0.032198075,0.0067213983,0.006327156,Other/Unclear
32_voxmedia.com,28,Other/Unclear,4,0.012149941,0.00013775645,0.0004206327,0.9866111,0.00048862677,0.006213497,0.022031972,Other/Unclear
331_tgifridays.com,0,Other/Unclear,0,0.06653362,0.00021659039,0.0016790921,0.84546477,0.0004969609,0.03600871,0.0342973,Other/Unclear
331_tgifridays.com,1,Data Collection|Data Security,0,0.6330077,3.083198e-05,0.00019906215,0.32170773,2.057767e-05,0.080864206,0.004620207,Data Collection
331_tgifridays.com,2,Other/Unclear|User Control & Deletion,0,0.5270481,0.0010699099,0.0016552936,0.28772146,0.0006774764,0.059930936,0.27025756,Data Collection
331_tgifridays.com,3,Other/Unclear,0,0.06677055,4.241283e-05,0.0012854699,0.961889,4.6888006e-05,0.02004796,0.005833771,Other/Unclear
331_tgifridays.com,4,Data Collection|Other/Unclear,0,0.6478912,3.0805606e-06,2.431356e-05,0.5436225,3.4794082e-06,0.029713199,0.0018088465,Data Collection|Other/Unclear
331_tgifridays.com,5,Data Collection,0,0.7752478,0.0001107859,0.0005257155,0.29163045,9.315187e-05,0.060273256,0.007999362,Data Collection
331_tgifridays.com,6,Other/Unclear|Third-Party Sharing,0,0.5199727,0.0025207791,0.010194914,0.36163753,0.00233766,0.32200378,0.08676442,Data Collection
331_tgifridays.com,7,Data Collection|User Control & Deletion,0,0.29554057,0.0011378969,0.0037711116,0.6141439,0.0008771627,0.13448372,0.044237234,Other/Unclear
331_tgifridays.com,8,Data Collection|Data Security|Third-Party Sharing,0,0.26303607,4.1977222e-05,0.0007885334,0.4172625,1.427354e-05,0.29438022,0.0019893765,
331_tgifridays.com,9,Data Collection|Data Security|Third-Party Sharing,0,0.1970478,7.768949e-05,0.0013648199,0.4274099,4.5549998e-05,0.28534317,0.006588274,
331_tgifridays.com,10,Third-Party Sharing,0,0.38597658,0.0002781332,0.0017392345,0.24596691,0.00014869387,0.42871618,0.016256355,
331_tgifridays.com,11,Third-Party Sharing,0,0.20248264,0.00076035643,0.0037508784,0.17128026,0.0005677006,0.56177664,0.016983341,Third-Party Sharing
331_tgifridays.com,12,Other/Unclear|Third-Party Sharing,0,0.082937844,9.261989e-06,0.0002271882,0.80688167,1.842554e-05,0.18387805,0.0031846554,Other/Unclear
331_tgifridays.com,13,Other/Unclear,0,0.05638068,1.6236516e-05,0.00037493292,0.88407946,1.5395566e-05,0.05408116,0.0036518278,Other/Unclear
331_tgifridays.com,14,Data Collection|Other/Unclear|User Control & Deletion,0,0.25822157,6.473623e-05,0.00019555794,0.72787523,5.010817e-05,0.025087401,0.22489634,Other/Unclear
331_tgifridays.com,15,Data Security,0,0.03594987,0.00010206307,0.12271261,0.28649026,6.428628e-05,0.06791947,0.0022155612,
331_tgifridays.com,16,Policy Change,0,0.03641448,8.6768356e-05,0.00053056184,0.7405372,0.0057438994,0.021552011,0.030608203,Other/Unclear
33_nbcuniversal.com,0,Other/Unclear,1,0.015005777,0.0015383803,0.0049444297,0.97771525,0.12615876,0.009841154,0.009077838,Other/Unclear
33_nbcuniversal.com,1,Other/Unclear,1,0.042373586,0.00019166086,0.0016954893,0.9463337,0.00079262303,0.09655228,0.01200073,Other/Unclear
33_nbcuniversal.com,2,Other/Unclear,1,0.093874864,1.4413254e-06,4.9892642e-05,0.8827861,3.8953403e-06,0.0059468034,0.0012612673,Other/Unclear
33_nbcuniversal.com,3,Other/Unclear,1,0.12426606,3.0801573e-05,0.0005072408,0.83240014,9.806688e-05,0.020026255,0.0026648804,Other/Unclear
33_nbcuniversal.com,4,Data Collection|Data Retention|Other/Unclear|User Control & Deletion,1,0.06283565,4.0465737e-05,0.00041034597,0.9008858,9.388678e-05,0.026879523,0.007040078,Other/Unclear
33_nbcuniversal.com,5,Data Collection|Other/Unclear,1,0.83400285,0.0002497885,0.0011909673,0.23593113,0.00021471361,0.101825304,0.012050164,Data Collection
33_nbcuniversal.com,6,Data Collection,1,0.90000576,6.87116e-06,9.2474234e-05,0.2526862,2.699779e-06,0.032130353,0.000991263,Data Collection
33_nbcuniversal.com,7,Data Collection|Other/Unclear,1,0.4675059,0.00038171082,0.0025307445,0.65869576,0.0003967932,0.120331526,0.012086295,Other/Unclear
33_nbcuniversal.com,8,Data Collection,1,0.8476261,0.00011592384,0.00027780212,0.20955926,5.205107e-05,0.033408377,0.021378063,Data Collection
33_nbcuniversal.com,9,Data Collection,1,0.6637095,0.00011204977,0.0015067102,0.21496305,6.724527e-05,0.18715644,0.005595687,Data Collection
33_nbcuniversal.com,10,Data Collection|Other/Unclear,1,0.35570994,0.000683053,0.0023697787,0.625353,0.00068791135,0.30667552,0.026822966,Other/Unclear
33_nbcuniversal.com,11,Data Collection,1,0.88000095,0.0019539706,0.0037870489,0.15076184,0.0008823229,0.1272048,0.050843492,Data Collection
33_nbcuniversal.com,12,Data Collection,1,0.8581855,6.595745e-05,0.00032179063,0.22051753,4.7905065e-05,0.09425838,0.0036161854,Data Collection
33_nbcuniversal.com,13,Data Collection,1,0.6340311,6.8912614e-06,2.7563665e-05,0.5755479,2.6797015e-06,0.06893472,0.011677815,Data Collection|Other/Unclear
33_nbcuniversal.com,14,Data Collection|Data Retention|Third-Party Sharing,1,0.33431688,2.5379957e-06,2.4247953e-05,0.6544366,2.3041227e-06,0.232632,0.0032606814,Other/Unclear
33_nbcuniversal.com,15,Data Collection,1,0.68677634,1.1582679e-06,1.7873403e-05,0.44575033,5.2901834e-07,0.056943055,0.0012124697,Data Collection
33_nbcuniversal.com,16,Other/Unclear,1,0.5693515,0.0002982912,0.002068015,0.44675475,0.00039474934,0.108104385,0.011726517,Data Collection
33_nbcuniversal.com,17,Data Collection,1,0.73788816,0.0013748187,0.004428166,0.38806334,0.0013886619,0.14475039,0.027745089,Data Collection
33_nbcuniversal.com,18,Data Collection,1,0.5422927,0.002956939,0.004765639,0.4578524,0.0019000088,0.08184797,0.08470438,Data Collection
33_nbcuniversal.com,19,Data Collection,1,0.36721513,0.000427922,0.0017661828,0.6075015,0.0005784106,0.12881878,0.101819254,Other/Unclear
33_nbcuniversal.com,20,Data Collection,1,0.5500195,0.006936189,0.011065922,0.5007301,0.0043521686,0.10071987,0.09462952,Data Collection|Other/Unclear
33_nbcuniversal.com,21,Data Collection,1,0.7374324,0.000210774,0.0005822091,0.32666892,0.00022318281,0.09984493,0.04881993,Data Collection
33_nbcuniversal.com,22,Data Collection,1,0.47886768,0.0040068002,0.014549142,0.42371672,0.0030203343,0.13239902,0.049502593,
33_nbcuniversal.com,23,Data Collection,1,0.4293594,0.004947141,0.017747438,0.26966286,0.006305395,0.3087292,0.03384019,
33_nbcuniversal.com,24,Data Collection,1,0.21422192,0.000712754,0.008485241,0.26030827,0.0011040735,0.36517724,0.011945128,
33_nbcuniversal.com,25,Data Collection,1,0.37190288,0.0030857595,0.0062141716,0.41598144,0.0051631634,0.26617566,0.0346813,
33_nbcuniversal.com,26,Data Collection,1,0.7321097,0.00013899569,0.00062901835,0.43951473,0.000113403,0.095596746,0.009007755,Data Collection
33_nbcuniversal.com,27,Data Collection,1,0.49094173,0.007861112,0.027156463,0.39140332,0.0068269423,0.13448231,0.17830369,
33_nbcuniversal.com,28,Data Collection,1,0.42523268,5.6938493e-06,4.658121e-05,0.49235407,4.0749733e-06,0.13443704,0.0096261185,
33_nbcuniversal.com,29,Data Collection,1,0.60972214,0.000604799,0.0016346736,0.39903283,0.0002941449,0.13396914,0.043901406,Data Collection
33_nbcuniversal.com,30,Data Collection,1,0.43550658,0.007769603,0.02417431,0.5269696,0.007396418,0.28133875,0.09652324,Other/Unclear
33_nbcuniversal.com,31,Data Collection|Other/Unclear,1,0.57903576,0.0006187996,0.0025423882,0.53282726,0.0004938922,0.14212872,0.017137023,Data Collection|Other/Unclear
33_nbcuniversal.com,32,Data Collection|Other/Unclear|Third-Party Sharing,1,0.56999606,1.4873494e-06,6.7668034e-06,0.5005033,7.4540094e-07,0.10760825,0.0025465167,Data Collection|Other/Unclear
33_nbcuniversal.com,33,Other/Unclear|Third-Party Sharing,1,0.2839063,0.00465858,0.0147711,0.6199343,0.0024845365,0.6798144,0.11212582,Other/Unclear|Third-Party Sharing
33_nbcuniversal.com,34,Data Security|Other/Unclear|Third-Party Sharing,1,0.054211497,4.304259e-05,0.016653784,0.18677081,1.4222646e-05,0.82557905,0.0009633493,Third-Party Sharing
33_nbcuniversal.com,35,Other/Unclear|Third-Party Sharing,1,0.34891534,1.6750386e-05,7.6277116e-05,0.6096746,1.6306665e-05,0.07281528,0.017200077,Other/Unclear
33_nbcuniversal.com,36,Third-Party Sharing,1,0.41594014,0.00045104406,0.0020310397,0.5171306,0.0002851905,0.33603,0.02130966,Other/Unclear
33_nbcuniversal.com,37,Third-Party Sharing,1,0.5025873,0.00038299453,0.0032766634,0.45920414,0.00039506922,0.34688753,0.018565265,Data Collection
33_nbcuniversal.com,38,Other/Unclear|Third-Party Sharing|User Control & Deletion,1,0.42619744,1.0841605e-06,2.0273103e-05,0.6833318,1.5457833e-06,0.3969094,0.0013833805,Other/Unclear
33_nbcuniversal.com,39,Third-Party Sharing,1,0.09849816,6.780393e-05,0.0016150564,0.068328045,3.577852e-05,0.893295,0.00093126466,Third-Party Sharing
33_nbcuniversal.com,40,Third-Party Sharing,1,0.033667278,2.1717571e-05,0.00021594818,0.3102865,3.8352322e-05,0.5386045,0.0037860852,Third-Party Sharing
33_nbcuniversal.com,41,Data Collection|Other/Unclear,1,0.05815951,5.74784e-06,3.0104093e-05,0.99589497,5.188565e-06,0.0026242177,0.0017066207,Other/Unclear
33_nbcuniversal.com,42,Other/Unclear,1,0.13946295,0.00017980262,0.00073382055,0.93124276,0.00024133608,0.03801283,0.010836322,Other/Unclear
33_nbcuniversal.com,43,Other/Unclear,1,0.09724446,0.0015244228,0.0033443382,0.82146084,0.001113884,0.12899181,0.067551844,Other/Unclear
33_nbcuniversal.com,44,Data Security|Other/Unclear,1,0.035223246,2.9027262e-05,0.059719987,0.3145509,1.0986494e-05,0.03352316,0.0014717012,
33_nbcuniversal.com,45,Data Security|Other/Unclear,1,0.059767026,0.0005549212,0.06553557,0.50459903,0.0006579358,0.122658275,0.019888047,Other/Unclear
33_nbcuniversal.com,46,User Control & Deletion,1,0.15370432,5.5538243e-05,0.0002941317,0.53567576,6.878172e-05,0.03529309,0.5527523,Other/Unclear|User Control & Deletion
33_nbcuniversal.com,47,Other/Unclear|User Control & Deletion,1,0.2980006,0.0006721687,0.0026238433,0.63299125,0.0009341887,0.10562931,0.17183131,Other/Unclear
33_nbcuniversal.com,48,User Control & Deletion,1,0.58371735,0.00010366649,0.000669027,0.50115854,0.00014101848,0.17213443,0.02772737,Data Collection|Other/Unclear
33_nbcuniversal.com,49,User Control & Deletion,1,0.22935492,0.00018179555,0.0017894324,0.51514614,0.00018120032,0.072369576,0.106790766,Other/Unclear
33_nbcuniversal.com,50,Data Security|Other/Unclear|User Control & Deletion,1,0.09474011,0.00014410925,0.017718682,0.6366923,9.786425e-05,0.016085383,0.013613697,Other/Unclear
33_nbcuniversal.com,51,Data Retention|User Control & Deletion,1,0.118034475,0.00021193779,0.0003103214,0.64444894,3.7229525e-05,0.026693454,0.042609222,Other/Unclear
33_nbcuniversal.com,52,Other/Unclear|Third-Party Sharing,1,0.04571757,8.1127226e-05,0.0019364821,0.7845641,6.297466e-05,0.10510671,0.0021171984,Other/Unclear
33_nbcuniversal.com,53,Other/Unclear,1,0.030813538,6.576393e-05,0.00034276384,0.9515395,2.964864e-05,0.0470771,0.0015217975,Other/Unclear
33_nbcuniversal.com,54,Other/Unclear,1,0.18448289,8.060565e-05,0.0010069966,0.7566821,7.2241346e-05,0.061351266,0.010642147,Other/Unclear
33_nbcuniversal.com,55,Other/Unclear|User Control & Deletion,1,0.34133676,2.6463005e-05,0.00017343076,0.5432065,4.453283e-05,0.112898566,0.040715124,Other/Unclear
33_nbcuniversal.com,56,Other/Unclear,1,0.27668437,0.00036379386,0.0037617967,0.8647617,0.00074900826,0.078967184,0.031938586,Other/Unclear
33_nbcuniversal.com,57,Other/Unclear,1,0.022981795,6.1013096e-05,0.00032495218,0.9796781,4.2204487e-05,0.012612127,0.030940617,Other/Unclear
33_nbcuniversal.com,58,Other/Unclear,1,0.036583394,0.00053086044,0.0021908488,0.9601619,0.0014124898,0.025272818,0.028988002,Other/Unclear
33_nbcuniversal.com,59,Data Security|Other/Unclear,1,0.075747535,9.213815e-06,7.3266e-05,0.96709293,9.92934e-06,0.20297135,0.0018404735,Other/Unclear
33_nbcuniversal.com,60,Data Security|Other/Unclear,1,0.07225506,9.864846e-05,0.0016904287,0.90518,0.00033851952,0.06895253,0.0061706463,Other/Unclear
33_nbcuniversal.com,61,Policy Change,1,0.017344022,3.860382e-06,3.6359444e-05,0.5776555,0.0008337846,0.01650296,0.0012148134,Other/Unclear
33_nbcuniversal.com,62,Other/Unclear|Policy Change,1,0.008878962,1.905774e-05,0.0001325151,0.7646369,0.030999646,0.0055889883,0.0035771308,Other/Unclear
33_nbcuniversal.com,63,Other/Unclear,1,0.028183639,0.0011163945,0.0055746087,0.95924264,0.0036101106,0.025244005,0.060846515,Other/Unclear
33_nbcuniversal.com,64,Other/Unclear,1,0.047101628,0.0017874788,0.0057041384,0.95457244,0.0029461365,0.04239996,0.13372196,Other/Unclear
359_vikings.com,0,Other/Unclear,2,0.10836891,0.0021272765,0.010719362,0.8221743,0.020612903,0.09719131,0.041548498,Other/Unclear
359_vikings.com,1,Other/Unclear,2,0.14115298,0.0222146,0.036588237,0.8162073,0.23426121,0.099863105,0.12555227,Other/Unclear
359_vikings.com,2,Other/Unclear,2,0.09012675,8.55074e-06,0.000105752995,0.8660791,2.4560848e-05,0.067737825,0.0015684565,Other/Unclear
359_vikings.com,3,Other/Unclear,2,0.15423119,0.0043293093,0.017363928,0.8447605,0.0070557976,0.12857541,0.041745443,Other/Unclear
359_vikings.com,4,Data Security|Other/Unclear,2,0.011555933,0.00040891685,0.033379253,0.9903403,0.0009304535,0.01334354,0.010990333,Other/Unclear
359_vikings.com,5,Data Collection|Other/Unclear,2,0.5380813,0.0001310967,0.0005551563,0.53351283,9.537989e-05,0.086615264,0.0067688213,Data Collection|Other/Unclear
359_vikings.com,6,Other/Unclear,2,0.016717661,1.2408285e-05,0.000108870714,0.97121716,0.00012125828,0.014310149,0.0022561487,Other/Unclear
359_vikings.com,7,Data Collection|Other/Unclear,2,0.7090939,0.00034703568,0.0013325461,0.5050001,0.0002639602,0.07601487,0.006570422,Data Collection|Other/Unclear
359_vikings.com,8,Data Collection,2,0.9769135,3.28729e-05,0.00018389875,0.049453948,1.1314408e-05,0.05208099,0.004458971,Data Collection
359_vikings.com,9,Data Collection|Other/Unclear,2,0.8973977,0.0008727275,0.0012084041,0.2071573,0.00029946375,0.10597493,0.013326076,Data Collection
359_vikings.com,10,Data Collection|Other/Unclear|User Control & Deletion,2,0.76901656,0.0009229203,0.0014319242,0.30115572,0.0004020533,0.05775027,0.15198356,Data Collection
359_vikings.com,11,Data Collection|Other/Unclear,2,0.69643164,0.00017635195,0.0008130991,0.5924732,0.00014743587,0.12552266,0.006743259,Data Collection|Other/Unclear
359_vikings.com,12,Data Collection,2,0.84001994,0.00013847141,0.00035039408,0.09690398,5.4567045e-05,0.086009815,0.1707828,Data Collection
359_vikings.com,13,Data Collection|Data Retention|Other/Unclear,2,0.90280616,0.0014647512,0.001089857,0.124292605,0.00034143642,0.071843795,0.05168018,Data Collection
359_vikings.com,14,Other/Unclear|User Control & Deletion,2,0.2488443,0.0024722375,0.002395487,0.7439664,0.0005946818,0.04339831,0.14074439,Other/Unclear
359_vikings.com,15,Data Collection|Other/Unclear|User Control & Deletion,2,0.31098935,4.9418235e-05,0.00017310995,0.328967,5.514562e-05,0.16204494,0.09986542,
359_vikings.com,16,Data Collection|Other/Unclear|Third-Party Sharing|User Control & Deletion,2,0.45138082,8.563401e-06,5.187248e-05,0.4447755,6.3140674e-06,0.21878995,0.004540155,
359_vikings.com,17,Data Collection|User Control & Deletion,2,0.5977387,0.00027095858,0.00093627366,0.19216289,0.00047651707,0.19557409,0.05841574,Data Collection
359_vikings.com,18,Data Collection,2,0.8827038,2.588009e-06,1.4390258e-05,0.23039897,1.3336983e-06,0.035292983,0.010480682,Data Collection
359_vikings.com,19,Other/Unclear|Third-Party Sharing,2,0.45407176,9.099746e-05,0.0010338153,0.6418829,8.4369174e-05,0.3877978,0.010632518,Other/Unclear
359_vikings.com,20,Data Collection|Other/Unclear,2,0.9085242,0.0013025127,0.0032577738,0.28065586,0.0007571836,0.33757874,0.022642305,Data Collection
359_vikings.com,21,Data Collection|Other/Unclear|Third-Party Sharing,2,0.9732947,1.9793351e-05,5.7974397e-05,0.10474461,6.4688365e-06,0.108426526,0.0011351426,Data Collection
359_vikings.com,22,Data Collection|Data Security,2,0.88583297,4.5011533e-05,0.00024708503,0.072014,1.4802947e-05,0.1060175,0.0038297274,Data Collection
359_vikings.com,23,Data Collection,2,0.6910871,9.506105e-06,5.1296993e-05,0.3093273,1.196522e-05,0.12241662,0.002157677,Data Collection
359_vikings.com,24,Other/Unclear|Third-Party Sharing,2,0.19957174,0.00025896175,0.000687789,0.4748588,0.00011066388,0.504561,0.044344824,Third-Party Sharing
359_vikings.com,25,Data Security|Third-Party Sharing,2,0.09117201,0.00039582475,0.047661617,0.10048866,0.0002045469,0.9048015,0.014403736,Third-Party Sharing
359_vikings.com,26,Data Security|Other/Unclear,2,0.12737174,0.00056938507,0.0029682228,0.8035909,0.0011327602,0.14492345,0.06270032,Other/Unclear
359_vikings.com,27,Third-Party Sharing,2,0.47774905,0.00017651962,0.0013376644,0.28126583,8.364465e-05,0.6654531,0.009710745,Third-Party Sharing
359_vikings.com,28,Other/Unclear|Third-Party Sharing|User Control & Deletion,2,0.3183243,7.970689e-05,0.00023229222,0.39134523,6.191257e-05,0.09258402,0.3079419,
359_vikings.com,29,Data Collection|Policy Change|Third-Party Sharing|User Control & Deletion,2,0.13957682,1.4564288e-06,1.6049538e-05,0.28836313,3.1144361e-06,0.7184904,0.001960692,Third-Party Sharing
359_vikings.com,30,Third-Party Sharing,2,0.050506916,6.246105e-05,0.00055826904,0.15750936,6.1424325e-05,0.73611754,0.0017693278,Third-Party Sharing
359_vikings.com,31,Other/Unclear|Third-Party Sharing,2,0.08285266,2.7450114e-05,0.00025758756,0.91934687,3.2108746e-05,0.2887092,0.0031755057,Other/Unclear
359_vikings.com,32,Data Security,2,0.026828444,4.959585e-05,0.045867216,0.29095802,3.4563538e-05,0.031859286,0.0014570308,
359_vikings.com,33,Other/Unclear,2,0.03296367,2.7062792e-05,0.00021879659,0.9901251,6.654474e-05,0.010513697,0.0023237793,Other/Unclear
359_vikings.com,34,Other/Unclear,2,0.24830456,0.00011477215,0.0017793351,0.78705037,0.00018265565,0.025702545,0.013487836,Other/Unclear
359_vikings.com,35,Other/Unclear|Policy Change,2,0.012041322,1.9816973e-06,1.202285e-05,0.6834315,0.00016237174,0.0046595056,0.0056130695,Other/Unclear
359_vikings.com,36,Other/Unclear|User Control & Deletion,2,0.11330745,8.575368e-05,0.0003172233,0.6071934,5.959544e-05,0.014826402,0.27502304,Other/Unclear
359_vikings.com,37,Data Retention|Other/Unclear|User Control & Deletion,2,0.19778295,0.01141936,0.0007913675,0.16857779,0.00011149004,0.043761186,0.1297229,
359_vikings.com,38,Other/Unclear|User Control & Deletion,2,0.027340412,4.4844644e-05,0.0002999806,0.8733251,6.948849e-05,0.07059019,0.039155114,Other/Unclear
359_vikings.com,39,Other/Unclear,2,0.008175248,3.5852768e-06,2.9671686e-05,0.9748626,4.076348e-06,0.011460964,0.030268291,Other/Unclear
359_vikings.com,40,Other/Unclear,2,0.004947899,2.9162504e-05,0.0002733743,0.9947614,0.00043304398,0.00604079,0.003127929,Other/Unclear
414_washingtonian.com,0,Data Collection,1,0.42767927,5.6770143e-05,0.0002926669,0.646661,0.00022356397,0.049782347,0.008031711,Other/Unclear
414_washingtonian.com,1,Data Collection,1,0.8866388,4.1698724e-05,0.0001652493,0.3279887,1.6970052e-05,0.07802269,0.012697334,Data Collection
414_washingtonian.com,2,Data Collection,1,0.92747545,0.0006189068,0.0019516493,0.2113474,0.0004803757,0.031555604,0.013954988,Data Collection
414_washingtonian.com,3,Data Collection|User Control & Deletion,1,0.88143605,0.000111468275,0.00043426917,0.16531804,3.3876728e-05,0.030619178,0.041871905,Data Collection
414_washingtonian.com,4,Data Collection|Other/Unclear|Third-Party Sharing,1,0.87338614,2.223006e-05,0.000101859376,0.18905951,7.4750183e-06,0.22407328,0.0024184221,Data Collection
414_washingtonian.com,5,Data Collection|Other/Unclear|Third-Party Sharing,1,0.82683784,1.1680628e-05,4.871956e-05,0.18112105,5.354953e-06,0.41355488,0.0005886442,Data Collection
414_washingtonian.com,6,Data Collection|Third-Party Sharing,1,0.4105371,1.6529602e-05,7.6261036e-05,0.23683055,2.8708768e-05,0.17990655,0.0055572507,
414_washingtonian.com,7,Data Collection|Third-Party Sharing,1,0.6158329,0.00035889307,0.003663363,0.2602587,9.7260025e-05,0.33065474,0.006444415,Data Collection
414_washingtonian.com,8,Third-Party Sharing,1,0.5120621,7.714194e-05,0.00023430049,0.22554877,3.4004574e-05,0.4990319,0.03909779,Data Collection
414_washingtonian.com,9,Other/Unclear|Third-Party Sharing,1,0.08983358,5.1089974e-05,0.00029941055,0.06844747,3.572449e-05,0.9454239,0.0019684841,Third-Party Sharing
414_washingtonian.com,10,Other/Unclear|User Control & Deletion,1,0.21961266,3.2796986e-05,8.3962754e-05,0.46816272,2.0663509e-05,0.010447365,0.35289723,
414_washingtonian.com,11,Other/Unclear|User Control & Deletion,1,0.035654344,3.3326138e-05,0.00016350536,0.9154836,9.09129e-05,0.007021962,0.0295189,Other/Unclear
414_washingtonian.com,12,Data Security,1,0.03499387,0.00017578914,0.33878025,0.13466644,9.456022e-05,0.021506986,0.0028254078,
414_washingtonian.com,13,Other/Unclear|Third-Party Sharing,1,0.059871912,1.7842474e-05,0.00032019638,0.8721334,4.154818e-05,0.39991942,0.0032335212,Other/Unclear
414_washingtonian.com,14,Data Collection|Other/Unclear,1,0.79452467,0.00020561788,0.00075930846,0.24135207,0.00015202527,0.31687504,0.006379711,Data Collection
414_washingtonian.com,15,Other/Unclear|Third-Party Sharing|User Control & Deletion,1,0.11642255,2.883754e-05,0.00025941984,0.92422724,4.197008e-05,0.25178808,0.057347886,Other/Unclear
414_washingtonian.com,16,Other/Unclear,1,0.06528907,4.0442075e-05,0.00019047655,0.97913617,5.0969124e-05,0.014386789,0.003996764,Other/Unclear
414_washingtonian.com,17,Other/Unclear,1,0.10982449,0.0043046693,0.0121871345,0.8846573,0.0065206955,0.0629451,0.21356353,Other/Unclear
414_washingtonian.com,18,Other/Unclear|Policy Change,1,0.0062709544,4.0730996e-05,0.00018949162,0.50106335,0.11092957,0.0029519415,0.004337145,Other/Unclear
414_washingtonian.com,19,Other/Unclear,1,0.015555481,6.872157e-05,0.0005527476,0.9689164,0.0001438846,0.030081484,0.0032855025,Other/Unclear
414_washingtonian.com,20,Other/Unclear,1,0.34839395,0.00020814492,0.0007559039,0.4979207,0.00031969094,0.15168677,0.02513025,
414_washingtonian.com,21,Other/Unclear,1,0.023438863,3.207067e-05,0.00017457899,0.9606131,3.2285498e-05,0.043080956,0.040478256,Other/Unclear
414_washingtonian.com,22,Other/Unclear|Policy Change,1,0.048297293,0.0027043782,0.011125356,0.7604497,0.1830535,0.03631696,0.019269314,Other/Unclear
456_boardgamegeek.com,0,Other/Unclear,3,0.038812142,0.00031505755,0.0070042773,0.959135,0.0020196235,0.025263464,0.018038271,Other/Unclear
456_boardgamegeek.com,1,Third-Party Sharing,3,0.23861803,5.2188185e-05,0.00044937636,0.48668155,3.632293e-05,0.4533376,0.012517691,
456_boardgamegeek.com,2,Data Collection,3,0.86541885,3.278642e-05,0.0002440765,0.36323628,2.0088304e-05,0.13754596,0.004565327,Data Collection
456_boardgamegeek.com,3,Data Collection,3,0.93314433,0.00013793175,0.00054520246,0.16181162,8.026381e-05,0.024191752,0.019246845,Data Collection
456_boardgamegeek.com,4,Data Collection,3,0.61519074,0.0021846658,0.012946581,0.31500596,0.0023908268,0.22286275,0.045683082,Data Collection
456_boardgamegeek.com,5,Data Collection,3,0.860277,0.0005795618,0.0017892283,0.2826414,0.00034294953,0.052436642,0.022767933,Data Collection
456_boardgamegeek.com,6,Data Collection,3,0.9113944,0.00039195572,0.0012843517,0.11188802,0.00025797173,0.13214101,0.013692371,Data Collection
456_boardgamegeek.com,7,Third-Party Sharing,3,0.50911385,2.057363e-06,3.546132e-05,0.44006452,2.2179129e-06,0.13091838,0.0045185676,Data Collection
456_boardgamegeek.com,8,Policy Change,3,0.052498817,1.7479471e-05,0.00028110467,0.683216,0.0010303691,0.027241597,0.0059664994,Other/Unclear
456_boardgamegeek.com,9,Third-Party Sharing,3,0.08400631,0.00092846,0.004354163,0.056793466,0.0013501805,0.8037748,0.0105932355,Third-Party Sharing
503_buffalowildwings.com,0,Other/Unclear,1,0.08847744,0.00016745756,0.0025641967,0.9423935,0.00047258442,0.060822293,0.006033325,Other/Unclear
503_buffalowildwings.com,1,Other/Unclear,1,0.26299763,6.7487184e-05,0.00064771576,0.753132,0.00014200808,0.10058599,0.005387012,Other/Unclear
503_buffalowildwings.com,2,Data Collection|Data Retention|User Control & Deletion,1,0.9090609,1.857694e-05,6.821138e-05,0.14195766,3.6952017e-06,0.05373781,0.003933094,Data Collection
503_buffalowildwings.com,3,Data Collection,1,0.8594759,5.86647e-05,0.00038045755,0.47948584,4.5999757e-05,0.101875834,0.016543182,Data Collection
503_buffalowildwings.com,4,Other/Unclear|User Control & Deletion,1,0.57130134,0.0009042914,0.003188331,0.4332273,0.0003394473,0.1255701,0.23498896,Data Collection
503_buffalowildwings.com,5,Data Collection|Other/Unclear,1,0.568885,6.0316347e-06,2.6978048e-05,0.4928702,5.648225e-06,0.26899406,0.0011986685,Data Collection
503_buffalowildwings.com,6,Data Collection|Data Retention|Other/Unclear|User Control & Deletion,1,0.63011926,1.6946184e-05,5.1285653e-05,0.28405592,5.1058646e-06,0.018127674,0.045942582,Data Collection
503_buffalowildwings.com,7,Other/Unclear|Third-Party Sharing,1,0.03438855,4.508414e-06,2.7082768e-05,0.84885544,4.0169307e-06,0.024053419,0.063912034,Other/Unclear
503_buffalowildwings.com,8,Data Security|Third-Party Sharing,1,0.16304989,1.8052879e-05,0.00025032976,0.335356,9.181315e-06,0.8098649,0.0032091,Third-Party Sharing
503_buffalowildwings.com,9,Third-Party Sharing,1,0.029026393,4.8781072e-05,0.0005145127,0.060113948,5.073831e-05,0.95868576,0.0011829985,Third-Party Sharing
503_buffalowildwings.com,10,Data Security|Other/Unclear|Third-Party Sharing,1,0.072216526,9.814963e-06,0.00013006298,0.9524419,1.3388101e-05,0.11700335,0.0016118742,Other/Unclear
503_buffalowildwings.com,11,Data Collection|Data Security|User Control & Deletion,1,0.5426452,9.2323324e-05,0.0024664903,0.21467796,3.7065864e-05,0.07054693,0.018244026,Data Collection
503_buffalowildwings.com,12,Data Security,1,0.13353045,0.00041099588,0.060602255,0.29011074,0.00033149167,0.049030643,0.026469404,
503_buffalowildwings.com,13,Other/Unclear,1,0.06635945,0.00022283618,0.0018808952,0.97929436,0.00030716573,0.027076835,0.009630945,Other/Unclear
503_buffalowildwings.com,14,Other/Unclear|Third-Party Sharing,1,0.017764036,0.00036177214,0.0013734149,0.9777737,0.00024825157,0.049561635,0.067276634,Other/Unclear
503_buffalowildwings.com,15,Other/Unclear,1,0.10356563,0.00041153748,0.0019550403,0.89649045,0.000393167,0.03654051,0.03731574,Other/Unclear
503_buffalowildwings.com,16,Policy Change,1,0.034943115,3.474918e-05,0.00013265102,0.5706621,0.005884653,0.021197967,0.0031013892,Other/Unclear
503_buffalowildwings.com,17,Other/Unclear,1,0.027235916,0.0027781064,0.009293089,0.9235265,0.41707188,0.021353884,0.016635053,Other/Unclear
503_buffalowildwings.com,18,Other/Unclear,1,0.058353473,0.0004067948,0.001787647,0.7755301,0.0037115037,0.055984072,0.011186791,Other/Unclear
503_buffalowildwings.com,19,Other/Unclear,1,0.0075296573,0.0002690232,0.0010211611,0.9896715,0.0009954278,0.008789978,0.028196635,Other/Unclear
517_kaleidahealth.org,0,Other/Unclear,2,0.11615593,0.00025427382,0.001826315,0.8415072,0.0012883488,0.046521593,0.025526665,Other/Unclear
517_kaleidahealth.org,1,Data Security|Other/Unclear,2,0.079551876,9.60491e-05,0.0013995384,0.57887566,0.0003485973,0.03610091,0.015230219,Other/Unclear
517_kaleidahealth.org,2,Other/Unclear,2,0.022433126,0.0003096539,0.0010837091,0.96531165,0.00089615583,0.015397031,0.03401237,Other/Unclear
517_kaleidahealth.org,3,Other/Unclear,2,0.054252524,0.00034999108,0.0033417393,0.8847788,0.0010505274,0.11323684,0.021387469,Other/Unclear
517_kaleidahealth.org,4,Data Collection|Third-Party Sharing|User Control & Deletion,2,0.28302085,3.640136e-05,0.00038383668,0.38705584,3.366374e-05,0.17309843,0.008681905,
517_kaleidahealth.org,5,Data Collection|Other/Unclear|Third-Party Sharing|User Control & Deletion,2,0.12540618,0.0005491674,0.0030446593,0.7497302,0.00055016263,0.124434516,0.038983967,Other/Unclear
517_kaleidahealth.org,6,Data Collection|Third-Party Sharing,2,0.22191066,0.00031898142,0.0026096834,0.5779437,0.00040733648,0.5085862,0.01360378,Other/Unclear|Third-Party Sharing
517_kaleidahealth.org,7,Data Collection|Third-Party Sharing|User Control & Deletion,2,0.13194397,0.0001502736,0.0007907048,0.6175453,0.00015401754,0.22245342,0.02046701,Other/Unclear
517_kaleidahealth.org,8,Data Collection|Third-Party Sharing,2,0.13294245,0.00010974311,0.0010382511,0.54367137,0.00011230296,0.35952982,0.008848425,Other/Unclear
517_kaleidahealth.org,9,Data Collection|Third-Party Sharing,2,0.12595856,0.00018347795,0.0020473108,0.59191763,0.00023060301,0.1819919,0.01459078,Other/Unclear
517_kaleidahealth.org,10,Data Collection|Third-Party Sharing|User Control & Deletion,2,0.17652181,0.00016556948,0.0011319227,0.46906245,0.00021331482,0.41752145,0.016440962,
517_kaleidahealth.org,11,Other/Unclear,2,0.10412082,0.00057281007,0.002952309,0.8233769,0.00051303534,0.1586913,0.020834276,Other/Unclear
517_kaleidahealth.org,12,Other/Unclear,2,0.22870687,0.0006866906,0.004361092,0.78840524,0.0015481145,0.0748212,0.021023234,Other/Unclear
517_kaleidahealth.org,13,Other/Unclear|User Control & Deletion,2,0.07083603,0.00045642478,0.0010208903,0.77797395,0.0013607983,0.02960464,0.15227841,Other/Unclear
517_kaleidahealth.org,14,Other/Unclear|Policy Change,2,0.01657013,5.6265857e-05,0.00028258472,0.70741403,0.0034611567,0.010054816,0.027243244,Other/Unclear
517_kaleidahealth.org,15,Other/Unclear,2,0.054435953,0.00044354046,0.004623042,0.85648227,0.0005672057,0.060985748,0.019933332,Other/Unclear
517_kaleidahealth.org,16,Data Collection,2,0.73471236,1.9259216e-05,0.0003018885,0.42931566,1.1600617e-05,0.024699353,0.002512999,Data Collection
517_kaleidahealth.org,17,Data Collection|Third-Party Sharing,2,0.4094719,0.00038348328,0.0024929352,0.4457607,0.00021265383,0.6779398,0.010885526,Third-Party Sharing
517_kaleidahealth.org,18,Third-Party Sharing,2,0.1888942,0.00072588277,0.004527902,0.49342138,0.00065053895,0.44189706,0.018641714,
517_kaleidahealth.org,19,Data Collection|Third-Party Sharing,2,0.29968196,3.2090567e-05,0.00041313053,0.36311778,1.8452078e-05,0.5433927,0.003102347,Third-Party Sharing
517_kaleidahealth.org,20,Data Collection|Third-Party Sharing,2,0.31024006,4.8191858e-05,0.00065273093,0.31980133,2.4412564e-05,0.4229861,0.0032647187,
517_kaleidahealth.org,21,Data Collection,2,0.51714313,0.00013914524,0.0012674747,0.36575255,0.00013344895,0.21767232,0.01143801,Data Collection
517_kaleidahealth.org,22,Data Collection|Third-Party Sharing|User Control & Deletion,2,0.3375757,4.6628564e-05,0.0002535336,0.32636985,4.4525084e-05,0.17504957,0.02544778,
517_kaleidahealth.org,23,Data Security|Third-Party Sharing,2,0.19659767,5.5196964e-05,0.0013926403,0.30688307,2.6854874e-05,0.6062825,0.002628384,Third-Party Sharing
517_kaleidahealth.org,24,Other/Unclear|Third-Party Sharing|User Control & Deletion,2,0.12933657,0.00032854447,0.0014487955,0.62639767,0.00041400126,0.15368831,0.046066467,Other/Unclear
517_kaleidahealth.org,25,Data Collection|Third-Party Sharing,2,0.25560626,0.00044464436,0.0017092736,0.2719952,0.00044551608,0.3237823,0.036103636,
517_kaleidahealth.org,26,Data Collection|Third-Party Sharing,2,0.33807153,0.00045778294,0.0016842932,0.423912,0.00028829093,0.19925067,0.047926962,
517_kaleidahealth.org,27,Third-Party Sharing,2,0.15519157,8.982454e-05,0.0008249772,0.45579955,6.999744e-05,0.40833998,0.009528961,
517_kaleidahealth.org,28,Other/Unclear|User Control & Deletion,2,0.3240133,0.0010091786,0.0034790826,0.39636183,0.0020146267,0.17514983,0.121849716,
517_kaleidahealth.org,29,Data Collection|Third-Party Sharing,2,0.5140121,0.0005676663,0.0048394417,0.34697112,0.00049107353,0.41469762,0.013550563,Data Collection
517_kaleidahealth.org,30,Other/Unclear|User Control & Deletion,2,0.21774508,0.00044914157,0.0030020785,0.4528397,0.0002924309,0.18547864,0.03857581,
517_kaleidahealth.org,31,Data Collection|Third-Party Sharing,2,0.14274047,0.0038349992,0.01238027,0.45549747,0.0050167865,0.29847547,0.08201052,
517_kaleidahealth.org,32,Data Collection|Third-Party Sharing|User Control & Deletion,2,0.18523122,0.00067752536,0.0027763315,0.5193716,0.0009691372,0.2002142,0.058978785,Other/Unclear
517_kaleidahealth.org,33,Data Collection|Third-Party Sharing,2,0.15546738,0.00029460594,0.0013798979,0.22034751,0.00035737685,0.37997913,0.0074773165,
517_kaleidahealth.org,34,Third-Party Sharing,2,0.13062274,5.4273667e-05,0.0009411354,0.29688388,2.1417476e-05,0.59695697,0.004489612,Third-Party Sharing
517_kaleidahealth.org,35,Third-Party Sharing,2,0.18843816,0.00057834695,0.005355496,0.3760295,0.00036307046,0.37864354,0.02099343,
517_kaleidahealth.org,36,Third-Party Sharing,2,0.30540162,0.0034496696,0.027771698,0.45972514,0.002868096,0.41151172,0.03545139,
517_kaleidahealth.org,37,Third-Party Sharing,2,0.5174735,0.00105183,0.004808411,0.2965889,0.0006570012,0.39101726,0.01891765,Data Collection
517_kaleidahealth.org,38,Third-Party Sharing,2,0.14715065,0.0014340461,0.006011638,0.41633233,0.0011369997,0.41528255,0.021650795,
517_kaleidahealth.org,39,Third-Party Sharing,2,0.11208005,0.0005406824,0.00353321,0.2034608,0.00028444335,0.67444956,0.012674448,Third-Party Sharing
517_kaleidahealth.org,40,Data Collection|Third-Party Sharing,2,0.28267905,0.0005804544,0.0034360797,0.107544824,0.00025992404,0.8066179,0.00886133,Third-Party Sharing
517_kaleidahealth.org,41,Third-Party Sharing,2,0.10190423,0.0013907028,0.020255087,0.7673188,0.0010012933,0.20001115,0.01813108,Other/Unclear
517_kaleidahealth.org,42,Other/Unclear|Third-Party Sharing,2,0.24366233,0.0005134167,0.007388718,0.30493507,0.00044149908,0.42508006,0.017320912,
517_kaleidahealth.org,43,Third-Party Sharing,2,0.12082307,0.00021414795,0.003521053,0.22680609,0.00011344019,0.4285802,0.0038040567,
517_kaleidahealth.org,44,Third-Party Sharing,2,0.3863075,0.004568133,0.026769781,0.4673705,0.0031654255,0.40299147,0.04518366,
517_kaleidahealth.org,45,Third-Party Sharing,2,0.29675528,0.000981231,0.005783513,0.23617108,0.0005954508,0.6043707,0.019786954,Third-Party Sharing
517_kaleidahealth.org,46,Third-Party Sharing,2,0.20122403,0.001306775,0.00825189,0.4237165,0.0010729303,0.5346822,0.016903637,Third-Party Sharing
517_kaleidahealth.org,47,Data Collection|Third-Party Sharing|User Control & Deletion,2,0.24371067,0.00019363922,0.0027950546,0.3853987,0.00016436755,0.47160715,0.009454676,
517_kaleidahealth.org,48,Data Collection|Third-Party Sharing,2,0.16793983,0.00023178289,0.0021680035,0.48253447,0.00019397697,0.29033172,0.007836658,
517_kaleidahealth.org,49,Other/Unclear,2,0.762886,0.00097204966,0.004188687,0.26292652,0.0004586982,0.14419168,0.019439153,Data Collection
517_kaleidahealth.org,50,Data Security,2,0.12096006,0.00091159646,0.02957762,0.60633415,0.0006963892,0.15510634,0.02462906,Other/Unclear
517_kaleidahealth.org,51,Other/Unclear|User Control & Deletion,2,0.18215586,0.00037283156,0.0032660728,0.5929764,0.00043725627,0.106626414,0.024327382,Other/Unclear
517_kaleidahealth.org,52,User Control & Deletion,2,0.21141279,0.0003454969,0.0006536089,0.5348035,9.931381e-05,0.038558003,0.041555464,Other/Unclear
517_kaleidahealth.org,53,Other/Unclear|User Control & Deletion,2,0.17156835,0.0004498632,0.0007257746,0.54264796,0.00030822505,0.038655624,0.06500828,Other/Unclear
517_kaleidahealth.org,54,Other/Unclear,2,0.11740679,0.00025196423,0.0022609076,0.5821395,0.00019794908,0.0681468,0.028837802,Other/Unclear
517_kaleidahealth.org,55,Other/Unclear|User Control & Deletion,2,0.10683191,0.00046932965,0.0007495843,0.72745174,0.00023749363,0.027492939,0.059167672,Other/Unclear
517_kaleidahealth.org,56,Other/Unclear,2,0.24262305,0.00015106142,0.00067827187,0.3651444,0.00017915205,0.07671894,0.054508194,
517_kaleidahealth.org,57,Other/Unclear|Third-Party Sharing|User Control & Deletion,2,0.06864892,0.00038017842,0.0020345107,0.8059198,0.0004391275,0.1243722,0.014493156,Other/Unclear
517_kaleidahealth.org,58,Other/Unclear|User Control & Deletion,2,0.28664082,0.00037848036,0.002003426,0.5630465,0.00019473534,0.23815054,0.01355218,Other/Unclear
517_kaleidahealth.org,59,Other/Unclear,2,0.08124384,0.012848369,0.024965938,0.90351725,0.01568137,0.100772016,0.16632919,Other/Unclear
517_kaleidahealth.org,60,Other/Unclear|User Control & Deletion,2,0.10670261,0.00039293725,0.0006418982,0.59862584,0.00031708306,0.03200361,0.08534345,Other/Unclear
517_kaleidahealth.org,61,Other/Unclear|User Control & Deletion,2,0.26314014,0.00029195147,0.0006839599,0.36898834,0.00028420688,0.09339158,0.03418471,
517_kaleidahealth.org,62,Other/Unclear|User Control & Deletion,2,0.08009689,4.8977556e-05,0.00021111252,0.6607601,3.8046892e-05,0.101117104,0.014042677,Other/Unclear
517_kaleidahealth.org,63,Other/Unclear,2,0.098660685,0.00027567853,0.0005672329,0.40999687,0.00023494396,0.15805501,0.038566012,
517_kaleidahealth.org,64,Other/Unclear|User Control & Deletion,2,0.3797697,0.00049593224,0.0013862655,0.46617728,0.00060274254,0.07545295,0.04848193,
517_kaleidahealth.org,65,Other/Unclear,2,0.19453213,0.0007456647,0.0028306355,0.70698124,0.00059516577,0.040310454,0.068373844,Other/Unclear
523_usa.gov,0,Other/Unclear,3,0.11786538,0.0021088722,0.07703941,0.66694444,0.005381513,0.09266583,0.030551672,Other/Unclear
523_usa.gov,1,Data Collection,3,0.6805563,0.00027281116,0.0014595933,0.46119243,0.00016871109,0.123015754,0.020913059,Data Collection
523_usa.gov,2,Other/Unclear,3,0.4266212,0.00035532337,0.0032200376,0.57995516,0.00070480036,0.037540726,0.017343435,Other/Unclear
523_usa.gov,3,Data Collection|Data Retention,3,0.87951577,0.00030789908,0.0008272655,0.21343116,0.00018253972,0.02811788,0.00936235,Data Collection
523_usa.gov,4,Data Collection|Third-Party Sharing,3,0.87286127,5.4024677e-05,0.00040919054,0.18193293,2.3667148e-05,0.413932,0.0024513793,Data Collection
523_usa.gov,5,Data Security,3,0.2389109,0.0030405908,0.14754641,0.2728958,0.0036242167,0.26715106,0.08317836,
523_usa.gov,6,Data Collection|Data Retention,3,0.30186102,0.0029139668,0.017908301,0.64136577,0.0011967573,0.31399298,0.027310519,Other/Unclear
523_usa.gov,7,Other/Unclear,3,0.12859607,0.008677467,0.29290947,0.4308683,0.010788469,0.26008356,0.13581002,
523_usa.gov,8,Data Collection,3,0.83517456,6.235149e-05,0.00039320593,0.3883267,4.7279787e-05,0.041605838,0.01723159,Data Collection
523_usa.gov,9,Data Collection,3,0.5163726,0.0015142788,0.009438032,0.4397592,0.0016405093,0.0854086,0.07473254,Data Collection
523_usa.gov,10,Data Collection|Third-Party Sharing,3,0.765814,0.0005276991,0.0025411972,0.33744007,0.00061852636,0.113270156,0.011201077,Data Collection
523_usa.gov,11,Data Collection,3,0.90059876,4.548172e-05,0.00033389378,0.31261423,4.0888757e-05,0.077482425,0.006279096,Data Collection
523_usa.gov,12,Other/Unclear|User Control & Deletion,3,0.58352643,0.00021914435,0.00069315464,0.40491074,0.00030811317,0.03201202,0.26326203,Data Collection
523_usa.gov,13,Other/Unclear,3,0.09482188,0.00032768873,0.0074578105,0.7011085,0.0005117858,0.13240173,0.036819696,Other/Unclear
523_usa.gov,14,Other/Unclear,3,0.50035477,0.00018944856,0.001432272,0.48859805,0.00018071431,0.03304513,0.02210788,Data Collection
523_usa.gov,15,Other/Unclear|Third-Party Sharing,3,0.06882113,0.00031871625,0.0051438697,0.90302986,0.00038194572,0.09863635,0.016491253,Other/Unclear
523_usa.gov,16,Data Collection|Third-Party Sharing,3,0.39592174,4.8270354e-05,0.0006883724,0.7569337,2.7390548e-05,0.19955428,0.006255995,Other/Unclear
523_usa.gov,17,Data Collection|User Control & Deletion,3,0.8402809,1.0396345e-05,7.9309684e-05,0.29421917,3.0017711e-06,0.018048283,0.0072518997,Data Collection
523_usa.gov,18,Data Collection|Third-Party Sharing,3,0.47530752,0.002040439,0.006655064,0.28809938,0.0010065001,0.48783365,0.049643856,
531_archives.gov,0,Data Security|Other/Unclear,2,0.21110089,0.0009456821,0.011299312,0.63718814,0.0026200376,0.03202188,0.026356068,Other/Unclear
531_archives.gov,1,Other/Unclear|User Control & Deletion,2,0.23174962,0.00021545449,0.001620519,0.61492944,0.00022242243,0.12542225,0.031791024,Other/Unclear
531_archives.gov,2,Data Collection|Data Security|Third-Party Sharing,2,0.2899068,4.873848e-06,3.6253485e-05,0.5078815,2.0093207e-06,0.15963973,0.0011848046,Other/Unclear
531_archives.gov,3,Data Collection|Data Retention|Data Security|Other/Unclear|Third-Party Sharing,2,0.19777831,0.00036818953,0.0032518045,0.4700346,6.952156e-05,0.06250218,0.008316029,
531_archives.gov,4,Data Security|Other/Unclear,2,0.19321796,0.00022754901,0.045949128,0.45509046,0.00012087002,0.08154782,0.0112769455,
531_archives.gov,5,Data Collection|Third-Party Sharing,2,0.38029346,0.0014272603,0.0025375127,0.32303557,0.0006671041,0.35473174,0.03568384,
531_archives.gov,6,Data Collection|Other/Unclear,2,0.9243151,0.00027785086,0.00043978612,0.21973398,9.194058e-05,0.12517366,0.021203524,Data Collection
531_archives.gov,7,Data Collection|Other/Unclear|Third-Party Sharing|User Control & Deletion,2,0.25506482,5.3188523e-05,0.0001972646,0.5962001,3.0226709e-05,0.080974706,0.0711827,Other/Unclear
531_archives.gov,8,Data Collection,2,0.7961853,0.0017383005,0.005643128,0.26361102,0.001611857,0.14598902,0.029227385,Data Collection
531_archives.gov,9,Data Collection,2,0.5576832,0.0013998421,0.0032163144,0.3015331,0.0014187123,0.12756735,0.112953275,Data Collection
531_archives.gov,10,Data Collection,2,0.6263859,0.00078806054,0.002203079,0.5239907,0.0009658067,0.12146536,0.033028238,Data Collection|Other/Unclear
531_archives.gov,11,Data Collection|Third-Party Sharing|User Control & Deletion,2,0.57217,0.00023568948,0.0010020479,0.65856683,0.00012372147,0.07927222,0.029085377,Data Collection|Other/Unclear
531_archives.gov,12,Other/Unclear,2,0.63583827,0.0021254504,0.0063165925,0.47183198,0.001705336,0.27063248,0.03773677,Data Collection
531_archives.gov,13,Data Collection|Other/Unclear|Third-Party Sharing,2,0.30691233,0.00018638742,0.0018996653,0.7074218,0.00012424581,0.48643285,0.015655387,Other/Unclear
531_archives.gov,14,Other/Unclear,2,0.34651566,0.00062983984,0.0027756444,0.6087732,0.0005936577,0.19824179,0.03332343,Other/Unclear
531_archives.gov,15,Other/Unclear,2,0.42878976,0.00089626247,0.005042015,0.71068734,0.0008165598,0.25047195,0.028877232,Other/Unclear
531_archives.gov,16,Other/Unclear|Third-Party Sharing,2,0.29575023,0.002269503,0.007225434,0.54302925,0.001267644,0.4795884,0.06304072,Other/Unclear
531_archives.gov,17,Data Collection|Data Retention|Data Security,2,0.22649093,0.00011426621,0.0015823955,0.4547733,5.5539425e-05,0.16366045,0.008139368,
531_archives.gov,18,Data Retention|Other/Unclear|Third-Party Sharing,2,0.19293317,0.0013579968,0.0063376944,0.7653654,0.00077444286,0.26298484,0.032546677,Other/Unclear
531_archives.gov,19,Data Security|Other/Unclear|Third-Party Sharing,2,0.27943432,0.0008411692,0.007240612,0.630492,0.00068117375,0.34184468,0.02027587,Other/Unclear
531_archives.gov,20,Data Collection,2,0.94835794,3.5536395e-05,8.1774066e-05,0.13100077,7.814298e-06,0.0122342,0.0015432781,Data Collection
531_archives.gov,21,Data Collection|Data Retention|Third-Party Sharing,2,0.68248194,0.00013895889,0.00058951223,0.2928843,3.6132624e-05,0.12694025,0.004451734,Data Collection
531_archives.gov,22,Data Collection,2,0.86149406,0.000104438404,0.0003523801,0.14178479,2.2106397e-05,0.106199816,0.014180242,Data Collection
531_archives.gov,23,Data Collection,2,0.6247024,0.00048826204,0.0010102416,0.3779483,0.000489875,0.06490843,0.023316886,Data Collection
531_archives.gov,24,Other/Unclear|Third-Party Sharing|User Control & Deletion,2,0.38020176,9.123183e-05,0.0010048628,0.6468361,0.0001202293,0.06191456,0.032598525,Other/Unclear
531_archives.gov,25,Other/Unclear,2,0.20328663,0.0030539872,0.012792513,0.82000846,0.003085679,0.20517538,0.043293618,Other/Unclear
531_archives.gov,26,Other/Unclear,2,0.28395596,0.00017388194,0.0019765906,0.6745112,0.00017829903,0.2113872,0.013813997,Other/Unclear
531_archives.gov,27,Data Security|Other/Unclear,2,0.22277886,0.0003903214,0.0033017115,0.7943062,0.00029523345,0.11768052,0.010895956,Other/Unclear
531_archives.gov,28,Other/Unclear|User Control & Deletion,2,0.13554122,0.0011057045,0.004102742,0.7196681,0.00060860126,0.3808357,0.03446477,Other/Unclear
531_archives.gov,29,Other/Unclear,2,0.18970285,0.0014929886,0.0052055293,0.73219126,0.0013831792,0.21436232,0.04120493,Other/Unclear
531_archives.gov,30,Data Security|Other/Unclear|Policy Change,2,0.09521376,0.0030617598,0.008276757,0.75954187,0.012348635,0.13798589,0.112220146,Other/Unclear
531_archives.gov,31,Other/Unclear,2,0.29919434,0.0017464987,0.007924807,0.5217966,0.0021203756,0.3323537,0.03820828,Other/Unclear
531_archives.gov,32,Other/Unclear,2,0.19601342,8.973481e-05,0.0004989805,0.6651427,8.863866e-05,0.07505644,0.022266686,Other/Unclear
531_archives.gov,33,Other/Unclear,2,0.12404393,0.0013181126,0.0056677177,0.7793055,0.0019976185,0.049683254,0.02805737,Other/Unclear
531_archives.gov,34,Data Security|Other/Unclear,2,0.11915393,0.0026273478,0.07065366,0.6023774,0.002358494,0.09140367,0.060370002,Other/Unclear
531_archives.gov,35,Other/Unclear|User Control & Deletion,2,0.34481722,8.7487526e-05,0.00062682404,0.5519453,5.4980414e-05,0.25362667,0.011292586,Other/Unclear
531_archives.gov,36,Other/Unclear,2,0.5482953,0.00055834925,0.0021994754,0.424543,0.000646788,0.1403298,0.027664218,Data Collection
531_archives.gov,37,Other/Unclear|User Control & Deletion,2,0.16342069,0.0011922285,0.0066052354,0.71870124,0.0012012197,0.23030794,0.036854096,Other/Unclear
531_archives.gov,38,Data Collection|Other/Unclear,2,0.3715897,6.2301326e-05,0.0009086133,0.52339405,5.8438076e-05,0.061105944,0.018355273,Other/Unclear
531_archives.gov,39,Other/Unclear,2,0.10847425,0.00045460954,0.0017420943,0.8158268,0.00034009022,0.06411972,0.07689195,Other/Unclear
531_archives.gov,40,Other/Unclear,2,0.12668619,0.00023087182,0.0011112991,0.76456606,0.00033663964,0.046427626,0.029384235,Other/Unclear
531_archives.gov,41,Other/Unclear,2,0.17070526,0.00022946745,0.0016735515,0.7727155,0.00017579642,0.07959915,0.012821206,Other/Unclear
531_archives.gov,42,Data Collection|Other/Unclear,2,0.254454,0.0077286973,0.011842162,0.4605881,0.010614799,0.20903546,0.17702931,
531_archives.gov,43,Other/Unclear,2,0.3509914,0.0015532281,0.0055998056,0.48605704,0.00093902275,0.08288319,0.056283746,
531_archives.gov,44,Other/Unclear,2,0.17135163,0.0010704551,0.012465336,0.44538647,0.0017395266,0.06386425,0.05560609,
531_archives.gov,45,Data Security|Other/Unclear,2,0.24702542,0.0004893033,0.0041886563,0.54928005,0.001284654,0.12205231,0.017297586,Other/Unclear
531_archives.gov,46,Other/Unclear,2,0.10115805,0.0026629956,0.040377356,0.8409894,0.0019140462,0.20161162,0.035368547,Other/Unclear
531_archives.gov,47,Other/Unclear,2,0.28733814,0.0016494155,0.0077631604,0.66409415,0.0024299175,0.08811585,0.03863277,Other/Unclear
531_archives.gov,48,Other/Unclear,2,0.35398117,0.00021421074,0.0012441905,0.6509086,0.00020870595,0.12409744,0.011952534,Other/Unclear
531_archives.gov,49,Other/Unclear,2,0.14162673,0.00040333497,0.0009817644,0.8350269,0.00031163858,0.023860605,0.03592812,Other/Unclear
531_archives.gov,50,Data Security|Other/Unclear,2,0.4477087,0.0003703477,0.005159343,0.482217,0.00017278099,0.06477524,0.009428751,
531_archives.gov,51,Data Security|Third-Party Sharing|User Control & Deletion,2,0.19370493,0.0010993372,0.039315425,0.31747085,0.00096672354,0.19307719,0.009400205,
559_www.loc.gov,0,Data Collection|Data Security|Other/Unclear|Third-Party Sharing,2,0.08780057,1.5372905e-05,0.0005280793,0.63856804,1.1010696e-05,0.141876,0.0015289915,Other/Unclear
559_www.loc.gov,1,Other/Unclear,2,0.37654215,0.00064729544,0.003175598,0.82469237,0.0006299585,0.061523777,0.01893589,Other/Unclear
559_www.loc.gov,2,Data Collection|Other/Unclear,2,0.6772368,0.0023131114,0.007906327,0.45420933,0.0013280438,0.14396052,0.036725853,Data Collection
559_www.loc.gov,3,Data Security,2,0.18513736,0.0025844336,0.15513006,0.30375248,0.0019891895,0.2501351,0.04164409,
559_www.loc.gov,4,Data Collection,2,0.94177353,5.3824835e-05,0.00017922117,0.09577057,2.1484851e-05,0.0276286,0.0021571037,Data Collection
559_www.loc.gov,5,Data Collection,2,0.8544907,0.0006256607,0.0018980926,0.3331543,0.0004529674,0.10639681,0.0132609075,Data Collection
559_www.loc.gov,6,Data Collection,2,0.5987452,0.00023252667,0.0005183544,0.21328422,0.0002766362,0.04051284,0.2526141,Data Collection
559_www.loc.gov,7,Data Collection|Data Retention,2,0.6704346,0.0032061967,0.01439556,0.3004598,0.0016677399,0.33343035,0.028438587,Data Collection
559_www.loc.gov,8,Data Collection|User Control & Deletion,2,0.6775045,2.9575109e-05,7.384456e-05,0.37062675,1.2712199e-05,0.042995654,0.08288904,Data Collection
559_www.loc.gov,9,Data Collection|Other/Unclear,2,0.84002453,0.0005308427,0.0019524039,0.19009863,0.00018922098,0.16062096,0.028749978,Data Collection
559_www.loc.gov,10,Data Collection,2,0.9117655,0.00011920476,0.00045120093,0.13995002,5.1648927e-05,0.12511551,0.0075435624,Data Collection
559_www.loc.gov,11,Data Collection,2,0.89616174,0.0008289642,0.0024155003,0.19803926,0.00038748368,0.10226997,0.023317646,Data Collection
559_www.loc.gov,12,Data Collection|Other/Unclear|User Control & Deletion,2,0.5053167,2.1726752e-05,0.00013023196,0.2451456,1.3393415e-05,0.090647176,0.015150623,Data Collection
559_www.loc.gov,13,Other/Unclear|Third-Party Sharing,2,0.35932553,6.52925e-05,0.000421874,0.38438407,3.9074865e-05,0.4023297,0.0050947475,
559_www.loc.gov,14,Other/Unclear,2,0.050161727,7.910425e-05,0.0007772643,0.982536,0.00025149758,0.022623198,0.004159208,Other/Unclear
559_www.loc.gov,15,Data Collection|Data Retention|Other/Unclear,2,0.7266701,6.318206e-05,0.00015019177,0.27832535,1.2387766e-05,0.10916388,0.007500975,Data Collection
559_www.loc.gov,16,Other/Unclear,2,0.17157337,0.00015244949,0.0003195298,0.9301407,9.938948e-05,0.015026176,0.008676149,Other/Unclear
559_www.loc.gov,17,Other/Unclear|Third-Party Sharing,2,0.093104295,0.0003173876,0.0016351199,0.84701526,0.00018213871,0.09417949,0.005213317,Other/Unclear
559_www.loc.gov,18,Other/Unclear|User Control & Deletion,2,0.07026446,5.3330914e-05,0.00020548402,0.98816526,4.2325697e-05,0.005124837,0.0074896333,Other/Unclear
559_www.loc.gov,19,Other/Unclear,2,0.18766233,0.00057846826,0.0034979605,0.69241965,0.0008334989,0.18281065,0.025705446,Other/Unclear
559_www.loc.gov,20,Data Collection|Third-Party Sharing,2,0.78369284,0.0003218769,0.0020681105,0.25195912,0.00026351155,0.17031854,0.01039304,Data Collection
559_www.loc.gov,21,Data Collection|Other/Unclear|Third-Party Sharing,2,0.68784404,0.0007556045,0.0020424547,0.25392225,0.00048243804,0.13315116,0.1370388,Data Collection
559_www.loc.gov,22,Other/Unclear,2,0.43007198,0.004769704,0.009784332,0.47614685,0.0054492555,0.12743214,0.106375106,
559_www.loc.gov,23,Other/Unclear,2,0.1527272,0.01845035,0.036433134,0.8377344,0.14872018,0.1038552,0.08451652,Other/Unclear
581_coffeereview.com,0,Other/Unclear,1,0.07684475,0.0012382646,0.017785551,0.94699657,0.004382042,0.044508148,0.024168322,Other/Unclear
581_coffeereview.com,1,Data Collection,1,0.9838598,0.00018780655,0.00038603385,0.054775648,8.7312364e-05,0.05269608,0.0027894643,Data Collection
581_coffeereview.com,2,Data Collection,1,0.73178184,0.00022806009,0.0011055154,0.21295357,0.00025464201,0.027806602,0.08883873,Data Collection
581_coffeereview.com,3,Data Collection,1,0.785968,0.00015307235,0.0007518902,0.3277914,0.00010813367,0.061598737,0.011141309,Data Collection
581_coffeereview.com,4,Data Collection|User Control & Deletion,1,0.401495,0.0008120521,0.0021683206,0.53831935,0.0010402224,0.079872675,0.15553966,Other/Unclear
581_coffeereview.com,5,Data Collection|User Control & Deletion,1,0.818749,3.6713278e-05,0.00014489453,0.19673245,1.0863199e-05,0.034632996,0.013802208,Data Collection
581_coffeereview.com,6,Data Collection|Third-Party Sharing|User Control & Deletion,1,0.779959,7.9479425e-05,0.00029167227,0.21121024,6.7139474e-05,0.05583946,0.017330853,Data Collection
581_coffeereview.com,7,Data Collection,1,0.5021746,0.0004888492,0.0016142272,0.64165473,0.00022711194,0.09397232,0.013263136,Data Collection|Other/Unclear
581_coffeereview.com,8,Data Collection|Other/Unclear|Third-Party Sharing,1,0.123576686,3.2698455e-05,0.00040990594,0.5350403,3.55785e-05,0.6092667,0.0027881162,Other/Unclear|Third-Party Sharing
581_coffeereview.com,9,Third-Party Sharing,1,0.11939876,0.00058654865,0.0034893604,0.2160348,0.0005035063,0.5757162,0.007634335,Third-Party Sharing
581_coffeereview.com,10,Third-Party Sharing,1,0.16430376,0.0021881342,0.007619441,0.28488234,0.0017140292,0.66088814,0.036217477,Third-Party Sharing
581_coffeereview.com,11,Data Collection|Third-Party Sharing,1,0.11840379,0.00010639364,0.0008806703,0.39616632,0.00012544438,0.65303844,0.00492199,Third-Party Sharing
581_coffeereview.com,12,Data Collection,1,0.9671106,0.00013647696,0.00032391236,0.0856351,4.985011e-05,0.056233585,0.0029132564,Data Collection
581_coffeereview.com,13,Data Collection|Third-Party Sharing,1,0.50644433,0.0002892002,0.0018097835,0.54177004,0.00018809471,0.23035946,0.007549925,Data Collection|Other/Unclear
581_coffeereview.com,14,Data Collection|Third-Party Sharing,1,0.49925378,2.2787608e-05,0.000117386124,0.32253125,1.4375736e-05,0.44616026,0.0017213078,
581_coffeereview.com,15,Other/Unclear,1,0.03313908,1.5909129e-05,0.00038549642,0.99659127,3.2139e-05,0.004066898,0.0011899462,Other/Unclear
586_cariboucoffee.com,0,Other/Unclear,1,0.13397995,0.0035587328,0.030704921,0.85017514,0.011059214,0.09063615,0.067030855,Other/Unclear
586_cariboucoffee.com,1,Other/Unclear,1,0.10429457,0.00891665,0.03700524,0.8872381,0.05773341,0.09212573,0.08751327,Other/Unclear
586_cariboucoffee.com,2,Data Collection|Data Security|Other/Unclear,1,0.27488604,0.00011187531,0.0013029551,0.8927534,0.00034954387,0.06394265,0.008371199,Other/Unclear
586_cariboucoffee.com,3,Policy Change|User Control & Deletion,1,0.014630749,9.508059e-06,8.2246646e-05,0.75898606,0.0047630384,0.0037989689,0.003223667,Other/Unclear
586_cariboucoffee.com,4,Other/Unclear|Policy Change|User Control & Deletion,1,0.044887636,0.001684947,0.008262065,0.724495,0.124571905,0.034798566,0.06429909,Other/Unclear
586_cariboucoffee.com,5,Data Collection|Other/Unclear,1,0.8724384,4.6139252e-05,0.00024682705,0.26973063,3.3280918e-05,0.03999808,0.0043858537,Data Collection
586_cariboucoffee.com,6,Data Collection|Other/Unclear|Third-Party Sharing,1,0.28235137,1.959807e-05,0.00020922869,0.47337696,1.4947608e-05,0.52243537,0.0017710612,Third-Party Sharing
586_cariboucoffee.com,7,Third-Party Sharing,1,0.20834617,0.00031465452,0.0048906794,0.43938184,0.00019614842,0.5649594,0.015181442,Third-Party Sharing
586_cariboucoffee.com,8,Data Security|Other/Unclear,1,0.087920286,0.00015434482,0.0107856095,0.46595109,0.00010284676,0.5410724,0.011254457,Third-Party Sharing
586_cariboucoffee.com,9,Data Security,1,0.1296607,0.00046366404,0.008488243,0.55161446,0.00060581637,0.305232,0.016438855,Other/Unclear
586_cariboucoffee.com,10,Data Collection|Third-Party Sharing,1,0.67936623,0.0003611414,0.008336554,0.13911878,4.862935e-05,0.3493542,0.005903336,Data Collection
586_cariboucoffee.com,11,Data Collection,1,0.7565922,0.00041545555,0.0019313367,0.24243481,0.0001616613,0.088699475,0.015885705,Data Collection
586_cariboucoffee.com,12,Data Collection|Third-Party Sharing,1,0.7002072,0.00015368969,0.0008681543,0.4135297,5.792945e-05,0.21548592,0.015345304,Data Collection
586_cariboucoffee.com,13,Data Retention|Third-Party Sharing|User Control & Deletion,1,0.4048444,0.0011766693,0.0042060693,0.3949385,0.0003310887,0.21697524,0.036636166,
586_cariboucoffee.com,14,Third-Party Sharing,1,0.0832852,4.282343e-05,0.00027734498,0.090693206,1.2778975e-05,0.8400654,0.0009893599,Third-Party Sharing
586_cariboucoffee.com,15,Data Collection,1,0.95785403,0.00010787817,0.00023531055,0.10756562,3.288581e-05,0.009135576,0.0022990345,Data Collection
586_cariboucoffee.com,16,Data Collection,1,0.8778552,0.00021931122,0.00082891237,0.17009078,0.00018191269,0.18589684,0.013496087,Data Collection
586_cariboucoffee.com,17,Data Collection|Other/Unclear,1,0.95174825,0.00028538998,0.0007922539,0.25487846,0.00013242818,0.120684184,0.015908826,Data Collection
586_cariboucoffee.com,18,User Control & Deletion,1,0.63509464,0.00013026464,0.00050316635,0.35853076,6.000743e-05,0.042685322,0.2785095,Data Collection
586_cariboucoffee.com,19,Data Collection|Other/Unclear|Third-Party Sharing,1,0.80051565,0.0006294205,0.002583255,0.2545358,0.0007097643,0.53626955,0.050863422,Data Collection|Third-Party Sharing
586_cariboucoffee.com,20,Data Collection|Third-Party Sharing|User Control & Deletion,1,0.5704374,3.2294512e-05,0.00021518864,0.6115162,1.5422622e-05,0.15684204,0.035101224,Data Collection|Other/Unclear
586_cariboucoffee.com,21,Data Security,1,0.076916136,0.0002299134,0.1618538,0.25392428,0.00014669627,0.038579997,0.0029320566,
586_cariboucoffee.com,22,Data Security|Other/Unclear,1,0.17655261,0.00054119015,0.078712426,0.20791821,0.00036434986,0.24391991,0.011543409,
586_cariboucoffee.com,23,Other/Unclear|User Control & Deletion,1,0.43256465,0.0008552596,0.0020770268,0.39117455,0.0005932709,0.065291695,0.23719004,
586_cariboucoffee.com,24,Data Collection|Other/Unclear|User Control & Deletion,1,0.4798611,0.002891415,0.011610042,0.5686973,0.0032712063,0.1823322,0.166911,Other/Unclear
586_cariboucoffee.com,25,Other/Unclear,1,0.08743511,1.9874238e-05,0.00030212404,0.9825323,2.4102601e-05,0.008218612,0.0026650154,Other/Unclear
586_cariboucoffee.com,26,User Control & Deletion,1,0.22573146,0.0014333948,0.0061083124,0.49965623,0.0015441278,0.047047704,0.16594224,
586_cariboucoffee.com,27,Other/Unclear,1,0.058246538,0.00014949866,0.0014366404,0.94305515,0.0005418605,0.027016502,0.012387283,Other/Unclear
586_cariboucoffee.com,28,Data Collection,1,0.37653834,0.0012807193,0.00446479,0.7744654,0.0016161149,0.14236124,0.031466763,Other/Unclear
586_cariboucoffee.com,29,Other/Unclear,1,0.089197986,0.00010434404,0.0011859273,0.88614136,8.272256e-05,0.20041984,0.004508054,Other/Unclear
586_cariboucoffee.com,30,Other/Unclear,1,0.05976197,0.00034471307,0.0020280958,0.94297916,0.00078267656,0.077218734,0.029865522,Other/Unclear
586_cariboucoffee.com,31,User Control & Deletion,1,0.32720056,0.0007724372,0.001939278,0.5591304,0.00078606216,0.11141787,0.35197514,Other/Unclear
586_cariboucoffee.com,32,Data Security|Other/Unclear|Third-Party Sharing,1,0.691699,0.00040142785,0.0022344154,0.3298968,0.00018430849,0.1285275,0.012877775,Data Collection
586_cariboucoffee.com,33,Other/Unclear,1,0.1987228,4.0815234e-05,0.00021679205,0.9647263,0.00019037469,0.0079970565,0.0015870464,Other/Unclear
58_esquire.com,0,Other/Unclear|Policy Change,0,0.02314746,0.00165161,0.0062223305,0.9588029,0.20418248,0.015473166,0.015522588,Other/Unclear
58_esquire.com,1,Data Collection|Other/Unclear|Third-Party Sharing,0,0.19744194,7.038509e-06,4.670348e-05,0.80855036,1.039952e-05,0.06804507,0.0017256509,Other/Unclear
58_esquire.com,2,Other/Unclear,0,0.04008386,1.8498577e-05,0.0002267875,0.9775769,9.2374845e-05,0.038608372,0.001749523,Other/Unclear
58_esquire.com,3,Other/Unclear,0,0.1868733,6.2795916e-05,0.00058296864,0.8903284,0.00011123848,0.10307378,0.006193425,Other/Unclear
58_esquire.com,4,Data Collection|Other/Unclear|Third-Party Sharing,0,0.11178166,6.9150476e-05,0.0003785366,0.7030696,0.00015704067,0.08519501,0.015105894,Other/Unclear
58_esquire.com,5,Other/Unclear,0,0.21156836,0.00024610903,0.001392618,0.727117,0.0015246822,0.11726972,0.023092106,Other/Unclear
58_esquire.com,6,Data Collection|Third-Party Sharing,0,0.9456814,1.1450117e-05,3.8386446e-05,0.20658262,2.7278793e-06,0.06138775,0.0046743243,Data Collection
58_esquire.com,7,Data Collection|Third-Party Sharing,0,0.9741224,5.003806e-06,2.3937737e-05,0.18843141,1.1698215e-06,0.50872874,0.0015778819,Data Collection|Third-Party Sharing
58_esquire.com,8,Other/Unclear|Third-Party Sharing,0,0.46008554,0.00012460569,0.0010038192,0.5304521,8.338965e-05,0.5988495,0.024687955,Other/Unclear|Third-Party Sharing
58_esquire.com,9,Other/Unclear|User Control & Deletion,0,0.6278351,0.00031132466,0.00072243554,0.45974544,0.00015515176,0.086767524,0.55581665,Data Collection|User Control & Deletion
58_esquire.com,10,Data Collection,0,0.88863593,0.00015698503,0.00062579464,0.27680916,9.153725e-05,0.14353447,0.011109558,Data Collection
58_esquire.com,11,Data Collection,0,0.9551327,7.0919696e-06,3.6948346e-05,0.07209259,1.9387512e-06,0.06052529,0.00019778685,Data Collection
58_esquire.com,12,Data Collection|Third-Party Sharing,0,0.6858655,4.3196775e-05,0.00033954871,0.29299644,5.8613838e-05,0.11964278,0.0068841903,Data Collection
58_esquire.com,13,Data Collection|Other/Unclear,0,0.2759854,0.00017055216,0.0013385603,0.64287907,0.00023723293,0.19611895,0.01630374,Other/Unclear
58_esquire.com,14,Other/Unclear,0,0.2425266,0.00042305034,0.0016659815,0.8354937,0.0003240108,0.08683601,0.058876056,Other/Unclear
58_esquire.com,15,Other/Unclear,0,0.65736556,0.0002616162,0.00093702524,0.49880213,0.0002377675,0.08014216,0.02178577,Data Collection
58_esquire.com,16,Data Collection,0,0.93434435,5.8789487e-06,2.3963854e-05,0.117484,4.311977e-06,0.079471536,0.0028700111,Data Collection
58_esquire.com,17,Data Collection|Other/Unclear,0,0.50562745,0.00016575902,0.0010625162,0.49101177,0.00011516042,0.1864651,0.017962135,Data Collection
58_esquire.com,18,Data Collection|Data Retention|Other/Unclear|User Control & Deletion,0,0.43750465,1.3944934e-05,4.763403e-05,0.39174017,2.595586e-06,0.036663223,0.018932456,
58_esquire.com,19,Data Collection|Other/Unclear,0,0.7326751,5.7174097e-05,0.0003093082,0.34736308,2.5913672e-05,0.18587056,0.01154235,Data Collection
58_esquire.com,20,Data Collection|Other/Unclear|Third-Party Sharing,0,0.67771435,0.00019195554,0.0006784084,0.3127829,6.644593e-05,0.39965612,0.006881852,Data Collection
58_esquire.com,21,Other/Unclear|Third-Party Sharing,0,0.09439044,3.3165972e-05,0.00029229076,0.39641637,1.7371029e-05,0.59428424,0.0076038227,Third-Party Sharing
58_esquire.com,22,Data Security|Third-Party Sharing,0,0.25813237,0.00018866309,0.010135624,0.22242309,7.7864526e-05,0.679891,0.010851425,Third-Party Sharing
58_esquire.com,23,Other/Unclear|Third-Party Sharing|User Control & Deletion,0,0.23529835,8.466291e-06,7.6730816e-05,0.8009671,5.8149512e-06,0.50588137,0.010456578,Other/Unclear|Third-Party Sharing
58_esquire.com,24,Third-Party Sharing,0,0.25206077,0.00613274,0.015875664,0.64152133,0.0036503272,0.3008251,0.119719915,Other/Unclear
58_esquire.com,25,Third-Party Sharing,0,0.2561276,0.0062743286,0.018744998,0.58062744,0.0042571197,0.43894568,0.0597017,Other/Unclear
58_esquire.com,26,Third-Party Sharing|User Control & Deletion,0,0.34357452,0.001518828,0.0044444795,0.5880943,0.0009866593,0.24206482,0.14926808,Other/Unclear
58_esquire.com,27,Third-Party Sharing,0,0.5781264,0.0022620528,0.0076582725,0.2735235,0.0015045445,0.6067382,0.062501855,Data Collection|Third-Party Sharing
58_esquire.com,28,Third-Party Sharing,0,0.4611028,0.00025254072,0.0021723015,0.43948412,0.00014377842,0.4479721,0.020962812,
58_esquire.com,29,Third-Party Sharing,0,0.037384212,0.00028487845,0.001758743,0.18788213,0.0002519399,0.67682207,0.0048332247,Third-Party Sharing
58_esquire.com,30,Third-Party Sharing,0,0.088228144,4.4618122e-05,0.0002711623,0.43358082,5.381308e-05,0.5990892,0.0046325433,Third-Party Sharing
58_esquire.com,31,Data Collection|Other/Unclear|Third-Party Sharing,0,0.2536953,0.00010138967,0.00045824426,0.5588765,0.00014300633,0.31340903,0.01105977,Other/Unclear
58_esquire.com,32,Data Collection|Other/Unclear|Third-Party Sharing,0,0.14144409,5.406958e-06,8.592639e-05,0.6338552,6.952847e-06,0.42553133,0.00586422,Other/Unclear
58_esquire.com,33,Data Collection|Third-Party Sharing,0,0.72880983,2.2977874e-06,2.6333062e-05,0.44503096,1.7543911e-06,0.6969906,0.0019066638,Data Collection|Third-Party Sharing
58_esquire.com,34,Other/Unclear|Third-Party Sharing,0,0.24084969,1.02161575e-05,0.00014713094,0.71294564,4.173835e-06,0.45651558,0.008057242,Other/Unclear
58_esquire.com,35,Other/Unclear|Third-Party Sharing|User Control & Deletion,0,0.41206917,1.1717584e-05,5.477828e-05,0.31217444,7.2156067e-06,0.1465206,0.01763346,
58_esquire.com,36,Other/Unclear|User Control & Deletion,0,0.006124945,1.8298157e-05,0.00013781464,0.97500145,1.0620519e-05,0.064836904,0.121319495,Other/Unclear
58_esquire.com,37,User Control & Deletion,0,0.34188157,0.00015620994,0.0005105608,0.5206394,0.00011536051,0.09404855,0.31444222,Other/Unclear
58_esquire.com,38,Other/Unclear|User Control & Deletion,0,0.16080168,5.7998262e-05,0.0001954477,0.4335331,7.8102734e-05,0.030801456,0.36569178,
58_esquire.com,39,Other/Unclear|Third-Party Sharing|User Control & Deletion,0,0.056178212,6.192201e-06,4.0791394e-05,0.5530042,7.386855e-06,0.1312711,0.14683208,Other/Unclear
58_esquire.com,40,Other/Unclear,0,0.30600032,6.083023e-05,0.0002449871,0.4864375,3.0309022e-05,0.24346536,0.045331635,
58_esquire.com,41,User Control & Deletion,0,0.5158629,0.001874199,0.0062706694,0.37552056,0.0024043953,0.07610991,0.2900193,Data Collection
58_esquire.com,42,Data Collection|Other/Unclear|Third-Party Sharing|User Control & Deletion,0,0.4741832,9.5476435e-06,8.10043e-05,0.6069282,9.451061e-06,0.053759594,0.009648875,Other/Unclear
58_esquire.com,43,Data Security,0,0.033426676,0.00010046099,0.4086238,0.15207484,3.6943227e-05,0.017018076,0.0032765374,
58_esquire.com,44,Other/Unclear|User Control & Deletion,0,0.041097973,3.945068e-05,0.00017572407,0.96213436,2.7232061e-05,0.010819064,0.015371936,Other/Unclear
58_esquire.com,45,Other/Unclear,0,0.025817152,5.0722454e-05,0.0004118081,0.95600456,3.724521e-05,0.04256313,0.0073996233,Other/Unclear
58_esquire.com,46,Other/Unclear|Policy Change,0,0.0069432915,4.2240565e-05,0.00027001507,0.74626756,0.0783243,0.005417295,0.006129279,Other/Unclear
591_google.com,0,Other/Unclear|User Control & Deletion,1,0.09736941,7.140332e-05,0.0027207271,0.83721673,0.00020759569,0.019345865,0.0126125105,Other/Unclear
591_google.com,1,Other/Unclear|Policy Change,1,0.046183918,0.0064052693,0.014642037,0.9267157,0.12914973,0.042597145,0.040352218,Other/Unclear
591_google.com,2,Data Collection|Other/Unclear,1,0.61477935,3.8785718e-05,0.00027420968,0.32080907,2.7786633e-05,0.23997056,0.0040618503,Data Collection
591_google.com,3,Other/Unclear,1,0.2203282,0.00055109366,0.002987646,0.755105,0.0014354509,0.035594806,0.053932246,Other/Unclear
591_google.com,4,Data Collection|Other/Unclear,1,0.19604267,0.00019314252,0.0007565776,0.8300877,0.0002900371,0.022213824,0.020936003,Other/Unclear
591_google.com,5,Data Collection,1,0.6496042,0.0006972978,0.0025074007,0.43188223,0.0007293307,0.16866718,0.028369278,Data Collection
591_google.com,6,Data Collection,1,0.85265076,4.72583e-05,0.000104456674,0.15142733,1.1002682e-05,0.06126655,0.021189237,Data Collection
591_google.com,7,Data Collection,1,0.7966988,3.4229393e-05,0.00021923044,0.36336794,3.176859e-05,0.16479604,0.005113311,Data Collection
591_google.com,8,Data Collection|Other/Unclear,1,0.92756677,0.00058727764,0.0020964816,0.14073078,0.0002808352,0.06263742,0.014693712,Data Collection
591_google.com,9,Data Collection,1,0.9735469,0.00013371471,0.000222484,0.07609761,4.092429e-05,0.034064736,0.0066066505,Data Collection
591_google.com,10,Data Collection,1,0.91869694,6.119326e-05,0.00026570377,0.12720928,2.8578297e-05,0.20257479,0.0030674324,Data Collection
591_google.com,11,Data Collection,1,0.8385768,0.00038559493,0.0015213287,0.13241932,0.00019555485,0.0587582,0.01688821,Data Collection
591_google.com,12,Data Collection|Other/Unclear,1,0.7946935,0.000719528,0.0035527507,0.38134784,0.00034362506,0.15893237,0.02980345,Data Collection
591_google.com,13,Data Collection|Other/Unclear|Third-Party Sharing,1,0.9205121,1.4609655e-05,7.982954e-05,0.17238598,9.073085e-06,0.48420602,0.0020669568,Data Collection
591_google.com,14,Data Collection|Other/Unclear|User Control & Deletion,1,0.40918115,0.00017034923,0.0003761894,0.61058795,6.6313405e-05,0.043084722,0.031367496,Other/Unclear
591_google.com,15,Data Collection,1,0.7823672,6.042079e-05,0.000692761,0.12819202,6.598482e-05,0.21031062,0.004011431,Data Collection
591_google.com,16,Data Collection|Third-Party Sharing,1,0.6441843,3.3121956e-05,6.1589e-05,0.33027297,1.0153103e-05,0.14396513,0.012368141,Data Collection
591_google.com,17,Data Collection|Third-Party Sharing,1,0.25521997,0.0005015668,0.0012621568,0.5760872,0.0003258844,0.24203604,0.09830493,Other/Unclear
591_google.com,18,Data Collection,1,0.7161548,0.00078812276,0.0014150303,0.17642723,0.0005815807,0.10246902,0.027640257,Data Collection
591_google.com,19,Data Collection|Other/Unclear,1,0.8394841,4.1123698e-05,0.00021010847,0.18371445,2.9773642e-05,0.19277997,0.009304445,Data Collection
591_google.com,20,Data Collection,1,0.7902624,0.0019230156,0.007623146,0.29136962,0.0013202287,0.26499635,0.05583859,Data Collection
591_google.com,21,Data Collection|Other/Unclear|User Control & Deletion,1,0.5115394,0.00013717772,0.0006160907,0.34438714,7.647465e-05,0.33066228,0.016620137,Data Collection
591_google.com,22,User Control & Deletion,1,0.21516189,0.0011445011,0.0052700895,0.7262608,0.0013663333,0.13462925,0.047408614,Other/Unclear
591_google.com,23,Data Collection|Other/Unclear,1,0.20876943,0.0013144114,0.0066905282,0.6266997,0.0008721321,0.12178687,0.026626673,Other/Unclear
591_google.com,24,Other/Unclear|User Control & Deletion,1,0.47815874,1.9366196e-05,5.8404286e-05,0.43609354,8.371901e-06,0.050431475,0.05179287,
591_google.com,25,User Control & Deletion,1,0.75080705,0.00025847016,0.0010517106,0.43254954,0.00012500207,0.12214466,0.09292617,Data Collection
591_google.com,26,Other/Unclear|Third-Party Sharing,1,0.31518593,0.00026246312,0.0011140561,0.5182265,0.0001297802,0.47894573,0.018479288,Other/Unclear
591_google.com,27,Data Retention|Data Security|Other/Unclear|User Control & Deletion,1,0.28117996,0.00022289706,0.0015440532,0.39853683,5.437577e-05,0.034794252,0.030407857,
591_google.com,28,Other/Unclear|User Control & Deletion,1,0.17415997,0.006644996,0.026160343,0.5936632,0.005340605,0.11713114,0.11159125,Other/Unclear
591_google.com,29,Data Retention|Other/Unclear|User Control & Deletion,1,0.25352713,0.0010568526,0.003857235,0.5386601,0.00023963451,0.08587658,0.05823369,Other/Unclear
591_google.com,30,Other/Unclear|Third-Party Sharing,1,0.0882303,0.00020007449,0.0023543686,0.6423308,0.00018908041,0.6213555,0.0097246235,Other/Unclear|Third-Party Sharing
591_google.com,31,Third-Party Sharing|User Control & Deletion,1,0.066655904,0.00010069621,0.0011547415,0.5746391,0.0001140666,0.43779588,0.027556706,Other/Unclear
591_google.com,32,Third-Party Sharing,1,0.13958432,9.746265e-05,0.00038193428,0.47362408,3.426062e-05,0.07634734,0.05111562,
591_google.com,33,Data Security|Third-Party Sharing,1,0.06752218,0.00015839151,0.008594674,0.57746744,0.00019880953,0.11543807,0.0050127557,Other/Unclear
591_google.com,34,Third-Party Sharing,1,0.0787941,0.00045034807,0.0023555038,0.043511126,0.00015087945,0.9020148,0.0023005593,Third-Party Sharing
591_google.com,35,Third-Party Sharing,1,0.38459066,9.7243865e-05,0.00042330267,0.28883502,7.200272e-05,0.8118842,0.006713794,Third-Party Sharing
591_google.com,36,Policy Change|Third-Party Sharing,1,0.029693417,0.00084348157,0.011311819,0.68057626,0.0017234588,0.43996814,0.018347267,Other/Unclear
591_google.com,37,Data Security,1,0.043112412,0.00012540712,0.07398262,0.3073044,5.215302e-05,0.07939289,0.002920394,
591_google.com,38,Other/Unclear,1,0.09599041,0.00012940737,0.0012690251,0.9137053,0.000673212,0.08380519,0.0070554987,Other/Unclear
591_google.com,39,Other/Unclear,1,0.2826707,1.9080173e-05,0.00033407815,0.7931974,3.8982194e-05,0.25320047,0.0013541656,Other/Unclear
591_google.com,40,Data Security|Other/Unclear,1,0.03555528,0.00037938316,0.0071659153,0.8289617,0.00053089776,0.08710936,0.009158486,Other/Unclear
591_google.com,41,Other/Unclear|Policy Change,1,0.028628495,0.0001461634,0.0005162213,0.48410615,0.019368725,0.021003295,0.010464577,
591_google.com,42,Other/Unclear,1,0.32102308,0.00028323405,0.0019059436,0.7522537,0.00064320344,0.09102249,0.03385909,Other/Unclear
591_google.com,43,Other/Unclear,1,0.38895485,0.000534486,0.0025172199,0.7285166,0.0006330323,0.14135258,0.06738324,Other/Unclear
591_google.com,44,Other/Unclear,1,0.2378926,2.6368936e-05,0.0009197759,0.66382885,2.8775055e-05,0.07952464,0.0027391626,Other/Unclear
59_liquor.com,0,Other/Unclear,4,0.16336451,6.138202e-05,0.0008281502,0.8530999,0.00016130107,0.017544415,0.005444407,Other/Unclear
59_liquor.com,1,Data Collection|Third-Party Sharing,4,0.5064183,1.544616e-05,0.000113016584,0.3282264,5.718695e-06,0.16560218,0.0057733157,Data Collection
59_liquor.com,2,Data Collection|Third-Party Sharing,4,0.89728445,1.1995948e-05,5.67421e-05,0.09341172,5.436745e-06,0.5166977,0.001683626,Data Collection|Third-Party Sharing
59_liquor.com,3,Data Collection,4,0.8324256,3.8227117e-05,0.00019592854,0.32554904,1.7876984e-05,0.15785226,0.004621477,Data Collection
59_liquor.com,4,User Control & Deletion,4,0.14057095,0.0006689135,0.0019663943,0.44265708,0.00065697386,0.05366378,0.38653213,
59_liquor.com,5,User Control & Deletion,4,0.34287012,0.00013678419,0.0003558289,0.53524435,0.0001495731,0.030279139,0.09095987,Other/Unclear
59_liquor.com,6,Third-Party Sharing,4,0.6001949,3.236473e-05,0.00035348904,0.49041647,2.4415705e-05,0.38859698,0.007411827,Data Collection
59_liquor.com,7,Data Collection|Other/Unclear|Third-Party Sharing,4,0.53403467,7.274525e-05,0.0005921944,0.55595773,4.78841e-05,0.12302817,0.051803373,Data Collection|Other/Unclear
59_liquor.com,8,Data Collection,4,0.9726732,0.000399934,0.00086713984,0.05314745,0.0002040615,0.053010877,0.0034488044,Data Collection
59_liquor.com,9,Other/Unclear,4,0.09279877,0.00085508404,0.0027096206,0.9736734,0.00078407355,0.021106713,0.029797398,Other/Unclear
59_liquor.com,10,Other/Unclear|Third-Party Sharing,4,0.096137024,8.920765e-05,0.0011705252,0.90176666,6.518778e-05,0.21066926,0.003505773,Other/Unclear
59_liquor.com,11,Data Security,4,0.29647738,0.009624015,0.08129863,0.45733732,0.006156367,0.1575861,0.092152655,
59_liquor.com,12,Other/Unclear|Policy Change,4,0.0061407113,3.116675e-05,0.00015417892,0.904797,0.010406648,0.0020135914,0.008491987,Other/Unclear
627_dairyqueen.com,0,Other/Unclear|Policy Change|User Control & Deletion,4,0.00969418,5.4099757e-05,0.00043409725,0.9339611,0.0083867395,0.0069463206,0.015389684,Other/Unclear
627_dairyqueen.com,1,Data Collection|Other/Unclear,4,0.57342356,0.00038031177,0.0020426011,0.67365307,0.00045528033,0.068293974,0.013751246,Data Collection|Other/Unclear
627_dairyqueen.com,2,Data Collection|User Control & Deletion,4,0.64045423,2.6464446e-05,5.7111454e-05,0.2032938,1.1967682e-05,0.02480389,0.011784164,Data Collection
627_dairyqueen.com,3,Other/Unclear|Third-Party Sharing,4,0.10133189,8.564205e-05,0.0009803819,0.8760019,7.9733145e-05,0.044617552,0.011049068,Other/Unclear
627_dairyqueen.com,4,Data Collection|Other/Unclear|Third-Party Sharing|User Control & Deletion,4,0.97090465,3.1115528e-06,1.4161725e-05,0.14327241,9.0476703e-07,0.027812272,0.0016737815,Data Collection
627_dairyqueen.com,5,Other/Unclear|Third-Party Sharing,4,0.049979884,0.00046895142,0.003407284,0.6974818,0.00069308793,0.39184052,0.015747974,Other/Unclear
627_dairyqueen.com,6,Other/Unclear|Third-Party Sharing,4,0.41392422,0.00043952445,0.0023288685,0.50489616,0.00027597597,0.18029153,0.01858191,Other/Unclear
627_dairyqueen.com,7,Third-Party Sharing,4,0.365329,0.00014325687,0.0031769518,0.14205816,6.366819e-05,0.7722152,0.0075802375,Third-Party Sharing
627_dairyqueen.com,8,Other/Unclear|Third-Party Sharing,4,0.38819233,8.034101e-05,0.0008399077,0.3302157,2.0735166e-05,0.48210305,0.004301017,
627_dairyqueen.com,9,Data Collection|Third-Party Sharing,4,0.70684856,0.0023179837,0.0072496864,0.34025994,0.0016644242,0.1858135,0.033171367,Data Collection
627_dairyqueen.com,10,Other/Unclear|Third-Party Sharing,4,0.42429835,0.00022234094,0.0020518764,0.6004168,0.00025426174,0.050633032,0.015465723,Other/Unclear
627_dairyqueen.com,11,Third-Party Sharing,4,0.21792321,0.0004848088,0.0019249057,0.45310605,0.0005637239,0.5553557,0.01520464,Third-Party Sharing
627_dairyqueen.com,12,Third-Party Sharing,4,0.092144854,0.007633808,0.017386438,0.08583617,0.0033913518,0.86714005,0.024552139,Third-Party Sharing
627_dairyqueen.com,13,Third-Party Sharing,4,0.47095317,0.0010855928,0.0057739126,0.24108724,0.00047383245,0.7225542,0.015003275,Third-Party Sharing
627_dairyqueen.com,14,Data Collection|Third-Party Sharing,4,0.82303506,0.0008007038,0.0016774796,0.46761936,0.00043735368,0.14175475,0.02352047,Data Collection
627_dairyqueen.com,15,Other/Unclear,4,0.079921335,0.0006160657,0.0016082631,0.88814163,0.00045581273,0.07761731,0.026473198,Other/Unclear
627_dairyqueen.com,16,Other/Unclear|Third-Party Sharing,4,0.023387188,2.2639244e-05,0.00070871663,0.98548985,4.8449394e-05,0.047704916,0.0013961187,Other/Unclear
627_dairyqueen.com,17,Other/Unclear,4,0.069293186,0.0013160144,0.008883512,0.9295583,0.003272515,0.13316956,0.020618308,Other/Unclear
627_dairyqueen.com,18,Other/Unclear,4,0.060340878,0.0015778427,0.0071764044,0.9508611,0.009134617,0.039043985,0.020730775,Other/Unclear
627_dairyqueen.com,19,Data Collection|Other/Unclear,4,0.2289877,0.000383544,0.0022532856,0.81551695,0.0008336778,0.058528926,0.029658351,Other/Unclear
627_dairyqueen.com,20,Data Security,4,0.023779476,0.0011037883,0.62325984,0.23118985,0.00050201453,0.030335546,0.007919685,Data Security
627_dairyqueen.com,21,Other/Unclear,4,0.0038866564,5.7332636e-05,0.0005183674,0.99426425,0.0001805002,0.005619778,0.006669524,Other/Unclear
635_playstation.com,0,Other/Unclear,4,0.03160511,0.0036369686,0.012313926,0.92868495,0.23287642,0.028469753,0.024223687,Other/Unclear
635_playstation.com,1,Other/Unclear,4,0.058282744,5.8420524e-06,6.0203074e-05,0.95516706,1.2729471e-05,0.0065952535,0.0013533846,Other/Unclear
635_playstation.com,2,Data Security|Other/Unclear,4,0.036377925,0.00015557713,0.006939565,0.89687634,0.00043241767,0.043641075,0.0083748605,Other/Unclear
635_playstation.com,3,Data Security|Other/Unclear,4,0.05088987,0.0006402107,0.021338759,0.81439316,0.0008027025,0.09859856,0.014043925,Other/Unclear
635_playstation.com,4,Data Security|Other/Unclear,4,0.14264822,0.00019667542,0.0026626424,0.6793777,0.00018386438,0.051894974,0.022384917,Other/Unclear
635_playstation.com,5,Data Collection|Other/Unclear|User Control & Deletion,4,0.052858777,1.8150748e-05,0.00018625749,0.9256838,0.0001647024,0.021283071,0.007106822,Other/Unclear
635_playstation.com,6,Data Collection|Other/Unclear,4,0.13777623,1.8326607e-05,0.00020497297,0.84917516,2.9033858e-05,0.03161942,0.011100653,Other/Unclear
635_playstation.com,7,Other/Unclear,4,0.032479532,1.9408199e-05,0.00039426284,0.9489866,4.7952908e-05,0.18574908,0.0035863381,Other/Unclear
635_playstation.com,8,Data Collection,4,0.7665982,2.2312295e-05,0.00013561994,0.2496418,6.3148514e-06,0.048879348,0.006860379,Data Collection
635_playstation.com,9,Data Collection,4,0.6352055,0.0002459742,0.00086079043,0.6641514,9.195323e-05,0.039668437,0.010937257,Data Collection|Other/Unclear
635_playstation.com,10,Data Collection|Data Security|Other/Unclear,4,0.1269617,8.6162545e-05,0.0007445927,0.7943707,8.807037e-05,0.05103655,0.027566273,Other/Unclear
635_playstation.com,11,Other/Unclear,4,0.49818373,0.0010973099,0.0054561994,0.62663776,0.00080017507,0.20205913,0.0413444,Other/Unclear
635_playstation.com,12,Data Collection,4,0.9182416,0.00034261495,0.0010010268,0.16197544,0.00012743723,0.06666765,0.0061470815,Data Collection
635_playstation.com,13,Data Collection,4,0.7391527,0.0009842204,0.0027164635,0.41915902,0.00040399635,0.14374796,0.022291236,Data Collection
635_playstation.com,14,Data Collection,4,0.825306,0.0005102267,0.001511133,0.44585788,0.00022922715,0.11662582,0.015170154,Data Collection
635_playstation.com,15,Data Collection,4,0.9540119,0.00028707678,0.0005912965,0.1355554,6.6425055e-05,0.078742996,0.004393977,Data Collection
635_playstation.com,16,Data Collection|Third-Party Sharing,4,0.8447265,8.016356e-05,0.0009552852,0.3119958,3.9790564e-05,0.23391318,0.0048841997,Data Collection
635_playstation.com,17,Data Collection|Third-Party Sharing,4,0.43428496,0.00090844824,0.0029455165,0.5329108,0.0006320525,0.20466146,0.030778103,Other/Unclear
635_playstation.com,18,Data Collection|Data Retention|Third-Party Sharing|User Control & Deletion,4,0.4525243,5.7041227e-05,0.00021201516,0.5380304,2.2240907e-05,0.14236887,0.03173025,Other/Unclear
635_playstation.com,19,Data Collection|Other/Unclear,4,0.4040922,0.00074725575,0.0047776676,0.6071968,0.0005991892,0.12061776,0.100911714,Other/Unclear
635_playstation.com,20,Data Collection,4,0.5799262,0.000117580596,0.00046942945,0.33206812,0.00015706885,0.065382555,0.025970241,Data Collection
635_playstation.com,21,Data Collection,4,0.4945181,0.0007775824,0.002807973,0.51167816,0.00044194036,0.25114167,0.038066614,Other/Unclear
635_playstation.com,22,Data Collection|Data Retention,4,0.665949,0.0032692642,0.006803994,0.6039574,0.0009308124,0.09436821,0.0494878,Data Collection|Other/Unclear
635_playstation.com,23,Data Collection,4,0.8845151,0.0006768441,0.0031771995,0.13942742,0.000622284,0.14893748,0.012353075,Data Collection
635_playstation.com,24,Data Collection|Data Retention|Other/Unclear,4,0.30749086,0.00012152974,0.00174542,0.5459577,6.9709626e-05,0.16194841,0.0061284415,Other/Unclear
635_playstation.com,25,Data Collection,4,0.5495475,0.0045781587,0.008981011,0.28598416,0.0022609457,0.3784973,0.04895367,Data Collection
635_playstation.com,26,Third-Party Sharing,4,0.59650314,7.0214584e-05,0.0007812301,0.09720855,2.8303706e-05,0.5091933,0.0029244383,Data Collection|Third-Party Sharing
635_playstation.com,27,Third-Party Sharing,4,0.3079517,0.0015844235,0.005062814,0.12267555,0.0007509353,0.8076445,0.011427284,Third-Party Sharing
635_playstation.com,28,Third-Party Sharing,4,0.4070275,0.00037666204,0.0018513999,0.29540905,0.00015766354,0.57483673,0.010304029,Third-Party Sharing
635_playstation.com,29,Third-Party Sharing,4,0.26777983,0.00053309236,0.0026615865,0.5724532,0.00033529822,0.77171457,0.01778969,Other/Unclear|Third-Party Sharing
635_playstation.com,30,Data Security|Other/Unclear|User Control & Deletion,4,0.068946324,4.0995128e-05,0.001532504,0.6059921,1.9283325e-05,0.52353543,0.0059628645,Other/Unclear|Third-Party Sharing
635_playstation.com,31,Other/Unclear,4,0.00826599,6.136701e-05,0.00020588782,0.979554,5.583194e-05,0.016184594,0.115318075,Other/Unclear
635_playstation.com,32,Other/Unclear,4,0.31112784,0.00047848962,0.0014413174,0.9865811,0.0005129718,0.0073899734,0.004570281,Other/Unclear
635_playstation.com,33,Other/Unclear,4,0.37944618,0.0008326439,0.0024379527,0.6289979,0.00046728295,0.10447578,0.03497818,Other/Unclear
635_playstation.com,34,Data Security|Other/Unclear|User Control & Deletion,4,0.29617268,0.00031458682,0.0021159875,0.6833546,0.00020919135,0.23773038,0.016425207,Other/Unclear
635_playstation.com,35,Data Collection|User Control & Deletion,4,0.6260366,0.0009813581,0.0012619791,0.49167663,0.00028238443,0.04639865,0.14343786,Data Collection
635_playstation.com,36,Other/Unclear|Third-Party Sharing,4,0.4625296,0.00049336266,0.0027069263,0.40010232,0.000327167,0.33255607,0.0129220635,
635_playstation.com,37,Data Security,4,0.027249807,6.9403104e-05,0.29592314,0.2771932,1.9237352e-05,0.032518838,0.0007454596,
635_playstation.com,38,Other/Unclear,4,0.031249097,9.914677e-05,0.0012082658,0.96563613,6.150053e-05,0.035171345,0.0021067637,Other/Unclear
635_playstation.com,39,Other/Unclear|Third-Party Sharing,4,0.06074897,0.00018747414,0.0013078345,0.5744362,0.00031447102,0.46754023,0.008191679,Other/Unclear
635_playstation.com,40,Data Retention,4,0.15568331,0.032396246,0.0044056945,0.16056493,0.0015951011,0.18194859,0.022028426,
635_playstation.com,41,Policy Change,4,0.0022401738,8.228503e-06,6.701377e-05,0.6431108,0.042256266,0.0034759485,0.00288489,Other/Unclear
635_playstation.com,42,Other/Unclear,4,0.015668752,3.275016e-05,0.00019112354,0.95987904,6.6378685e-05,0.006107106,0.013173376,Other/Unclear
635_playstation.com,43,Other/Unclear,4,0.04208537,0.0010099082,0.0047078426,0.948268,0.0011627639,0.029616958,0.062505126,Other/Unclear
640_gamestop.com,0,Data Collection|Other/Unclear,3,0.058032658,2.0297393e-05,0.00045920743,0.95352364,0.0005179225,0.011259698,0.0026146432,Other/Unclear
640_gamestop.com,1,Other/Unclear|User Control & Deletion,3,0.09528533,0.0002332886,0.0027394474,0.77758056,0.002254136,0.0780544,0.02861662,Other/Unclear
640_gamestop.com,2,Other/Unclear,3,0.021697713,5.566149e-06,0.00013001327,0.98893464,1.7562288e-05,0.02075096,0.00086872757,Other/Unclear
640_gamestop.com,3,Data Collection|Data Retention,3,0.7268535,0.00012269769,0.00046987334,0.23480763,4.000265e-05,0.034289394,0.0527113,Data Collection
640_gamestop.com,4,Data Collection,3,0.5385501,0.00011549608,0.001162484,0.32073262,0.00011479604,0.094768316,0.041873645,Data Collection
640_gamestop.com,5,Data Collection|User Control & Deletion,3,0.6280893,4.565373e-05,0.00025735496,0.2552931,5.652722e-05,0.017748473,0.1382053,Data Collection
640_gamestop.com,6,Data Collection,3,0.79762816,8.380791e-06,4.980245e-05,0.2598631,2.555125e-06,0.031219078,0.0031766684,Data Collection
640_gamestop.com,7,Data Collection,3,0.840774,7.5233074e-05,0.0005613716,0.2589474,4.0403964e-05,0.08227135,0.008468524,Data Collection
640_gamestop.com,8,Data Collection|Third-Party Sharing,3,0.705464,1.3524539e-05,0.00011942929,0.19085272,1.0122327e-05,0.33782873,0.0037813305,Data Collection
640_gamestop.com,9,Other/Unclear|Third-Party Sharing,3,0.23761676,0.00018569434,0.0012491042,0.6549044,0.000187199,0.18400556,0.042012736,Other/Unclear
640_gamestop.com,10,Data Collection|Third-Party Sharing,3,0.83252317,3.6670474e-06,2.915414e-05,0.37144423,2.2259062e-06,0.049387805,0.0034367817,Data Collection
640_gamestop.com,11,Data Collection,3,0.97373086,9.989216e-05,0.00047572702,0.074780665,4.118293e-05,0.04585055,0.006810554,Data Collection
640_gamestop.com,12,Data Collection|Other/Unclear,3,0.61564785,0.00022624203,0.0009915399,0.65048707,0.00011120463,0.05649178,0.08078593,Data Collection|Other/Unclear
640_gamestop.com,13,Data Collection,3,0.65363574,2.1236281e-05,0.0002422591,0.18656917,1.3795135e-05,0.105791844,0.004032288,Data Collection
640_gamestop.com,14,Data Collection|Other/Unclear,3,0.9231698,0.00020527159,0.0007916329,0.2943514,9.719232e-05,0.11233535,0.020992106,Data Collection
640_gamestop.com,15,User Control & Deletion,3,0.41713658,0.00030540067,0.0018074787,0.43106356,0.00039347366,0.05384099,0.40828457,
640_gamestop.com,16,Data Collection|Other/Unclear|Third-Party Sharing,3,0.85245544,6.5248532e-06,6.151102e-05,0.32949167,3.7519262e-06,0.05094259,0.020008335,Data Collection
640_gamestop.com,17,Third-Party Sharing,3,0.54022104,0.00021827227,0.0016977565,0.25016955,0.00018204664,0.29967287,0.03318456,Data Collection
640_gamestop.com,18,Third-Party Sharing,3,0.350224,4.1091535e-06,7.43251e-05,0.43625817,2.6755176e-06,0.50742525,0.0023340413,Third-Party Sharing
640_gamestop.com,19,Data Security|Third-Party Sharing,3,0.09926402,2.1727894e-05,0.0043179058,0.2375428,1.3127771e-05,0.87808,0.0027682208,Third-Party Sharing
640_gamestop.com,20,Data Collection|User Control & Deletion,3,0.25832483,7.2493014e-05,0.00041632174,0.49037695,5.7057714e-05,0.04917821,0.3288808,
640_gamestop.com,21,Data Collection|Third-Party Sharing,3,0.07688944,0.00023207051,0.0029449363,0.37868157,0.0014250164,0.8151997,0.015378522,Third-Party Sharing
640_gamestop.com,22,Data Collection|Third-Party Sharing,3,0.06482089,3.1550426e-05,0.00073593744,0.04374285,2.9252287e-05,0.9292562,0.00077288604,Third-Party Sharing
640_gamestop.com,23,Third-Party Sharing|User Control & Deletion,3,0.16644765,0.00023271507,0.0016765046,0.5370014,0.00046689346,0.17258711,0.07120676,Other/Unclear
640_gamestop.com,24,Other/Unclear|Third-Party Sharing,3,0.38754675,5.923912e-05,0.00053479854,0.54640156,4.087576e-05,0.11413542,0.012529944,Other/Unclear
640_gamestop.com,25,Other/Unclear|Third-Party Sharing,3,0.35083693,9.26178e-05,0.0020241989,0.58730525,8.9728586e-05,0.12089698,0.014450292,Other/Unclear
640_gamestop.com,26,Data Collection|Third-Party Sharing,3,0.74519503,0.00015220504,0.0011034969,0.33051604,9.843476e-05,0.20626363,0.012454216,Data Collection
640_gamestop.com,27,Third-Party Sharing,3,0.5301786,0.000610286,0.0033626328,0.4654216,0.00072907005,0.08254365,0.050712626,Data Collection
640_gamestop.com,28,Third-Party Sharing,3,0.8790341,3.590831e-06,4.3694847e-05,0.23979528,2.829123e-06,0.47157624,0.0026941984,Data Collection
640_gamestop.com,29,Data Security|Other/Unclear,3,0.16828372,0.00023036162,0.0019684772,0.8584007,0.0007137189,0.13309136,0.041649897,Other/Unclear
640_gamestop.com,30,Data Collection|Other/Unclear|Third-Party Sharing,3,0.46650532,1.0206378e-05,0.00012840051,0.25882703,1.0634677e-05,0.7052794,0.0106532695,Third-Party Sharing
640_gamestop.com,31,Data Security|Third-Party Sharing,3,0.1628489,0.00086212024,0.53812,0.12545584,0.00057778467,0.13715127,0.009808078,Data Security
640_gamestop.com,32,Data Security|Other/Unclear,3,0.19256327,9.973781e-06,0.0017722079,0.394116,3.849619e-06,0.04051929,0.0049946755,
640_gamestop.com,33,Other/Unclear|User Control & Deletion,3,0.07282688,6.515577e-05,0.00032035337,0.55052716,6.692786e-05,0.0074923085,0.4485417,Other/Unclear
640_gamestop.com,34,Other/Unclear|User Control & Deletion,3,0.03830065,8.935177e-05,0.00069440226,0.9338762,0.000111358306,0.016760286,0.06085285,Other/Unclear
640_gamestop.com,35,Data Retention|User Control & Deletion,3,0.29235598,4.3059325e-05,0.00026879468,0.34195048,2.587383e-05,0.020990634,0.10130938,
640_gamestop.com,36,User Control & Deletion,3,0.15137017,0.00022248724,0.0010981689,0.5979545,0.0003580297,0.025832212,0.6296222,Other/Unclear|User Control & Deletion
640_gamestop.com,37,Other/Unclear,3,0.070567265,0.0002474936,0.0018212039,0.9086185,0.0004086385,0.04084027,0.07929929,Other/Unclear
640_gamestop.com,38,Other/Unclear,3,0.027144553,9.012058e-06,0.00030744803,0.98890513,6.2468735e-06,0.0040213126,0.0007569856,Other/Unclear
640_gamestop.com,39,Other/Unclear,3,0.14639077,0.0002238464,0.0027557062,0.90732884,0.0004106379,0.019803543,0.03945256,Other/Unclear
640_gamestop.com,40,Other/Unclear,3,0.041711774,7.216861e-05,0.0009646378,0.95425415,0.00079651474,0.02005511,0.01936642,Other/Unclear
640_gamestop.com,41,Policy Change,3,0.038966373,1.3557427e-05,0.00015302024,0.8038564,0.0008358304,0.02158104,0.018058814,Other/Unclear
641_cbsinteractive.com,0,Other/Unclear,2,0.10270782,0.0014024571,0.021267015,0.89900875,0.004113459,0.05579856,0.045450095,Other/Unclear
641_cbsinteractive.com,1,Other/Unclear|Policy Change,2,0.035570215,0.0001316164,0.0008632853,0.9111083,0.0026577262,0.01888969,0.033073004,Other/Unclear
641_cbsinteractive.com,2,Other/Unclear,2,0.06496329,0.00063681783,0.004835865,0.94859844,0.0045808763,0.033220004,0.020266267,Other/Unclear
641_cbsinteractive.com,3,Data Collection,2,0.88386565,4.9908773e-05,0.00021671025,0.2380799,2.8755378e-05,0.16747695,0.00326136,Data Collection
641_cbsinteractive.com,4,Data Collection,2,0.883319,5.3907348e-05,0.00019148015,0.14836706,6.292225e-05,0.12890676,0.010136424,Data Collection
641_cbsinteractive.com,5,Third-Party Sharing,2,0.16043626,5.5285047e-05,0.00040567396,0.19484493,3.0560645e-05,0.9082512,0.0018138039,Third-Party Sharing
641_cbsinteractive.com,6,Data Collection|Third-Party Sharing|User Control & Deletion,2,0.12784114,1.6686417e-06,6.7767587e-06,0.36020973,1.3890011e-06,0.09729851,0.114003494,
641_cbsinteractive.com,7,Data Security|Other/Unclear,2,0.0075830626,0.00010309434,0.07951077,0.8682105,0.00022169153,0.01035566,0.005569317,Other/Unclear
641_cbsinteractive.com,8,Other/Unclear,2,0.044870943,0.00018026475,0.00034884512,0.9343262,0.00016680383,0.008497425,0.024648085,Other/Unclear
641_cbsinteractive.com,9,Other/Unclear,2,0.104245834,0.0026366503,0.017729966,0.87880003,0.004217277,0.050317273,0.06998047,Other/Unclear
641_cbsinteractive.com,10,Other/Unclear,2,0.022629594,5.2586995e-05,0.00022417073,0.9808392,3.0567368e-05,0.016419765,0.031627737,Other/Unclear
652_randomhouse.com,0,Other/Unclear,2,0.03874937,0.0013998565,0.004457001,0.92052656,0.113527395,0.01620815,0.016368242,Other/Unclear
652_randomhouse.com,1,Other/Unclear|Policy Change|User Control & Deletion,2,0.008417846,2.185926e-06,2.5917805e-05,0.93473566,0.00042783684,0.0042389343,0.002942855,Other/Unclear
652_randomhouse.com,2,Other/Unclear,2,0.020868894,3.7595862e-06,4.0891868e-05,0.9207891,1.3031827e-05,0.04416555,0.004903945,Other/Unclear
652_randomhouse.com,3,Data Collection,2,0.9605169,8.0099235e-06,5.8282723e-05,0.16881832,3.2351338e-06,0.059241023,0.00081406755,Data Collection
652_randomhouse.com,4,Data Collection,2,0.88688964,2.3387789e-05,5.7885336e-05,0.17301218,7.0568976e-06,0.076251194,0.010484795,Data Collection
652_randomhouse.com,5,Data Collection|Third-Party Sharing,2,0.79891914,1.9616968e-05,0.00021528099,0.31057945,8.491215e-06,0.21053013,0.0019995924,Data Collection
652_randomhouse.com,6,Data Collection,2,0.9718658,0.00027072913,0.00066322956,0.06789365,0.00010606278,0.04053718,0.008072271,Data Collection
652_randomhouse.com,7,Data Collection,2,0.9297719,0.00076073356,0.0019790377,0.098969355,0.00063966756,0.08864868,0.015218674,Data Collection
652_randomhouse.com,8,Data Collection|User Control & Deletion,2,0.92760676,0.002017605,0.001442242,0.1382806,0.00029881753,0.05497151,0.057187043,Data Collection
652_randomhouse.com,9,Data Collection,2,0.8685164,6.604124e-05,0.00020839651,0.13881074,3.273426e-05,0.03968705,0.055059943,Data Collection
652_randomhouse.com,10,Data Collection|Other/Unclear|User Control & Deletion,2,0.6541099,9.34009e-05,0.00046028232,0.5558645,5.2418713e-05,0.057153203,0.18132177,Data Collection|Other/Unclear
652_randomhouse.com,11,Data Collection,2,0.9169822,0.00011124856,0.00043348633,0.15625627,7.907452e-05,0.17154925,0.0067606694,Data Collection
652_randomhouse.com,12,Data Collection|Data Security|Other/Unclear|Third-Party Sharing,2,0.3550577,2.3838847e-07,3.925392e-06,0.48788074,1.7574732e-07,0.5012834,0.0025139234,Third-Party Sharing
652_randomhouse.com,13,Data Collection|Other/Unclear,2,0.1555929,2.5325551e-05,0.00013390086,0.8276262,2.8171129e-05,0.106491424,0.013633921,Other/Unclear
652_randomhouse.com,14,Data Collection,2,0.87503976,0.00017057692,0.0004742898,0.20718856,7.9345344e-05,0.17098801,0.0071756043,Data Collection
652_randomhouse.com,15,Data Collection,2,0.86744255,7.935745e-05,0.00046528413,0.3088416,6.3950516e-05,0.067484885,0.003667183,Data Collection
652_randomhouse.com,16,Data Collection,2,0.94984543,2.2830458e-05,6.463064e-05,0.100663505,3.235924e-05,0.2056425,0.0027989035,Data Collection
652_randomhouse.com,17,Data Collection|Other/Unclear,2,0.6907665,0.00012219035,0.0009029621,0.37273523,8.7748034e-05,0.100373,0.0077730864,Data Collection
652_randomhouse.com,18,Third-Party Sharing,2,0.064466156,1.9331435e-05,0.00027065238,0.31583259,2.2129816e-05,0.8420004,0.0030217231,Third-Party Sharing
652_randomhouse.com,19,Data Security|Third-Party Sharing,2,0.06669376,0.00010230996,0.018065415,0.17600746,3.353451e-05,0.8270455,0.0036092072,Third-Party Sharing
652_randomhouse.com,20,Other/Unclear|Third-Party Sharing,2,0.06356154,8.064804e-06,5.0785566e-05,0.7143313,9.566919e-06,0.27893636,0.009197706,Other/Unclear
652_randomhouse.com,21,Other/Unclear|Third-Party Sharing,2,0.019541023,4.454889e-06,0.00020510104,0.8150163,8.541791e-06,0.05770185,0.002440376,Other/Unclear
652_randomhouse.com,22,Third-Party Sharing,2,0.22149202,0.00090802426,0.004067215,0.2981984,0.0005987368,0.67384815,0.016437408,Third-Party Sharing
652_randomhouse.com,23,Third-Party Sharing,2,0.059134934,6.2420266e-05,0.00037052133,0.029789766,2.7637174e-05,0.95460355,0.00073250046,Third-Party Sharing
652_randomhouse.com,24,Other/Unclear|Third-Party Sharing,2,0.11239598,0.00040127046,0.0030664399,0.42197466,0.00066863565,0.4440951,0.0068014706,
652_randomhouse.com,25,Data Collection|Other/Unclear|User Control & Deletion,2,0.30318892,1.0216417e-05,9.3489965e-05,0.72003645,6.4659143e-06,0.1690903,0.006666105,Other/Unclear
652_randomhouse.com,26,Data Collection|Data Retention|User Control & Deletion,2,0.6718792,0.00012057088,0.0004617025,0.39325318,8.3952924e-05,0.11415423,0.03234766,Data Collection
652_randomhouse.com,27,Data Collection|Other/Unclear,2,0.02094083,3.566073e-05,0.00036951943,0.99872035,9.303434e-05,0.0034119384,0.0010655033,Other/Unclear
652_randomhouse.com,28,Data Collection|Other/Unclear,2,0.5596838,1.0535025e-05,8.1572376e-05,0.55566597,9.900023e-06,0.06142488,0.002300598,Data Collection|Other/Unclear
652_randomhouse.com,29,Data Collection|Data Retention|Other/Unclear,2,0.50090486,0.00045454694,0.0008941295,0.5261941,0.00013625239,0.10935071,0.031868435,Data Collection|Other/Unclear
652_randomhouse.com,30,Data Collection|Data Retention|Other/Unclear,2,0.78373814,0.002080385,0.0031099308,0.24055679,0.0004147092,0.11750985,0.05512891,Data Collection
652_randomhouse.com,31,Data Collection|Data Retention|Other/Unclear|User Control & Deletion,2,0.5332319,0.00028694794,0.00033346354,0.5268894,0.00010846571,0.027238477,0.22540182,Data Collection|Other/Unclear
652_randomhouse.com,32,Data Collection|Data Retention|Other/Unclear,2,0.6234398,0.00037715273,0.0010432069,0.59633446,0.0002392969,0.11201267,0.03879984,Data Collection|Other/Unclear
652_randomhouse.com,33,Data Collection|Other/Unclear,2,0.9214795,2.257197e-05,7.525484e-05,0.41989997,8.925296e-06,0.07681418,0.002996157,Data Collection
652_randomhouse.com,34,Other/Unclear|Third-Party Sharing,2,0.055368904,3.787477e-05,0.000649737,0.28852805,1.672328e-05,0.8544502,0.0029701488,Third-Party Sharing
652_randomhouse.com,35,Other/Unclear|User Control & Deletion,2,0.027977033,7.90167e-05,0.00030250396,0.9583044,9.6189775e-05,0.010741246,0.074540384,Other/Unclear
652_randomhouse.com,36,Data Security|Other/Unclear,2,0.019438226,0.00012067012,0.11364939,0.61608964,9.237319e-05,0.06354129,0.0037530554,Other/Unclear
652_randomhouse.com,37,Other/Unclear|Third-Party Sharing,2,0.016391724,2.6960979e-05,0.00039620767,0.97302496,4.870654e-05,0.27071476,0.003947637,Other/Unclear
652_randomhouse.com,38,Other/Unclear|Third-Party Sharing,2,0.17266817,0.00019291184,0.0010396313,0.8527845,0.00013866418,0.32286325,0.012337847,Other/Unclear
652_randomhouse.com,39,Data Security|Other/Unclear,2,0.019008912,4.918735e-05,0.0009401876,0.93570393,9.2075075e-05,0.04609514,0.0030202721,Other/Unclear
652_randomhouse.com,40,Other/Unclear|Third-Party Sharing,2,0.015028835,1.5661071e-05,0.00029561564,0.42276302,9.796681e-05,0.23167585,0.0025519005,
652_randomhouse.com,41,Other/Unclear,2,0.014098369,2.9041445e-05,0.00021345538,0.9710164,2.851265e-05,0.03555812,0.003353878,Other/Unclear
652_randomhouse.com,42,Policy Change,2,0.014991338,2.359557e-05,0.00017734536,0.64774454,0.0036033501,0.019287277,0.0036150285,Other/Unclear
652_randomhouse.com,43,Other/Unclear|User Control & Deletion,2,0.05952893,2.2281076e-05,4.154987e-05,0.5892851,1.2129287e-05,0.0108268205,0.7611864,Other/Unclear|User Control & Deletion
652_randomhouse.com,44,Other/Unclear|User Control & Deletion,2,0.012655175,0.00020483282,0.0008259351,0.98078334,0.00019820877,0.048862945,0.10721608,Other/Unclear
676_restaurantnews.com,0,Other/Unclear,0,0.115065,0.0025145565,0.020435484,0.83709997,0.016401373,0.11453239,0.06293589,Other/Unclear
676_restaurantnews.com,1,Other/Unclear,0,0.16079834,5.8997528e-05,0.00095026783,0.780707,0.00010295113,0.023968494,0.0077004777,Other/Unclear
676_restaurantnews.com,2,Third-Party Sharing,0,0.5176431,0.00011422075,0.0010305203,0.6072864,0.00019052425,0.37293974,0.008965994,Data Collection|Other/Unclear
676_restaurantnews.com,3,Other/Unclear|User Control & Deletion,0,0.09104382,4.9094026e-05,0.00036497173,0.8742531,0.00014882903,0.08913949,0.06606408,Other/Unclear
676_restaurantnews.com,4,Other/Unclear|Third-Party Sharing,0,0.17145458,4.459043e-05,0.00047341766,0.6850225,4.181271e-05,0.6511338,0.006668871,Other/Unclear|Third-Party Sharing
676_restaurantnews.com,5,Data Collection,0,0.9490526,0.00023333321,0.00052762905,0.15153915,5.30038e-05,0.084705554,0.0055986526,Data Collection
676_restaurantnews.com,6,Other/Unclear,0,0.02220536,2.3996794e-05,0.0006100063,0.9844674,4.279704e-05,0.16412397,0.0022568766,Other/Unclear
676_restaurantnews.com,7,Policy Change,0,0.07067683,0.000849456,0.003434475,0.7223743,0.020183554,0.05000177,0.044184603,Other/Unclear
676_restaurantnews.com,8,Other/Unclear,0,0.021981366,8.9372385e-05,0.000592374,0.98127854,0.00019755149,0.011191954,0.028636616,Other/Unclear
676_restaurantnews.com,9,Other/Unclear,0,0.044851463,0.0039514345,0.009250065,0.89060307,0.3309804,0.0216446,0.018145185,Other/Unclear
70_meredith.com,0,Other/Unclear,4,0.039133485,0.006437882,0.016794715,0.94430584,0.07251182,0.035302017,0.032829065,Other/Unclear
70_meredith.com,1,Other/Unclear,4,0.12944512,1.7849172e-05,0.00023471526,0.737523,8.029085e-05,0.049851093,0.003527596,Other/Unclear
70_meredith.com,2,Other/Unclear,4,0.1824288,9.651858e-05,0.00069564406,0.85651153,0.00054734346,0.037101496,0.008766591,Other/Unclear
70_meredith.com,3,Other/Unclear|User Control & Deletion,4,0.0062955716,5.535164e-06,3.1362604e-05,0.9849786,5.5794308e-06,0.01464004,0.0426385,Other/Unclear
70_meredith.com,4,Other/Unclear,4,0.17316571,6.933802e-05,0.000581235,0.9730636,9.3038e-05,0.00657714,0.0066128788,Other/Unclear
70_meredith.com,5,Data Collection,4,0.9125723,7.906634e-06,5.1803214e-05,0.19943604,2.2569022e-06,0.044180915,0.002140225,Data Collection
70_meredith.com,6,Data Collection,4,0.91142327,5.1383002e-05,0.00024604736,0.1486211,3.2032032e-05,0.13142104,0.0069150454,Data Collection
70_meredith.com,7,Third-Party Sharing,4,0.08928424,4.649116e-06,4.813192e-05,0.11611187,5.990519e-06,0.8968065,0.00050753873,Third-Party Sharing
70_meredith.com,8,Other/Unclear|Third-Party Sharing|User Control & Deletion,4,0.043859776,3.4615643e-06,2.6777632e-05,0.713514,3.3236197e-06,0.034511227,0.24920905,Other/Unclear
70_meredith.com,9,Data Security|Other/Unclear,4,0.005780134,7.2852374e-05,0.02315738,0.93903756,0.00018138834,0.0060110623,0.0064040846,Other/Unclear
70_meredith.com,10,Other/Unclear,4,0.023054637,0.0007562276,0.0033194385,0.9679913,0.024096774,0.011032164,0.011284753,Other/Unclear
70_meredith.com,11,Other/Unclear,4,0.08877932,4.8518e-05,0.000608959,0.94454354,0.00022300439,0.012782629,0.005611171,Other/Unclear
70_meredith.com,12,Other/Unclear,4,0.12991156,0.00018627627,0.0015791263,0.8382808,0.0010221454,0.021337062,0.022596693,Other/Unclear
70_meredith.com,13,Other/Unclear,4,0.04937216,8.181203e-06,6.122115e-05,0.92327136,3.8294806e-05,0.0036289198,0.004367333,Other/Unclear
70_meredith.com,14,Other/Unclear,4,0.0072230264,6.638382e-05,0.00034474282,0.99299794,0.00025934598,0.0036668235,0.0184382,Other/Unclear
70_meredith.com,15,Other/Unclear,4,0.36143795,1.7542146e-05,0.00019018607,0.91693866,1.409881e-05,0.008080649,0.0020308932,Other/Unclear
70_meredith.com,16,Data Collection|Other/Unclear|Third-Party Sharing,4,0.69908494,8.1845365e-06,8.211843e-05,0.52019244,3.8420444e-06,0.13620386,0.0015980914,Data Collection|Other/Unclear
70_meredith.com,17,Data Collection|Other/Unclear|Third-Party Sharing|User Control & Deletion,4,0.9583362,9.95363e-06,1.4839707e-05,0.087714925,9.961194e-07,0.017134361,0.007009111,Data Collection
70_meredith.com,18,Data Collection|Other/Unclear|Third-Party Sharing,4,0.48860464,4.624952e-06,2.2318796e-05,0.48901886,3.5718247e-06,0.29128397,0.0021379387,
70_meredith.com,19,Data Collection|Other/Unclear|Third-Party Sharing,4,0.7773427,0.00029453746,0.0017920068,0.25636265,0.00010158122,0.10029561,0.0064402255,Data Collection
70_meredith.com,20,Data Collection|Third-Party Sharing,4,0.3658264,0.00226227,0.0077859643,0.6075213,0.002003895,0.26288146,0.043755993,Other/Unclear
70_meredith.com,21,Data Collection|Third-Party Sharing,4,0.68045294,0.0009804531,0.0030670997,0.3237426,0.0005008047,0.150504,0.02180819,Data Collection
70_meredith.com,22,Data Collection|Third-Party Sharing,4,0.59181136,0.00044291656,0.0017706485,0.6229884,0.00045242725,0.070870295,0.030189255,Data Collection|Other/Unclear
70_meredith.com,23,Data Collection|Third-Party Sharing,4,0.53228676,0.0036242558,0.007513009,0.40809506,0.004096509,0.099223204,0.06589337,Data Collection
70_meredith.com,24,Data Collection|Third-Party Sharing,4,0.8976879,0.00060644856,0.0019059014,0.1804104,0.0002714608,0.08794182,0.012278288,Data Collection
70_meredith.com,25,Data Collection|Third-Party Sharing,4,0.6217289,0.0028106873,0.0055630216,0.35114774,0.0023821,0.12562755,0.03641775,Data Collection
70_meredith.com,26,Data Collection|Third-Party Sharing,4,0.59138584,0.0019960636,0.009440016,0.35053137,0.0012442543,0.12636384,0.026610967,Data Collection
70_meredith.com,27,Data Collection|Third-Party Sharing,4,0.779087,0.010546951,0.030886572,0.3245508,0.00901598,0.09201838,0.06856646,Data Collection
70_meredith.com,28,Data Collection|Third-Party Sharing,4,0.5786751,0.016083747,0.06321987,0.4073432,0.010647507,0.18429647,0.08064746,Data Collection
70_meredith.com,29,Data Collection|Third-Party Sharing,4,0.58304244,0.00029255272,0.0014000578,0.529615,0.0005585871,0.16865191,0.025626661,Data Collection|Other/Unclear
70_meredith.com,30,Data Collection|Other/Unclear|Third-Party Sharing|User Control & Deletion,4,0.78673327,1.6048651e-06,1.4554325e-05,0.23977797,9.324373e-07,0.038617708,0.022484161,Data Collection
70_meredith.com,31,Other/Unclear,4,0.9368158,0.00042312167,0.00083593663,0.22642873,0.00032292356,0.09881764,0.013802269,Data Collection
70_meredith.com,32,Data Collection|Other/Unclear|User Control & Deletion,4,0.92111313,7.100961e-05,0.0004131877,0.14099278,2.0470126e-05,0.039444685,0.010209175,Data Collection
70_meredith.com,33,Other/Unclear|Third-Party Sharing,4,0.22471315,1.0897416e-05,0.00013555105,0.7145274,1.4093764e-05,0.1972682,0.006644429,Other/Unclear
70_meredith.com,34,Other/Unclear|Third-Party Sharing|User Control & Deletion,4,0.31626573,6.671441e-06,5.4073887e-05,0.70776016,5.5505534e-06,0.12983787,0.0040837885,Other/Unclear
70_meredith.com,35,Data Collection|Other/Unclear,4,0.95981795,4.8161044e-05,0.0001917835,0.23969695,1.701531e-05,0.16601665,0.002193592,Data Collection
70_meredith.com,36,Data Collection,4,0.72893006,4.8327005e-05,0.0003420575,0.18683657,2.1859312e-05,0.19587858,0.0025516422,Data Collection
70_meredith.com,37,Data Collection|Other/Unclear|Third-Party Sharing,4,0.53135747,0.0003559566,0.0029640058,0.38423342,0.00015907585,0.4989146,0.012473724,Data Collection
70_meredith.com,38,Data Collection|Third-Party Sharing,4,0.81803745,0.0010344064,0.0023669088,0.2573636,0.00057709485,0.103394985,0.01902657,Data Collection
70_meredith.com,39,Data Collection|Third-Party Sharing,4,0.8890783,0.00097213034,0.0026016978,0.06887027,0.0005019678,0.097802095,0.016658716,Data Collection
70_meredith.com,40,Data Collection|Third-Party Sharing,4,0.5007377,0.00054438575,0.003071357,0.47934493,0.00047450434,0.056663398,0.055715732,Data Collection
70_meredith.com,41,Data Collection|Third-Party Sharing,4,0.8995108,0.0027650655,0.006194159,0.34696972,0.0020289612,0.27169302,0.04635094,Data Collection
70_meredith.com,42,Data Collection|Third-Party Sharing,4,0.38438138,0.0035420498,0.010969642,0.61770517,0.004439373,0.2672973,0.046943553,Other/Unclear
70_meredith.com,43,Data Collection|Third-Party Sharing,4,0.54223377,0.0014814055,0.0071700327,0.32277083,0.0013930775,0.23320906,0.07193068,Data Collection
70_meredith.com,44,Data Collection|Third-Party Sharing,4,0.33165294,0.0007245506,0.0023965954,0.38426802,0.00039605514,0.42815846,0.0359688,
70_meredith.com,45,Data Collection|Third-Party Sharing,4,0.5488666,0.0004787481,0.0021294493,0.44103432,0.00039008673,0.32311887,0.03788498,Data Collection
70_meredith.com,46,Data Collection|Third-Party Sharing,4,0.9222141,0.002232242,0.0052673942,0.103059314,0.0016564416,0.34969887,0.023367515,Data Collection
70_meredith.com,47,Data Collection|Third-Party Sharing,4,0.61575645,0.016747337,0.038428377,0.29273844,0.013117573,0.40766704,0.07374748,Data Collection
70_meredith.com,48,Data Collection|Third-Party Sharing,4,0.27347684,0.0015155368,0.0049363966,0.672936,0.0018310249,0.1158731,0.10919183,Other/Unclear
70_meredith.com,49,Data Collection|Third-Party Sharing,4,0.2572708,0.008789723,0.015111186,0.1897663,0.0036978421,0.4213215,0.03210955,
70_meredith.com,50,Data Collection|Third-Party Sharing,4,0.3507616,0.00030903477,0.0016307435,0.43411848,0.00029101287,0.2765466,0.01862409,
70_meredith.com,51,Other/Unclear|Third-Party Sharing,4,0.30180392,3.371167e-06,4.0350147e-05,0.36278033,2.3277873e-06,0.54484594,0.0009145743,Third-Party Sharing
70_meredith.com,52,Data Security|Other/Unclear|Third-Party Sharing,4,0.7576211,2.289382e-05,0.00012419556,0.19052999,4.7799863e-06,0.5254438,0.004564726,Data Collection|Third-Party Sharing
70_meredith.com,53,Third-Party Sharing|User Control & Deletion,4,0.17346472,1.1375329e-05,5.072477e-05,0.38697714,7.789737e-06,0.49245068,0.00674259,
70_meredith.com,54,Third-Party Sharing|User Control & Deletion,4,0.48945054,0.00010570459,0.00048432098,0.4939736,5.408397e-05,0.25784996,0.030223778,
70_meredith.com,55,Third-Party Sharing,4,0.55326277,5.6796725e-06,0.00013695836,0.24179457,3.7371804e-06,0.53394234,0.0009209332,Data Collection|Third-Party Sharing
70_meredith.com,56,Data Collection|Other/Unclear|Third-Party Sharing,4,0.75744444,2.2769958e-05,0.00015048709,0.23774546,1.1022534e-05,0.67645955,0.0011110404,Data Collection|Third-Party Sharing
70_meredith.com,57,Other/Unclear|Third-Party Sharing,4,0.1479152,0.0003228348,0.0037712294,0.7888056,0.00013787087,0.31589863,0.0072934297,Other/Unclear
70_meredith.com,58,Third-Party Sharing,4,0.08535282,2.1781889e-05,0.00015894622,0.07761997,2.410551e-05,0.90144795,0.00061713264,Third-Party Sharing
70_meredith.com,59,Third-Party Sharing|User Control & Deletion,4,0.07869957,0.00012414594,0.00033508978,0.86061454,5.899227e-05,0.13942352,0.13974074,Other/Unclear
70_meredith.com,60,Data Collection|User Control & Deletion,4,0.036270615,9.350477e-05,0.0003265422,0.7071161,7.317639e-05,0.021193657,0.7918052,Other/Unclear|User Control & Deletion
70_meredith.com,61,Other/Unclear|User Control & Deletion,4,0.054837212,4.830802e-06,0.0001170522,0.7849718,5.8531987e-06,0.044320256,0.094672024,Other/Unclear
70_meredith.com,62,Other/Unclear|User Control & Deletion,4,0.07739344,6.9599555e-05,0.0005495347,0.7994717,0.00011075972,0.16039288,0.1973016,Other/Unclear
70_meredith.com,63,Other/Unclear|Third-Party Sharing,4,0.24348724,0.00027162355,0.0011706881,0.65325874,0.0003561623,0.14377142,0.04634221,Other/Unclear
70_meredith.com,64,Other/Unclear,4,0.04111517,0.00025168262,0.0012450909,0.92576706,0.00038720848,0.04746991,0.04819265,Other/Unclear
70_meredith.com,65,Other/Unclear,4,0.17464752,0.000114698116,0.0014351144,0.72935504,0.000115030685,0.20501119,0.0060379817,Other/Unclear
70_meredith.com,66,Other/Unclear|User Control & Deletion,4,0.124658905,8.410884e-05,0.00028172816,0.6104951,4.236077e-05,0.007842927,0.17744054,Other/Unclear
70_meredith.com,67,Data Security|Other/Unclear,4,0.04153182,0.00012274334,0.13888119,0.2830327,6.461937e-05,0.011287257,0.0029950363,
70_meredith.com,68,Data Collection|Third-Party Sharing,4,0.07822938,7.3114556e-05,0.0004709108,0.7860078,4.155088e-05,0.11942206,0.0063557397,Other/Unclear
70_meredith.com,69,Other/Unclear,4,0.0057493728,4.895049e-06,2.8588851e-05,0.9832425,4.7937683e-06,0.014450419,0.043708924,Other/Unclear
70_meredith.com,70,Policy Change,4,0.01676513,0.00033585043,0.0013519189,0.71462125,0.07792174,0.010929659,0.023331728,Other/Unclear
744_minecraft.gamepedia.com,0,Other/Unclear|Policy Change,0,0.044396285,1.9760894e-06,8.107531e-05,0.89759636,1.4470805e-05,0.009027152,0.0017824232,Other/Unclear
744_minecraft.gamepedia.com,1,Data Collection,0,0.65288204,9.7740285e-06,8.583823e-05,0.44935676,6.391128e-06,0.023051515,0.014854619,Data Collection
744_minecraft.gamepedia.com,2,Data Collection,0,0.9069349,0.00020434296,0.00063509966,0.22995721,8.638957e-05,0.13567269,0.024135765,Data Collection
744_minecraft.gamepedia.com,3,Data Collection|Third-Party Sharing,0,0.91188234,3.0244744e-05,0.00019577409,0.10461521,5.881993e-06,0.064121895,0.011745234,Data Collection
744_minecraft.gamepedia.com,4,Data Collection,0,0.89986134,0.00030735997,0.0011492469,0.21006882,0.00017033063,0.15057701,0.016032178,Data Collection
744_minecraft.gamepedia.com,5,Data Collection,0,0.90245503,4.3870205e-06,3.0079374e-05,0.12800057,1.6415971e-06,0.047127813,0.002077716,Data Collection
744_minecraft.gamepedia.com,6,Data Collection|Third-Party Sharing,0,0.9022143,3.417976e-06,2.4113471e-05,0.26634258,8.731841e-07,0.12257485,0.0027622294,Data Collection
744_minecraft.gamepedia.com,7,Data Collection,0,0.98318976,8.242135e-05,0.00022777871,0.048411153,2.2569386e-05,0.029551923,0.0029223196,Data Collection
744_minecraft.gamepedia.com,8,Data Collection|Other/Unclear,0,0.15710574,0.00069317664,0.005047852,0.9863243,0.0008614887,0.011568208,0.012225872,Other/Unclear
744_minecraft.gamepedia.com,9,Third-Party Sharing,0,0.4535208,2.069177e-05,0.0001528991,0.16132501,1.1649147e-05,0.7962036,0.0029256993,Third-Party Sharing
744_minecraft.gamepedia.com,10,Third-Party Sharing,0,0.045269847,9.054443e-05,0.00079150207,0.033507105,4.1474672e-05,0.9248149,0.0010388272,Third-Party Sharing
744_minecraft.gamepedia.com,11,Third-Party Sharing,0,0.12890087,0.00016831717,0.0009749689,0.2065268,0.0006279685,0.40541747,0.009845913,
744_minecraft.gamepedia.com,12,Data Security|Third-Party Sharing,0,0.10785125,2.9276101e-05,0.001994202,0.1480099,1.535491e-05,0.7769126,0.0016116955,Third-Party Sharing
744_minecraft.gamepedia.com,13,Other/Unclear|Third-Party Sharing|User Control & Deletion,0,0.085607156,9.30273e-06,6.668949e-05,0.6181973,3.7121793e-06,0.34258282,0.0423975,Other/Unclear
744_minecraft.gamepedia.com,14,Other/Unclear,0,0.009351846,4.273066e-06,0.00015632292,0.98720324,8.650362e-06,0.118267514,0.002379568,Other/Unclear
744_minecraft.gamepedia.com,15,Other/Unclear,0,0.089145936,0.00010361077,0.0011928837,0.86474144,0.00019667698,0.17366964,0.013122945,Other/Unclear
744_minecraft.gamepedia.com,16,Other/Unclear|Third-Party Sharing,0,0.28332704,0.0004998412,0.0043303184,0.72899455,0.00040042683,0.24001768,0.048735116,Other/Unclear
744_minecraft.gamepedia.com,17,Third-Party Sharing|User Control & Deletion,0,0.23686607,3.8312314e-06,5.7371202e-05,0.67922634,3.708966e-06,0.5787508,0.008253613,Other/Unclear|Third-Party Sharing
744_minecraft.gamepedia.com,18,Data Retention|User Control & Deletion,0,0.1484683,0.000947644,0.0008704084,0.4139721,0.00013347898,0.018387165,0.31855065,
744_minecraft.gamepedia.com,19,User Control & Deletion,0,0.064090304,2.1471935e-05,8.2719846e-05,0.70015126,1.0017332e-05,0.015310781,0.67131877,Other/Unclear|User Control & Deletion
744_minecraft.gamepedia.com,20,Other/Unclear,0,0.02707266,0.00036698388,0.0015110741,0.8912284,0.0003278548,0.07694741,0.04335084,Other/Unclear
744_minecraft.gamepedia.com,21,Other/Unclear,0,0.027981963,0.00060622115,0.00424426,0.93163735,0.0010880703,0.04126233,0.034561113,Other/Unclear
744_minecraft.gamepedia.com,22,Data Security,0,0.014581444,1.0565736e-05,0.18719546,0.2671092,3.9940346e-06,0.012746224,0.0006395844,
744_minecraft.gamepedia.com,23,Other/Unclear,0,0.0076548588,0.0019118537,0.060459282,0.99072844,0.0018166024,0.011149312,0.017517364,Other/Unclear
744_minecraft.gamepedia.com,24,Policy Change,0,0.023838654,0.00033547747,0.001394049,0.49085063,0.13014536,0.015505399,0.022834547,
744_minecraft.gamepedia.com,25,Other/Unclear,0,0.0054395627,3.146935e-05,0.0001833622,0.9913719,0.00016611179,0.0033626636,0.009736421,Other/Unclear
745_eatchicken.com,0,Other/Unclear,0,0.040878642,0.0004912176,0.005437164,0.9102354,0.012739435,0.053428356,0.019609002,Other/Unclear
745_eatchicken.com,1,Data Collection,0,0.9149562,3.663199e-05,0.00014326752,0.40275997,1.17197915e-05,0.07372193,0.004608176,Data Collection
745_eatchicken.com,2,Other/Unclear,0,0.19237626,0.006780006,0.03593344,0.74277204,0.0057282257,0.2183275,0.0974197,Other/Unclear
745_eatchicken.com,3,Other/Unclear,0,0.17164251,0.00025504982,0.0042511215,0.83168983,0.000154945,0.1824945,0.0054182895,Other/Unclear
746_kraftrecipes.com,0,Other/Unclear|Policy Change,0,0.17395815,1.600366e-05,0.00013025873,0.8563129,5.1088733e-05,0.030279227,0.0015359501,Other/Unclear
746_kraftrecipes.com,1,Data Collection,0,0.94792795,3.0445158e-06,1.7571052e-05,0.16796179,1.0894506e-06,0.041369732,0.0043082037,Data Collection
746_kraftrecipes.com,2,Data Collection,0,0.86929345,0.0002359959,0.00068304787,0.17774661,0.00011833081,0.069878764,0.06003413,Data Collection
746_kraftrecipes.com,3,Data Collection,0,0.72462004,8.8203e-05,0.00029640298,0.4355777,8.148241e-05,0.1250402,0.008664123,Data Collection
746_kraftrecipes.com,4,Data Collection|User Control & Deletion,0,0.83376104,0.00034414988,0.0006241639,0.22231987,7.945265e-05,0.05327553,0.041466326,Data Collection
746_kraftrecipes.com,5,Data Collection,0,0.79144156,0.00037506068,0.0007844263,0.25667116,0.0001458895,0.08946816,0.051601812,Data Collection
746_kraftrecipes.com,6,Data Collection|Other/Unclear|Third-Party Sharing,0,0.64561164,9.88658e-06,7.9890204e-05,0.47600874,5.712757e-06,0.14088961,0.0051065236,Data Collection
746_kraftrecipes.com,7,Data Collection,0,0.9277738,0.00018542788,0.0006042803,0.1266585,7.559731e-05,0.13886826,0.007206034,Data Collection
746_kraftrecipes.com,8,Data Collection|Other/Unclear|User Control & Deletion,0,0.7085615,4.9780934e-05,9.385536e-05,0.4994308,1.2019319e-05,0.017450415,0.011329234,Data Collection
746_kraftrecipes.com,9,Data Collection,0,0.8242464,0.0014620379,0.004212527,0.18247019,0.0004856869,0.10641094,0.03663304,Data Collection
746_kraftrecipes.com,10,Data Collection|Data Retention|User Control & Deletion,0,0.9092773,0.000804109,0.000683427,0.21437158,0.00014008651,0.05201893,0.055793572,Data Collection
746_kraftrecipes.com,11,Data Collection,0,0.6272881,0.00011008171,0.00046544653,0.20673722,0.0002077441,0.09832908,0.017937103,Data Collection
746_kraftrecipes.com,12,Data Collection,0,0.87806004,0.0016125207,0.0063845995,0.21404882,0.0015515285,0.27562952,0.022980034,Data Collection
746_kraftrecipes.com,13,Data Collection,0,0.9931917,2.8369598e-06,1.3755109e-05,0.07435357,9.5157776e-07,0.07584723,0.00044647997,Data Collection
746_kraftrecipes.com,14,Third-Party Sharing,0,0.92243826,4.3694267e-06,3.136105e-05,0.18466671,2.5371635e-06,0.53687966,0.0026800581,Data Collection|Third-Party Sharing
746_kraftrecipes.com,15,Other/Unclear|User Control & Deletion,0,0.21512608,2.0332582e-05,0.00011368642,0.7134635,1.4067731e-05,0.021152196,0.34704515,Other/Unclear
746_kraftrecipes.com,16,Data Collection,0,0.9643015,3.5145753e-05,0.0002048285,0.20232624,1.4662708e-05,0.10294666,0.0019828822,Data Collection
746_kraftrecipes.com,17,Data Collection|Other/Unclear,0,0.8206402,8.470192e-07,7.5639714e-06,0.24865012,7.1168205e-07,0.04109996,0.0005845828,Data Collection
746_kraftrecipes.com,18,Other/Unclear|Third-Party Sharing,0,0.034638412,1.0121639e-05,9.135299e-05,0.7832194,8.667377e-06,0.5149708,0.011032199,Other/Unclear|Third-Party Sharing
746_kraftrecipes.com,19,Data Security|Third-Party Sharing,0,0.100463025,2.230766e-05,0.00068794127,0.029077679,3.4591644e-06,0.97113824,0.0005178761,Third-Party Sharing
746_kraftrecipes.com,20,Third-Party Sharing|User Control & Deletion,0,0.33691758,2.5326851e-06,1.9598385e-05,0.3403743,1.2896018e-06,0.45855576,0.02155886,
746_kraftrecipes.com,21,Third-Party Sharing|User Control & Deletion,0,0.30074677,0.0001109803,0.00042757383,0.21218202,3.49762e-05,0.83804524,0.006896329,Third-Party Sharing
746_kraftrecipes.com,22,Other/Unclear|Third-Party Sharing,0,0.043055736,5.2035706e-05,0.0009519194,0.27719587,5.1179257e-05,0.6871437,0.0042773397,Third-Party Sharing
746_kraftrecipes.com,23,Other/Unclear|Third-Party Sharing,0,0.02552572,3.4670273e-05,0.00019822789,0.9195953,2.3027203e-05,0.17850925,0.058405284,Other/Unclear
746_kraftrecipes.com,24,Other/Unclear,0,0.015409467,3.401968e-05,0.0007098433,0.9848747,7.348132e-05,0.09190849,0.0018593353,Other/Unclear
746_kraftrecipes.com,25,User Control & Deletion,0,0.12778391,3.162964e-05,0.00012109246,0.51878905,2.8460616e-05,0.018332025,0.38576207,Other/Unclear
746_kraftrecipes.com,26,Data Retention|Other/Unclear|User Control & Deletion,0,0.33172762,0.00021111782,0.0006607015,0.55977476,9.1591086e-05,0.08696878,0.07914093,Other/Unclear
746_kraftrecipes.com,27,Other/Unclear,0,0.25991794,7.2486786e-05,0.00037407575,0.9913156,5.9000697e-05,0.0069782953,0.0020471832,Other/Unclear
746_kraftrecipes.com,28,Data Security|Other/Unclear,0,0.018149542,0.00026881855,0.5466275,0.18335275,0.00010116126,0.014010941,0.0017397637,Data Security
746_kraftrecipes.com,29,Policy Change,0,0.028810706,0.0003175711,0.0009071958,0.67266387,0.041768145,0.012337705,0.04418672,Other/Unclear
746_kraftrecipes.com,30,Other/Unclear,0,0.021608654,9.5105264e-05,0.00040077424,0.97863597,0.00020667599,0.0068930406,0.027253555,Other/Unclear
746_kraftrecipes.com,31,Other/Unclear,0,0.2545058,0.018779334,0.05660025,0.71787333,0.024425989,0.19512868,0.25133643,Other/Unclear
760_si.edu,0,Other/Unclear,2,0.15424928,0.006816108,0.039200794,0.7974225,0.038501203,0.09669058,0.09870892,Other/Unclear
760_si.edu,1,Data Collection|Other/Unclear,2,0.44530576,4.8758127e-05,0.00033858558,0.5342464,6.649531e-05,0.03736286,0.008400277,Other/Unclear
760_si.edu,2,Other/Unclear,2,0.12496068,0.0005510315,0.0048159175,0.92688006,0.0017835543,0.058922954,0.01575177,Other/Unclear
760_si.edu,3,Data Collection|Data Retention,2,0.9310651,1.8814771e-05,3.214777e-05,0.17097847,4.3935065e-06,0.014014285,0.0007162181,Data Collection
760_si.edu,4,Data Collection|Data Retention|Third-Party Sharing|User Control & Deletion,2,0.88895327,6.8605073e-06,1.5833155e-05,0.13083,8.1473826e-07,0.07399291,0.0102744205,Data Collection
760_si.edu,5,Data Collection|Third-Party Sharing,2,0.6211902,0.00016436457,0.000475692,0.28797692,0.0001526707,0.26430452,0.02728238,Data Collection
760_si.edu,6,Data Collection|Third-Party Sharing,2,0.738001,5.6149736e-05,0.0001548167,0.24776843,1.4167294e-05,0.15875004,0.012831432,Data Collection
760_si.edu,7,Other/Unclear|User Control & Deletion,2,0.28284067,0.00018043691,0.00036495578,0.44671068,0.00016953576,0.037152752,0.12091955,
760_si.edu,8,Data Security|Third-Party Sharing,2,0.1396349,2.091087e-05,0.000652304,0.10545656,1.4573402e-05,0.72629285,0.014004774,Third-Party Sharing
760_si.edu,9,Other/Unclear|User Control & Deletion,2,0.213524,0.000102751226,0.0003204351,0.488604,8.138187e-05,0.10344475,0.18281195,
760_si.edu,10,Third-Party Sharing,2,0.049246885,9.833105e-05,0.00071622245,0.35352632,4.256026e-05,0.518808,0.0031315426,Third-Party Sharing
760_si.edu,11,User Control & Deletion,2,0.16991317,0.006214807,0.029827606,0.45815736,0.0071980827,0.3281715,0.10097294,
760_si.edu,12,Data Security,2,0.17480808,0.0002621824,0.10635276,0.22396564,0.0001790009,0.06257366,0.0029391092,
760_si.edu,13,Data Security,2,0.06509593,0.00033318833,0.04921225,0.5146246,0.00022869688,0.098438434,0.004955945,Other/Unclear
760_si.edu,14,Other/Unclear,2,0.027968735,0.0001046806,0.002277742,0.96504736,0.00017421649,0.093513176,0.004314941,Other/Unclear
760_si.edu,15,Other/Unclear,2,0.05339742,5.30143e-05,0.00021673086,0.9951128,0.00015202603,0.0050472524,0.0020968036,Other/Unclear
760_si.edu,16,Other/Unclear,2,0.11010505,4.9889404e-05,0.00024410198,0.89559793,6.0521274e-05,0.011163418,0.011964715,Other/Unclear
760_si.edu,17,Other/Unclear,2,0.047255628,0.0077170073,0.014504202,0.89585394,0.36148205,0.031768728,0.03632634,Other/Unclear
777_education.jlab.org,0,Data Collection|Other/Unclear|Third-Party Sharing|User Control & Deletion,0,0.046396263,0.00014153562,0.0038545826,0.7270691,0.000281551,0.07264635,0.008506008,Other/Unclear
777_education.jlab.org,1,Other/Unclear,0,0.05302014,0.00091573055,0.007483509,0.85355985,0.0006693068,0.2106542,0.015946927,Other/Unclear
777_education.jlab.org,2,Data Collection|Third-Party Sharing,0,0.875837,5.1356005e-06,2.4977511e-05,0.18272121,7.976115e-07,0.10130606,0.00047595997,Data Collection
807_lodgemfg.com,0,Data Security|Other/Unclear,0,0.057690386,0.0003333711,0.004967874,0.73078597,0.00034921072,0.03265099,0.037057374,Other/Unclear
807_lodgemfg.com,1,Other/Unclear,0,0.24584453,4.812214e-05,0.000657879,0.63584733,5.3492022e-05,0.12286356,0.0021590218,Other/Unclear
807_lodgemfg.com,2,Data Collection|Other/Unclear,0,0.8556608,0.00019392428,0.0012823915,0.1974848,6.387704e-05,0.07544131,0.012587645,Data Collection
807_lodgemfg.com,3,Data Collection|Other/Unclear,0,0.81149006,0.00023505346,0.0015747902,0.2761892,0.000119767275,0.096389286,0.0071674082,Data Collection
807_lodgemfg.com,4,Data Collection,0,0.8531717,6.5770415e-05,0.00022640784,0.18274249,3.0721018e-05,0.05326699,0.010017413,Data Collection
807_lodgemfg.com,5,Data Security,0,0.30679008,0.00062887446,0.008926736,0.4606539,0.00046050668,0.0969121,0.010760592,
807_lodgemfg.com,6,Data Security,0,0.19222468,0.0015171862,0.12428021,0.20751037,0.00043242675,0.1368116,0.014837896,
807_lodgemfg.com,7,Data Security,0,0.14062767,0.0016597464,0.08373389,0.29117402,0.0010561014,0.25754797,0.014151658,
807_lodgemfg.com,8,Data Security,0,0.44043186,0.0027608369,0.01785009,0.47776058,0.0011710512,0.17296657,0.025286479,
807_lodgemfg.com,9,Data Collection|Other/Unclear,0,0.97834736,7.12078e-05,0.00019878341,0.22601034,2.2173454e-05,0.08597959,0.006041569,Data Collection
807_lodgemfg.com,10,Data Collection,0,0.7607639,0.0033603113,0.010652511,0.41531658,0.002792375,0.20260073,0.04426394,Data Collection
807_lodgemfg.com,11,User Control & Deletion,0,0.3235992,0.0007504547,0.0024695331,0.2726424,0.00072621735,0.032127105,0.69449854,User Control & Deletion
807_lodgemfg.com,12,Other/Unclear|User Control & Deletion,0,0.44694895,0.00073804567,0.0020020073,0.38064262,0.00060983293,0.12713401,0.33475426,
807_lodgemfg.com,13,Third-Party Sharing,0,0.2529322,0.0014330964,0.009007443,0.5021196,0.0008110769,0.73715115,0.038042758,Other/Unclear|Third-Party Sharing
807_lodgemfg.com,14,Other/Unclear|Third-Party Sharing,0,0.359939,0.0002993781,0.0033692615,0.61827147,0.00037266497,0.42161947,0.02113693,Other/Unclear
807_lodgemfg.com,15,Other/Unclear,0,0.22323903,0.0014956002,0.023422737,0.56739503,0.0009067694,0.15333636,0.070435576,Other/Unclear
807_lodgemfg.com,16,Data Collection|Other/Unclear,0,0.30571795,0.001221715,0.0057334164,0.3308785,0.0013759057,0.23169048,0.07446321,
807_lodgemfg.com,17,Other/Unclear,0,0.029613052,9.1627284e-05,0.0011494663,0.92540044,0.00012625991,0.05808144,0.0056324927,Other/Unclear
807_lodgemfg.com,18,Other/Unclear,0,0.19304688,0.0041724965,0.013609869,0.73648757,0.0094300555,0.13444197,0.11912398,Other/Unclear
807_lodgemfg.com,19,Data Security|Other/Unclear,0,0.55338055,0.003945286,0.013260956,0.5264323,0.0035249859,0.14012705,0.12495028,Data Collection|Other/Unclear
807_lodgemfg.com,20,Other/Unclear,0,0.115340434,0.0007873121,0.002982829,0.6812866,0.0041220477,0.06677521,0.03624949,Other/Unclear
807_lodgemfg.com,21,Other/Unclear,0,0.14382362,0.0020125413,0.01071192,0.696372,0.0073753595,0.09329744,0.065744765,Other/Unclear
807_lodgemfg.com,22,Policy Change,0,0.059060767,0.00093542563,0.009092186,0.6688564,0.033763435,0.0758528,0.03648361,Other/Unclear
807_lodgemfg.com,23,User Control & Deletion,0,0.11476374,0.0034184705,0.0099852905,0.6818199,0.0055826325,0.10401529,0.46713465,Other/Unclear
807_lodgemfg.com,24,Other/Unclear,0,0.17829281,0.00074668135,0.003426991,0.89724797,0.0005543995,0.0676246,0.03489162,Other/Unclear
807_lodgemfg.com,25,Third-Party Sharing,0,0.22301713,0.0003648079,0.0030496686,0.75832105,0.00029484535,0.23100449,0.05962233,Other/Unclear
807_lodgemfg.com,26,Other/Unclear,0,0.044031557,0.00026859067,0.0051476946,0.9850799,0.0003390953,0.016337255,0.008632823,Other/Unclear
807_lodgemfg.com,27,Other/Unclear,0,0.25920534,0.0015025693,0.0047568376,0.95816576,0.0016420416,0.052771665,0.01860629,Other/Unclear
807_lodgemfg.com,28,Other/Unclear,0,0.04485491,0.0012692015,0.020309629,0.8898546,0.00139852,0.08398046,0.012819676,Other/Unclear
807_lodgemfg.com,29,Data Security|Other/Unclear,0,0.18507434,0.0028893221,0.022873307,0.6566832,0.00365731,0.17657621,0.044918265,Other/Unclear
807_lodgemfg.com,30,Data Security|Other/Unclear,0,0.2958865,0.0049379417,0.0098271165,0.4667735,0.008439103,0.1734323,0.09338943,
807_lodgemfg.com,31,Data Security|Other/Unclear,0,0.3130045,0.0053983447,0.013053179,0.4203372,0.008491364,0.16798511,0.108985215,
807_lodgemfg.com,32,Data Security|Other/Unclear,0,0.13090596,0.0019853932,0.014001563,0.39447063,0.0015369664,0.43220314,0.036225718,
807_lodgemfg.com,33,Other/Unclear|Policy Change,0,0.019199949,0.0003176099,0.0011080501,0.9741445,0.0013270684,0.007151582,0.027001658,Other/Unclear
817_ironhorsevineyards.com,0,Data Security|Other/Unclear,2,0.13167985,0.00050323864,0.006146703,0.584686,0.00084019656,0.32510054,0.015809035,Other/Unclear
817_ironhorsevineyards.com,1,Other/Unclear|Third-Party Sharing,2,0.7859838,1.7009686e-06,3.2074753e-05,0.16261362,1.0410707e-06,0.51070106,0.00038029262,Data Collection|Third-Party Sharing
817_ironhorsevineyards.com,2,Data Collection,2,0.8387011,9.2898204e-05,0.00041602532,0.13351765,4.2984928e-05,0.1194496,0.014403443,Data Collection
817_ironhorsevineyards.com,3,Other/Unclear|Third-Party Sharing,2,0.61766803,1.4485245e-05,0.00018013906,0.16824181,6.5425234e-06,0.57658786,0.002398525,Data Collection|Third-Party Sharing
817_ironhorsevineyards.com,4,Other/Unclear|User Control & Deletion,2,0.078081034,0.00031476855,0.001284422,0.6127543,0.00074442796,0.03536682,0.36521113,Other/Unclear
817_ironhorsevineyards.com,5,Other/Unclear|User Control & Deletion,2,0.07157107,2.7180662e-05,7.4918076e-05,0.6317074,2.084836e-05,0.06638432,0.32629737,Other/Unclear
817_ironhorsevineyards.com,6,Data Security,2,0.21729238,0.0017809981,0.03402583,0.6454101,0.00064383866,0.15008178,0.019083017,Other/Unclear
82_sheknows.com,0,Other/Unclear,3,0.019910675,0.00067614525,0.005219382,0.974753,0.01993236,0.015550418,0.021307068,Other/Unclear
82_sheknows.com,1,Data Collection|Other/Unclear|Third-Party Sharing,3,0.09088835,3.3363303e-06,0.00010881842,0.9158051,1.119415e-05,0.0792399,0.0020545786,Other/Unclear
82_sheknows.com,2,Data Collection,3,0.84305954,1.1688798e-05,3.8634495e-05,0.35231677,3.328007e-06,0.043646686,0.0052440534,Data Collection
82_sheknows.com,3,Data Collection|Third-Party Sharing,3,0.8519656,1.11177515e-05,6.309291e-05,0.2372843,4.1663093e-06,0.037118882,0.055884976,Data Collection
82_sheknows.com,4,Data Collection|Third-Party Sharing,3,0.71874636,2.3749333e-06,3.8426206e-05,0.2621971,2.6594805e-06,0.1673442,0.008247584,Data Collection
82_sheknows.com,5,Data Collection,3,0.9573707,0.0002818314,0.0011487417,0.090807326,0.00014281657,0.03693718,0.011424943,Data Collection
82_sheknows.com,6,Other/Unclear,3,0.03203277,0.0006948011,0.0060531474,0.9116321,0.0010683379,0.13713026,0.048602063,Other/Unclear
82_sheknows.com,7,Data Collection,3,0.9501534,5.0122224e-05,0.00031500735,0.19949114,2.3798872e-05,0.13393335,0.003482217,Data Collection
82_sheknows.com,8,Data Collection|Other/Unclear,3,0.44412705,0.0009279363,0.011483283,0.51832706,0.001546059,0.11080884,0.028005455,Other/Unclear
82_sheknows.com,9,Data Collection|Policy Change,3,0.72208184,5.9523074e-07,1.1158188e-05,0.19544083,1.1737553e-06,0.042586237,0.00093558745,Data Collection
82_sheknows.com,10,Data Retention|Other/Unclear|Third-Party Sharing,3,0.1949438,0.0014284491,0.0021935573,0.7951809,0.00060746615,0.3840456,0.062051065,Other/Unclear
82_sheknows.com,11,Data Collection,3,0.44711947,2.3685734e-05,7.71532e-05,0.3191505,3.2544885e-05,0.02584895,0.15377615,
82_sheknows.com,12,Data Collection|Third-Party Sharing,3,0.68042266,4.7117326e-05,0.00044654054,0.23882337,2.4084435e-05,0.17524704,0.0060132393,Data Collection
82_sheknows.com,13,Data Collection|Other/Unclear,3,0.080280155,0.00021518765,0.0018845389,0.57200855,0.00055680785,0.3248144,0.012971791,Other/Unclear
82_sheknows.com,14,Data Collection,3,0.9144817,7.836058e-05,0.00037947603,0.15881237,4.3242362e-05,0.0762684,0.009809854,Data Collection
82_sheknows.com,15,User Control & Deletion,3,0.18084738,0.00036463173,0.00067089207,0.35945782,0.0002961635,0.03966954,0.87501055,User Control & Deletion
82_sheknows.com,16,Data Collection|Data Security|Other/Unclear|Third-Party Sharing,3,0.57863665,3.024077e-06,0.00011486085,0.41730413,1.3200006e-06,0.63823116,0.0012609648,Data Collection|Third-Party Sharing
82_sheknows.com,17,Data Collection|Third-Party Sharing,3,0.23596922,0.000116671334,0.0013151123,0.41935438,0.000188868,0.4239266,0.011023088,
82_sheknows.com,18,Data Collection,3,0.96034545,4.3374108e-05,0.00018856057,0.08314585,3.0112826e-05,0.08596485,0.0033837417,Data Collection
82_sheknows.com,19,Data Collection|Third-Party Sharing,3,0.69572055,0.0027378004,0.009789612,0.16949776,0.0046144202,0.85929734,0.024736919,Data Collection|Third-Party Sharing
82_sheknows.com,20,Third-Party Sharing,3,0.045059547,0.00035635795,0.0018323275,0.17518473,0.00080229156,0.9001923,0.008431706,Third-Party Sharing
82_sheknows.com,21,Data Collection|Other/Unclear,3,0.7766499,5.2228388e-05,0.00040109834,0.3291377,5.0249375e-05,0.14571366,0.0058888984,Data Collection
82_sheknows.com,22,Data Collection|Third-Party Sharing,3,0.100139454,6.174837e-05,0.0010811934,0.45703715,8.6407665e-05,0.72617584,0.009245487,Third-Party Sharing
82_sheknows.com,23,Data Retention|Other/Unclear|Third-Party Sharing,3,0.26131257,2.3442117e-05,0.000763627,0.3086848,9.3287e-06,0.51932126,0.005264847,Third-Party Sharing
82_sheknows.com,24,Third-Party Sharing,3,0.24472134,0.00029503356,0.0024691345,0.156155,0.0003698586,0.78305817,0.012211169,Third-Party Sharing
82_sheknows.com,25,Third-Party Sharing,3,0.013500983,1.8452238e-05,0.0005486364,0.038295675,2.4238727e-05,0.9334409,0.00066432514,Third-Party Sharing
82_sheknows.com,26,Third-Party Sharing,3,0.8080175,0.00018608794,0.0013949202,0.15893221,0.000113848924,0.41253346,0.006978446,Data Collection
82_sheknows.com,27,Third-Party Sharing,3,0.85526466,0.00010528343,0.0007798344,0.22565123,0.00011908986,0.5184285,0.0091250995,Data Collection|Third-Party Sharing
82_sheknows.com,28,Third-Party Sharing,3,0.14688776,0.00025626784,0.0022870789,0.69189185,0.0003144753,0.45232457,0.031463914,Other/Unclear
82_sheknows.com,29,Other/Unclear,3,0.029845757,0.00020615791,0.0041159946,0.94434714,0.000919878,0.29516086,0.011402995,Other/Unclear
82_sheknows.com,30,Data Security,3,0.014806516,0.00014229136,0.29093796,0.54751587,9.564496e-05,0.027534593,0.0036356172,Other/Unclear
82_sheknows.com,31,Data Security,3,0.061503813,0.00036020443,0.12793212,0.6774529,0.00025378627,0.016746905,0.03310294,Other/Unclear
82_sheknows.com,32,Data Security,3,0.025083968,0.0002183536,0.01450005,0.5503656,0.00040589453,0.10000743,0.0065542813,Other/Unclear
82_sheknows.com,33,User Control & Deletion,3,0.2889604,7.2883835e-05,0.00076705654,0.3294781,4.927833e-05,0.18023467,0.05667373,
82_sheknows.com,34,Data Collection|Other/Unclear,3,0.045404952,1.3731599e-05,0.0001744283,0.99224454,1.2564221e-05,0.004148741,0.00176238,Other/Unclear
82_sheknows.com,35,Other/Unclear,3,0.048514016,8.0879836e-05,0.002416128,0.8396762,0.000195978,0.58824426,0.0068372265,Other/Unclear|Third-Party Sharing
82_sheknows.com,36,Other/Unclear|Third-Party Sharing,3,0.11168237,0.00010463094,0.0010776666,0.8690771,9.665331e-05,0.5246743,0.009525275,Other/Unclear|Third-Party Sharing
82_sheknows.com,37,Other/Unclear,3,0.037020426,4.828598e-05,0.00095671637,0.9562303,8.7523666e-05,0.05929321,0.0068764845,Other/Unclear
82_sheknows.com,38,Third-Party Sharing,3,0.7891185,5.1468096e-06,9.8281576e-05,0.24827275,5.949579e-06,0.45663643,0.0044088303,Data Collection
82_sheknows.com,39,Other/Unclear|Third-Party Sharing,3,0.108495355,1.0072224e-05,0.00024715302,0.8720416,1.746933e-05,0.42062297,0.004136779,Other/Unclear
82_sheknows.com,40,Other/Unclear|User Control & Deletion,3,0.08657599,0.00014045375,0.00074427016,0.68935525,0.00016808888,0.21547304,0.31650317,Other/Unclear
82_sheknows.com,41,User Control & Deletion,3,0.060970943,0.0002167466,0.0014823038,0.852359,0.00030562945,0.048043057,0.2618612,Other/Unclear
82_sheknows.com,42,Other/Unclear|User Control & Deletion,3,0.061215993,0.00041623964,0.0038888194,0.9294588,0.0007068691,0.048283342,0.09635137,Other/Unclear
82_sheknows.com,43,Other/Unclear,3,0.09661293,2.2166643e-05,0.00019483353,0.364441,0.00022869272,0.09412882,0.01680662,
82_sheknows.com,44,Policy Change,3,0.0059346687,5.0014976e-05,0.00030843355,0.68944883,0.16130489,0.004843584,0.013559982,Other/Unclear
82_sheknows.com,45,Other/Unclear,3,0.011810693,2.810122e-05,0.00018279548,0.9817553,0.000102244376,0.010223652,0.015980022,Other/Unclear
856_sciencemag.org,0,Other/Unclear,4,0.011256298,1.8419414e-05,0.000570457,0.9834114,2.4724774e-05,0.014192322,0.0010116799,Other/Unclear
856_sciencemag.org,1,Data Collection,4,0.73672086,8.117529e-05,0.00044923875,0.4602475,3.8829003e-05,0.045202978,0.0045207017,Data Collection
856_sciencemag.org,2,Data Collection,4,0.93368965,3.6354002e-05,0.00021879846,0.17156178,9.489543e-06,0.031107565,0.0025734017,Data Collection
856_sciencemag.org,3,Data Collection,4,0.907181,0.00011333529,0.00051176926,0.21225038,4.7336318e-05,0.030583082,0.003533775,Data Collection
856_sciencemag.org,4,Data Retention|Other/Unclear|Third-Party Sharing,4,0.19037259,1.7213973e-05,0.00023435125,0.83863145,7.674645e-06,0.20755062,0.0020134582,Other/Unclear
856_sciencemag.org,5,Data Collection,4,0.86947876,1.9363533e-05,0.00011157651,0.18951498,1.4632838e-05,0.06667262,0.0020731692,Data Collection
856_sciencemag.org,6,Data Collection|Other/Unclear|Third-Party Sharing|User Control & Deletion,4,0.63224536,3.4989193e-06,3.2955137e-05,0.26858318,2.9540292e-06,0.093006045,0.012362474,Data Collection
856_sciencemag.org,7,Third-Party Sharing,4,0.65877736,0.00022365792,0.0006519881,0.12390062,5.921387e-05,0.3948625,0.008820523,Data Collection
856_sciencemag.org,8,User Control & Deletion,4,0.38129032,0.00047732165,0.0012774726,0.50212634,0.0003855239,0.11178848,0.16105652,Other/Unclear
856_sciencemag.org,9,Other/Unclear|User Control & Deletion,4,0.1574046,0.00041018068,0.0020024565,0.65832096,0.00037726894,0.13216412,0.2225509,Other/Unclear
856_sciencemag.org,10,User Control & Deletion,4,0.18134506,0.001026044,0.0051199887,0.6275021,0.0009786622,0.19591661,0.28077918,Other/Unclear
856_sciencemag.org,11,Other/Unclear|User Control & Deletion,4,0.08637352,0.00011937684,0.000997688,0.72049344,0.0001223381,0.043295346,0.30596146,Other/Unclear
856_sciencemag.org,12,Other/Unclear|User Control & Deletion,4,0.12561938,0.00030379868,0.0015932051,0.6696238,0.00027856207,0.060565293,0.42038903,Other/Unclear
856_sciencemag.org,13,Other/Unclear|User Control & Deletion,4,0.08156697,0.0006836091,0.0032840495,0.66707665,0.0006799322,0.044266857,0.42049068,Other/Unclear
856_sciencemag.org,14,Other/Unclear,4,0.20377709,0.00045743384,0.0012976553,0.5766797,0.00036882382,0.12259344,0.03052895,Other/Unclear
856_sciencemag.org,15,Data Collection|Third-Party Sharing,4,0.39208412,4.387635e-06,5.475677e-05,0.2734483,3.0241874e-06,0.33292598,0.0023268866,
856_sciencemag.org,16,Data Security|Third-Party Sharing,4,0.042011578,7.818014e-05,0.023392502,0.1155266,2.9475477e-05,0.9687619,0.0018675901,Third-Party Sharing
856_sciencemag.org,17,Third-Party Sharing,4,0.05204452,0.0002993351,0.0019220918,0.018874105,0.0001273007,0.95190585,0.0024317815,Third-Party Sharing
856_sciencemag.org,18,Other/Unclear|Third-Party Sharing,4,0.13196862,4.3203985e-05,0.00036614647,0.17958228,4.802769e-05,0.8717553,0.0026888384,Third-Party Sharing
856_sciencemag.org,19,Other/Unclear|Third-Party Sharing|User Control & Deletion,4,0.35247436,0.0039770138,0.014284815,0.571638,0.0022387328,0.17156637,0.11986567,Other/Unclear
856_sciencemag.org,20,Data Security|Other/Unclear|Third-Party Sharing|User Control & Deletion,4,0.043316875,0.0002468341,0.005002982,0.7550663,6.166302e-05,0.1791381,0.018826261,Other/Unclear
856_sciencemag.org,21,Other/Unclear,4,0.118883505,0.00031339805,0.0064551164,0.73882115,0.00025717187,0.16694129,0.019869348,Other/Unclear
856_sciencemag.org,22,Other/Unclear,4,0.26110548,0.005355058,0.011963042,0.658408,0.009274049,0.19911599,0.12227449,Other/Unclear
856_sciencemag.org,23,Other/Unclear,4,0.27937293,0.00057641545,0.0019970161,0.68266654,0.00063111336,0.13548967,0.032427255,Other/Unclear
856_sciencemag.org,24,Data Collection|Other/Unclear,4,0.9472903,2.0370599e-05,9.413989e-05,0.21078944,7.925572e-06,0.026946789,0.004941514,Data Collection
856_sciencemag.org,25,User Control & Deletion,4,0.4099744,0.0003250974,0.0010109072,0.2073009,0.00033640332,0.013251371,0.4430042,
856_sciencemag.org,26,Data Collection,4,0.88726395,8.82772e-05,0.00040907727,0.34641135,6.6820285e-05,0.13919474,0.003652674,Data Collection
856_sciencemag.org,27,Other/Unclear,4,0.38346353,0.00049896847,0.0035652202,0.39586473,0.0003176964,0.05873702,0.07508644,
856_sciencemag.org,28,Other/Unclear|User Control & Deletion,4,0.06322734,0.0013274975,0.004760345,0.5775921,0.00230897,0.049705256,0.4936031,Other/Unclear
856_sciencemag.org,29,Data Security|Other/Unclear,4,0.029238392,6.872106e-05,0.33223024,0.07324416,2.832163e-05,0.018447332,0.001927044,
856_sciencemag.org,30,Data Security,4,0.1901635,0.0007838416,0.052511647,0.18877415,0.0008833067,0.21543287,0.022300882,
856_sciencemag.org,31,Other/Unclear,4,0.15639845,0.00033394952,0.0013603844,0.995205,0.00039957857,0.0056116455,0.0041182884,Other/Unclear
856_sciencemag.org,32,Other/Unclear|Policy Change|User Control & Deletion,4,0.061457988,0.00011113112,0.0008792222,0.89646256,0.0013675339,0.040889535,0.023939248,Other/Unclear
856_sciencemag.org,33,Other/Unclear|Policy Change,4,0.024266776,3.8751477e-05,0.00023931987,0.8478853,0.000910086,0.0059025884,0.019755557,Other/Unclear
856_sciencemag.org,34,Other/Unclear,4,0.035181038,0.0004284992,0.005448706,0.9005109,0.00085152127,0.018187514,0.026470624,Other/Unclear
856_sciencemag.org,35,Other/Unclear,4,0.13333216,0.0044406443,0.015169543,0.87413377,0.0058387015,0.07992669,0.108999625,Other/Unclear
862_disinfo.com,0,Other/Unclear,1,0.047623232,1.8078724e-06,3.76201e-05,0.98178196,1.4348886e-05,0.0032436822,0.000992908,Other/Unclear
862_disinfo.com,1,Policy Change,1,0.0036674058,5.8438395e-06,4.4050037e-05,0.693853,0.0069483817,0.0018539856,0.0084567275,Other/Unclear
862_disinfo.com,2,Data Collection|Third-Party Sharing,1,0.9250569,1.865685e-05,0.00010645689,0.17074029,4.898145e-06,0.05384018,0.00087348017,Data Collection
862_disinfo.com,3,Data Collection,1,0.73841184,0.00017544301,0.0007918103,0.26195893,8.345565e-05,0.10667695,0.0070925653,Data Collection
862_disinfo.com,4,Data Collection|Third-Party Sharing,1,0.95427835,1.2845832e-05,5.9088e-05,0.12116552,2.7877295e-06,0.04288838,0.0019611653,Data Collection
862_disinfo.com,5,Data Collection,1,0.41670427,4.951204e-05,0.00022943525,0.569707,5.490123e-05,0.04746735,0.011303503,Other/Unclear
862_disinfo.com,6,Data Collection|Third-Party Sharing,1,0.9251952,0.00013681485,0.0006455307,0.15640111,8.6772925e-05,0.15942563,0.0043718163,Data Collection
862_disinfo.com,7,Data Collection,1,0.79821616,0.00011467142,0.0004649031,0.19806966,5.403789e-05,0.059313394,0.017186994,Data Collection
862_disinfo.com,8,Data Collection,1,0.6426374,5.582142e-05,0.00041175127,0.299662,7.9849466e-05,0.117055364,0.0072027696,Data Collection
862_disinfo.com,9,Data Collection|Third-Party Sharing,1,0.01837239,6.627685e-05,0.00060843764,0.12855068,0.00021287838,0.86218137,0.0054667187,Third-Party Sharing
862_disinfo.com,10,Third-Party Sharing,1,0.107852645,0.00069005176,0.0045068734,0.10477533,0.0002186329,0.8567172,0.006422033,Third-Party Sharing
862_disinfo.com,11,Third-Party Sharing,1,0.17456941,3.1106825e-05,0.002508703,0.2858134,9.600854e-06,0.67424977,0.0018103928,Third-Party Sharing
862_disinfo.com,12,Third-Party Sharing,1,0.29377118,0.000109950844,0.0006091787,0.38985127,6.095897e-05,0.4207717,0.016918894,
862_disinfo.com,13,Data Collection,1,0.96973604,2.7668437e-05,9.618626e-05,0.27322698,2.4298113e-05,0.090984374,0.008733264,Data Collection
862_disinfo.com,14,Other/Unclear,1,0.75732493,0.00082995824,0.0027014716,0.3616282,0.0007087421,0.084839836,0.029415209,Data Collection
862_disinfo.com,15,Data Collection|Other/Unclear|Third-Party Sharing,1,0.5578386,0.00023342922,0.0013705095,0.5771796,0.00015969189,0.18233588,0.013080149,Data Collection|Other/Unclear
862_disinfo.com,16,Data Security,1,0.027815012,0.00030071154,0.07074063,0.7087175,0.00013158206,0.08349656,0.011916411,Other/Unclear
862_disinfo.com,17,Other/Unclear|Third-Party Sharing,1,0.1619108,0.000117469914,0.00095443224,0.8033689,6.6851564e-05,0.37588036,0.0076344903,Other/Unclear
862_disinfo.com,18,Data Security,1,0.01200095,0.00013804834,0.5802872,0.47963455,7.4782365e-05,0.03141341,0.0012178,Data Security
862_disinfo.com,19,Other/Unclear,1,0.04984433,1.1304752e-05,0.00023726663,0.9440071,2.1738198e-05,0.087772414,0.0045136088,Other/Unclear
862_disinfo.com,20,Data Collection|Other/Unclear,1,0.112092175,9.256123e-05,0.00053679367,0.9922837,6.81248e-05,0.009242466,0.004548063,Other/Unclear
862_disinfo.com,21,Other/Unclear|User Control & Deletion,1,0.07271828,0.000118525146,0.00029486223,0.9187619,6.3317915e-05,0.015196167,0.06444696,Other/Unclear
862_disinfo.com,22,User Control & Deletion,1,0.21768792,3.312876e-05,9.369343e-05,0.4789992,1.9296269e-05,0.023456946,0.59346056,User Control & Deletion
862_disinfo.com,23,Other/Unclear|Third-Party Sharing,1,0.06134802,2.782045e-05,0.00036267037,0.518512,7.2681265e-05,0.32067132,0.00861268,Other/Unclear
862_disinfo.com,24,Other/Unclear,1,0.05384203,0.00014105682,0.0005342478,0.97181183,0.00023129421,0.020742144,0.033517845,Other/Unclear
883_ted.com,0,Data Security|Other/Unclear,4,0.049118344,4.2654527e-05,0.0008823947,0.8550316,7.199348e-05,0.015678568,0.002206188,Other/Unclear
883_ted.com,1,Data Collection,4,0.8154411,0.00019100394,0.0008323473,0.32447946,7.535092e-05,0.053902138,0.008377979,Data Collection
883_ted.com,2,Data Collection,4,0.7952766,0.00037146715,0.0015572609,0.25705463,0.00025328124,0.11205733,0.020077089,Data Collection
883_ted.com,3,Data Collection|User Control & Deletion,4,0.86617476,0.00012806238,0.00027251514,0.24901676,2.8683622e-05,0.024468046,0.028865237,Data Collection
883_ted.com,4,Data Collection|User Control & Deletion,4,0.48261544,0.00057042995,0.000926695,0.5854725,0.00024021935,0.08319326,0.08769351,Other/Unclear
883_ted.com,5,Data Collection|Data Retention|Data Security|Third-Party Sharing,4,0.7407004,0.00010627199,0.0011033745,0.13875392,2.2602166e-05,0.39534163,0.004010462,Data Collection
883_ted.com,6,Other/Unclear|Third-Party Sharing,4,0.24730502,0.00039814968,0.0016757399,0.8234977,0.0002224835,0.37611604,0.014533652,Other/Unclear
883_ted.com,7,Other/Unclear|User Control & Deletion,4,0.122686245,0.00010944254,0.0009864073,0.88915336,5.4895012e-05,0.12968971,0.022309028,Other/Unclear
883_ted.com,8,Other/Unclear,4,0.11936754,0.00037364435,0.0018042733,0.85445577,0.0004667437,0.37174255,0.019534573,Other/Unclear
883_ted.com,9,Data Collection,4,0.8836498,0.00024934576,0.0006345152,0.3049178,0.00013190848,0.14243536,0.013814787,Data Collection
883_ted.com,10,Data Collection|Other/Unclear,4,0.710312,0.00039383405,0.002548757,0.4903222,0.00025256342,0.20904487,0.01836397,Data Collection
883_ted.com,11,Data Collection,4,0.9617532,0.00027649003,0.00093485793,0.07364488,0.00010738906,0.034336045,0.0076422887,Data Collection
883_ted.com,12,Data Collection,4,0.73104876,0.0005641996,0.0017765568,0.33869877,0.00045706992,0.11405755,0.03779216,Data Collection
883_ted.com,13,Data Collection,4,0.87159646,2.6518614e-05,0.00012424865,0.10524565,1.01763435e-05,0.04834617,0.0020402558,Data Collection
883_ted.com,14,Data Collection|User Control & Deletion,4,0.6823051,7.8268495e-05,0.00014620376,0.30315745,5.0763934e-05,0.021922851,0.051317584,Data Collection
883_ted.com,15,Data Collection|Third-Party Sharing,4,0.61211056,0.00055437133,0.0025591871,0.25876838,0.0004590131,0.53533536,0.019779848,Data Collection|Third-Party Sharing
883_ted.com,16,Data Security|Third-Party Sharing,4,0.20428433,0.00020914899,0.008336538,0.26781368,8.518902e-05,0.7575152,0.008271217,Third-Party Sharing
883_ted.com,17,Data Collection,4,0.33437106,0.000330552,0.0010945296,0.08228488,0.00016401496,0.45785227,0.004193369,
883_ted.com,18,Data Collection|Other/Unclear,4,0.50294083,7.375326e-05,0.000439032,0.3771836,5.501201e-05,0.23457932,0.008964179,Data Collection
883_ted.com,19,Other/Unclear|Third-Party Sharing,4,0.23944841,1.2673105e-05,0.00011575159,0.8151285,1.168677e-05,0.13724095,0.0019094342,Other/Unclear
883_ted.com,20,Data Security,4,0.0076608416,0.0005312907,0.83943176,0.09883118,0.0003419743,0.013926754,0.0052522602,Data Security
883_ted.com,21,Other/Unclear,4,0.1348612,0.0008298486,0.0019200585,0.99393463,0.0011726735,0.0056298603,0.00855551,Other/Unclear
883_ted.com,22,Other/Unclear,4,0.094320536,8.9744964e-05,0.0003184839,0.995123,7.002782e-05,0.0036148124,0.0045141815,Other/Unclear
883_ted.com,23,Policy Change,4,0.014121124,8.017577e-05,0.00031312453,0.5158735,0.06356301,0.009293145,0.006880223,Other/Unclear
883_ted.com,24,User Control & Deletion,4,0.064849675,0.0010777885,0.0007745089,0.69401795,0.0002953565,0.014921215,0.6176756,Other/Unclear|User Control & Deletion
884_naturalnews.com,0,Data Collection|Third-Party Sharing,4,0.21551847,0.00017412944,0.0013707282,0.62372947,0.0002684627,0.40237796,0.014220694,Other/Unclear
884_naturalnews.com,1,Other/Unclear|User Control & Deletion,4,0.15121354,0.0052467934,0.031148657,0.73320746,0.006591154,0.1731157,0.09271473,Other/Unclear
884_naturalnews.com,2,Other/Unclear,4,0.2832452,0.040526934,0.09378274,0.6672774,0.04931245,0.2728391,0.28997034,Other/Unclear
884_naturalnews.com,3,User Control & Deletion,4,0.0541087,0.00084327714,0.0033722094,0.6848049,0.0013826962,0.043625746,0.70681864,Other/Unclear|User Control & Deletion
884_naturalnews.com,4,Other/Unclear|User Control & Deletion,4,0.21071608,0.0049828915,0.013381858,0.6428872,0.005899646,0.116640046,0.31121507,Other/Unclear
891_everydayhealth.com,0,Other/Unclear|Policy Change,0,0.021123901,0.0015686259,0.0052836705,0.9259572,0.11087318,0.024723247,0.017044537,Other/Unclear
891_everydayhealth.com,1,Other/Unclear,0,0.3044895,2.3800934e-05,0.0002788482,0.73870116,2.8510585e-05,0.17151888,0.0035315063,Other/Unclear
891_everydayhealth.com,2,Other/Unclear,0,0.30027077,2.3705308e-05,0.00017789437,0.5678757,3.427028e-05,0.038709372,0.008131499,Other/Unclear
891_everydayhealth.com,3,Other/Unclear,0,0.62130105,0.00026767552,0.0010127915,0.49934134,0.00019400155,0.08235579,0.008032805,Data Collection
891_everydayhealth.com,4,Other/Unclear|Policy Change,0,0.090491995,2.1924867e-05,0.00014834816,0.80935615,7.715033e-05,0.026110334,0.010688358,Other/Unclear
891_everydayhealth.com,5,Other/Unclear,0,0.14234968,0.0010152032,0.0074325744,0.80897444,0.0005915888,0.1315211,0.021313827,Other/Unclear
891_everydayhealth.com,6,Other/Unclear,0,0.31678033,0.00033717914,0.0029435013,0.61062515,0.0006668648,0.11810183,0.03139113,Other/Unclear
891_everydayhealth.com,7,Data Collection|Other/Unclear,0,0.7792017,0.0003641472,0.0011641312,0.36765233,0.00022090666,0.06743955,0.0097476,Data Collection
891_everydayhealth.com,8,Data Collection,0,0.9061229,8.402335e-06,7.9444464e-05,0.09656408,2.2439413e-06,0.06680285,0.0056188013,Data Collection
891_everydayhealth.com,9,User Control & Deletion,0,0.48728138,0.000121715915,0.00089999556,0.5701695,6.113759e-05,0.047763564,0.074325845,Other/Unclear
891_everydayhealth.com,10,Data Collection,0,0.91262513,2.8676052e-06,1.5489946e-05,0.36099145,1.2594426e-06,0.03851649,0.0014333646,Data Collection
891_everydayhealth.com,11,Data Collection,0,0.813931,1.7488637e-05,0.00017170396,0.24817389,7.171344e-06,0.16295744,0.003807201,Data Collection
891_everydayhealth.com,12,Data Collection|Other/Unclear,0,0.426607,0.0001651601,0.0013161135,0.47701967,0.00019979717,0.09431698,0.014220832,
891_everydayhealth.com,13,Data Collection,0,0.84225005,2.5123277e-06,1.9618328e-05,0.37466198,1.2728757e-06,0.05742648,0.0025149914,Data Collection
891_everydayhealth.com,14,User Control & Deletion,0,0.385119,3.5537047e-05,0.00018771958,0.6758407,1.885793e-05,0.028227976,0.098127574,Other/Unclear
891_everydayhealth.com,15,Data Collection,0,0.94631475,1.1397248e-05,5.8773872e-05,0.052377813,4.413336e-06,0.08384968,0.0030413214,Data Collection
891_everydayhealth.com,16,Data Collection,0,0.95523053,7.5253997e-06,4.5133398e-05,0.20277387,2.7519832e-06,0.12860431,0.0016827746,Data Collection
891_everydayhealth.com,17,User Control & Deletion,0,0.63529503,0.000107839835,0.0004247568,0.2540165,5.1536626e-05,0.046832055,0.181459,Data Collection
891_everydayhealth.com,18,Data Collection,0,0.9736274,0.00013997391,0.00028200555,0.10287093,7.170965e-05,0.09886108,0.0056868265,Data Collection
891_everydayhealth.com,19,Data Collection|Third-Party Sharing,0,0.95067954,9.898635e-05,0.0006807914,0.11992981,4.1612882e-05,0.12296743,0.001842794,Data Collection
891_everydayhealth.com,20,Data Collection,0,0.7801303,0.0001952601,0.00083284284,0.2766561,0.00026554923,0.5620067,0.014856175,Data Collection|Third-Party Sharing
891_everydayhealth.com,21,Data Collection|Third-Party Sharing,0,0.6252646,2.0203937e-05,8.676981e-05,0.48593867,1.6629243e-05,0.27804053,0.0028595245,Data Collection
891_everydayhealth.com,22,Other/Unclear|User Control & Deletion,0,0.065437116,2.5208108e-05,0.00020142857,0.8214244,2.2904082e-05,0.026695004,0.32149023,Other/Unclear
891_everydayhealth.com,23,Other/Unclear|Third-Party Sharing|User Control & Deletion,0,0.14854287,6.707996e-06,5.1600073e-05,0.69551843,5.366923e-06,0.17679669,0.16930535,Other/Unclear
891_everydayhealth.com,24,Third-Party Sharing|User Control & Deletion,0,0.10086306,3.8819153e-06,4.8753274e-05,0.5756978,5.389219e-06,0.44496766,0.0034000138,Other/Unclear
891_everydayhealth.com,25,Third-Party Sharing,0,0.10528082,0.00028253518,0.0018535523,0.10618548,0.00013364067,0.79110485,0.0032631494,Third-Party Sharing
891_everydayhealth.com,26,Data Security|Third-Party Sharing,0,0.3336049,1.1008039e-05,0.0010778195,0.16911179,5.0094986e-06,0.78329057,0.0009590525,Third-Party Sharing
891_everydayhealth.com,27,Third-Party Sharing,0,0.5333397,0.0003092041,0.0010035374,0.3478717,0.00015178065,0.6587399,0.005658506,Data Collection|Third-Party Sharing
891_everydayhealth.com,28,Data Collection|Other/Unclear|Third-Party Sharing,0,0.3242296,1.2380402e-05,0.0001823798,0.5740733,1.7342225e-05,0.4476181,0.002430959,Other/Unclear
891_everydayhealth.com,29,Other/Unclear,0,0.35950333,0.00039799424,0.0016668127,0.88577926,0.00038061157,0.13903503,0.018655285,Other/Unclear
891_everydayhealth.com,30,Other/Unclear|Third-Party Sharing,0,0.021339864,6.109729e-06,0.00011636899,0.9314544,1.0294591e-05,0.10034006,0.0024782114,Other/Unclear
891_everydayhealth.com,31,Data Collection|Other/Unclear|Third-Party Sharing,0,0.38102886,8.355054e-06,9.86285e-05,0.528418,6.6551174e-06,0.29155248,0.0031950574,Other/Unclear
891_everydayhealth.com,32,Third-Party Sharing,0,0.06680565,0.00021366568,0.0013242644,0.1266902,0.0004169449,0.8910769,0.0073070386,Third-Party Sharing
891_everydayhealth.com,33,Other/Unclear|Third-Party Sharing,0,0.15062542,1.1790215e-05,0.0002291023,0.7133915,8.7141325e-06,0.2533665,0.0035543705,Other/Unclear
891_everydayhealth.com,34,Data Collection|Other/Unclear,0,0.06275273,1.4920753e-05,6.523429e-05,0.9954342,7.0070705e-06,0.0027375151,0.0030862044,Other/Unclear
891_everydayhealth.com,35,User Control & Deletion,0,0.15383114,5.1869356e-05,0.00018953677,0.49799395,3.5043126e-05,0.022033503,0.63378614,User Control & Deletion
891_everydayhealth.com,36,Other/Unclear|User Control & Deletion,0,0.050084963,3.958825e-05,0.00018654703,0.7303335,2.7081882e-05,0.017194586,0.24322759,Other/Unclear
891_everydayhealth.com,37,Data Retention|Other/Unclear|Third-Party Sharing|User Control & Deletion,0,0.07804669,0.0006470412,0.0015920434,0.7331473,6.406136e-05,0.14984222,0.043874595,Other/Unclear
891_everydayhealth.com,38,Other/Unclear|Third-Party Sharing,0,0.060759038,0.00025448904,0.0017682703,0.94386125,0.0006928039,0.2628219,0.020617476,Other/Unclear
891_everydayhealth.com,39,Other/Unclear,0,0.011353571,4.910126e-06,0.00013474643,0.98689604,6.3362754e-06,0.06817827,0.0015504165,Other/Unclear
891_everydayhealth.com,40,Data Security,0,0.05502487,0.00027879854,0.46040028,0.18228726,0.00011303606,0.022304675,0.0035765267,
891_everydayhealth.com,41,Other/Unclear|Policy Change,0,0.004079097,2.7443064e-05,9.949962e-05,0.93102515,0.0055747125,0.002430097,0.011956759,Other/Unclear
898_uptodate.com,0,Data Collection|Other/Unclear|Third-Party Sharing,4,0.13132259,0.00031517516,0.0071108304,0.7783437,0.00081578636,0.1827428,0.008897663,Other/Unclear
898_uptodate.com,1,Other/Unclear,4,0.11101135,0.000988017,0.006049154,0.91190237,0.0041912515,0.06481113,0.016180517,Other/Unclear
898_uptodate.com,2,Data Collection,4,0.87304235,0.00019688628,0.0004834715,0.22833101,5.5645563e-05,0.067010306,0.010187081,Data Collection
898_uptodate.com,3,Data Collection|User Control & Deletion,4,0.3332111,0.00019566904,0.002512025,0.32199675,0.00011576279,0.102416694,0.018321455,
898_uptodate.com,4,Data Collection|Third-Party Sharing,4,0.50301325,4.3911892e-05,0.00023288025,0.083554134,3.706136e-05,0.20558415,0.002705957,Data Collection
898_uptodate.com,5,Data Collection|Other/Unclear,4,0.90624535,0.0008639108,0.0018533228,0.17884335,0.00028964397,0.1732205,0.007992603,Data Collection
898_uptodate.com,6,Data Collection|Third-Party Sharing,4,0.5265913,7.598467e-05,0.0003559126,0.31715947,4.6880683e-05,0.36629507,0.007561849,Data Collection
898_uptodate.com,7,Data Collection,4,0.66184366,7.322981e-05,0.00025138093,0.3371196,4.3247976e-05,0.02132891,0.07042948,Data Collection
898_uptodate.com,8,Policy Change,4,0.014047761,0.00080938323,0.0019040437,0.882125,0.16105184,0.011469668,0.032683235,Other/Unclear
898_uptodate.com,9,Other/Unclear,4,0.011322578,0.0001446526,0.000701375,0.9832741,0.00058816717,0.014820407,0.018782355,Other/Unclear
907_earthkam.org,0,Data Security|Other/Unclear,2,0.06543729,0.0006182326,0.0111868465,0.92499655,0.0014882594,0.04310513,0.019311745,Other/Unclear
907_earthkam.org,1,Data Security|Other/Unclear,2,0.020977637,0.000147466,0.0050230413,0.98726344,0.00023209369,0.008926016,0.0067622676,Other/Unclear
907_earthkam.org,2,Data Collection|Other/Unclear,2,0.808892,9.131352e-05,0.00025340499,0.43440643,7.151717e-05,0.081440985,0.0111775845,Data Collection
907_earthkam.org,3,Other/Unclear|Third-Party Sharing,2,0.45762306,0.00030758773,0.00085855776,0.4892136,0.00013128876,0.2780423,0.013478653,
907_earthkam.org,4,Data Collection|Third-Party Sharing,2,0.7611213,0.000102040176,0.0003707281,0.20811793,7.534614e-05,0.3215078,0.005115372,Data Collection
907_earthkam.org,5,Other/Unclear|Third-Party Sharing|User Control & Deletion,2,0.06773475,1.1530695e-05,0.00028699441,0.62277377,1.3475203e-05,0.21805604,0.005178064,Other/Unclear
907_earthkam.org,6,Other/Unclear|User Control & Deletion,2,0.0963725,0.0002678996,0.0008960569,0.73468804,0.00033318176,0.018065926,0.18145484,Other/Unclear
907_earthkam.org,7,Other/Unclear|User Control & Deletion,2,0.06443298,0.0016127182,0.0042287325,0.8490407,0.0005663225,0.030390821,0.48665512,Other/Unclear
907_earthkam.org,8,Data Security|Other/Unclear,2,0.08110691,0.0003198742,0.07618172,0.6763681,0.000186718,0.017302848,0.012526298,Other/Unclear
907_earthkam.org,9,Data Retention|Data Security,2,0.08165858,0.00021448775,0.36402535,0.20624427,8.2649785e-05,0.027592964,0.00317742,
907_earthkam.org,10,Other/Unclear,2,0.008343751,0.00023393423,0.00062110997,0.9925581,0.0011384145,0.0046494394,0.031247653,Other/Unclear
919_uh.edu,0,Other/Unclear,1,0.13571954,0.00030932965,0.0034054976,0.85100853,0.0007254096,0.06795535,0.010339649,Other/Unclear
919_uh.edu,1,Data Collection|Data Retention|Third-Party Sharing,1,0.58100206,0.00015708018,0.00092667417,0.60871434,0.00014091696,0.109439895,0.015869284,Data Collection|Other/Unclear
919_uh.edu,2,Other/Unclear,1,0.83713967,0.00028057583,0.00075657736,0.33209258,0.00027962372,0.07524393,0.011912974,Data Collection
919_uh.edu,3,Data Collection|Third-Party Sharing,1,0.6231614,0.0006357656,0.002166985,0.31988153,0.00022541301,0.19514231,0.027717,Data Collection
919_uh.edu,4,Data Collection|Data Retention|Third-Party Sharing,1,0.56145656,0.00036970936,0.001771472,0.13106813,0.00012238756,0.708566,0.0076999683,Data Collection|Third-Party Sharing
919_uh.edu,5,Data Collection|Other/Unclear,1,0.8998976,0.017820308,0.020616908,0.11295748,0.00567406,0.23548432,0.04287316,Data Collection
919_uh.edu,6,Other/Unclear,1,0.06149841,0.0009773666,0.0064466656,0.9226445,0.003689628,0.059183825,0.029809121,Other/Unclear
928_stlouisfed.org,0,Other/Unclear,3,0.118838176,0.0011315718,0.008000361,0.92465377,0.0055613457,0.05738274,0.03201063,Other/Unclear
928_stlouisfed.org,1,Data Collection|User Control & Deletion,3,0.3533316,5.793987e-05,0.00095262274,0.50305843,3.340942e-05,0.079772,0.05222356,Other/Unclear
928_stlouisfed.org,2,Data Collection|User Control & Deletion,3,0.7943254,0.00012377076,0.00047282,0.2897108,7.208362e-05,0.055342656,0.028853485,Data Collection
928_stlouisfed.org,3,Data Collection,3,0.8551718,8.805e-05,0.0008951698,0.2687981,7.779339e-05,0.16653258,0.0062847063,Data Collection
928_stlouisfed.org,4,Data Collection|User Control & Deletion,3,0.8992465,2.052807e-05,9.394059e-05,0.17588127,6.067703e-06,0.06828006,0.007249281,Data Collection
928_stlouisfed.org,5,Data Collection|Data Retention,3,0.54859424,0.0013306601,0.0060925013,0.3766255,0.0016904962,0.13061722,0.06515206,Data Collection
928_stlouisfed.org,6,Data Collection|Data Security,3,0.22394715,0.0011089435,0.08156762,0.51926285,0.0009893308,0.05863348,0.028779354,Other/Unclear
928_stlouisfed.org,7,Data Collection|Other/Unclear,3,0.8292113,0.00034819968,0.0013528876,0.4962403,0.000353505,0.08136444,0.062373295,Data Collection
928_stlouisfed.org,8,Data Collection,3,0.8537573,0.00026479407,0.0014668055,0.17070968,0.00019798592,0.20195194,0.0046553807,Data Collection
928_stlouisfed.org,9,Data Collection,3,0.7685936,0.0014962046,0.008176108,0.34680822,0.00077686715,0.23021173,0.018778833,Data Collection
928_stlouisfed.org,10,Data Collection|Data Retention|User Control & Deletion,3,0.67200476,0.00019650211,0.00069786806,0.2753263,0.00017273617,0.058154333,0.06367004,Data Collection
928_stlouisfed.org,11,Third-Party Sharing,3,0.64813834,0.00048553827,0.002653124,0.3806036,0.00039529402,0.18829316,0.029603764,Data Collection
928_stlouisfed.org,12,Other/Unclear|Third-Party Sharing,3,0.24534522,0.000491014,0.0026022925,0.8102735,0.00084065465,0.18148667,0.09720066,Other/Unclear
928_stlouisfed.org,13,Other/Unclear|Third-Party Sharing,3,0.1839993,0.0012528118,0.0076038255,0.863077,0.0033622533,0.1639859,0.100678265,Other/Unclear
928_stlouisfed.org,14,User Control & Deletion,3,0.36509562,0.00029382698,0.0014265649,0.42219558,0.00041627407,0.04033065,0.4468492,
928_stlouisfed.org,15,Data Collection|Third-Party Sharing,3,0.17894171,5.7553447e-05,0.00082499033,0.6147709,7.946601e-05,0.57848036,0.005039016,Other/Unclear|Third-Party Sharing
928_stlouisfed.org,16,Other/Unclear|User Control & Deletion,3,0.18456265,0.002223017,0.011249783,0.5191152,0.0027348776,0.43761066,0.085313596,Other/Unclear
928_stlouisfed.org,17,Data Collection|Data Security|Third-Party Sharing,3,0.09409318,0.0005126039,0.016108636,0.49192426,0.0012395796,0.18561864,0.045575805,
928_stlouisfed.org,18,Data Security|Third-Party Sharing,3,0.39722592,0.00042264495,0.009036209,0.45508426,0.00028300477,0.2614383,0.0134473685,
928_stlouisfed.org,19,Third-Party Sharing,3,0.055384684,0.0003483097,0.0016967321,0.01250452,0.00018153102,0.959352,0.003759775,Third-Party Sharing
928_stlouisfed.org,20,Other/Unclear|Third-Party Sharing|User Control & Deletion,3,0.2524861,0.0006578418,0.0029285816,0.5727097,0.00050524384,0.14428456,0.15165938,Other/Unclear
928_stlouisfed.org,21,Data Collection|Other/Unclear,3,0.3230289,0.00075477496,0.006206228,0.77861565,0.0017498948,0.06289974,0.022965586,Other/Unclear
928_stlouisfed.org,22,Other/Unclear,3,0.20579292,0.004477495,0.02326043,0.8326914,0.0069776285,0.20579118,0.071657546,Other/Unclear
928_stlouisfed.org,23,Other/Unclear,3,0.23957288,0.002081288,0.008684729,0.520976,0.0022574756,0.26865318,0.059669986,Other/Unclear
928_stlouisfed.org,24,Other/Unclear,3,0.26610285,0.0036076414,0.0132176755,0.58093226,0.0030530223,0.34762633,0.052647393,Other/Unclear
928_stlouisfed.org,25,Data Collection|Other/Unclear|Third-Party Sharing,3,0.41081372,0.0057204277,0.024963275,0.52889556,0.008599434,0.31039327,0.08141689,Other/Unclear
928_stlouisfed.org,26,Data Collection|Other/Unclear|Third-Party Sharing|User Control & Deletion,3,0.1540228,0.00043616947,0.0034119452,0.70401824,0.00079901924,0.16128267,0.038197182,Other/Unclear
928_stlouisfed.org,27,Data Collection|Other/Unclear,3,0.2544193,0.0011280584,0.0069103804,0.75929374,0.002016249,0.17073692,0.05775237,Other/Unclear
928_stlouisfed.org,28,Other/Unclear,3,0.04090366,4.8451722e-05,0.0011887859,0.9916152,9.491982e-05,0.009207388,0.002014174,Other/Unclear
928_stlouisfed.org,29,Data Security,3,0.027940817,0.0008224718,0.56763923,0.33569527,0.0006553901,0.03792537,0.00818156,Data Security
928_stlouisfed.org,30,Data Collection|Other/Unclear|User Control & Deletion,3,0.07855449,0.0007196392,0.002000428,0.7473032,0.00047343486,0.023099413,0.36689168,Other/Unclear
928_stlouisfed.org,31,Other/Unclear,3,0.08050367,0.00049209245,0.0029587562,0.91081446,0.0017146198,0.042836476,0.03865345,Other/Unclear
940_internetbrands.com,0,Other/Unclear,0,0.18306923,0.0030584715,0.015854651,0.76237607,0.013780138,0.089257784,0.06398138,Other/Unclear
940_internetbrands.com,1,Other/Unclear,0,0.323289,0.00029539564,0.002338802,0.5347244,0.00045773893,0.19667199,0.010226856,Other/Unclear
940_internetbrands.com,2,Other/Unclear|Policy Change,0,0.020713951,1.0436658e-05,0.00024527253,0.9727906,7.6935175e-05,0.09215879,0.0015251094,Other/Unclear
940_internetbrands.com,3,Other/Unclear|User Control & Deletion,0,0.040234465,3.1263653e-06,4.3884236e-05,0.9491743,8.664921e-06,0.0032576164,0.0049148337,Other/Unclear
940_internetbrands.com,4,Data Collection|Other/Unclear,0,0.8497736,1.5933008e-05,0.00010517618,0.32617888,4.3988416e-06,0.074058615,0.0018373132,Data Collection
940_internetbrands.com,5,Data Collection|Other/Unclear,0,0.83394134,0.000758723,0.0017044485,0.27670333,0.000409873,0.09860633,0.032523774,Data Collection
940_internetbrands.com,6,Data Collection|Other/Unclear,0,0.6318938,0.004261692,0.057723396,0.09365893,0.0023416313,0.2936382,0.025901683,Data Collection
940_internetbrands.com,7,Data Collection,0,0.8465122,0.00023565957,0.001569394,0.19392535,0.0001498626,0.3167461,0.02239977,Data Collection
940_internetbrands.com,8,Data Collection|Other/Unclear,0,0.6496178,0.00043770435,0.0022631937,0.4902502,0.00039376883,0.31028348,0.015698602,Data Collection
940_internetbrands.com,9,Data Collection|Other/Unclear,0,0.8798151,0.0004711645,0.0014452218,0.16043973,0.00017145973,0.074462585,0.02015027,Data Collection
940_internetbrands.com,10,Data Collection,0,0.71943915,0.0036687318,0.022015136,0.28393787,0.0020458517,0.17967775,0.042223018,Data Collection
940_internetbrands.com,11,Data Collection,0,0.8693757,0.00060542906,0.0013403018,0.24833132,0.00027346835,0.20162283,0.030777022,Data Collection
940_internetbrands.com,12,Data Collection,0,0.47652954,0.00035739582,0.001341009,0.27747267,0.00023642872,0.26813236,0.0435142,
940_internetbrands.com,13,Data Collection,0,0.4735064,0.00012237568,0.00068468694,0.26512617,6.373012e-05,0.23893365,0.013077289,
940_internetbrands.com,14,Other/Unclear|User Control & Deletion,0,0.6530767,7.021431e-05,0.0006456834,0.25022548,2.335581e-05,0.20821881,0.015186894,Data Collection
940_internetbrands.com,15,Data Collection,0,0.66490215,0.00024186699,0.0013868619,0.42311656,0.0001818303,0.3207721,0.01784496,Data Collection
940_internetbrands.com,16,Data Collection|User Control & Deletion,0,0.48955375,0.00040867593,0.002139862,0.5535258,0.00043235606,0.114090905,0.026244974,Other/Unclear
940_internetbrands.com,17,Data Collection|Other/Unclear,0,0.6701633,7.487667e-05,0.00056211266,0.4740648,8.089104e-05,0.064990215,0.005682944,Data Collection
940_internetbrands.com,18,Data Collection,0,0.7828927,0.00105175,0.005633335,0.23041847,0.00066715677,0.19307375,0.059799757,Data Collection
940_internetbrands.com,19,Data Collection|Policy Change,0,0.4251934,0.00017158425,0.0006408075,0.47286785,0.00067980733,0.035874646,0.024516407,
940_internetbrands.com,20,Data Collection,0,0.8324432,0.0015810792,0.00513616,0.20973612,0.0014773003,0.12927687,0.019432344,Data Collection
940_internetbrands.com,21,Data Collection,0,0.653625,0.0011612638,0.004075454,0.30659896,0.0009269503,0.23474628,0.03349426,Data Collection
940_internetbrands.com,22,Data Collection,0,0.36986384,0.0036928654,0.0072580823,0.3884302,0.0024316406,0.24698089,0.0686705,
940_internetbrands.com,23,Data Collection,0,0.33386073,0.03053334,0.08981457,0.37758884,0.030116463,0.3274115,0.14403972,
940_internetbrands.com,24,Data Collection,0,0.57747644,0.0041416273,0.021195782,0.28592253,0.004099821,0.094339214,0.11549984,Data Collection
940_internetbrands.com,25,Data Collection,0,0.79034525,0.00012465456,0.0004999637,0.21164879,0.0001687863,0.1503022,0.029157769,Data Collection
940_internetbrands.com,26,Data Collection,0,0.51594996,0.0023823,0.00916518,0.39206848,0.001955634,0.30896756,0.06676122,Data Collection
940_internetbrands.com,27,Data Collection,0,0.6575509,0.008712826,0.028000215,0.23983006,0.004400185,0.2702849,0.06714821,Data Collection
940_internetbrands.com,28,Data Collection,0,0.8356717,0.0026397284,0.0062509775,0.33795223,0.0025329196,0.40766764,0.030051937,Data Collection
940_internetbrands.com,29,Data Collection,0,0.30068967,0.0010052605,0.0030802016,0.10046029,0.0009615035,0.5363744,0.0074829557,Third-Party Sharing
940_internetbrands.com,30,Data Collection,0,0.8956033,0.004400605,0.0094973,0.12988408,0.0021495055,0.40617666,0.030788003,Data Collection
940_internetbrands.com,31,Data Collection,0,0.72720385,0.000880951,0.0024735339,0.24850303,0.0005446075,0.20430432,0.096156456,Data Collection
940_internetbrands.com,32,Data Collection,0,0.29991233,0.0030773145,0.010529368,0.34615332,0.001834511,0.17497736,0.07279065,
940_internetbrands.com,33,Data Collection,0,0.38172954,0.0036857459,0.027241403,0.32222527,0.0034585153,0.4153343,0.049169667,
940_internetbrands.com,34,Data Collection|Third-Party Sharing,0,0.6555807,0.0026093097,0.0092790015,0.27101794,0.0015274521,0.66309357,0.038358733,Data Collection|Third-Party Sharing
940_internetbrands.com,35,Data Collection|Other/Unclear,0,0.6478946,4.681355e-05,0.00037227327,0.30940154,4.0199924e-05,0.21178827,0.006670271,Data Collection
940_internetbrands.com,36,Third-Party Sharing,0,0.13370949,3.8381513e-05,0.0003199876,0.38407427,2.7697424e-05,0.74388134,0.0051182727,Third-Party Sharing
940_internetbrands.com,37,Other/Unclear|Third-Party Sharing,0,0.41369203,0.00082114304,0.02350693,0.20425367,0.00055347744,0.7306054,0.017117543,Third-Party Sharing
940_internetbrands.com,38,Third-Party Sharing,0,0.33092454,0.00064638606,0.0031901875,0.27782986,0.00033994953,0.5009406,0.039657105,Third-Party Sharing
940_internetbrands.com,39,Data Collection|Third-Party Sharing,0,0.37206632,0.0002511,0.0020125008,0.3280313,0.0001616829,0.38799432,0.01003077,
940_internetbrands.com,40,Data Collection|Third-Party Sharing,0,0.22046463,0.034723286,0.07074748,0.5153987,0.034540616,0.3829601,0.124047965,Other/Unclear
940_internetbrands.com,41,Data Collection|Third-Party Sharing,0,0.2252769,0.033249035,0.07435523,0.30542144,0.032982145,0.5950073,0.14419581,Third-Party Sharing
940_internetbrands.com,42,Data Collection|Third-Party Sharing,0,0.21654917,0.0003841387,0.0032516713,0.1309796,0.00051239267,0.4781494,0.0061383266,
940_internetbrands.com,43,Data Collection|Third-Party Sharing,0,0.08941093,0.00075322774,0.0025719788,0.0713493,0.00027483868,0.8969993,0.007895766,Third-Party Sharing
940_internetbrands.com,44,Data Collection|Third-Party Sharing,0,0.28244013,0.0009931101,0.007013093,0.25471225,0.00052559696,0.6306669,0.01414097,Third-Party Sharing
940_internetbrands.com,45,Data Collection|Third-Party Sharing,0,0.1465831,0.0024363245,0.008701667,0.102882616,0.0021588602,0.85336965,0.022970114,Third-Party Sharing
940_internetbrands.com,46,Third-Party Sharing,0,0.11432329,0.00042091287,0.0036468338,0.1762029,0.00047974914,0.8047751,0.009378865,Third-Party Sharing
940_internetbrands.com,47,Third-Party Sharing,0,0.30360258,0.0004950475,0.0024016642,0.31250528,0.0004346141,0.5517367,0.013600555,Third-Party Sharing
940_internetbrands.com,48,Data Collection|Other/Unclear|Third-Party Sharing,0,0.18459101,0.00014257514,0.0008918172,0.6946333,0.00021749563,0.23506583,0.010580546,Other/Unclear
940_internetbrands.com,49,Third-Party Sharing,0,0.4312374,3.9128503e-05,0.00026059797,0.28483057,3.2495587e-05,0.33858234,0.0043222466,
940_internetbrands.com,50,Data Collection,0,0.9881833,2.5577885e-05,6.156309e-05,0.04398718,5.0977796e-06,0.05602472,0.001006967,Data Collection
940_internetbrands.com,51,Data Collection|Third-Party Sharing,0,0.83009446,1.0651355e-05,7.692032e-05,0.30474314,5.5546416e-06,0.20717461,0.0011220156,Data Collection
940_internetbrands.com,52,Data Collection|Other/Unclear|User Control & Deletion,0,0.7603345,9.451047e-06,9.2020055e-05,0.50308466,1.2804319e-05,0.050780486,0.012463295,Data Collection|Other/Unclear
940_internetbrands.com,53,Other/Unclear,0,0.36406758,0.000379886,0.0009800959,0.76170826,0.00023100979,0.09040131,0.034972146,Other/Unclear
940_internetbrands.com,54,Other/Unclear|Third-Party Sharing|User Control & Deletion,0,0.5005092,9.255392e-05,0.0005549602,0.59944814,6.860992e-05,0.28089872,0.00897853,Data Collection|Other/Unclear
940_internetbrands.com,55,Other/Unclear|Third-Party Sharing,0,0.096623935,4.5153727e-05,0.00058904296,0.793761,3.9064755e-05,0.20503165,0.004617038,Other/Unclear
940_internetbrands.com,56,Other/Unclear|User Control & Deletion,0,0.13112712,0.0001083764,0.0006626402,0.56086624,5.7204506e-05,0.020756513,0.08405258,Other/Unclear
940_internetbrands.com,57,Other/Unclear|User Control & Deletion,0,0.4072958,0.0007274453,0.0032391541,0.49079072,0.0006042826,0.05882463,0.11191031,
940_internetbrands.com,58,User Control & Deletion,0,0.1236848,0.00095322664,0.001831391,0.5674081,0.0010578797,0.02789007,0.5667315,Other/Unclear|User Control & Deletion
940_internetbrands.com,59,User Control & Deletion,0,0.22850175,0.002337867,0.0041304934,0.48478138,0.0036991537,0.0630927,0.5319984,User Control & Deletion
940_internetbrands.com,60,User Control & Deletion,0,0.2825916,0.00264894,0.0057025673,0.5430755,0.0034181075,0.10302215,0.39592326,Other/Unclear
940_internetbrands.com,61,User Control & Deletion,0,0.49295557,0.00076824595,0.0019884214,0.4456507,0.00054314296,0.05080773,0.25864244,
940_internetbrands.com,62,User Control & Deletion,0,0.17221537,0.0006149293,0.0015030649,0.4266787,0.0020628704,0.04239504,0.33121523,
940_internetbrands.com,63,Other/Unclear|User Control & Deletion,0,0.17445154,0.0020179944,0.012328665,0.702766,0.002631409,0.11706105,0.24279498,Other/Unclear
940_internetbrands.com,64,Other/Unclear,0,0.13605875,0.0008365453,0.002185209,0.8652604,0.00076204067,0.04173352,0.11450385,Other/Unclear
940_internetbrands.com,65,Data Security,0,0.08442286,0.0018932906,0.23143382,0.7283825,0.00096677244,0.026908547,0.039850116,Other/Unclear
940_internetbrands.com,66,Data Retention|Other/Unclear,0,0.1256025,1.8874342e-05,0.00018473782,0.7589181,1.4048005e-05,0.11388701,0.005385075,Other/Unclear
940_internetbrands.com,67,Other/Unclear,0,0.2287392,0.003945533,0.013201139,0.6461234,0.0027621738,0.12785327,0.17372517,Other/Unclear
940_internetbrands.com,68,Data Retention,0,0.08759267,0.044005055,0.008279504,0.17019382,0.0014896467,0.12545963,0.029045593,
940_internetbrands.com,69,Other/Unclear,0,0.66498905,0.00017995761,0.00081344135,0.27752998,0.00015498626,0.1984586,0.023654236,Data Collection
940_internetbrands.com,70,Other/Unclear|User Control & Deletion,0,0.26805508,9.876912e-05,0.00013208772,0.36088237,3.3331387e-05,0.013831436,0.66323185,User Control & Deletion
940_internetbrands.com,71,Other/Unclear|User Control & Deletion,0,0.5108225,0.00019432064,0.00054981187,0.3353002,0.00011254988,0.0698236,0.1752706,Data Collection
940_internetbrands.com,72,User Control & Deletion,0,0.34899524,4.0933934e-05,9.150925e-05,0.41948614,2.0367346e-05,0.029876202,0.43877694,
940_internetbrands.com,73,Data Security,0,0.05128652,9.030015e-05,0.22180524,0.09296089,4.3205175e-05,0.028911851,0.0010072798,
940_internetbrands.com,74,Data Retention|Data Security|Other/Unclear|Third-Party Sharing,0,0.42373726,0.00048307353,0.021920318,0.14919655,9.087482e-05,0.4648575,0.0039682877,
940_internetbrands.com,75,Data Security|Other/Unclear,0,0.029399592,2.1017318e-05,0.012708322,0.6944647,8.805846e-06,0.04920419,0.002408866,Other/Unclear
940_internetbrands.com,76,Data Security|Other/Unclear,0,0.3677868,0.0067234347,0.038712967,0.4975664,0.0052150385,0.10722365,0.071308844,
940_internetbrands.com,77,Data Security|Other/Unclear,0,0.19110344,0.0017003894,0.14870286,0.14061978,0.00076788414,0.05506728,0.027540298,
940_internetbrands.com,78,Data Security|Other/Unclear,0,0.25558797,0.0036982822,0.027541162,0.38077012,0.003348695,0.19553226,0.07648094,
940_internetbrands.com,79,Data Security|Other/Unclear,0,0.3412303,0.001237245,0.014209883,0.52840453,0.00087379775,0.31736147,0.037103985,Other/Unclear
940_internetbrands.com,80,Data Security|Other/Unclear,0,0.4275358,0.004881953,0.011855946,0.50757486,0.002969151,0.14843051,0.12215905,Other/Unclear
940_internetbrands.com,81,Data Security|Other/Unclear,0,0.48238805,0.001739394,0.0093176365,0.5014862,0.0017465922,0.12639429,0.114175744,Other/Unclear
940_internetbrands.com,82,Data Security|Other/Unclear,0,0.18315098,0.0026715246,0.0128890965,0.5784589,0.0020377936,0.20517002,0.07378342,Other/Unclear
940_internetbrands.com,83,Data Security|Other/Unclear,0,0.21427421,0.00013332262,0.0018572365,0.49244258,8.211672e-05,0.116858974,0.023066044,
940_internetbrands.com,84,Data Security|Other/Unclear,0,0.48061845,0.0006327295,0.003390957,0.36278528,0.00048986054,0.2767414,0.048222225,
940_internetbrands.com,85,Other/Unclear,0,0.041112706,5.9916974e-06,0.00013288943,0.9522855,8.116488e-06,0.26297578,0.0015958876,Other/Unclear
940_internetbrands.com,86,Data Collection|Other/Unclear|Third-Party Sharing,0,0.4681634,1.9594621e-05,0.00015666158,0.566474,2.3405239e-05,0.20865545,0.005923444,Other/Unclear
940_internetbrands.com,87,Data Security|Other/Unclear,0,0.20918073,4.9693983e-05,0.0013099529,0.7182188,3.4333214e-05,0.19210705,0.0069407057,Other/Unclear
940_internetbrands.com,88,Data Collection|Other/Unclear|Third-Party Sharing,0,0.23715606,7.8300654e-05,0.0008462494,0.23299906,3.1578005e-05,0.57738763,0.00272832,Third-Party Sharing
940_internetbrands.com,89,Other/Unclear,0,0.25975546,0.00012036091,0.0011877645,0.59167314,0.00014124622,0.24344009,0.010076834,Other/Unclear
940_internetbrands.com,90,Other/Unclear,0,0.28834993,0.0002034192,0.0023831222,0.50552726,0.00021248205,0.33281705,0.009229102,Other/Unclear
940_internetbrands.com,91,Other/Unclear,0,0.07314365,0.00017607202,0.0014834056,0.84171045,0.00076571,0.11761837,0.01669758,Other/Unclear
940_internetbrands.com,92,Other/Unclear|User Control & Deletion,0,0.08912944,0.00020407519,0.0020717406,0.6185363,0.00037549683,0.16353095,0.09090911,Other/Unclear
940_internetbrands.com,93,Data Retention|Other/Unclear|User Control & Deletion,0,0.09856481,1.9018164e-05,6.858464e-05,0.63725406,1.45711465e-05,0.064683646,0.016524898,Other/Unclear
940_internetbrands.com,94,Data Collection|Data Retention|Data Security|Other/Unclear|Third-Party Sharing,0,0.25366727,4.8303613e-05,0.0005921978,0.540215,3.8105783e-05,0.39410335,0.008424074,Other/Unclear
940_internetbrands.com,95,Other/Unclear|Policy Change,0,0.041509755,9.562406e-06,9.611366e-05,0.9971352,7.167684e-06,0.0038375515,0.0011171367,Other/Unclear
940_internetbrands.com,96,Other/Unclear,0,0.1036297,1.5841399e-05,0.00013310275,0.92861044,1.0027709e-05,0.028238403,0.006719457,Other/Unclear
940_internetbrands.com,97,Other/Unclear,0,0.03464839,1.2183348e-05,0.00021918466,0.966258,5.9425247e-06,0.023948982,0.0015779178,Other/Unclear
940_internetbrands.com,98,Other/Unclear|Third-Party Sharing,0,0.09190174,2.7622118e-06,4.0726904e-05,0.6251198,1.0942533e-06,0.41726682,0.0084642945,Other/Unclear
940_internetbrands.com,99,Other/Unclear,0,0.023470664,9.809948e-05,0.00080870144,0.87038875,6.543202e-05,0.186857,0.05696257,Other/Unclear
940_internetbrands.com,100,Other/Unclear,0,0.044692013,9.89422e-05,0.0003582046,0.9537258,6.148986e-05,0.00981555,0.052655317,Other/Unclear
940_internetbrands.com,101,Other/Unclear,0,0.021791413,9.599082e-05,0.0006247688,0.9818917,0.0001322618,0.007406227,0.019214388,Other/Unclear
940_internetbrands.com,102,Policy Change,0,0.009049455,7.5893586e-06,5.8692072e-05,0.7278762,0.0039741434,0.0035574024,0.0076706666,Other/Unclear
940_internetbrands.com,103,Other/Unclear|Policy Change,0,0.033535283,0.0044360203,0.009549658,0.9324148,0.33513147,0.019011108,0.017974285,Other/Unclear
962_lynda.com,0,Other/Unclear,3,0.07026673,0.0014147396,0.010238539,0.9119807,0.011767512,0.08972436,0.049018692,Other/Unclear
962_lynda.com,1,Other/Unclear|Policy Change,3,0.06409526,0.005700799,0.014749713,0.8651531,0.27924487,0.035524037,0.035495184,Other/Unclear
962_lynda.com,2,Data Collection|Data Security|Other/Unclear,3,0.17900501,2.1965052e-06,9.7864766e-05,0.958279,6.1984083e-06,0.009704972,0.001063725,Other/Unclear
962_lynda.com,3,Other/Unclear,3,0.011825583,0.000777315,0.17450337,0.98858535,0.0018851224,0.020662861,0.024144491,Other/Unclear
962_lynda.com,4,Other/Unclear,3,0.21717575,0.0007062888,0.02073502,0.85102695,0.00084903114,0.055708557,0.032262996,Other/Unclear
962_lynda.com,5,Data Security|Other/Unclear,3,0.006811405,0.0005571609,0.033270366,0.9932284,0.0009772448,0.0069717146,0.01338173,Other/Unclear
962_lynda.com,6,Other/Unclear,3,0.048132412,0.00029927358,0.0036643809,0.87441057,0.002333573,0.13592523,0.013874312,Other/Unclear
962_lynda.com,7,Other/Unclear,3,0.06636473,9.25216e-05,0.0013789515,0.8365636,0.000115318035,0.024282034,0.023937842,Other/Unclear
962_lynda.com,8,Other/Unclear|User Control & Deletion,3,0.079638,0.00033305222,0.001947304,0.82606316,0.0039792713,0.036220964,0.057778038,Other/Unclear
962_lynda.com,9,Other/Unclear|User Control & Deletion,3,0.048621967,7.8876044e-05,0.0010473587,0.9034856,0.0007920353,0.024318038,0.06122212,Other/Unclear
962_lynda.com,10,Data Collection|Data Retention|Data Security|Other/Unclear|Policy Change|Third-Party Sharing|User Control & Deletion,3,0.05962584,2.7787303e-06,6.602548e-05,0.817746,4.3559817e-06,0.022553422,0.0024643952,Other/Unclear
962_lynda.com,11,Data Collection,3,0.8830352,3.8622602e-05,0.0002594967,0.39579043,2.4834688e-05,0.06454363,0.0032241077,Data Collection
962_lynda.com,12,Data Collection|Third-Party Sharing,3,0.6807,2.2190743e-06,3.460206e-05,0.35714614,7.792982e-07,0.058832742,0.0024147176,Data Collection
962_lynda.com,13,Data Collection,3,0.98816526,0.00023546767,0.00077132194,0.036192365,0.0001172625,0.049792897,0.0024399734,Data Collection
962_lynda.com,14,Data Collection|Other/Unclear,3,0.20146771,8.367969e-06,6.2613755e-05,0.92961323,5.755517e-06,0.013613516,0.004404017,Other/Unclear
962_lynda.com,15,Data Collection|Third-Party Sharing,3,0.91967535,1.07900005e-05,8.736949e-05,0.1809012,5.6027975e-06,0.083551764,0.0021733514,Data Collection
962_lynda.com,16,Data Collection,3,0.8956493,5.427229e-05,0.0003724013,0.20030269,4.6824018e-05,0.015345849,0.008892713,Data Collection
962_lynda.com,17,Data Collection|Data Retention|Data Security|Other/Unclear,3,0.12815814,2.8835775e-05,0.0014501553,0.6658371,2.5654823e-05,0.1177597,0.0028260464,Other/Unclear
962_lynda.com,18,Data Collection,3,0.51097757,0.0003408302,0.0039637317,0.4326756,0.00041506573,0.08401936,0.025374072,Data Collection
962_lynda.com,19,Data Collection,3,0.4842287,0.00040694725,0.0018441101,0.43294075,0.00034812104,0.14514981,0.039313946,
962_lynda.com,20,Data Collection,3,0.34121075,0.009499034,0.07004665,0.52055603,0.009339921,0.35900718,0.11154132,Other/Unclear
962_lynda.com,21,Data Collection|Third-Party Sharing,3,0.27809843,0.0010533044,0.05374888,0.23508085,0.0010282694,0.36058483,0.016067425,
962_lynda.com,22,Data Collection|User Control & Deletion,3,0.8059151,0.00013212682,0.00042844797,0.26782596,9.4755e-05,0.12459135,0.02879904,Data Collection
962_lynda.com,23,Data Collection|Policy Change,3,0.3380034,0.0010128552,0.0054537854,0.30320394,0.014027901,0.05886414,0.033242594,
962_lynda.com,24,Data Collection,3,0.41716322,0.0007610188,0.004493069,0.36360922,0.0010459359,0.16529123,0.033933517,
962_lynda.com,25,Data Collection|Other/Unclear,3,0.37934056,0.00023785398,0.0017755643,0.42587805,0.0004174275,0.19992389,0.029945679,
962_lynda.com,26,Third-Party Sharing,3,0.21016262,0.00044083316,0.003576633,0.5538096,0.0007795578,0.19463418,0.059663497,Other/Unclear
962_lynda.com,27,Data Collection|Data Retention,3,0.19305123,0.00066987285,0.001938582,0.7103456,0.00037209547,0.03773153,0.06505225,Other/Unclear
962_lynda.com,28,Other/Unclear|Third-Party Sharing|User Control & Deletion,3,0.03950128,2.5674046e-06,8.7211825e-05,0.74916786,3.7234813e-06,0.5302247,0.003282804,Other/Unclear|Third-Party Sharing
962_lynda.com,29,Third-Party Sharing,3,0.72972417,1.4814242e-05,0.0006207022,0.116780624,7.9018e-06,0.49983886,0.001900281,Data Collection
962_lynda.com,30,Third-Party Sharing,3,0.027601404,1.1379073e-05,0.00015935299,0.07140779,1.1663827e-05,0.924996,0.00047461933,Third-Party Sharing
962_lynda.com,31,Third-Party Sharing,3,0.0903539,0.00026323923,0.0023966567,0.24697173,0.0006269076,0.7507982,0.011901115,Third-Party Sharing
962_lynda.com,32,Third-Party Sharing,3,0.638595,6.750048e-05,0.0008585521,0.23346198,6.208479e-05,0.56350404,0.005281143,Data Collection|Third-Party Sharing
962_lynda.com,33,Other/Unclear,3,0.10019611,8.284175e-06,0.00016462525,0.8847102,6.9750167e-06,0.17749941,0.005136441,Other/Unclear
962_lynda.com,34,Other/Unclear|Third-Party Sharing,3,0.15937562,0.0001536049,0.0012824178,0.7511495,0.00015681196,0.28810063,0.029555088,Other/Unclear
962_lynda.com,35,Other/Unclear,3,0.015203826,9.76007e-05,0.0010084361,0.9739829,0.0004374186,0.00964891,0.022672642,Other/Unclear
962_lynda.com,36,Other/Unclear|User Control & Deletion,3,0.15676537,0.0002662569,0.0014815275,0.57429785,0.00028147167,0.05379998,0.16577637,Other/Unclear
962_lynda.com,37,Other/Unclear|User Control & Deletion,3,0.051198784,0.0005505497,0.0023817983,0.8639067,0.00068464654,0.036886573,0.3218532,Other/Unclear
962_lynda.com,38,Data Retention|Other/Unclear|User Control & Deletion,3,0.13273843,0.0001235698,0.00034831328,0.7022462,3.0940824e-05,0.017305508,0.065573774,Other/Unclear
962_lynda.com,39,Other/Unclear|User Control & Deletion,3,0.22444683,0.00070659793,0.0015074263,0.5218257,0.00025811783,0.03549944,0.41156408,Other/Unclear
962_lynda.com,40,Other/Unclear|User Control & Deletion,3,0.11369301,0.00087194075,0.0023404867,0.8140623,0.00051808445,0.04657412,0.20549093,Other/Unclear
962_lynda.com,41,Data Collection|Data Retention|Other/Unclear|User Control & Deletion,3,0.06537689,0.0015887902,0.0006458716,0.3661005,7.78586e-05,0.04047148,0.17842214,
962_lynda.com,42,User Control & Deletion,3,0.25586563,3.3918634e-05,0.00023882174,0.49659908,1.35580085e-05,0.024278099,0.121864505,
962_lynda.com,43,Other/Unclear|User Control & Deletion,3,0.13299386,0.00011870541,0.00029117067,0.45901117,9.7869146e-05,0.010041864,0.72047824,User Control & Deletion
962_lynda.com,44,Data Collection|Third-Party Sharing|User Control & Deletion,3,0.3875542,6.2677536e-05,0.0004966852,0.45972618,6.643959e-05,0.17519918,0.047387294,
962_lynda.com,45,Data Collection|Other/Unclear|User Control & Deletion,3,0.14050315,9.307618e-05,0.00040961144,0.7027401,6.77014e-05,0.07350674,0.22884661,Other/Unclear
962_lynda.com,46,Data Collection|User Control & Deletion,3,0.23683004,0.00035984226,0.0016429812,0.49925452,0.00042354615,0.07652899,0.3891611,
962_lynda.com,47,Data Collection|Other/Unclear|Third-Party Sharing|User Control & Deletion,3,0.093768686,0.00016229204,0.001176582,0.8415511,0.000104694576,0.05127648,0.048362873,Other/Unclear
962_lynda.com,48,Data Retention,3,0.21719828,0.0042092553,0.005175545,0.1955574,0.00044999746,0.44311094,0.031073237,
962_lynda.com,49,Data Security,3,0.123777874,0.0018162725,0.42571434,0.26062974,0.0014788168,0.06302492,0.018802486,
962_lynda.com,50,Data Security|User Control & Deletion,3,0.17483164,0.0003548327,0.09309805,0.19567469,0.00026066526,0.09731861,0.007875527,
962_lynda.com,51,Data Security,3,0.112903625,5.2990144e-05,0.007714801,0.57508314,4.6231584e-05,0.030228773,0.024818106,Other/Unclear
962_lynda.com,52,Data Security|Other/Unclear,3,0.28115615,0.006167565,0.036422785,0.6898079,0.0055945544,0.11773883,0.16255023,Other/Unclear
962_lynda.com,53,Data Security|Other/Unclear,3,0.009653458,5.9042257e-05,0.2837616,0.5955061,6.417394e-05,0.018957306,0.0027343207,Other/Unclear
962_lynda.com,54,Data Collection|Data Security|Other/Unclear,3,0.039325673,1.0159275e-05,0.00044946716,0.54646814,2.2382857e-05,0.043425594,0.011757812,Other/Unclear
962_lynda.com,55,Data Collection,3,0.8597072,0.00014926691,0.000720296,0.2186629,0.00012799939,0.113582894,0.012310957,Data Collection
962_lynda.com,56,Other/Unclear,3,0.8095337,0.00024960123,0.0014492328,0.36680412,0.00021109391,0.06828092,0.0479487,Data Collection
962_lynda.com,57,Data Collection,3,0.57550365,0.00024298152,0.0010291338,0.6249724,0.00021463414,0.036759134,0.041538354,Data Collection|Other/Unclear
962_lynda.com,58,Data Collection|Other/Unclear|Third-Party Sharing,3,0.24933386,7.57802e-05,0.0010751693,0.5838968,0.00010834809,0.2908954,0.009632577,Other/Unclear
962_lynda.com,59,Data Collection|Other/Unclear|User Control & Deletion,3,0.34028935,3.1083597e-05,0.00019980037,0.6578927,2.1455657e-05,0.019155549,0.21972206,Other/Unclear
962_lynda.com,60,Data Collection|Other/Unclear,3,0.84177464,0.0014469116,0.0046203765,0.41453347,0.0012528948,0.11026975,0.047788855,Data Collection
962_lynda.com,61,Third-Party Sharing|User Control & Deletion,3,0.52554166,4.08345e-06,2.5999467e-05,0.3304202,2.2311553e-06,0.24699861,0.020032477,Data Collection
962_lynda.com,62,Data Collection|Other/Unclear|User Control & Deletion,3,0.7655584,0.00016979441,0.000963244,0.42375505,0.00012185859,0.097406544,0.10524867,Data Collection
962_lynda.com,63,Data Collection,3,0.70084274,0.00011704818,0.00085544167,0.36692092,7.868576e-05,0.075148255,0.008948495,Data Collection
962_lynda.com,64,Other/Unclear|Third-Party Sharing,3,0.035995424,2.92105e-07,1.2007516e-05,0.96456003,4.4375997e-07,0.11231159,0.0003158132,Other/Unclear
962_lynda.com,65,Data Collection|Other/Unclear|User Control & Deletion,3,0.011471433,1.945997e-05,9.974751e-05,0.9768689,1.8274266e-05,0.015711628,0.03125098,Other/Unclear
962_lynda.com,66,Other/Unclear|Third-Party Sharing|User Control & Deletion,3,0.03031262,5.0055382e-06,0.00012268835,0.8142149,4.830984e-06,0.22449861,0.02041894,Other/Unclear
962_lynda.com,67,Policy Change,3,0.011773807,1.0842961e-05,0.00010257208,0.79368395,0.004673679,0.0023711985,0.0028212485,Other/Unclear
962_lynda.com,68,Policy Change|User Control & Deletion,3,0.050755586,0.0016842892,0.011207874,0.7788517,0.08664721,0.051097598,0.06178535,Other/Unclear
962_lynda.com,69,Other/Unclear|Policy Change,3,0.095228136,4.1904546e-05,0.00043579127,0.9120086,0.0003867646,0.0118715,0.004522285,Other/Unclear
962_lynda.com,70,Data Collection|Other/Unclear|Third-Party Sharing|User Control & Deletion,3,0.0647522,2.232861e-05,0.00033955628,0.918014,1.3478398e-05,0.17875673,0.014367283,Other/Unclear
962_lynda.com,71,Data Collection|Other/Unclear|Third-Party Sharing,3,0.5662723,0.00010244021,0.0005644833,0.61222893,0.00010860096,0.15812321,0.009307988,Data Collection|Other/Unclear
962_lynda.com,72,Data Collection|Data Retention|Other/Unclear|User Control & Deletion,3,0.5309467,0.00011032641,0.00023988175,0.5291885,3.627838e-05,0.019867523,0.0563045,Data Collection|Other/Unclear
962_lynda.com,73,Other/Unclear,3,0.014305448,5.586343e-05,0.00041779364,0.9789366,0.00017633647,0.00963066,0.013769489,Other/Unclear
988_solarviews.com,0,Third-Party Sharing,4,0.6396808,6.1953165e-06,7.319891e-05,0.27955756,7.641386e-06,0.5152457,0.005862984,Data Collection|Third-Party Sharing
98_neworleansonline.com,0,Other/Unclear,4,0.09198498,0.003888157,0.027893823,0.89385194,0.028838193,0.04586606,0.040253628,Other/Unclear
98_neworleansonline.com,1,Other/Unclear|Policy Change,4,0.037073106,0.0040632803,0.008926548,0.94188815,0.21420628,0.023892703,0.018467013,Other/Unclear
98_neworleansonline.com,2,Data Collection|Other/Unclear|User Control & Deletion,4,0.02825479,1.5942478e-05,0.0003096651,0.9543396,0.00013226214,0.01420923,0.007390214,Other/Unclear
98_neworleansonline.com,3,Other/Unclear,4,0.016471513,3.9710507e-05,0.00038924548,0.9839902,6.372949e-05,0.029874079,0.003978412,Other/Unclear
98_neworleansonline.com,4,Policy Change,4,0.008604265,7.3301475e-05,0.00024786868,0.7754881,0.106851496,0.0035126985,0.0071824198,Other/Unclear
98_neworleansonline.com,5,Data Collection|Data Security|Other/Unclear|Third-Party Sharing|User Control & Deletion,4,0.058812052,8.234048e-06,0.00012205236,0.87983185,1.37129055e-05,0.022238782,0.0025200082,Other/Unclear
98_neworleansonline.com,6,Data Collection|Third-Party Sharing|User Control & Deletion,4,0.92004055,4.461824e-05,0.00018349222,0.1393975,1.3066676e-05,0.029906806,0.0044441726,Data Collection
98_neworleansonline.com,7,Data Collection,4,0.9544921,1.1166425e-05,5.775967e-05,0.124918744,3.7532468e-06,0.033271935,0.0007399001,Data Collection
98_neworleansonline.com,8,Data Collection|Other/Unclear,4,0.461541,1.1419498e-05,0.00011723399,0.4301363,1.7499955e-05,0.07584142,0.0012700413,
98_neworleansonline.com,9,Data Collection,4,0.5955751,0.0011509607,0.005034908,0.2315237,0.0007947769,0.12718157,0.038800288,Data Collection
98_neworleansonline.com,10,Data Collection,4,0.5156637,0.00298227,0.0051818485,0.5415863,0.0021464315,0.19384597,0.035872668,Data Collection|Other/Unclear
98_neworleansonline.com,11,Data Collection,4,0.67984724,0.00038279078,0.0018640346,0.2893042,0.0002181515,0.20990133,0.011321245,Data Collection
98_neworleansonline.com,12,Data Collection|Other/Unclear|Policy Change,4,0.74021196,0.00029031542,0.00079976046,0.20701824,0.00042983543,0.02773467,0.02124647,Data Collection
98_neworleansonline.com,13,Data Collection,4,0.52611053,0.00015900715,0.0012756601,0.3125587,0.000116798954,0.058012817,0.03481252,Data Collection
98_neworleansonline.com,14,Data Collection,4,0.6814403,0.00020077027,0.00073480443,0.34853458,8.6482076e-05,0.060447007,0.03175675,Data Collection
98_neworleansonline.com,15,Data Collection,4,0.5008826,0.009901306,0.03875536,0.15971242,0.006663203,0.44279337,0.058658358,Data Collection
98_neworleansonline.com,16,Data Collection,4,0.7617569,0.0010211096,0.0028971685,0.1203436,0.0009480975,0.33718485,0.01574644,Data Collection
98_neworleansonline.com,17,Data Collection|User Control & Deletion,4,0.15876122,0.00013212445,0.00031158692,0.38689157,0.00012753051,0.016315006,0.541617,User Control & Deletion
98_neworleansonline.com,18,User Control & Deletion,4,0.12294776,0.0001638642,0.00064652716,0.82811064,0.00046827696,0.034689087,0.2890662,Other/Unclear
98_neworleansonline.com,19,Other/Unclear|Third-Party Sharing,4,0.14220515,0.0002493871,0.0023849462,0.65678847,0.00017060591,0.20845191,0.006668824,Other/Unclear
98_neworleansonline.com,20,Third-Party Sharing,4,0.35625488,6.022498e-05,0.0017036851,0.17383142,2.8405644e-05,0.66163343,0.0046811574,Third-Party Sharing
98_neworleansonline.com,21,Third-Party Sharing,4,0.29762024,0.00012608214,0.0010328869,0.3516061,5.7068606e-05,0.59169334,0.007473434,Third-Party Sharing
98_neworleansonline.com,22,Third-Party Sharing,4,0.45304114,0.00015043431,0.0010329359,0.26905122,5.574796e-05,0.31653255,0.005871638,
98_neworleansonline.com,23,Third-Party Sharing,4,0.06371928,0.00031609042,0.0016807483,0.12340887,0.00047047553,0.9231478,0.008574894,Third-Party Sharing
98_neworleansonline.com,24,Data Collection|Third-Party Sharing,4,0.07652948,0.00023581453,0.0018092054,0.18066356,0.00020299059,0.6764243,0.0026683866,Third-Party Sharing
98_neworleansonline.com,25,Data Collection|Third-Party Sharing,4,0.7560335,0.00021431374,0.00085305085,0.27370483,6.986327e-05,0.49839067,0.0032970663,Data Collection
98_neworleansonline.com,26,Data Collection,4,0.40073305,0.00014004181,0.0006239575,0.6130822,0.00016531064,0.14002968,0.0059442194,Other/Unclear
98_neworleansonline.com,27,User Control & Deletion,4,0.18484427,0.00071362656,0.0029063458,0.5451313,0.0005067741,0.03943941,0.34363785,Other/Unclear
98_neworleansonline.com,28,Data Security,4,0.042309307,0.0005459693,0.19870658,0.38303962,0.00049811904,0.031033965,0.007454889,
98_neworleansonline.com,29,Data Security|Other/Unclear,4,0.013827724,0.00014625909,0.085081995,0.6233781,9.508821e-05,0.0114637725,0.010838431,Other/Unclear
98_neworleansonline.com,30,Other/Unclear,4,0.9069173,8.010012e-05,0.00034339735,0.3171656,1.8278919e-05,0.027336705,0.0058913124,Data Collection
98_neworleansonline.com,31,Data Collection,4,0.81408983,7.396609e-05,0.00022235212,0.3464094,4.922468e-05,0.06065259,0.006185724,Data Collection
98_neworleansonline.com,32,Other/Unclear|User Control & Deletion,4,0.28822675,0.00048244558,0.001215152,0.62496334,0.00032681235,0.02934651,0.27251652,Other/Unclear
98_neworleansonline.com,33,Data Collection|Third-Party Sharing,4,0.87362504,0.00015835778,0.0007762899,0.33199638,0.00012392511,0.29445451,0.015870236,Data Collection
98_neworleansonline.com,34,Data Collection|Third-Party Sharing,4,0.7452285,7.0113536e-05,0.00052029255,0.24493496,6.3368236e-05,0.21964973,0.003662262,Data Collection
98_neworleansonline.com,35,Other/Unclear|Third-Party Sharing,4,0.038853537,2.957562e-05,0.00059829454,0.96102846,4.845691e-05,0.10896034,0.002829829,Other/Unclear
98_neworleansonline.com,36,Other/Unclear|User Control & Deletion,4,0.010725597,4.24749e-05,0.00011743548,0.9701901,2.332422e-05,0.01962456,0.04317933,Other/Unclear
98_neworleansonline.com,37,Other/Unclear,4,0.23331839,0.00017636205,0.0008084627,0.9889597,0.00013611036,0.007848274,0.005921415,Other/Unclear
98_neworleansonline.com,38,Other/Unclear|User Control & Deletion,4,0.20719369,0.00033612782,0.0006658015,0.97145617,8.471047e-05,0.009161143,0.029467976,Other/Unclear
98_neworleansonline.com,39,Other/Unclear,4,0.05220151,0.00032440393,0.0037768453,0.9154903,0.0022069686,0.033005647,0.010346201,Other/Unclear
98_neworleansonline.com,40,Other/Unclear,4,0.015021384,0.00012513541,0.0004490864,0.986763,0.00029515492,0.00689898,0.02015076,Other/Unclear
