policy_stem,segment_id,gold_labels,fold_id,prob_Data_Collection,prob_Data_Retention,prob_Data_Security,prob_Other_Unclear,prob_Policy_Change,prob_Third_Party_Sharing,prob_User_Control_and_Deletion,predicted_labels_at_0_5
1017_sci-news.com,0,Other/Unclear|Policy Change,3,0.28398642,0.2806805,0.45283553,0.6596296,0.50935847,0.32930592,0.40669715,Other/Unclear|Policy Change
1017_sci-news.com,1,Data Collection,3,0.7201844,0.291738,0.33335015,0.50298595,0.23251057,0.44432208,0.33066908,Data Collection|Other/Unclear
1017_sci-news.com,2,Data Collection|Data Retention,3,0.45324558,0.40624505,0.27660424,0.4821334,0.2588694,0.34803188,0.40435803,
1017_sci-news.com,3,Data Collection,3,0.56891334,0.20261832,0.37608087,0.479941,0.26320896,0.4019047,0.33051062,Data Collection
1017_sci-news.com,4,Other/Unclear,3,0.3000027,0.21694142,0.25846404,0.83971214,0.31982562,0.25308207,0.29752234,Other/Unclear
1017_sci-news.com,5,Data Collection,3,0.6449587,0.23769471,0.32549673,0.57021546,0.25857112,0.39045495,0.50561553,Data Collection|Other/Unclear|User Control & Deletion
1017_sci-news.com,6,Data Collection|Other/Unclear,3,0.44763622,0.28707945,0.38587123,0.5933233,0.33166865,0.3695559,0.35582602,Other/Unclear
1017_sci-news.com,7,Other/Unclear|Third-Party Sharing,3,0.27075288,0.28111842,0.34480968,0.7224749,0.26128298,0.45961595,0.47072345,Other/Unclear
1017_sci-news.com,8,User Control & Deletion,3,0.5002517,0.25853488,0.22028795,0.39523336,0.25183952,0.36219293,0.6526985,Data Collection|User Control & Deletion
1017_sci-news.com,9,Policy Change|Third-Party Sharing,3,0.30917597,0.38005435,0.33758968,0.50773895,0.3117696,0.5793875,0.5278251,Other/Unclear|Third-Party Sharing|User Control & Deletion
1017_sci-news.com,10,Other/Unclear|User Control & Deletion,3,0.4949542,0.30187654,0.2562637,0.5930851,0.35104015,0.46342382,0.6709038,Other/Unclear|User Control & Deletion
1017_sci-news.com,11,Other/Unclear|User Control & Deletion,3,0.514361,0.3899707,0.26731166,0.6057119,0.25454,0.30201977,0.72530574,Data Collection|Other/Unclear|User Control & Deletion
1017_sci-news.com,12,Other/Unclear,3,0.17077224,0.24412674,0.24634501,0.83246225,0.35728446,0.2234515,0.44468763,Other/Unclear
1034_aol.com,0,Other/Unclear|Policy Change,1,0.22116202,0.24409048,0.26079875,0.7843627,0.69395876,0.22880803,0.24332269,Other/Unclear|Policy Change
1034_aol.com,1,Other/Unclear,1,0.24269235,0.2814924,0.26694486,0.7103825,0.42636517,0.40055937,0.24578825,Other/Unclear
1034_aol.com,2,Other/Unclear,1,0.47868645,0.29359996,0.38401487,0.42436516,0.3090421,0.42152423,0.31705838,
1034_aol.com,3,Data Collection,1,0.6581402,0.33708194,0.28731105,0.46988285,0.3562141,0.47838268,0.44221315,Data Collection
1034_aol.com,4,Other/Unclear,1,0.3743236,0.32353383,0.34648958,0.7295291,0.33915666,0.34076875,0.38540643,Other/Unclear
1034_aol.com,5,Data Collection|Other/Unclear,1,0.74241054,0.28933963,0.26604748,0.5681064,0.25830686,0.38562304,0.31419373,Data Collection|Other/Unclear
1034_aol.com,6,Data Collection|Other/Unclear|User Control & Deletion,1,0.64250493,0.31900093,0.24684209,0.4220148,0.2617738,0.44355315,0.39661768,Data Collection
1034_aol.com,7,Data Collection,1,0.82466733,0.26295438,0.25184643,0.3938343,0.23373464,0.47826752,0.30268398,Data Collection
1034_aol.com,8,Data Collection|Data Retention,1,0.8002178,0.28947556,0.3410179,0.3622797,0.22900175,0.49409238,0.24659534,Data Collection
1034_aol.com,9,Data Collection|Other/Unclear,1,0.6210619,0.30645287,0.34563562,0.549848,0.28235543,0.38487938,0.36630467,Data Collection|Other/Unclear
1034_aol.com,10,Data Collection,1,0.566735,0.27633107,0.3046174,0.43855718,0.26634154,0.3199651,0.37649465,Data Collection
1034_aol.com,11,Data Collection,1,0.51660466,0.22567219,0.28419206,0.41113827,0.24771065,0.4166189,0.537197,Data Collection|User Control & Deletion
1034_aol.com,12,Data Collection,1,0.72587776,0.2771972,0.3172611,0.48415604,0.2369759,0.58193606,0.35999796,Data Collection|Third-Party Sharing
1034_aol.com,13,Other/Unclear,1,0.7540478,0.37819844,0.3417918,0.55046284,0.30418563,0.24772522,0.26341826,Data Collection|Other/Unclear
1034_aol.com,14,Data Collection,1,0.7589857,0.32097968,0.23766355,0.3282168,0.25890923,0.34271014,0.42070216,Data Collection
1034_aol.com,15,Data Collection|Other/Unclear,1,0.67296493,0.32958812,0.2287416,0.38838485,0.31733286,0.5362629,0.26602036,Data Collection|Third-Party Sharing
1034_aol.com,16,Data Collection|Other/Unclear,1,0.6413643,0.23171695,0.25212726,0.54043496,0.27866983,0.54951155,0.2991774,Data Collection|Other/Unclear|Third-Party Sharing
1034_aol.com,17,Third-Party Sharing,1,0.43908483,0.25476924,0.2871021,0.4100564,0.26059258,0.6674974,0.38712397,Third-Party Sharing
1034_aol.com,18,Third-Party Sharing,1,0.38543996,0.2659363,0.2650181,0.2800852,0.2439082,0.8388135,0.2914308,Third-Party Sharing
1034_aol.com,19,Third-Party Sharing,1,0.46123075,0.3206078,0.3148378,0.21241622,0.23848058,0.8084374,0.2027043,Third-Party Sharing
1034_aol.com,20,Third-Party Sharing|User Control & Deletion,1,0.2978395,0.2801814,0.25845256,0.2982216,0.3461427,0.5975734,0.42076108,Third-Party Sharing
1034_aol.com,21,Data Security|Other/Unclear|Third-Party Sharing,1,0.28562853,0.30341348,0.49936697,0.54595834,0.2534504,0.6432349,0.40876818,Other/Unclear|Third-Party Sharing
1034_aol.com,22,Other/Unclear,1,0.46488407,0.2623754,0.31605077,0.41214243,0.26537147,0.69604546,0.31227678,Third-Party Sharing
1034_aol.com,23,Other/Unclear|Third-Party Sharing,1,0.71218586,0.22562966,0.28771234,0.41176414,0.24296026,0.75852454,0.27668375,Data Collection|Third-Party Sharing
1034_aol.com,24,Other/Unclear,1,0.27365595,0.22409606,0.46140116,0.5765127,0.29870972,0.50016767,0.5877287,Other/Unclear|Third-Party Sharing|User Control & Deletion
1034_aol.com,25,Data Collection|Third-Party Sharing,1,0.5604845,0.3475666,0.28567472,0.36892042,0.3034731,0.6228733,0.3373272,Data Collection|Third-Party Sharing
1034_aol.com,26,Other/Unclear,1,0.24862806,0.30258447,0.29663482,0.69561297,0.30061188,0.54949766,0.2665325,Other/Unclear|Third-Party Sharing
1034_aol.com,27,Other/Unclear,1,0.31617305,0.33326095,0.2855813,0.7264004,0.28098944,0.3814727,0.2739632,Other/Unclear
1034_aol.com,28,Other/Unclear,1,0.33984044,0.27276108,0.34493136,0.55276066,0.33496946,0.3334307,0.46586925,Other/Unclear
1034_aol.com,29,User Control & Deletion,1,0.39807105,0.27737382,0.33203453,0.3704008,0.27628812,0.30433625,0.6670571,User Control & Deletion
1034_aol.com,30,Other/Unclear|User Control & Deletion,1,0.4690775,0.28129596,0.34992433,0.53683597,0.25391895,0.37528884,0.54995704,Other/Unclear|User Control & Deletion
1034_aol.com,31,Other/Unclear|User Control & Deletion,1,0.33290803,0.24932912,0.37602583,0.4733256,0.2667531,0.33555695,0.7488936,User Control & Deletion
1034_aol.com,32,User Control & Deletion,1,0.6002568,0.27609384,0.24856822,0.41648316,0.23188764,0.5011442,0.44016117,Data Collection|Third-Party Sharing
1034_aol.com,33,Other/Unclear,1,0.39969748,0.27212623,0.29461452,0.5043608,0.28366554,0.31758726,0.5588622,Other/Unclear|User Control & Deletion
1034_aol.com,34,Data Security,1,0.4065306,0.318076,0.76481795,0.39265984,0.24202143,0.33404174,0.26146385,Data Security
1034_aol.com,35,Other/Unclear,1,0.5242739,0.23413272,0.25718457,0.7568401,0.35398373,0.4929254,0.45225573,Data Collection|Other/Unclear
1034_aol.com,36,Other/Unclear,1,0.2988438,0.28807712,0.24885681,0.7332493,0.25049257,0.30659,0.69399875,Other/Unclear|User Control & Deletion
1034_aol.com,37,Other/Unclear,1,0.34161568,0.23118083,0.33447844,0.6994674,0.30558613,0.25996593,0.37926364,Other/Unclear
1034_aol.com,38,Other/Unclear|User Control & Deletion,1,0.44815895,0.3512882,0.33369341,0.59238464,0.282344,0.4089944,0.42186967,Other/Unclear
1034_aol.com,39,Other/Unclear,1,0.29279903,0.2477366,0.5236101,0.7274502,0.27858058,0.2785025,0.29598504,Data Security|Other/Unclear
1034_aol.com,40,Other/Unclear,1,0.25079587,0.27129692,0.2576388,0.8422075,0.30432338,0.24525756,0.33917925,Other/Unclear
1034_aol.com,41,Other/Unclear|Policy Change,1,0.29842246,0.30752397,0.26772356,0.4960468,0.69711316,0.25907716,0.25884035,Policy Change
1034_aol.com,42,Policy Change,1,0.31521347,0.28257915,0.2771919,0.45158926,0.7184339,0.26415655,0.34003064,Policy Change
1050_honda.com,0,Other/Unclear,4,0.2965084,0.26136398,0.29756513,0.75319517,0.3872472,0.22816814,0.28277993,Other/Unclear
1050_honda.com,1,Other/Unclear,4,0.4220435,0.26746055,0.6065212,0.5920683,0.3176356,0.37096375,0.30336753,Data Security|Other/Unclear
1050_honda.com,2,Other/Unclear,4,0.29208165,0.24631335,0.3821287,0.7138653,0.3761978,0.3236421,0.36352792,Other/Unclear
1050_honda.com,3,Data Collection|Other/Unclear|User Control & Deletion,4,0.42981264,0.28664854,0.40787852,0.5443034,0.22257935,0.31322446,0.4709052,Other/Unclear
1050_honda.com,4,Data Collection|Other/Unclear|User Control & Deletion,4,0.5806687,0.26130527,0.3786773,0.49647322,0.23811805,0.31293818,0.43111888,Data Collection
1050_honda.com,5,Data Collection,4,0.66415906,0.34883583,0.34605008,0.42534682,0.24966489,0.3279693,0.52817917,Data Collection|User Control & Deletion
1050_honda.com,6,Data Collection|Data Retention|Other/Unclear,4,0.8313563,0.31975147,0.25802672,0.29514328,0.22559759,0.41422737,0.30962965,Data Collection
1050_honda.com,7,Data Collection,4,0.7332744,0.29023305,0.32146713,0.32902005,0.25061324,0.36207452,0.3493731,Data Collection
1050_honda.com,8,Data Collection|Data Retention,4,0.73792976,0.4106762,0.2925515,0.36390385,0.24362718,0.30653214,0.24710569,Data Collection
1050_honda.com,9,Data Collection|Third-Party Sharing|User Control & Deletion,4,0.69536465,0.29396307,0.3363161,0.30233806,0.2709963,0.38786587,0.44732323,Data Collection
1050_honda.com,10,Data Collection|Third-Party Sharing|User Control & Deletion,4,0.6552642,0.2937943,0.26272273,0.4925964,0.25472048,0.7336013,0.68057823,Data Collection|Third-Party Sharing|User Control & Deletion
1050_honda.com,11,Data Collection|Other/Unclear|Third-Party Sharing|User Control & Deletion,4,0.5438818,0.31267092,0.3565718,0.3910157,0.22139882,0.8381537,0.34435087,Data Collection|Third-Party Sharing
1050_honda.com,12,Data Collection|Third-Party Sharing,4,0.5477611,0.3300447,0.32322496,0.5899572,0.22503056,0.61508846,0.5949328,Data Collection|Other/Unclear|Third-Party Sharing|User Control & Deletion
1050_honda.com,13,Other/Unclear|Third-Party Sharing,4,0.32239434,0.28553456,0.29056662,0.7338807,0.31263313,0.6272685,0.38947526,Other/Unclear|Third-Party Sharing
1050_honda.com,14,Data Security,4,0.3113645,0.34951195,0.7867281,0.36038423,0.23358107,0.31056905,0.35870552,Data Security
1050_honda.com,15,Other/Unclear,4,0.39487553,0.27694577,0.32261562,0.745048,0.26575166,0.25742254,0.35058552,Other/Unclear
1050_honda.com,16,Other/Unclear,4,0.2194906,0.2740823,0.430659,0.76078165,0.25119302,0.40370476,0.2923373,Other/Unclear
1050_honda.com,17,Policy Change,4,0.2705344,0.24774127,0.2737211,0.26162228,0.73712337,0.26765487,0.31924343,Policy Change
1050_honda.com,18,Other/Unclear,4,0.48970994,0.23670886,0.27170575,0.52770674,0.2903892,0.33432043,0.3329202,Other/Unclear
1050_honda.com,19,Other/Unclear,4,0.29922062,0.24879242,0.36153296,0.737857,0.30491954,0.3480441,0.35073125,Other/Unclear
1050_honda.com,20,Data Collection|Third-Party Sharing,4,0.6052507,0.34020677,0.30657193,0.443501,0.31231156,0.46359897,0.75812423,Data Collection|User Control & Deletion
1050_honda.com,21,Data Collection,4,0.7068428,0.30027962,0.37126157,0.3598785,0.27942497,0.4360112,0.4853316,Data Collection
1050_honda.com,22,Data Collection|Other/Unclear,4,0.591933,0.30038872,0.28598917,0.3995995,0.28487283,0.5593627,0.59931195,Data Collection|Third-Party Sharing|User Control & Deletion
1050_honda.com,23,Data Collection|Third-Party Sharing,4,0.50935,0.33866885,0.25229877,0.4743982,0.26728788,0.53681874,0.66189873,Data Collection|Third-Party Sharing|User Control & Deletion
1050_honda.com,24,Data Collection,4,0.6212888,0.34108818,0.29881164,0.5203959,0.2854078,0.30024034,0.56696606,Data Collection|Other/Unclear|User Control & Deletion
1050_honda.com,25,Data Collection,4,0.69529736,0.49838546,0.32790682,0.3615721,0.25325066,0.4898555,0.6121507,Data Collection|User Control & Deletion
1050_honda.com,26,Data Collection|Third-Party Sharing,4,0.60615206,0.34597367,0.30805853,0.44478375,0.3101441,0.45979184,0.7571686,Data Collection|User Control & Deletion
1050_honda.com,27,Data Collection,4,0.7047036,0.29996586,0.36952555,0.3606868,0.2788942,0.41818646,0.4868543,Data Collection
1050_honda.com,28,Data Collection|Other/Unclear,4,0.591933,0.30038872,0.28598917,0.3995995,0.28487283,0.5593627,0.59931195,Data Collection|Third-Party Sharing|User Control & Deletion
1050_honda.com,29,Data Collection|Third-Party Sharing,4,0.43575805,0.2958421,0.29701638,0.4517095,0.2838216,0.6100245,0.6223759,Third-Party Sharing|User Control & Deletion
1050_honda.com,30,Data Collection|Other/Unclear,4,0.28260013,0.27990502,0.31470427,0.74690557,0.26928374,0.4502066,0.2879676,Other/Unclear
1050_honda.com,31,Data Collection,4,0.52762693,0.334875,0.38223982,0.5603594,0.26884887,0.3301409,0.70582974,Data Collection|Other/Unclear|User Control & Deletion
1050_honda.com,32,Data Collection,4,0.5973527,0.3219406,0.2677783,0.54802346,0.2643336,0.32306105,0.5791249,Data Collection|Other/Unclear|User Control & Deletion
1050_honda.com,33,Data Collection|Other/Unclear|User Control & Deletion,4,0.4361784,0.26164803,0.26570055,0.5233245,0.34619856,0.33850804,0.51605827,Other/Unclear|User Control & Deletion
1050_honda.com,34,Data Collection|User Control & Deletion,4,0.72770035,0.45185438,0.26066482,0.3726201,0.27767617,0.3474051,0.7538109,Data Collection|User Control & Deletion
1050_honda.com,35,Data Collection,4,0.61963755,0.31862682,0.30220306,0.45855853,0.3118298,0.4305304,0.6256648,Data Collection|User Control & Deletion
1050_honda.com,36,Data Collection|User Control & Deletion,4,0.5288326,0.30885014,0.1918091,0.5941278,0.2806782,0.3065226,0.73831296,Data Collection|Other/Unclear|User Control & Deletion
1050_honda.com,37,Data Collection,4,0.70059776,0.29656196,0.37787732,0.36018714,0.2661982,0.41549024,0.3823231,Data Collection
1050_honda.com,38,Other/Unclear,4,0.26715755,0.26866555,0.33399194,0.77770954,0.26391464,0.4024469,0.31560937,Other/Unclear
1050_honda.com,39,Data Collection,4,0.5597027,0.37697592,0.3525861,0.3165393,0.28355888,0.35174295,0.66040784,Data Collection|User Control & Deletion
1050_honda.com,40,Data Collection|User Control & Deletion,4,0.62428653,0.3227415,0.31546277,0.36310822,0.28227976,0.46048686,0.58208,Data Collection|User Control & Deletion
1050_honda.com,41,Data Collection,4,0.63200265,0.30565968,0.26120058,0.44288826,0.2387544,0.41955033,0.6071917,Data Collection|User Control & Deletion
1050_honda.com,42,User Control & Deletion,4,0.34903762,0.44316602,0.30940434,0.34508932,0.2568668,0.4256716,0.5504167,User Control & Deletion
1050_honda.com,43,Third-Party Sharing|User Control & Deletion,4,0.52504385,0.29784733,0.23824514,0.5079554,0.29835686,0.5463826,0.55052996,Data Collection|Other/Unclear|Third-Party Sharing|User Control & Deletion
1050_honda.com,44,Data Collection,4,0.53855705,0.37048447,0.36851195,0.50941175,0.28802896,0.3671762,0.6115456,Data Collection|Other/Unclear|User Control & Deletion
1050_honda.com,45,Data Collection,4,0.5490864,0.3646496,0.34107628,0.51613605,0.27129212,0.3544498,0.6371175,Data Collection|Other/Unclear|User Control & Deletion
1050_honda.com,46,Data Collection,4,0.53503513,0.36635572,0.36508963,0.5115849,0.2878592,0.36442405,0.6139371,Data Collection|Other/Unclear|User Control & Deletion
1050_honda.com,47,Data Collection|User Control & Deletion,4,0.5775362,0.41818297,0.28139985,0.4260766,0.2667928,0.3140246,0.6858174,Data Collection|User Control & Deletion
1050_honda.com,48,Data Collection|User Control & Deletion,4,0.7188222,0.3081732,0.33014777,0.34128964,0.29134002,0.50096613,0.51829046,Data Collection|Third-Party Sharing|User Control & Deletion
1050_honda.com,49,User Control & Deletion,4,0.24158382,0.262686,0.2736864,0.43432525,0.29614252,0.3309461,0.77094805,User Control & Deletion
1050_honda.com,50,Data Collection|User Control & Deletion,4,0.6724464,0.3047612,0.25118783,0.29107222,0.28923044,0.2741155,0.4981974,Data Collection
1050_honda.com,51,Data Collection|Data Security|Third-Party Sharing,4,0.66554856,0.33922336,0.53685385,0.3079054,0.2575302,0.43273118,0.37725222,Data Collection|Data Security
1050_honda.com,52,Data Collection|Data Retention,4,0.6863626,0.5108743,0.28070483,0.48079666,0.29846793,0.49570155,0.62078583,Data Collection|Data Retention|User Control & Deletion
1050_honda.com,53,Data Collection,4,0.698641,0.2935742,0.38027212,0.36936525,0.26517534,0.41486314,0.38187218,Data Collection
1050_honda.com,54,Data Collection|User Control & Deletion,4,0.44283587,0.34187528,0.30827424,0.41802442,0.28696394,0.38180685,0.6131738,User Control & Deletion
1050_honda.com,55,Data Collection,4,0.6863626,0.5108743,0.28070483,0.48079666,0.29846793,0.49570155,0.62078583,Data Collection|Data Retention|User Control & Deletion
1050_honda.com,56,Data Collection,4,0.698641,0.2935742,0.38027212,0.36936525,0.26517534,0.41486314,0.38187218,Data Collection
1050_honda.com,57,Data Collection|User Control & Deletion,4,0.44283587,0.34187528,0.30827424,0.41802442,0.28696394,0.38180685,0.6131738,User Control & Deletion
1050_honda.com,58,Other/Unclear|User Control & Deletion,4,0.42951468,0.27168578,0.25785667,0.5849682,0.25087267,0.3636534,0.5287451,Other/Unclear|User Control & Deletion
1050_honda.com,59,Other/Unclear|User Control & Deletion,4,0.537789,0.33946198,0.2679582,0.5203278,0.24300925,0.40423903,0.49013177,Data Collection|Other/Unclear
1050_honda.com,60,Third-Party Sharing,4,0.37972242,0.29806003,0.38081744,0.51758814,0.2597322,0.6125263,0.48624682,Other/Unclear|Third-Party Sharing
1050_honda.com,61,Other/Unclear,4,0.26796782,0.26862237,0.34094557,0.6776699,0.33173463,0.44761896,0.27280495,Other/Unclear
1050_honda.com,62,Data Security|Other/Unclear,4,0.39293334,0.28577462,0.3788813,0.5057982,0.34894353,0.32817125,0.25691727,Other/Unclear
1050_honda.com,63,Data Security,4,0.25702453,0.3386781,0.62449473,0.45993668,0.31181082,0.23977102,0.24669915,Data Security
1050_honda.com,64,Data Collection,4,0.5449153,0.31297597,0.32869864,0.40604168,0.21753825,0.39403474,0.26446295,Data Collection
1050_honda.com,65,Third-Party Sharing,4,0.4561232,0.31287077,0.34487677,0.40455383,0.23047163,0.59669656,0.30649075,Third-Party Sharing
1050_honda.com,66,Third-Party Sharing,4,0.43035322,0.2889162,0.3075266,0.5349617,0.25320032,0.737507,0.2671295,Other/Unclear|Third-Party Sharing
1050_honda.com,67,Third-Party Sharing,4,0.5225566,0.30036673,0.34963143,0.37425116,0.23476994,0.7635707,0.31880283,Data Collection|Third-Party Sharing
1050_honda.com,68,Policy Change,4,0.25066411,0.28645247,0.3566089,0.4718973,0.7674397,0.2697926,0.25784752,Policy Change
1050_honda.com,69,Data Collection,4,0.55551404,0.3307519,0.3173111,0.48290765,0.3074199,0.33779266,0.54229337,Data Collection|User Control & Deletion
1050_honda.com,70,Data Collection,4,0.49927792,0.35092604,0.29684532,0.502617,0.30740926,0.37453586,0.49119148,Other/Unclear
1050_honda.com,71,Other/Unclear,4,0.41065136,0.28975928,0.4253982,0.61652726,0.26734224,0.36259025,0.3876076,Other/Unclear
105_amazon.com,0,Other/Unclear,0,0.25269353,0.36331165,0.3077795,0.70841765,0.32931253,0.38253582,0.26935935,Other/Unclear
105_amazon.com,1,Other/Unclear|Policy Change,0,0.265828,0.25485152,0.26150876,0.7098075,0.7271253,0.2787304,0.29656616,Other/Unclear|Policy Change
105_amazon.com,2,Data Collection|Data Security|Other/Unclear|Policy Change|Third-Party Sharing|User Control & Deletion,0,0.30471677,0.28404865,0.49135503,0.7704619,0.34219205,0.3837263,0.3138605,Other/Unclear
105_amazon.com,3,Data Collection,0,0.6177172,0.34696013,0.33576742,0.526542,0.2660219,0.25591192,0.27439094,Data Collection|Other/Unclear
105_amazon.com,4,Data Collection|Data Retention|User Control & Deletion,0,0.710184,0.4611012,0.2835318,0.50223887,0.29409552,0.33893153,0.41092247,Data Collection|Other/Unclear
105_amazon.com,5,Data Collection|Data Retention,0,0.6536005,0.3409293,0.3024614,0.59536135,0.25704986,0.37030473,0.2668065,Data Collection|Other/Unclear
105_amazon.com,6,Data Collection|Third-Party Sharing|User Control & Deletion,0,0.7263114,0.24824248,0.23370619,0.4789764,0.2779726,0.38155052,0.3609294,Data Collection
105_amazon.com,7,Data Collection|Other/Unclear|User Control & Deletion,0,0.5907368,0.25238594,0.2804926,0.6416085,0.28388324,0.31152126,0.6430275,Data Collection|Other/Unclear|User Control & Deletion
105_amazon.com,8,Data Collection|Third-Party Sharing,0,0.6716426,0.2715055,0.26208878,0.552031,0.3122415,0.2509465,0.30501673,Data Collection|Other/Unclear
105_amazon.com,9,Data Collection|Third-Party Sharing|User Control & Deletion,0,0.57758725,0.35221094,0.27660346,0.4375629,0.25257078,0.3632996,0.6513184,Data Collection|User Control & Deletion
105_amazon.com,10,Data Collection|Other/Unclear|Third-Party Sharing,0,0.3300631,0.31149745,0.3702241,0.5920134,0.31611678,0.5519951,0.28582245,Other/Unclear|Third-Party Sharing
105_amazon.com,11,Other/Unclear|Third-Party Sharing,0,0.29034725,0.25954053,0.35688397,0.6255929,0.2787598,0.7625768,0.35133266,Other/Unclear|Third-Party Sharing
105_amazon.com,12,Third-Party Sharing,0,0.28863916,0.2467977,0.6865279,0.404448,0.26510006,0.76200867,0.26854357,Data Security|Third-Party Sharing
105_amazon.com,13,Data Collection|Other/Unclear|Third-Party Sharing|User Control & Deletion,0,0.35893193,0.2702217,0.28753316,0.41310188,0.2645503,0.6117183,0.45461503,Third-Party Sharing
105_amazon.com,14,Data Collection|Policy Change|Third-Party Sharing|User Control & Deletion,0,0.3398961,0.28306508,0.35219362,0.35218862,0.33689636,0.65038115,0.30763596,Third-Party Sharing
105_amazon.com,15,Data Collection|Other/Unclear|Third-Party Sharing,0,0.40481195,0.29893115,0.3393405,0.32860646,0.2552235,0.66393524,0.2907317,Third-Party Sharing
105_amazon.com,16,Third-Party Sharing|User Control & Deletion,0,0.41071677,0.25314882,0.24255966,0.41358817,0.28385043,0.5276821,0.748988,Third-Party Sharing|User Control & Deletion
105_amazon.com,17,Data Security|Third-Party Sharing,0,0.24750252,0.26079118,0.84199226,0.4105607,0.27586082,0.44720116,0.29069117,Data Security
105_amazon.com,18,Other/Unclear|Third-Party Sharing,0,0.31796324,0.23690532,0.35080567,0.7083048,0.27291948,0.6305463,0.3416851,Other/Unclear|Third-Party Sharing
105_amazon.com,19,User Control & Deletion,0,0.4466057,0.3799488,0.39089897,0.48837382,0.3304698,0.4734739,0.4219056,
105_amazon.com,20,User Control & Deletion,0,0.35806063,0.33749595,0.3140784,0.40878686,0.26162267,0.35390356,0.640621,User Control & Deletion
105_amazon.com,21,Data Retention|User Control & Deletion,0,0.30509627,0.59498185,0.29622722,0.58548486,0.27669275,0.28630477,0.6227107,Data Retention|Other/Unclear|User Control & Deletion
105_amazon.com,22,Policy Change|User Control & Deletion,0,0.3175113,0.2628288,0.2983349,0.580597,0.6443812,0.27422902,0.6923673,Other/Unclear|Policy Change|User Control & Deletion
105_amazon.com,23,User Control & Deletion,0,0.48945168,0.23753773,0.3007646,0.45080337,0.28733838,0.44251135,0.6552055,User Control & Deletion
105_amazon.com,24,Other/Unclear|User Control & Deletion,0,0.41908446,0.3463319,0.2862463,0.37073612,0.26822722,0.31362718,0.73880357,User Control & Deletion
105_amazon.com,25,Other/Unclear,0,0.3584192,0.31467894,0.30260733,0.6401548,0.27427387,0.4108611,0.3009823,Other/Unclear
105_amazon.com,26,Data Security|Other/Unclear,0,0.29918095,0.28171507,0.58376867,0.7321023,0.2574107,0.30420506,0.2785797,Data Security|Other/Unclear
105_amazon.com,27,Data Collection|Data Security|Other/Unclear,0,0.28746885,0.25752962,0.40014106,0.7277487,0.2614425,0.26010242,0.3043765,Other/Unclear
105_amazon.com,28,Data Security|Other/Unclear,0,0.28233314,0.2558741,0.32689217,0.7446611,0.25624993,0.2740379,0.3109736,Other/Unclear
105_amazon.com,29,Other/Unclear|Policy Change|User Control & Deletion,0,0.26255405,0.31720397,0.3022465,0.65007913,0.5941644,0.29029205,0.34131476,Other/Unclear|Policy Change
105_amazon.com,30,Other/Unclear,0,0.42698634,0.2657335,0.34988728,0.48852935,0.3122896,0.3709759,0.33935684,
105_amazon.com,31,Data Collection,0,0.69004625,0.30531314,0.36667892,0.382799,0.21897678,0.46086317,0.35881513,Data Collection
105_amazon.com,32,Data Collection,0,0.8601363,0.2920567,0.23112464,0.23507985,0.22147088,0.37692222,0.31364915,Data Collection
105_amazon.com,33,Data Collection|Other/Unclear|User Control & Deletion,0,0.4618725,0.281919,0.24597597,0.5325863,0.29133072,0.29521665,0.53971964,Other/Unclear|User Control & Deletion
105_amazon.com,34,Data Collection|Third-Party Sharing,0,0.6888153,0.26952454,0.32440832,0.35931674,0.25762072,0.37603346,0.30875045,Data Collection
105_amazon.com,35,Other/Unclear|Third-Party Sharing,0,0.37354562,0.21929182,0.24890953,0.5914247,0.26867485,0.42592397,0.31432524,Other/Unclear
105_amazon.com,36,User Control & Deletion,0,0.57515234,0.22817092,0.35049644,0.36803612,0.2361025,0.3541361,0.5900171,Data Collection|User Control & Deletion
1070_wnep.com,0,Other/Unclear|Policy Change,2,0.34974673,0.2615231,0.31419966,0.72318804,0.4901649,0.4111534,0.2449806,Other/Unclear
1070_wnep.com,1,Data Collection|Other/Unclear,2,0.29123813,0.2799393,0.44466758,0.77338785,0.3430406,0.18626778,0.35916618,Other/Unclear
1070_wnep.com,2,Data Collection|Other/Unclear,2,0.63017327,0.33507138,0.3182193,0.6230003,0.2863036,0.30555692,0.42070884,Data Collection|Other/Unclear
1070_wnep.com,3,Data Collection,2,0.7736186,0.33799428,0.24913485,0.32538727,0.23687617,0.41791373,0.33951446,Data Collection
1070_wnep.com,4,Data Collection|Data Retention|Third-Party Sharing,2,0.64627403,0.43508202,0.37192985,0.5003908,0.27238518,0.529406,0.39385957,Data Collection|Other/Unclear|Third-Party Sharing
1070_wnep.com,5,Data Collection,2,0.681961,0.30471975,0.29776037,0.5254838,0.2442247,0.40007302,0.2797795,Data Collection|Other/Unclear
1070_wnep.com,6,Other/Unclear|Third-Party Sharing,2,0.4333439,0.2583915,0.32426348,0.6384759,0.25984332,0.6613205,0.36328527,Other/Unclear|Third-Party Sharing
1070_wnep.com,7,Data Collection,2,0.7318443,0.30915213,0.2855404,0.39746478,0.24495782,0.48156014,0.3378975,Data Collection
1070_wnep.com,8,Data Collection,2,0.77378875,0.3007714,0.26108396,0.40998867,0.26619413,0.5365089,0.27158293,Data Collection|Third-Party Sharing
1070_wnep.com,9,Data Collection|User Control & Deletion,2,0.35672283,0.26127207,0.26020622,0.48362476,0.31437016,0.31154177,0.81691974,User Control & Deletion
1070_wnep.com,10,Other/Unclear|Third-Party Sharing|User Control & Deletion,2,0.3545302,0.22914435,0.32236877,0.521649,0.26956373,0.512265,0.6371477,Other/Unclear|Third-Party Sharing|User Control & Deletion
1070_wnep.com,11,User Control & Deletion,2,0.33265343,0.3001334,0.34358382,0.5003444,0.27697122,0.36214826,0.63005656,Other/Unclear|User Control & Deletion
1070_wnep.com,12,Data Collection|Third-Party Sharing|User Control & Deletion,2,0.7260961,0.2510437,0.27002454,0.30357346,0.25607455,0.4084514,0.45903236,Data Collection
1070_wnep.com,13,Data Collection,2,0.86546654,0.304977,0.24243002,0.31317806,0.3233278,0.4518486,0.29073405,Data Collection
1070_wnep.com,14,Data Collection|Third-Party Sharing,2,0.5290135,0.33564702,0.36580786,0.5757051,0.3405043,0.6670411,0.23990369,Data Collection|Other/Unclear|Third-Party Sharing
1070_wnep.com,15,Other/Unclear,2,0.3280822,0.31192842,0.33745658,0.41525254,0.33242744,0.60722065,0.33168018,Third-Party Sharing
1070_wnep.com,16,Third-Party Sharing,2,0.35600764,0.27537614,0.3136169,0.3703991,0.26453787,0.7454681,0.33030638,Third-Party Sharing
1070_wnep.com,17,Third-Party Sharing,2,0.41979253,0.2867212,0.38996857,0.2802258,0.28268975,0.7704543,0.23586495,Third-Party Sharing
1070_wnep.com,18,Other/Unclear|Third-Party Sharing,2,0.5529779,0.2719795,0.3414865,0.6207658,0.34616092,0.57126087,0.3209038,Data Collection|Other/Unclear|Third-Party Sharing
1070_wnep.com,19,Third-Party Sharing,2,0.3141231,0.30525288,0.2736182,0.39459658,0.2609039,0.644699,0.27842042,Third-Party Sharing
1070_wnep.com,20,Third-Party Sharing,2,0.26467794,0.2320633,0.3110901,0.45072985,0.27246398,0.87993383,0.3568135,Third-Party Sharing
1070_wnep.com,21,Third-Party Sharing,2,0.43347856,0.25511038,0.34859902,0.29695457,0.27160215,0.7053194,0.2893251,Third-Party Sharing
1070_wnep.com,22,Other/Unclear|User Control & Deletion,2,0.2959773,0.35603827,0.29407185,0.56721544,0.32468584,0.31512168,0.71102005,Other/Unclear|User Control & Deletion
1070_wnep.com,23,Data Security,2,0.24634281,0.347981,0.7841165,0.368367,0.25167227,0.2374003,0.26750824,Data Security
1070_wnep.com,24,Other/Unclear,2,0.19471684,0.21847963,0.3807383,0.7635117,0.25275257,0.5350103,0.21446735,Other/Unclear|Third-Party Sharing
1070_wnep.com,25,Other/Unclear|Third-Party Sharing,2,0.3400638,0.23732322,0.36722058,0.6934649,0.27899095,0.6140918,0.2648781,Other/Unclear|Third-Party Sharing
1070_wnep.com,26,Other/Unclear,2,0.30562776,0.40759978,0.3400311,0.77101475,0.30626783,0.3807296,0.33243993,Other/Unclear
1070_wnep.com,27,Other/Unclear,2,0.37657675,0.3085231,0.297965,0.6721824,0.30706125,0.51879174,0.31270146,Other/Unclear|Third-Party Sharing
1070_wnep.com,28,Other/Unclear,2,0.23400277,0.28502914,0.27685818,0.83775127,0.3452713,0.22482052,0.35229778,Other/Unclear
1070_wnep.com,29,Other/Unclear,2,0.33333865,0.28925923,0.28961146,0.7282755,0.2571915,0.3760141,0.5951328,Other/Unclear|User Control & Deletion
1070_wnep.com,30,Other/Unclear,2,0.17889194,0.24783339,0.3408269,0.76528114,0.33387646,0.44631797,0.30508894,Other/Unclear
1070_wnep.com,31,Policy Change,2,0.19469242,0.25424868,0.22093956,0.32156253,0.9125906,0.23643988,0.29289204,Policy Change
1083_highgearmedia.com,0,Other/Unclear,1,0.28142413,0.2482845,0.27944326,0.70744795,0.3504649,0.22841726,0.28310958,Other/Unclear
1083_highgearmedia.com,1,Other/Unclear,1,0.39010447,0.27102986,0.32696712,0.6449425,0.34258577,0.30586022,0.32723576,Other/Unclear
1083_highgearmedia.com,2,Data Collection|Other/Unclear|Third-Party Sharing,1,0.38085186,0.2878587,0.26477912,0.66065085,0.3852636,0.5481231,0.4232483,Other/Unclear|Third-Party Sharing
1083_highgearmedia.com,3,Data Collection|User Control & Deletion,1,0.8293655,0.33929113,0.21751477,0.33939704,0.21112339,0.26655218,0.44324496,Data Collection
1083_highgearmedia.com,4,Data Collection,1,0.79987246,0.38163456,0.2355518,0.32503664,0.26108515,0.4137341,0.2689723,Data Collection
1083_highgearmedia.com,5,Data Collection|Third-Party Sharing,1,0.7955193,0.32872438,0.27227813,0.24024259,0.29712787,0.7343175,0.28841987,Data Collection|Third-Party Sharing
1083_highgearmedia.com,6,Data Collection,1,0.6825788,0.3094133,0.24324247,0.26166847,0.27456194,0.54368466,0.2619961,Data Collection|Third-Party Sharing
1083_highgearmedia.com,7,Third-Party Sharing,1,0.4089967,0.35553595,0.32910687,0.34429625,0.27056366,0.87189627,0.26645458,Third-Party Sharing
1083_highgearmedia.com,8,Third-Party Sharing,1,0.3827066,0.24046332,0.30548802,0.37366515,0.25255445,0.850264,0.23445629,Third-Party Sharing
1083_highgearmedia.com,9,Third-Party Sharing,1,0.42685476,0.2853131,0.30596578,0.44685188,0.25910324,0.741502,0.5044905,Third-Party Sharing|User Control & Deletion
1083_highgearmedia.com,10,Data Collection|Other/Unclear,1,0.5464472,0.23894489,0.24265987,0.43742973,0.2802225,0.42302486,0.38690734,Data Collection
1083_highgearmedia.com,11,Data Collection|Other/Unclear,1,0.46424705,0.42085922,0.25698265,0.43933758,0.31217882,0.43395874,0.5641031,User Control & Deletion
1083_highgearmedia.com,12,User Control & Deletion,1,0.3938152,0.3080184,0.21082033,0.3540123,0.2667997,0.26825047,0.80248535,User Control & Deletion
1083_highgearmedia.com,13,Other/Unclear,1,0.3433849,0.30684796,0.39530095,0.7169907,0.33285215,0.6254223,0.30859268,Other/Unclear|Third-Party Sharing
1083_highgearmedia.com,14,Other/Unclear,1,0.31672922,0.3548238,0.47009236,0.7331303,0.2992994,0.49004877,0.42786446,Other/Unclear
1083_highgearmedia.com,15,Other/Unclear|Third-Party Sharing,1,0.50727415,0.3600401,0.3503437,0.5072258,0.3052578,0.6544546,0.38402528,Data Collection|Other/Unclear|Third-Party Sharing
1083_highgearmedia.com,16,Data Security|Other/Unclear,1,0.43715668,0.22239931,0.37808472,0.4167782,0.26886058,0.50273824,0.472125,Third-Party Sharing
1083_highgearmedia.com,17,Data Collection|Other/Unclear,1,0.58438796,0.28873312,0.3947999,0.6461798,0.3082869,0.33622125,0.36500314,Data Collection|Other/Unclear
1083_highgearmedia.com,18,Data Collection|Other/Unclear|Third-Party Sharing,1,0.49091244,0.2759816,0.44262946,0.46799192,0.3417286,0.49536556,0.32680288,
1083_highgearmedia.com,19,User Control & Deletion,1,0.5891313,0.26530507,0.27669397,0.5342042,0.2852065,0.35609022,0.62327236,Data Collection|Other/Unclear|User Control & Deletion
1083_highgearmedia.com,20,Data Collection|Third-Party Sharing,1,0.6328251,0.2679696,0.2700763,0.5485343,0.29948688,0.67955846,0.40078607,Data Collection|Other/Unclear|Third-Party Sharing
1083_highgearmedia.com,21,Other/Unclear|User Control & Deletion,1,0.45568037,0.28769264,0.3175817,0.57574373,0.33852673,0.47833967,0.450503,Other/Unclear
1083_highgearmedia.com,22,Data Collection|Other/Unclear,1,0.4225204,0.21948847,0.28379598,0.83497536,0.27804473,0.22258812,0.22574899,Other/Unclear
1083_highgearmedia.com,23,Data Security,1,0.26393348,0.2690339,0.80628383,0.53297406,0.22948328,0.22149894,0.27139246,Data Security|Other/Unclear
1083_highgearmedia.com,24,Policy Change,1,0.29121614,0.31985474,0.2619145,0.33699647,0.76826465,0.296066,0.3227149,Policy Change
1083_highgearmedia.com,25,Data Retention|Other/Unclear|User Control & Deletion,1,0.3752557,0.48150232,0.31185177,0.6139832,0.45679322,0.4041678,0.60578126,Other/Unclear|User Control & Deletion
1083_highgearmedia.com,26,User Control & Deletion,1,0.3538045,0.36250156,0.27446523,0.4058429,0.26718786,0.37773243,0.5472214,User Control & Deletion
1083_highgearmedia.com,27,Other/Unclear|Third-Party Sharing|User Control & Deletion,1,0.34837765,0.30203864,0.27392223,0.5924221,0.29411617,0.3888968,0.47546342,Other/Unclear
1083_highgearmedia.com,28,Other/Unclear,1,0.3883362,0.25597283,0.2738063,0.75039893,0.31751552,0.35874066,0.45183927,Other/Unclear
1083_highgearmedia.com,29,Other/Unclear,1,0.39117315,0.2833387,0.26156798,0.61786395,0.32395348,0.294697,0.59033597,Other/Unclear|User Control & Deletion
1083_highgearmedia.com,30,Other/Unclear,1,0.3074252,0.22725703,0.23368755,0.6301039,0.31782943,0.3345265,0.40659362,Other/Unclear
1083_highgearmedia.com,31,Other/Unclear,1,0.3589578,0.36119708,0.33039644,0.5554973,0.32724088,0.28968194,0.39370903,Other/Unclear
1089_freep.com,0,Other/Unclear,0,0.30068848,0.31555212,0.38480964,0.75981265,0.49331096,0.24953455,0.22280648,Other/Unclear
1089_freep.com,1,Other/Unclear,0,0.5348756,0.25112018,0.3842295,0.6816861,0.2853431,0.34963465,0.26014602,Data Collection|Other/Unclear
1089_freep.com,2,Other/Unclear|Policy Change,0,0.34827992,0.2886722,0.27215585,0.58436495,0.70983386,0.26731026,0.3869059,Other/Unclear|Policy Change
1089_freep.com,3,Other/Unclear,0,0.3055751,0.25713292,0.26383972,0.73621094,0.24231233,0.38505253,0.6032011,Other/Unclear|User Control & Deletion
1089_freep.com,4,Data Collection|Data Retention,0,0.8325312,0.36127275,0.35539976,0.39195222,0.23355329,0.49445054,0.24923897,Data Collection
1089_freep.com,5,Data Collection,0,0.8239498,0.3585343,0.2484455,0.2951432,0.22910582,0.4384614,0.338872,Data Collection
1089_freep.com,6,Data Collection,0,0.8811944,0.31349126,0.34018654,0.3521221,0.24701606,0.40808555,0.34641835,Data Collection
1089_freep.com,7,Data Collection|Third-Party Sharing,0,0.51259947,0.33312953,0.4037916,0.5699361,0.2622197,0.67382026,0.27446917,Data Collection|Other/Unclear|Third-Party Sharing
1089_freep.com,8,Data Collection,0,0.8342555,0.28132844,0.22897063,0.42952457,0.23493086,0.48675776,0.32682213,Data Collection
1089_freep.com,9,Data Collection,0,0.8384398,0.30656898,0.29356235,0.25160664,0.26378828,0.36120337,0.30127728,Data Collection
1089_freep.com,10,Data Collection,0,0.85907173,0.28639802,0.27323627,0.35863233,0.27700627,0.34517717,0.30293563,Data Collection
1089_freep.com,11,Data Collection,0,0.804007,0.26563206,0.361004,0.3722005,0.3172808,0.46671966,0.293689,Data Collection
1089_freep.com,12,Data Collection|User Control & Deletion,0,0.51731867,0.30789763,0.32725012,0.36527172,0.25267968,0.37935588,0.6642692,Data Collection|User Control & Deletion
1089_freep.com,13,User Control & Deletion,0,0.4382819,0.25891,0.29268143,0.5308643,0.2494873,0.33248636,0.7943367,Other/Unclear|User Control & Deletion
1089_freep.com,14,Third-Party Sharing,0,0.4983961,0.29915565,0.524937,0.33211613,0.24393088,0.9084406,0.17514543,Data Security|Third-Party Sharing
1089_freep.com,15,User Control & Deletion,0,0.36383083,0.28951466,0.3235995,0.70493555,0.3146679,0.43801567,0.44519973,Other/Unclear
1089_freep.com,16,Other/Unclear|Third-Party Sharing,0,0.34320027,0.25687775,0.31354848,0.66389745,0.2785726,0.6663289,0.25521216,Other/Unclear|Third-Party Sharing
1089_freep.com,17,Third-Party Sharing,0,0.6992581,0.24881184,0.31362575,0.398386,0.24692707,0.8478457,0.23439397,Data Collection|Third-Party Sharing
1089_freep.com,18,Data Collection|Other/Unclear|Third-Party Sharing,0,0.60996586,0.28439376,0.3746453,0.6268558,0.30089757,0.5323185,0.29880926,Data Collection|Other/Unclear|Third-Party Sharing
1089_freep.com,19,Other/Unclear,0,0.47021765,0.31773362,0.43018943,0.6546591,0.31903613,0.59689337,0.5082182,Other/Unclear|Third-Party Sharing|User Control & Deletion
1089_freep.com,20,Third-Party Sharing,0,0.43891722,0.3219987,0.24871384,0.2774865,0.2715941,0.7814736,0.26073766,Third-Party Sharing
1089_freep.com,21,Third-Party Sharing,0,0.3992098,0.2690522,0.30692336,0.35225657,0.26354137,0.7038136,0.293407,Third-Party Sharing
1089_freep.com,22,Data Security|Other/Unclear,0,0.36601502,0.26142704,0.6250066,0.6223774,0.29635647,0.41547823,0.46789885,Data Security|Other/Unclear
1089_freep.com,23,Data Collection,0,0.8008574,0.30084607,0.2619394,0.31668183,0.285141,0.64760035,0.21504046,Data Collection|Third-Party Sharing
1089_freep.com,24,Data Collection|Third-Party Sharing,0,0.68070155,0.2814,0.38425696,0.43060905,0.25479615,0.87080944,0.21148169,Data Collection|Third-Party Sharing
1089_freep.com,25,Data Collection|Third-Party Sharing,0,0.7237773,0.3651232,0.35830137,0.4012402,0.2665654,0.42977262,0.32023838,Data Collection
1089_freep.com,26,Other/Unclear|User Control & Deletion,0,0.32261816,0.22108872,0.32421252,0.75807285,0.2906383,0.47467387,0.7905862,Other/Unclear|User Control & Deletion
1089_freep.com,27,Other/Unclear|Third-Party Sharing,0,0.3350805,0.37672764,0.42369998,0.6081344,0.2595502,0.6607255,0.24357907,Other/Unclear|Third-Party Sharing
1089_freep.com,28,Data Collection|Other/Unclear,0,0.49926075,0.3225509,0.26436502,0.85902107,0.26684052,0.26623723,0.31962672,Other/Unclear
1089_freep.com,29,User Control & Deletion,0,0.41946566,0.28282094,0.26538578,0.31937316,0.39577436,0.32447663,0.684506,User Control & Deletion
1089_freep.com,30,Data Security,0,0.35366714,0.37741563,0.7608405,0.40198556,0.25093415,0.288738,0.26416972,Data Security
1089_freep.com,31,Other/Unclear,0,0.34690782,0.2585491,0.33789954,0.70092,0.28978625,0.47565597,0.28430608,Other/Unclear
1089_freep.com,32,Other/Unclear,0,0.23903184,0.20900993,0.23815978,0.8077603,0.2830177,0.26555312,0.29295743,Other/Unclear
1099_enthusiastnetwork.com,0,Data Security|Other/Unclear,4,0.3500923,0.2667601,0.3924612,0.6698278,0.3739548,0.35532615,0.2911987,Other/Unclear
1099_enthusiastnetwork.com,1,Data Collection,4,0.77242404,0.27791697,0.32732764,0.46561542,0.24478324,0.30926025,0.35960558,Data Collection
1099_enthusiastnetwork.com,2,Data Collection,4,0.68967706,0.32935753,0.4840787,0.28343955,0.2232023,0.4287499,0.41742542,Data Collection
1099_enthusiastnetwork.com,3,Data Collection|Other/Unclear,4,0.6627976,0.26568243,0.24230634,0.39494735,0.25729108,0.32138187,0.24802975,Data Collection
1099_enthusiastnetwork.com,4,Data Collection|Data Retention|Other/Unclear|Third-Party Sharing|User Control & Deletion,4,0.6679281,0.31914094,0.28438842,0.3432689,0.24217828,0.4960445,0.52229744,Data Collection|User Control & Deletion
1099_enthusiastnetwork.com,5,Other/Unclear,4,0.3707394,0.26565188,0.3437146,0.49910396,0.24978708,0.5871617,0.2923918,Third-Party Sharing
1099_enthusiastnetwork.com,6,Third-Party Sharing,4,0.27950215,0.28576803,0.43459007,0.29127195,0.22172156,0.71479934,0.36643776,Third-Party Sharing
1099_enthusiastnetwork.com,7,Third-Party Sharing,4,0.48514754,0.2383317,0.40958866,0.4784315,0.29959664,0.6620273,0.27672425,Third-Party Sharing
1099_enthusiastnetwork.com,8,Third-Party Sharing,4,0.39259055,0.23609509,0.3465441,0.42072275,0.24711831,0.7786716,0.4684756,Third-Party Sharing
1099_enthusiastnetwork.com,9,Third-Party Sharing,4,0.5502584,0.31261304,0.4375948,0.3972451,0.2830966,0.46567535,0.38459745,Data Collection
1099_enthusiastnetwork.com,10,Third-Party Sharing,4,0.54093355,0.31425357,0.49140748,0.34171322,0.29343683,0.81876636,0.3450254,Data Collection|Third-Party Sharing
1099_enthusiastnetwork.com,11,Other/Unclear|Third-Party Sharing,4,0.5435707,0.29837027,0.3188299,0.54282916,0.2475847,0.6494541,0.39374104,Data Collection|Other/Unclear|Third-Party Sharing
1099_enthusiastnetwork.com,12,Third-Party Sharing|User Control & Deletion,4,0.2893368,0.21537018,0.21586439,0.43928283,0.2539805,0.66895986,0.7424524,Third-Party Sharing|User Control & Deletion
1099_enthusiastnetwork.com,13,Other/Unclear|Third-Party Sharing,4,0.38293734,0.27993956,0.39187613,0.6963972,0.24703398,0.6460557,0.30495587,Other/Unclear|Third-Party Sharing
1099_enthusiastnetwork.com,14,Third-Party Sharing,4,0.5821653,0.35463476,0.42388067,0.2659149,0.31545648,0.5558109,0.27759117,Data Collection|Third-Party Sharing
1099_enthusiastnetwork.com,15,Third-Party Sharing,4,0.4638815,0.29827714,0.24963717,0.22445622,0.39604035,0.6759023,0.3213457,Third-Party Sharing
1099_enthusiastnetwork.com,16,Data Collection|Other/Unclear|Third-Party Sharing|User Control & Deletion,4,0.6684401,0.3088591,0.26446062,0.39673528,0.23649834,0.48030707,0.65439963,Data Collection|User Control & Deletion
1099_enthusiastnetwork.com,17,Third-Party Sharing,4,0.65499246,0.25394934,0.3064797,0.46135777,0.27120948,0.75462353,0.3297483,Data Collection|Third-Party Sharing
1099_enthusiastnetwork.com,18,Data Collection|Other/Unclear,4,0.6892659,0.24586067,0.37091416,0.48571426,0.21507663,0.48667344,0.24640499,Data Collection
1099_enthusiastnetwork.com,19,Data Collection|Other/Unclear,4,0.70261776,0.29579052,0.2875693,0.4095346,0.27083683,0.42533633,0.32127404,Data Collection
1099_enthusiastnetwork.com,20,Data Collection|Other/Unclear|Third-Party Sharing,4,0.48029825,0.24131738,0.32121474,0.55681306,0.29735735,0.87066376,0.39071637,Other/Unclear|Third-Party Sharing
1099_enthusiastnetwork.com,21,Other/Unclear,4,0.39046356,0.26052916,0.2717802,0.49276415,0.27468088,0.2888142,0.6887109,User Control & Deletion
1099_enthusiastnetwork.com,22,User Control & Deletion,4,0.36079732,0.34528875,0.25335252,0.38120925,0.29669264,0.30158558,0.5601765,User Control & Deletion
1099_enthusiastnetwork.com,23,Other/Unclear|User Control & Deletion,4,0.32138637,0.3249706,0.30519065,0.52650744,0.2942704,0.32175627,0.6416191,Other/Unclear|User Control & Deletion
1099_enthusiastnetwork.com,24,User Control & Deletion,4,0.3702999,0.26116064,0.30666614,0.46523866,0.29286844,0.30785975,0.6249147,User Control & Deletion
1099_enthusiastnetwork.com,25,User Control & Deletion,4,0.23170604,0.276601,0.2736552,0.5585978,0.27004787,0.65455693,0.71032166,Other/Unclear|Third-Party Sharing|User Control & Deletion
1099_enthusiastnetwork.com,26,Data Retention|Other/Unclear|User Control & Deletion,4,0.31573808,0.4811629,0.34494448,0.55531603,0.23149158,0.48211968,0.78731376,Other/Unclear|User Control & Deletion
1099_enthusiastnetwork.com,27,Other/Unclear,4,0.22139797,0.32844332,0.3542462,0.6984116,0.27987957,0.26862973,0.4771594,Other/Unclear
1099_enthusiastnetwork.com,28,Other/Unclear,4,0.2855643,0.30475822,0.30198455,0.5798514,0.27887997,0.26610127,0.79586643,Other/Unclear|User Control & Deletion
1099_enthusiastnetwork.com,29,Data Security|Other/Unclear,4,0.28029606,0.38864648,0.8515628,0.40583456,0.27626908,0.2860631,0.3384944,Data Security
1099_enthusiastnetwork.com,30,Other/Unclear,4,0.54706395,0.23629223,0.3449191,0.7410769,0.29981315,0.2531811,0.26879776,Data Collection|Other/Unclear
1099_enthusiastnetwork.com,31,Other/Unclear,4,0.30522147,0.23571613,0.40949562,0.7084158,0.2294911,0.67515117,0.39905894,Other/Unclear|Third-Party Sharing
1099_enthusiastnetwork.com,32,Other/Unclear,4,0.41997236,0.30411956,0.26207602,0.81650275,0.2481478,0.29224908,0.5721142,Other/Unclear|User Control & Deletion
1099_enthusiastnetwork.com,33,Other/Unclear,4,0.410146,0.34479406,0.32698905,0.6763456,0.2973195,0.3040761,0.29051098,Other/Unclear
1099_enthusiastnetwork.com,34,Policy Change|User Control & Deletion,4,0.35622385,0.26842645,0.35008144,0.63587904,0.5644601,0.31726256,0.5331336,Other/Unclear|Policy Change|User Control & Deletion
1099_enthusiastnetwork.com,35,Policy Change,4,0.24882051,0.30735406,0.44111237,0.51394117,0.5306892,0.32549182,0.3141032,Other/Unclear|Policy Change
1099_enthusiastnetwork.com,36,Other/Unclear,4,0.20555927,0.21437785,0.24892455,0.8342041,0.3148117,0.23842077,0.3745062,Other/Unclear
1099_enthusiastnetwork.com,37,Other/Unclear,4,0.29833356,0.28302833,0.2814579,0.63829845,0.24997224,0.25920558,0.45963654,Other/Unclear
1099_enthusiastnetwork.com,38,Other/Unclear|Policy Change,4,0.28828698,0.30706164,0.27014503,0.62343526,0.51790196,0.2935137,0.3738178,Other/Unclear|Policy Change
1164_acbj.com,0,Other/Unclear,1,0.32600674,0.27347505,0.32981637,0.7024688,0.29829508,0.27420256,0.3560398,Other/Unclear
1164_acbj.com,1,Other/Unclear|Policy Change|User Control & Deletion,1,0.18534839,0.27236065,0.23364711,0.7087335,0.46246797,0.4768796,0.54662716,Other/Unclear|User Control & Deletion
1164_acbj.com,2,Other/Unclear,1,0.3637182,0.31846803,0.28434023,0.6450358,0.27921808,0.3341141,0.22899859,Other/Unclear
1164_acbj.com,3,Other/Unclear,1,0.5237417,0.29815307,0.32069963,0.6460171,0.28750727,0.34068102,0.2858577,Data Collection|Other/Unclear
1164_acbj.com,4,Data Collection,1,0.7422658,0.35551375,0.2574385,0.3525531,0.24850117,0.47297603,0.40728775,Data Collection
1164_acbj.com,5,Data Collection,1,0.7683973,0.26815853,0.21902516,0.374129,0.2487044,0.37833175,0.3661044,Data Collection
1164_acbj.com,6,Data Collection|Third-Party Sharing|User Control & Deletion,1,0.68550086,0.28689107,0.29639107,0.39063895,0.2880442,0.706251,0.38480487,Data Collection|Third-Party Sharing
1164_acbj.com,7,Data Collection,1,0.8473137,0.31857195,0.25779888,0.27430815,0.4642749,0.43298537,0.35857427,Data Collection
1164_acbj.com,8,Third-Party Sharing|User Control & Deletion,1,0.41211134,0.3003968,0.23160239,0.3639011,0.32701412,0.5787127,0.71639264,Third-Party Sharing|User Control & Deletion
1164_acbj.com,9,Data Collection|Other/Unclear|Third-Party Sharing,1,0.71020687,0.33731157,0.67122346,0.5376867,0.26577967,0.82339686,0.29671746,Data Collection|Data Security|Other/Unclear|Third-Party Sharing
1164_acbj.com,10,Data Collection|Third-Party Sharing,1,0.5669652,0.31273437,0.30315557,0.42972672,0.28648925,0.6640373,0.31850016,Data Collection|Third-Party Sharing
1164_acbj.com,11,Third-Party Sharing,1,0.359204,0.3378521,0.3365617,0.30354708,0.23323284,0.6761356,0.29367784,Third-Party Sharing
1164_acbj.com,12,Data Collection,1,0.74385816,0.3029415,0.27414203,0.3683523,0.25671867,0.37167257,0.30055186,Data Collection
1164_acbj.com,13,Data Collection|Third-Party Sharing,1,0.6146524,0.27297843,0.31861767,0.3319426,0.30029756,0.6891951,0.24604468,Data Collection|Third-Party Sharing
1164_acbj.com,14,Third-Party Sharing,1,0.322587,0.25556207,0.24185756,0.27300867,0.3044796,0.70144206,0.25478968,Third-Party Sharing
1164_acbj.com,15,Data Collection|Other/Unclear,1,0.6319632,0.2925685,0.26749247,0.5002285,0.2694829,0.37056056,0.3282899,Data Collection|Other/Unclear
1164_acbj.com,16,Data Collection|Data Retention|Other/Unclear|Third-Party Sharing,1,0.81697935,0.326733,0.29162604,0.29385865,0.2406154,0.5603672,0.39934504,Data Collection|Third-Party Sharing
1164_acbj.com,17,User Control & Deletion,1,0.49645814,0.25242752,0.2563757,0.5755919,0.25821275,0.42609638,0.65941644,Other/Unclear|User Control & Deletion
1164_acbj.com,18,Data Collection|Other/Unclear,1,0.60928893,0.22354878,0.26997566,0.42371443,0.2965168,0.54121524,0.28361243,Data Collection|Third-Party Sharing
1164_acbj.com,19,Other/Unclear|User Control & Deletion,1,0.31721413,0.26744863,0.25027436,0.6286657,0.28476632,0.4524845,0.5915197,Other/Unclear|User Control & Deletion
1164_acbj.com,20,Third-Party Sharing|User Control & Deletion,1,0.5186537,0.24025896,0.2996052,0.5053317,0.2942912,0.6022162,0.4684738,Data Collection|Other/Unclear|Third-Party Sharing
1164_acbj.com,21,Other/Unclear|User Control & Deletion,1,0.30546308,0.33230984,0.28759444,0.680651,0.30221808,0.34296477,0.30990255,Other/Unclear
1164_acbj.com,22,Data Security,1,0.41262755,0.36563364,0.69228864,0.48071504,0.22530767,0.31012276,0.34778535,Data Security
1164_acbj.com,23,Data Security,1,0.48157007,0.4086502,0.4535747,0.46362832,0.2338042,0.42947838,0.4530053,
1164_acbj.com,24,Data Security,1,0.50472784,0.29383555,0.5604914,0.4897426,0.31380954,0.3912574,0.28457692,Data Collection|Data Security
1164_acbj.com,25,Other/Unclear,1,0.36751705,0.28395042,0.31383243,0.64832515,0.26365736,0.39429227,0.3008774,Other/Unclear
1164_acbj.com,26,Other/Unclear,1,0.2974612,0.25669372,0.28012908,0.5995727,0.28051573,0.54292595,0.5269766,Other/Unclear|Third-Party Sharing|User Control & Deletion
1164_acbj.com,27,Other/Unclear,1,0.32815877,0.25920752,0.25498214,0.6053844,0.30143285,0.3574758,0.30801922,Other/Unclear
1164_acbj.com,28,Other/Unclear,1,0.21798523,0.26629514,0.26168698,0.6922387,0.2498398,0.35631788,0.63216376,Other/Unclear|User Control & Deletion
1164_acbj.com,29,Other/Unclear,1,0.22533305,0.24420528,0.237578,0.7565886,0.33740577,0.29447788,0.3422132,Other/Unclear
1164_acbj.com,30,User Control & Deletion,1,0.20325433,0.27346897,0.2209339,0.5630885,0.24529803,0.56993234,0.81648505,Other/Unclear|Third-Party Sharing|User Control & Deletion
1164_acbj.com,31,User Control & Deletion,1,0.36317667,0.29655182,0.18217738,0.4192883,0.3925821,0.25205302,0.7349126,User Control & Deletion
1164_acbj.com,32,Other/Unclear,1,0.49785486,0.23065802,0.35761383,0.43213445,0.2528844,0.39648947,0.3121591,
1164_acbj.com,33,Other/Unclear,1,0.32949254,0.31957248,0.32620358,0.63913316,0.3173765,0.26758018,0.34615618,Other/Unclear
1164_acbj.com,34,Other/Unclear,1,0.30289707,0.3727096,0.2706357,0.66533107,0.27199546,0.34492615,0.41538218,Other/Unclear
1164_acbj.com,35,Other/Unclear|User Control & Deletion,1,0.29883987,0.2870272,0.2926131,0.6835562,0.32654327,0.38389778,0.58427894,Other/Unclear|User Control & Deletion
1164_acbj.com,36,Other/Unclear,1,0.2856818,0.26392332,0.3709314,0.59927726,0.36919993,0.39365187,0.28543282,Other/Unclear
1164_acbj.com,37,Other/Unclear,1,0.36418295,0.26450416,0.31897554,0.66117144,0.44951984,0.25245783,0.3419106,Other/Unclear
1205_opensecrets.org,0,Other/Unclear,1,0.18908565,0.2168845,0.28170192,0.8137946,0.3655143,0.18851674,0.25527686,Other/Unclear
1205_opensecrets.org,1,Other/Unclear,1,0.35289776,0.3317875,0.40736175,0.6727566,0.28035763,0.30088782,0.34056908,Other/Unclear
1205_opensecrets.org,2,Data Collection|Third-Party Sharing|User Control & Deletion,1,0.43122363,0.30409375,0.32548887,0.3516732,0.25725892,0.73650706,0.53122544,Third-Party Sharing|User Control & Deletion
1205_opensecrets.org,3,Data Collection,1,0.45390493,0.35865465,0.26105905,0.58397835,0.2861093,0.3268216,0.5705316,Other/Unclear|User Control & Deletion
1205_opensecrets.org,4,Data Collection|Data Retention|Third-Party Sharing,1,0.7041349,0.39725935,0.3232517,0.4836281,0.24015686,0.5831023,0.42783234,Data Collection|Third-Party Sharing
1205_opensecrets.org,5,Data Collection|Data Retention|Third-Party Sharing,1,0.69130105,0.46224758,0.31124052,0.29090512,0.2575331,0.49851245,0.34862563,Data Collection
1205_opensecrets.org,6,Other/Unclear|Policy Change,1,0.27159095,0.30138084,0.2557404,0.67707133,0.72202986,0.22288768,0.34452397,Other/Unclear|Policy Change
1205_opensecrets.org,7,Other/Unclear,1,0.20272198,0.2592847,0.29548663,0.74866617,0.8083093,0.21975183,0.23838432,Other/Unclear|Policy Change
1206_dcccd.edu,0,Data Security|Other/Unclear,4,0.38361585,0.25339636,0.5188991,0.5732582,0.32028008,0.30228463,0.3223858,Data Security|Other/Unclear
1206_dcccd.edu,1,Data Security|Other/Unclear,4,0.3111427,0.2288516,0.4465665,0.67472446,0.2919202,0.40083942,0.4811642,Other/Unclear
1206_dcccd.edu,2,Data Collection|Data Retention|Other/Unclear,4,0.2939974,0.31280157,0.35113156,0.534958,0.30238655,0.49063116,0.39028233,Other/Unclear
1206_dcccd.edu,3,Data Security|Other/Unclear,4,0.27823144,0.2832445,0.3339139,0.6680219,0.2747706,0.3658858,0.55744445,Other/Unclear|User Control & Deletion
1206_dcccd.edu,4,Data Collection|Third-Party Sharing|User Control & Deletion,4,0.60842526,0.28221548,0.246078,0.45750085,0.28228542,0.45174798,0.45993584,Data Collection
1206_dcccd.edu,5,User Control & Deletion,4,0.44609758,0.31782714,0.32931712,0.60219514,0.2846375,0.48972654,0.64485115,Other/Unclear|User Control & Deletion
1206_dcccd.edu,6,Data Collection|Third-Party Sharing|User Control & Deletion,4,0.6231925,0.40477988,0.28047904,0.46691927,0.22175872,0.556502,0.4930674,Data Collection|Third-Party Sharing
1206_dcccd.edu,7,Data Collection,4,0.7121532,0.35095903,0.30737492,0.34292775,0.267069,0.37124205,0.3299946,Data Collection
1206_dcccd.edu,8,Third-Party Sharing,4,0.61304235,0.28144845,0.24883784,0.42281052,0.29055032,0.5243439,0.32610086,Data Collection|Third-Party Sharing
1206_dcccd.edu,9,User Control & Deletion,4,0.3911853,0.26402014,0.23011743,0.61203676,0.28002334,0.3577975,0.6756304,Other/Unclear|User Control & Deletion
1206_dcccd.edu,10,Data Collection,4,0.72193927,0.4191714,0.31785157,0.3504535,0.24732809,0.42839158,0.31355774,Data Collection
1206_dcccd.edu,11,Data Security|User Control & Deletion,4,0.49159655,0.3383901,0.43193093,0.4608296,0.25639296,0.3995224,0.46708214,
1206_dcccd.edu,12,User Control & Deletion,4,0.47787857,0.2952228,0.25460193,0.5321303,0.24781455,0.3331875,0.5805224,Other/Unclear|User Control & Deletion
1206_dcccd.edu,13,User Control & Deletion,4,0.35249633,0.27757,0.34442875,0.65152407,0.29089966,0.3287614,0.5579871,Other/Unclear|User Control & Deletion
1206_dcccd.edu,14,Data Security,4,0.27130103,0.25614193,0.7251851,0.47352085,0.25848883,0.24538876,0.26149228,Data Security
1206_dcccd.edu,15,Data Security,4,0.40898943,0.27575964,0.7563672,0.4083171,0.22807972,0.321365,0.2952556,Data Security
1206_dcccd.edu,16,Other/Unclear,4,0.47874972,0.2899572,0.28669304,0.5861848,0.25305,0.31248966,0.33323795,Other/Unclear
1221_gwdocs.com,0,Other/Unclear,3,0.10710543,0.1687092,0.2851607,0.8915968,0.40406513,0.14027767,0.17295149,Other/Unclear
1221_gwdocs.com,1,Data Collection|Other/Unclear,3,0.5830498,0.28822872,0.40451354,0.54336494,0.2444512,0.4168619,0.6304853,Data Collection|Other/Unclear|User Control & Deletion
1221_gwdocs.com,2,Data Collection,3,0.693945,0.253509,0.316714,0.37276262,0.29029632,0.28307372,0.30066556,Data Collection
1221_gwdocs.com,3,Data Collection|Third-Party Sharing,3,0.5492471,0.28057066,0.40561128,0.4394495,0.26227415,0.6472735,0.5181671,Data Collection|Third-Party Sharing|User Control & Deletion
1221_gwdocs.com,4,Data Security,3,0.27006176,0.26761615,0.82658744,0.36721876,0.25218332,0.23515496,0.23125894,Data Security
1221_gwdocs.com,5,Other/Unclear,3,0.2210981,0.24768978,0.36222136,0.7965013,0.26917848,0.37695894,0.21233745,Other/Unclear
1224_austincc.edu,0,Other/Unclear,2,0.30155978,0.19276272,0.27762955,0.78402203,0.38208497,0.2150731,0.27599785,Other/Unclear
1224_austincc.edu,1,Data Collection|Data Security|Other/Unclear|Third-Party Sharing,2,0.5494625,0.39874297,0.34072542,0.56079996,0.2677651,0.57864726,0.3243357,Data Collection|Other/Unclear|Third-Party Sharing
1224_austincc.edu,2,Data Collection|Third-Party Sharing|User Control & Deletion,2,0.4539057,0.37911856,0.40043747,0.48464456,0.23832086,0.40096542,0.6044708,User Control & Deletion
1224_austincc.edu,3,Other/Unclear|User Control & Deletion,2,0.34753978,0.251798,0.48497564,0.62752116,0.28987706,0.3690914,0.39244267,Other/Unclear
1224_austincc.edu,4,Other/Unclear|Policy Change,2,0.36942562,0.26744798,0.293997,0.61829853,0.3927236,0.38014564,0.30376318,Other/Unclear
1224_austincc.edu,5,Other/Unclear,2,0.20398675,0.25230208,0.33998168,0.7896206,0.22534573,0.3577611,0.23891786,Other/Unclear
1224_austincc.edu,6,Data Collection,2,0.60538745,0.422515,0.2777151,0.39601776,0.2657138,0.23522271,0.22205395,Data Collection
1224_austincc.edu,7,Data Collection,2,0.66365284,0.3497356,0.30835697,0.49008948,0.25786287,0.35277817,0.2556751,Data Collection
1224_austincc.edu,8,Data Collection|Third-Party Sharing,2,0.53393704,0.5762035,0.37201586,0.4204542,0.25842518,0.67027783,0.4136531,Data Collection|Data Retention|Third-Party Sharing
1224_austincc.edu,9,Data Collection,2,0.6190995,0.25052968,0.2869659,0.3583468,0.22099411,0.4678373,0.28510252,Data Collection
1224_austincc.edu,10,Data Collection|Data Retention,2,0.67353404,0.463901,0.26583526,0.47311175,0.22002597,0.43803176,0.55396813,Data Collection|User Control & Deletion
1224_austincc.edu,11,Data Collection|Other/Unclear,2,0.66130215,0.28199184,0.34431317,0.44165376,0.26034316,0.30485758,0.27947256,Data Collection
1224_austincc.edu,12,Data Collection,2,0.7533351,0.29138,0.28693244,0.44052714,0.22490075,0.4613866,0.41226584,Data Collection
1224_austincc.edu,13,Data Collection|Other/Unclear,2,0.8147239,0.398242,0.3099313,0.3970046,0.23413801,0.48010176,0.3577786,Data Collection
1224_austincc.edu,14,Data Collection|Other/Unclear|Third-Party Sharing,2,0.55585253,0.29428542,0.31898734,0.43153766,0.24685052,0.70397615,0.25934976,Data Collection|Third-Party Sharing
1224_austincc.edu,15,Data Security,2,0.22972442,0.23866083,0.75257665,0.38655472,0.2401563,0.25298652,0.21340448,Data Security
1224_austincc.edu,16,Other/Unclear|User Control & Deletion,2,0.39536,0.38944152,0.3044263,0.5318866,0.2666822,0.3110567,0.4218396,Other/Unclear
1224_austincc.edu,17,Other/Unclear,2,0.28220206,0.28704107,0.50004333,0.69215816,0.26951864,0.52617943,0.36712062,Data Security|Other/Unclear|Third-Party Sharing
1224_austincc.edu,18,Other/Unclear,2,0.3208106,0.2458443,0.31143856,0.61277336,0.27819884,0.32933596,0.34387767,Other/Unclear
1252_cincymuseum.org,0,Other/Unclear,2,0.09663925,0.18174429,0.27785435,0.89844847,0.40649727,0.14165205,0.1845545,Other/Unclear
1252_cincymuseum.org,1,Other/Unclear,2,0.48813426,0.23113571,0.3614214,0.5128175,0.2913994,0.517622,0.27575803,Other/Unclear|Third-Party Sharing
1252_cincymuseum.org,2,Data Security|Other/Unclear|Policy Change,2,0.40341356,0.2909461,0.3462657,0.52147186,0.56518936,0.25764215,0.3851771,Other/Unclear|Policy Change
1252_cincymuseum.org,3,Data Collection,2,0.7984985,0.32021773,0.23820044,0.24587765,0.25644323,0.38820714,0.26116937,Data Collection
1252_cincymuseum.org,4,Data Collection,2,0.6251218,0.33075488,0.22831692,0.3177133,0.24857722,0.3656963,0.66485536,Data Collection|User Control & Deletion
1252_cincymuseum.org,5,Data Collection|Other/Unclear,2,0.8300749,0.2816435,0.32266828,0.4006525,0.24350886,0.32584837,0.21971464,Data Collection
1252_cincymuseum.org,6,Other/Unclear|Third-Party Sharing,2,0.4237637,0.27687716,0.37173617,0.78776824,0.27762213,0.5774838,0.31188536,Other/Unclear|Third-Party Sharing
1252_cincymuseum.org,7,Data Collection|Other/Unclear,2,0.73995614,0.28910428,0.34911552,0.34240445,0.32120132,0.3627823,0.32559356,Data Collection
1252_cincymuseum.org,8,Third-Party Sharing,2,0.52940774,0.28661296,0.29688963,0.4246682,0.23474473,0.6029412,0.26404238,Data Collection|Third-Party Sharing
1252_cincymuseum.org,9,Data Security|Third-Party Sharing,2,0.5114214,0.36449647,0.5008873,0.28811407,0.2855571,0.71861374,0.3341949,Data Collection|Data Security|Third-Party Sharing
1252_cincymuseum.org,10,Other/Unclear|Third-Party Sharing,2,0.33576924,0.25926107,0.41326565,0.6076322,0.29790077,0.591129,0.2520056,Other/Unclear|Third-Party Sharing
1252_cincymuseum.org,11,Other/Unclear|Third-Party Sharing,2,0.4490209,0.2841432,0.3280687,0.3981568,0.29043317,0.52583605,0.5322384,Third-Party Sharing|User Control & Deletion
1252_cincymuseum.org,12,Third-Party Sharing,2,0.3730692,0.27797833,0.3384763,0.31422418,0.26899362,0.7899065,0.26543957,Third-Party Sharing
1252_cincymuseum.org,13,Data Collection|Third-Party Sharing,2,0.68909186,0.3059134,0.45349005,0.30138972,0.25459674,0.64152825,0.40382323,Data Collection|Third-Party Sharing
1252_cincymuseum.org,14,Data Collection|Third-Party Sharing,2,0.5350212,0.23975673,0.28522798,0.33143643,0.2598044,0.56016976,0.32365426,Data Collection|Third-Party Sharing
1252_cincymuseum.org,15,Data Security,2,0.4406931,0.28890666,0.5443539,0.4056683,0.26287636,0.3225143,0.2863327,Data Security
1252_cincymuseum.org,16,Data Security,2,0.28933957,0.2935506,0.8083864,0.2641374,0.24354492,0.32773626,0.22545712,Data Security
1252_cincymuseum.org,17,Other/Unclear,2,0.35681054,0.3244394,0.30982387,0.6640614,0.24593349,0.47728872,0.4488445,Other/Unclear
1252_cincymuseum.org,18,Other/Unclear|User Control & Deletion,2,0.3220923,0.54003024,0.3310917,0.4467151,0.3706737,0.28275424,0.83839357,Data Retention|User Control & Deletion
1252_cincymuseum.org,19,Other/Unclear|Third-Party Sharing|User Control & Deletion,2,0.3842359,0.40137646,0.3750031,0.4413886,0.2423469,0.71793574,0.3451024,Third-Party Sharing
1252_cincymuseum.org,20,Other/Unclear|Third-Party Sharing|User Control & Deletion,2,0.21639208,0.26828364,0.36406222,0.7362337,0.29402265,0.39627185,0.32588157,Other/Unclear
1252_cincymuseum.org,21,Other/Unclear,2,0.42920655,0.22825308,0.31242427,0.61260074,0.22956727,0.2632426,0.565231,Other/Unclear|User Control & Deletion
1252_cincymuseum.org,22,Other/Unclear,2,0.35317576,0.3370063,0.3092442,0.6587052,0.30094537,0.3380724,0.33971632,Other/Unclear
1252_cincymuseum.org,23,Other/Unclear|Policy Change,2,0.36678475,0.24879438,0.31401366,0.53986454,0.49338165,0.3394029,0.2618358,Other/Unclear
1252_cincymuseum.org,24,Other/Unclear,2,0.41156456,0.30087617,0.35736167,0.42209193,0.37610558,0.38996354,0.29830796,
1261_zacks.com,0,Other/Unclear,0,0.20601964,0.21570729,0.32619753,0.81670344,0.34719834,0.23870346,0.2329412,Other/Unclear
1261_zacks.com,1,Data Collection|Other/Unclear|Third-Party Sharing,0,0.64794433,0.4759936,0.30803567,0.38889134,0.26656282,0.4864704,0.58213985,Data Collection|User Control & Deletion
1261_zacks.com,2,Data Collection|Other/Unclear|User Control & Deletion,0,0.5164127,0.27510154,0.36288452,0.5027272,0.28183684,0.4447613,0.60327065,Data Collection|Other/Unclear|User Control & Deletion
1261_zacks.com,3,Data Collection|Data Security|Other/Unclear|Third-Party Sharing|User Control & Deletion,0,0.5066122,0.31024763,0.3379355,0.56555814,0.2673625,0.6228967,0.6027937,Data Collection|Other/Unclear|Third-Party Sharing|User Control & Deletion
1261_zacks.com,4,Data Collection|Data Security|Other/Unclear|Third-Party Sharing|User Control & Deletion,0,0.4965533,0.28961325,0.3668219,0.5782527,0.2516789,0.5964183,0.623138,Other/Unclear|Third-Party Sharing|User Control & Deletion
1261_zacks.com,5,Data Collection|Third-Party Sharing|User Control & Deletion,0,0.55081934,0.3045864,0.4715078,0.40213746,0.26633555,0.5671333,0.5253562,Data Collection|Third-Party Sharing|User Control & Deletion
1261_zacks.com,6,Third-Party Sharing|User Control & Deletion,0,0.5513974,0.28725752,0.2434797,0.46040523,0.29497793,0.56115484,0.5418008,Data Collection|Third-Party Sharing|User Control & Deletion
1261_zacks.com,7,Data Collection|Third-Party Sharing|User Control & Deletion,0,0.58467484,0.3020637,0.61952174,0.3062632,0.27318904,0.45956746,0.38470814,Data Collection|Data Security
1261_zacks.com,8,Data Collection|User Control & Deletion,0,0.6308929,0.2960271,0.22128513,0.5480134,0.26388678,0.35796452,0.5266302,Data Collection|Other/Unclear|User Control & Deletion
1261_zacks.com,9,Other/Unclear|User Control & Deletion,0,0.4518637,0.32655844,0.2804519,0.5035749,0.27879858,0.507187,0.7176686,Other/Unclear|Third-Party Sharing|User Control & Deletion
1261_zacks.com,10,Other/Unclear|Third-Party Sharing|User Control & Deletion,0,0.35614526,0.36890212,0.35550606,0.5232881,0.26936436,0.48676872,0.6286627,Other/Unclear|User Control & Deletion
1261_zacks.com,11,Other/Unclear|User Control & Deletion,0,0.29568583,0.34497595,0.34587944,0.79810363,0.28242555,0.28098595,0.62785983,Other/Unclear|User Control & Deletion
1261_zacks.com,12,Other/Unclear,0,0.32318568,0.25501147,0.2589953,0.5395517,0.44169384,0.30571276,0.26120138,Other/Unclear
1264_citizen.org,0,Data Collection|Data Security|Other/Unclear,1,0.37359682,0.2619783,0.44829524,0.7572437,0.30737138,0.28143847,0.2850264,Other/Unclear
1264_citizen.org,1,Data Collection|Data Retention|Third-Party Sharing,1,0.59365475,0.36589882,0.33634695,0.42056587,0.24624036,0.6462561,0.25258383,Data Collection|Third-Party Sharing
1264_citizen.org,2,Data Retention|Other/Unclear|Third-Party Sharing|User Control & Deletion,1,0.5012126,0.41057014,0.35681334,0.4330528,0.28538102,0.65454704,0.39626244,Data Collection|Third-Party Sharing
1264_citizen.org,3,Data Collection|User Control & Deletion,1,0.49822786,0.27980107,0.3862294,0.4169868,0.24608696,0.37131462,0.48202226,
1264_citizen.org,4,Data Retention|Other/Unclear|Third-Party Sharing|User Control & Deletion,1,0.45710653,0.38741612,0.39340976,0.4827807,0.26071993,0.5285994,0.47419682,Third-Party Sharing
1264_citizen.org,5,Third-Party Sharing,1,0.43369085,0.3983058,0.4475549,0.37407637,0.26927254,0.7738328,0.31830537,Third-Party Sharing
1264_citizen.org,6,Third-Party Sharing|User Control & Deletion,1,0.2690525,0.234811,0.3245844,0.68666935,0.22872418,0.37521857,0.6251995,Other/Unclear|User Control & Deletion
1264_citizen.org,7,Data Retention|Third-Party Sharing,1,0.41605392,0.42465273,0.43502498,0.46625024,0.27041245,0.49430946,0.36748642,
1264_citizen.org,8,Data Security,1,0.3790021,0.33313614,0.7405135,0.44005102,0.27690992,0.39973754,0.3150444,Data Security
1264_citizen.org,9,Data Retention|Third-Party Sharing,1,0.5393162,0.45839876,0.24963479,0.48513424,0.3056041,0.5232961,0.49285382,Data Collection|Third-Party Sharing
1264_citizen.org,10,Data Collection,1,0.7214963,0.34347978,0.27771866,0.37716967,0.27693728,0.46765888,0.3127527,Data Collection
1264_citizen.org,11,Data Collection,1,0.69949734,0.34198156,0.2720862,0.30555516,0.26612198,0.37174997,0.24974172,Data Collection
1264_citizen.org,12,Other/Unclear|Policy Change,1,0.28989395,0.30277756,0.26652974,0.55424535,0.69562215,0.2871015,0.33243787,Other/Unclear|Policy Change
1264_citizen.org,13,Other/Unclear,1,0.22271901,0.21542312,0.29330215,0.77565455,0.29604456,0.26839587,0.32629997,Other/Unclear
1300_bankofamerica.com,0,Other/Unclear,2,0.31721798,0.20257482,0.2604696,0.672119,0.37018633,0.2618804,0.2991153,Other/Unclear
1300_bankofamerica.com,1,Other/Unclear,2,0.30502924,0.24713814,0.27411032,0.7055284,0.7373509,0.28135434,0.24601598,Other/Unclear|Policy Change
1300_bankofamerica.com,2,Other/Unclear,2,0.42935908,0.2695537,0.28177303,0.65987456,0.36488336,0.4579616,0.27347505,Other/Unclear
1300_bankofamerica.com,3,Other/Unclear,2,0.4463187,0.29155487,0.3232295,0.66984564,0.2961129,0.42622545,0.37284923,Other/Unclear
1300_bankofamerica.com,4,Data Collection|Other/Unclear|Third-Party Sharing,2,0.45213875,0.30587086,0.37398198,0.57008684,0.4115016,0.5090943,0.32744297,Other/Unclear|Third-Party Sharing
1300_bankofamerica.com,5,Other/Unclear,2,0.40980974,0.29628152,0.39807478,0.6489447,0.4605937,0.3604885,0.40514526,Other/Unclear
1300_bankofamerica.com,6,Data Collection|Other/Unclear,2,0.66614354,0.26382798,0.34675273,0.44445732,0.221572,0.3362309,0.3219986,Data Collection
1300_bankofamerica.com,7,Data Collection|Other/Unclear,2,0.6310649,0.27629265,0.3886251,0.6169496,0.31843498,0.31097403,0.25627586,Data Collection|Other/Unclear
1300_bankofamerica.com,8,Data Collection,2,0.56111646,0.29609874,0.26761648,0.32031286,0.2846108,0.34679887,0.3823713,Data Collection
1300_bankofamerica.com,9,Data Collection,2,0.53649056,0.27496696,0.27356514,0.39633095,0.47506255,0.3589009,0.32792902,Data Collection
1300_bankofamerica.com,10,Data Collection,2,0.5632101,0.22737266,0.27300906,0.356168,0.2526716,0.516054,0.30915493,Data Collection|Third-Party Sharing
1300_bankofamerica.com,11,Data Collection,2,0.6209958,0.24666035,0.2503012,0.41400248,0.24606392,0.30073032,0.4048237,Data Collection
1300_bankofamerica.com,12,Data Collection,2,0.6275384,0.28327182,0.37671617,0.44055337,0.28302586,0.37414256,0.34518784,Data Collection
1300_bankofamerica.com,13,Data Collection,2,0.41225493,0.29309493,0.57958597,0.33328703,0.26398113,0.38438103,0.3899007,Data Security
1300_bankofamerica.com,14,Data Collection|Other/Unclear,2,0.69482917,0.2754937,0.3741538,0.4896737,0.24972138,0.5223895,0.38010302,Data Collection|Third-Party Sharing
1300_bankofamerica.com,15,Data Collection|User Control & Deletion,2,0.515524,0.46272886,0.3606787,0.43100065,0.28703424,0.40562013,0.5043024,Data Collection|User Control & Deletion
1300_bankofamerica.com,16,Data Collection,2,0.65042067,0.23639926,0.28685668,0.36369145,0.24255133,0.46443206,0.39940974,Data Collection
1300_bankofamerica.com,17,Data Collection|Other/Unclear,2,0.7186566,0.3222496,0.2993402,0.4752758,0.26665342,0.4129982,0.28916976,Data Collection
1300_bankofamerica.com,18,Data Collection,2,0.6610186,0.29397684,0.2706719,0.31196383,0.25143763,0.43109578,0.28354722,Data Collection
1300_bankofamerica.com,19,Data Collection,2,0.37037948,0.3277558,0.3057722,0.476935,0.28245422,0.48001415,0.28550017,
1300_bankofamerica.com,20,Data Collection,2,0.6746691,0.31287837,0.30277517,0.36007932,0.22744621,0.39600855,0.5159528,Data Collection|User Control & Deletion
1300_bankofamerica.com,21,Other/Unclear,2,0.34962982,0.34907374,0.2545152,0.6963804,0.30364737,0.33039433,0.55626416,Other/Unclear|User Control & Deletion
1300_bankofamerica.com,22,Data Collection|Other/Unclear,2,0.66553134,0.3062889,0.31834894,0.46507818,0.25267217,0.39165598,0.3682664,Data Collection
1300_bankofamerica.com,23,Data Collection|Other/Unclear|Third-Party Sharing,2,0.5000789,0.25563595,0.29689357,0.5954982,0.26320332,0.6562182,0.23487261,Data Collection|Other/Unclear|Third-Party Sharing
1300_bankofamerica.com,24,Data Collection,2,0.6166201,0.3123507,0.41179472,0.39815658,0.24610813,0.23803772,0.41705853,Data Collection
1300_bankofamerica.com,25,Data Collection|Other/Unclear,2,0.8026274,0.26666766,0.31646544,0.40007523,0.25626504,0.37112486,0.40628457,Data Collection
1300_bankofamerica.com,26,User Control & Deletion,2,0.48122823,0.27269927,0.23648366,0.4438805,0.31357887,0.3705639,0.75455403,User Control & Deletion
1300_bankofamerica.com,27,Data Collection|Other/Unclear,2,0.646175,0.26083183,0.32654625,0.46084905,0.24521644,0.4108604,0.32815653,Data Collection
1300_bankofamerica.com,28,Data Collection|Other/Unclear|User Control & Deletion,2,0.60637945,0.3574624,0.2958814,0.49043334,0.24753928,0.35133073,0.60043883,Data Collection|User Control & Deletion
1300_bankofamerica.com,29,Data Collection|Other/Unclear,2,0.7864342,0.28071904,0.33006144,0.40633702,0.22331616,0.32666856,0.26757923,Data Collection
1300_bankofamerica.com,30,Data Collection,2,0.67970574,0.38319895,0.3447625,0.42957482,0.27356163,0.63996994,0.22673579,Data Collection|Third-Party Sharing
1300_bankofamerica.com,31,Other/Unclear|Third-Party Sharing,2,0.44068888,0.3101326,0.29611555,0.5110708,0.25023025,0.69083434,0.39411387,Other/Unclear|Third-Party Sharing
1300_bankofamerica.com,32,Data Collection,2,0.58030224,0.3355631,0.27492583,0.47591767,0.25758994,0.47650298,0.2968214,Data Collection
1300_bankofamerica.com,33,Data Collection|Other/Unclear,2,0.53281033,0.22397546,0.34424764,0.4306914,0.3485245,0.40039995,0.2856885,Data Collection
1300_bankofamerica.com,34,Data Collection,2,0.5840974,0.24160364,0.24281198,0.48840576,0.2601142,0.5130462,0.31241655,Data Collection|Third-Party Sharing
1300_bankofamerica.com,35,Data Collection,2,0.58699054,0.26805204,0.2826522,0.40710866,0.26326025,0.50357187,0.37207854,Data Collection|Third-Party Sharing
1300_bankofamerica.com,36,Data Collection|Data Security|Third-Party Sharing,2,0.6585618,0.3396514,0.36556897,0.4168208,0.23884556,0.58824646,0.34514156,Data Collection|Third-Party Sharing
1300_bankofamerica.com,37,Data Collection|Other/Unclear|User Control & Deletion,2,0.3070163,0.26324314,0.32178697,0.6871265,0.31585544,0.5585701,0.34397233,Other/Unclear|Third-Party Sharing
1300_bankofamerica.com,38,Data Collection|Data Security|Other/Unclear,2,0.2934912,0.2741829,0.34571305,0.6265207,0.25364992,0.73381823,0.42460564,Other/Unclear|Third-Party Sharing
1300_bankofamerica.com,39,Other/Unclear|User Control & Deletion,2,0.34871835,0.26099986,0.2409258,0.6157782,0.2578877,0.34586713,0.55540293,Other/Unclear|User Control & Deletion
1300_bankofamerica.com,40,User Control & Deletion,2,0.46916956,0.24540418,0.3217486,0.42604393,0.2512354,0.29736146,0.5967607,User Control & Deletion
1300_bankofamerica.com,41,Other/Unclear|User Control & Deletion,2,0.5789641,0.33941135,0.2628633,0.48283595,0.2696146,0.4173431,0.48216185,Data Collection
1300_bankofamerica.com,42,Other/Unclear|Third-Party Sharing,2,0.6040267,0.34778684,0.20475484,0.44665712,0.3511742,0.4294558,0.7240141,Data Collection|User Control & Deletion
1300_bankofamerica.com,43,Other/Unclear|User Control & Deletion,2,0.39344853,0.26225644,0.27388138,0.628821,0.24979378,0.32873484,0.69192684,Other/Unclear|User Control & Deletion
1300_bankofamerica.com,44,Data Security|Other/Unclear|User Control & Deletion,2,0.21240942,0.21778628,0.39407972,0.71642715,0.2868399,0.5033678,0.49593154,Other/Unclear|Third-Party Sharing
1300_bankofamerica.com,45,User Control & Deletion,2,0.2683605,0.23396306,0.22661656,0.5220577,0.2320131,0.2989868,0.7436194,Other/Unclear|User Control & Deletion
1300_bankofamerica.com,46,Other/Unclear|User Control & Deletion,2,0.27900133,0.27620757,0.22659655,0.58504146,0.28839663,0.42223555,0.7064486,Other/Unclear|User Control & Deletion
1300_bankofamerica.com,47,Other/Unclear|User Control & Deletion,2,0.35747486,0.31247494,0.39408267,0.5236685,0.27837935,0.3269429,0.69302166,Other/Unclear|User Control & Deletion
1300_bankofamerica.com,48,Other/Unclear,2,0.5089717,0.32675263,0.32222933,0.5381323,0.32416046,0.2878691,0.4127029,Data Collection|Other/Unclear
1300_bankofamerica.com,49,Other/Unclear,2,0.26126504,0.25895903,0.4963424,0.7034025,0.28409085,0.54221416,0.26089734,Other/Unclear|Third-Party Sharing
1300_bankofamerica.com,50,Other/Unclear|Third-Party Sharing,2,0.47214016,0.28059387,0.30704853,0.6900087,0.35770574,0.46372885,0.36852688,Other/Unclear
1300_bankofamerica.com,51,Data Security|Other/Unclear,2,0.28656065,0.246933,0.77099293,0.4046293,0.27632007,0.48912117,0.22788282,Data Security
1300_bankofamerica.com,52,Other/Unclear|Third-Party Sharing,2,0.44367045,0.31029278,0.54187053,0.56963676,0.26782107,0.4350691,0.33258742,Data Security|Other/Unclear
1300_bankofamerica.com,53,Other/Unclear|Third-Party Sharing,2,0.4700399,0.32308775,0.3944462,0.32210287,0.30844796,0.31785074,0.4405581,
1300_bankofamerica.com,54,Other/Unclear|User Control & Deletion,2,0.4224449,0.3508343,0.38675833,0.5961368,0.34247997,0.29242182,0.4662162,Other/Unclear
1300_bankofamerica.com,55,Other/Unclear|User Control & Deletion,2,0.40038356,0.21630457,0.35781616,0.8185674,0.26061937,0.23076183,0.2886924,Other/Unclear
1300_bankofamerica.com,56,Other/Unclear|Third-Party Sharing,2,0.538819,0.33448732,0.4429833,0.54068375,0.26430282,0.56683606,0.36564934,Data Collection|Other/Unclear|Third-Party Sharing
1300_bankofamerica.com,57,Other/Unclear|Policy Change,2,0.27721208,0.25444305,0.25040916,0.3844702,0.8309322,0.25425777,0.29552504,Policy Change
1300_bankofamerica.com,58,Other/Unclear,2,0.5533221,0.3071226,0.3142955,0.53977793,0.26261216,0.30814686,0.41206414,Data Collection|Other/Unclear
1300_bankofamerica.com,59,Other/Unclear,2,0.42902413,0.2469784,0.30212134,0.48969054,0.287679,0.3548648,0.30655476,
1300_bankofamerica.com,60,Other/Unclear,2,0.42121667,0.23393078,0.34734935,0.53743166,0.26914743,0.4008713,0.33259442,Other/Unclear
1300_bankofamerica.com,61,Other/Unclear,2,0.28771177,0.22672093,0.46801648,0.5543161,0.27981827,0.3114494,0.35136098,Other/Unclear
1300_bankofamerica.com,62,Other/Unclear,2,0.60059494,0.2362829,0.34393665,0.43240815,0.2531674,0.3329819,0.32940963,Data Collection
1300_bankofamerica.com,63,Data Collection,2,0.7098153,0.3250675,0.2892999,0.37715283,0.299206,0.40688586,0.33281112,Data Collection
1300_bankofamerica.com,64,Other/Unclear|Third-Party Sharing|User Control & Deletion,2,0.48752788,0.30926368,0.3295316,0.4600373,0.29665285,0.39070264,0.7508553,User Control & Deletion
1300_bankofamerica.com,65,Other/Unclear,2,0.41389757,0.24457988,0.31590718,0.4766977,0.27645883,0.39334264,0.6589978,User Control & Deletion
1300_bankofamerica.com,66,Other/Unclear,2,0.2782535,0.16879489,0.31088266,0.7393874,0.35265812,0.3218041,0.32119134,Other/Unclear
1300_bankofamerica.com,67,Other/Unclear,2,0.34958318,0.22847041,0.2748637,0.5791217,0.28468046,0.32110208,0.37980053,Other/Unclear
1300_bankofamerica.com,68,Other/Unclear,2,0.300339,0.22047937,0.30696356,0.63319534,0.396038,0.31393984,0.34647617,Other/Unclear
1300_bankofamerica.com,69,Other/Unclear,2,0.32384664,0.23420174,0.30029225,0.6235465,0.47948107,0.31384787,0.27297372,Other/Unclear
1300_bankofamerica.com,70,Other/Unclear,2,0.44196168,0.27686602,0.31046754,0.43614462,0.2633629,0.3866462,0.34625942,
1300_bankofamerica.com,71,Other/Unclear,2,0.31769225,0.26296887,0.4630195,0.6911983,0.3061735,0.35919544,0.3478548,Other/Unclear
1300_bankofamerica.com,72,Other/Unclear,2,0.3729798,0.22778682,0.28393933,0.4845088,0.3179309,0.3466523,0.35006112,
1300_bankofamerica.com,73,Other/Unclear,2,0.21217924,0.20928419,0.3404914,0.5027128,0.25024456,0.28950244,0.66569394,Other/Unclear|User Control & Deletion
1300_bankofamerica.com,74,Data Collection|Other/Unclear|Third-Party Sharing,2,0.66223973,0.29517835,0.29857552,0.41161162,0.34516737,0.39562908,0.5733268,Data Collection|User Control & Deletion
1300_bankofamerica.com,75,Other/Unclear|User Control & Deletion,2,0.61010903,0.3271775,0.25076675,0.42922243,0.2721683,0.41270974,0.4704897,Data Collection
1300_bankofamerica.com,76,Data Collection|Other/Unclear,2,0.623523,0.32922086,0.20727819,0.44646013,0.27209613,0.4528669,0.5239946,Data Collection|User Control & Deletion
1300_bankofamerica.com,77,Other/Unclear,2,0.3536068,0.28981993,0.32749736,0.44609377,0.26542878,0.3494386,0.73113775,User Control & Deletion
1300_bankofamerica.com,78,Other/Unclear|User Control & Deletion,2,0.30424097,0.26097444,0.415248,0.5506972,0.26347804,0.296335,0.6341967,Other/Unclear|User Control & Deletion
1300_bankofamerica.com,79,Other/Unclear,2,0.37812546,0.25670844,0.32706967,0.5911003,0.30298525,0.33164877,0.5543253,Other/Unclear|User Control & Deletion
1300_bankofamerica.com,80,Other/Unclear|User Control & Deletion,2,0.5479428,0.25325042,0.23730254,0.35453585,0.26205984,0.27174228,0.48229384,Data Collection
1300_bankofamerica.com,81,Other/Unclear,2,0.2870113,0.23875888,0.36099258,0.5461735,0.26352555,0.31276283,0.50510514,Other/Unclear|User Control & Deletion
1306_chasepaymentech.com,0,Data Security|Other/Unclear,0,0.32626998,0.24539492,0.52311504,0.7375079,0.3079906,0.23893617,0.27054712,Data Security|Other/Unclear
1306_chasepaymentech.com,1,Data Security|Other/Unclear,0,0.33222345,0.25486958,0.5801562,0.73839074,0.32399055,0.2220443,0.29480314,Data Security|Other/Unclear
1306_chasepaymentech.com,2,Data Collection|Data Security|Other/Unclear,0,0.5423985,0.36679298,0.57036656,0.49880117,0.23589578,0.56513655,0.36170927,Data Collection|Data Security|Third-Party Sharing
1306_chasepaymentech.com,3,Other/Unclear,0,0.50995284,0.32530025,0.38098848,0.4877406,0.2728151,0.3997238,0.33983847,Data Collection
1306_chasepaymentech.com,5,Data Collection|Third-Party Sharing,0,0.6518247,0.38816255,0.33989727,0.48436576,0.22820163,0.6728573,0.38991886,Data Collection|Third-Party Sharing
1306_chasepaymentech.com,6,Data Collection|Third-Party Sharing,0,0.5581763,0.31529477,0.37215275,0.31666252,0.2799576,0.73880565,0.33657366,Data Collection|Third-Party Sharing
1306_chasepaymentech.com,7,Data Collection|Data Security|Other/Unclear|Third-Party Sharing,0,0.43933326,0.3907041,0.50613374,0.30602235,0.27662703,0.74040765,0.28445327,Data Security|Third-Party Sharing
1306_chasepaymentech.com,8,Third-Party Sharing,0,0.3504391,0.2612589,0.31489336,0.46214342,0.23701452,0.6526469,0.29844436,Third-Party Sharing
1306_chasepaymentech.com,9,Data Security|Other/Unclear,0,0.26067054,0.3157599,0.789786,0.47142857,0.27873918,0.36300814,0.23264235,Data Security
1306_chasepaymentech.com,10,Data Security|Other/Unclear,0,0.37210676,0.29173508,0.577184,0.47324932,0.29248545,0.4011734,0.30075207,Data Security
1306_chasepaymentech.com,11,Data Collection|User Control & Deletion,0,0.4993113,0.27648136,0.28500342,0.7126819,0.38171348,0.35145807,0.7204667,Other/Unclear|User Control & Deletion
1306_chasepaymentech.com,12,Data Collection|Other/Unclear,0,0.5948244,0.30053362,0.29017392,0.513351,0.2584161,0.3282769,0.38835895,Data Collection|Other/Unclear
1306_chasepaymentech.com,13,Data Collection|Data Retention|Other/Unclear,0,0.7172478,0.30591506,0.29567653,0.42728063,0.23982231,0.4276109,0.36759597,Data Collection
1306_chasepaymentech.com,14,Data Collection,0,0.6308094,0.3164493,0.30685022,0.41532212,0.35801566,0.3699535,0.36204958,Data Collection
1306_chasepaymentech.com,15,Data Collection,0,0.7159088,0.3948239,0.36661282,0.3706022,0.2857763,0.49552268,0.33971375,Data Collection
1306_chasepaymentech.com,16,Data Collection|Data Security|Other/Unclear|Third-Party Sharing|User Control & Deletion,0,0.6273608,0.37502524,0.45571294,0.67795724,0.29819024,0.55812556,0.42022544,Data Collection|Other/Unclear|Third-Party Sharing
1306_chasepaymentech.com,17,Other/Unclear|User Control & Deletion,0,0.6211016,0.27223003,0.35331675,0.4159719,0.29681915,0.30839458,0.7694866,Data Collection|User Control & Deletion
1306_chasepaymentech.com,18,Other/Unclear,0,0.30446738,0.2726155,0.33186895,0.6775789,0.26215392,0.6296648,0.27512652,Other/Unclear|Third-Party Sharing
1306_chasepaymentech.com,19,Data Collection|Third-Party Sharing,0,0.7608912,0.36892906,0.3026951,0.41527107,0.23613825,0.7817518,0.32324076,Data Collection|Third-Party Sharing
1306_chasepaymentech.com,20,Other/Unclear,0,0.511622,0.30897814,0.29672164,0.72948974,0.2225322,0.27118313,0.2451593,Data Collection|Other/Unclear
1306_chasepaymentech.com,21,Other/Unclear,0,0.30812088,0.3208103,0.48825255,0.8040021,0.25855848,0.36476183,0.31914186,Other/Unclear
1306_chasepaymentech.com,22,Other/Unclear,0,0.27572042,0.2683563,0.51922345,0.73073816,0.26023725,0.29402655,0.29755482,Data Security|Other/Unclear
1306_chasepaymentech.com,23,Policy Change,0,0.29356375,0.2522256,0.4224141,0.5620172,0.5720669,0.36415216,0.3398405,Other/Unclear|Policy Change
1306_chasepaymentech.com,24,Other/Unclear,0,0.25143415,0.29787084,0.30809635,0.66769236,0.2956745,0.2738304,0.3141842,Other/Unclear
1306_chasepaymentech.com,25,Other/Unclear,0,0.30462834,0.26607972,0.25967005,0.668174,0.49513236,0.27598217,0.32889697,Other/Unclear
135_instagram.com,0,Other/Unclear,0,0.1024643,0.18115562,0.30718607,0.8876717,0.4086092,0.16852027,0.17025061,Other/Unclear
135_instagram.com,1,Other/Unclear|Policy Change,0,0.41324756,0.2997797,0.3150828,0.5272085,0.2515254,0.4955364,0.4171242,Other/Unclear
135_instagram.com,2,Other/Unclear|Policy Change|User Control & Deletion,0,0.42139524,0.29562142,0.32482576,0.47760373,0.29980004,0.404256,0.43447348,
135_instagram.com,3,Other/Unclear|Policy Change,0,0.28714004,0.24871415,0.26528594,0.7250232,0.52310747,0.27628615,0.31460917,Other/Unclear|Policy Change
135_instagram.com,4,Other/Unclear|Policy Change,0,0.25283965,0.22977269,0.24307665,0.7154834,0.5762433,0.23439665,0.2612386,Other/Unclear|Policy Change
135_instagram.com,5,Other/Unclear|Third-Party Sharing|User Control & Deletion,0,0.4536203,0.2697023,0.3909358,0.6257643,0.40320876,0.5958203,0.4400276,Other/Unclear|Third-Party Sharing
135_instagram.com,6,Other/Unclear,0,0.3544215,0.32191977,0.34967035,0.68534744,0.43992338,0.24728093,0.3916543,Other/Unclear
135_instagram.com,7,Data Collection|Other/Unclear,0,0.73748404,0.30489558,0.27140522,0.5338709,0.23394723,0.16248584,0.21385191,Data Collection|Other/Unclear
135_instagram.com,8,Data Collection,0,0.6729131,0.31489098,0.25524852,0.32285583,0.29486027,0.30790707,0.49069208,Data Collection
135_instagram.com,9,Data Collection|Other/Unclear,0,0.56691563,0.3085486,0.28828582,0.55414885,0.26026616,0.57821745,0.58165616,Data Collection|Other/Unclear|Third-Party Sharing|User Control & Deletion
135_instagram.com,10,Other/Unclear|User Control & Deletion,0,0.48265284,0.33660966,0.35236916,0.5590759,0.24383467,0.311973,0.57776076,Other/Unclear|User Control & Deletion
135_instagram.com,11,Data Collection|Third-Party Sharing,0,0.72431064,0.35085273,0.31054008,0.34764197,0.27728721,0.58978635,0.26809716,Data Collection|Third-Party Sharing
135_instagram.com,12,Data Collection|Other/Unclear|Third-Party Sharing,0,0.819156,0.30774486,0.33120245,0.42553324,0.28770518,0.6919647,0.3658936,Data Collection|Third-Party Sharing
135_instagram.com,13,Data Collection,0,0.7470249,0.32882646,0.29932517,0.31317905,0.24437945,0.33152324,0.35456705,Data Collection
135_instagram.com,14,Data Collection|Other/Unclear|Third-Party Sharing,0,0.6910136,0.4026301,0.31672567,0.39973333,0.22731128,0.48133668,0.4162582,Data Collection
135_instagram.com,15,Other/Unclear|User Control & Deletion,0,0.5592198,0.4203669,0.34144765,0.5579912,0.28859,0.48455462,0.44016483,Data Collection|Other/Unclear
135_instagram.com,16,Data Collection|User Control & Deletion,0,0.7532469,0.30436322,0.26743937,0.36200064,0.30387682,0.46690887,0.4127703,Data Collection
135_instagram.com,17,Third-Party Sharing,0,0.34206992,0.30328137,0.2692749,0.35386106,0.28264964,0.7807236,0.4471662,Third-Party Sharing
135_instagram.com,18,Other/Unclear,0,0.24347803,0.3286151,0.2926794,0.41708213,0.24151023,0.8326292,0.22948664,Third-Party Sharing
135_instagram.com,19,Third-Party Sharing,0,0.6349573,0.29177797,0.27026433,0.41606197,0.24441099,0.66453624,0.30261245,Data Collection|Third-Party Sharing
135_instagram.com,20,Data Security|Third-Party Sharing,0,0.4953755,0.39164034,0.3904689,0.30935904,0.26613897,0.6636426,0.3311747,Third-Party Sharing
135_instagram.com,21,Third-Party Sharing,0,0.39491656,0.2888075,0.25769013,0.38873428,0.26883483,0.80219936,0.3957251,Third-Party Sharing
135_instagram.com,22,Other/Unclear|Third-Party Sharing,0,0.49587163,0.35944584,0.3561418,0.44962907,0.24140105,0.6844393,0.3451609,Third-Party Sharing
135_instagram.com,23,Data Retention|Other/Unclear|Third-Party Sharing|User Control & Deletion,0,0.35893637,0.42759633,0.26875666,0.575212,0.38209313,0.6732633,0.4969567,Other/Unclear|Third-Party Sharing
135_instagram.com,24,Other/Unclear|Third-Party Sharing,0,0.4398218,0.2942252,0.28757772,0.33870915,0.3675238,0.6914561,0.3966372,Third-Party Sharing
135_instagram.com,25,Data Collection|Data Retention|Third-Party Sharing,0,0.4132532,0.37683064,0.33069298,0.2950196,0.23355438,0.6761147,0.292507,Third-Party Sharing
135_instagram.com,26,Other/Unclear,0,0.50104433,0.4804622,0.44338885,0.55441284,0.29393694,0.38030687,0.3309623,Data Collection|Other/Unclear
135_instagram.com,27,Data Retention|Other/Unclear,0,0.393792,0.3184942,0.36946476,0.57014376,0.27869397,0.46499464,0.32136324,Other/Unclear
135_instagram.com,28,Other/Unclear|Third-Party Sharing,0,0.41564897,0.28071326,0.37411812,0.6807707,0.24183446,0.4368527,0.28904486,Other/Unclear
135_instagram.com,29,Other/Unclear|User Control & Deletion,0,0.41974893,0.2882121,0.31651983,0.57684356,0.3435187,0.5468926,0.35054204,Other/Unclear|Third-Party Sharing
135_instagram.com,30,Data Security|Other/Unclear,0,0.33090127,0.39749685,0.7348804,0.33719617,0.24908303,0.3153574,0.35048357,Data Security
135_instagram.com,31,Other/Unclear,0,0.33447525,0.27917218,0.5846029,0.54274344,0.33659777,0.35610595,0.3951596,Data Security|Other/Unclear
135_instagram.com,32,Other/Unclear|User Control & Deletion,0,0.31213227,0.29512048,0.23982422,0.41763183,0.388444,0.24815819,0.82802814,User Control & Deletion
135_instagram.com,33,Data Retention|Other/Unclear,0,0.47831172,0.5155487,0.3455065,0.46251196,0.2960264,0.4433413,0.42011157,Data Retention
135_instagram.com,34,Other/Unclear,0,0.53520894,0.28088593,0.24662559,0.81525815,0.23394167,0.29551843,0.31612405,Data Collection|Other/Unclear
135_instagram.com,35,Other/Unclear,0,0.37127718,0.33176976,0.39144748,0.7218222,0.25435722,0.4827861,0.33417267,Other/Unclear
135_instagram.com,36,Other/Unclear,0,0.41422132,0.35175052,0.2850721,0.5625136,0.31394815,0.2912787,0.51266086,Other/Unclear|User Control & Deletion
135_instagram.com,37,Other/Unclear,0,0.221985,0.26248968,0.2580295,0.79336965,0.289857,0.24136549,0.32634592,Other/Unclear
135_instagram.com,38,Policy Change,0,0.26464358,0.3064722,0.2451409,0.38316756,0.775019,0.2770899,0.36331266,Policy Change
1360_thehill.com,0,Other/Unclear,0,0.5598934,0.24495299,0.33206278,0.67394084,0.413886,0.28963888,0.23136207,Data Collection|Other/Unclear
1360_thehill.com,1,Data Collection,0,0.78947544,0.2842755,0.23465948,0.34211254,0.22578345,0.40983373,0.33530778,Data Collection
1360_thehill.com,2,Data Collection,0,0.6447306,0.29104382,0.3529669,0.64377093,0.24493137,0.43487933,0.53894454,Data Collection|Other/Unclear|User Control & Deletion
1360_thehill.com,3,Data Collection,0,0.8523716,0.30922574,0.27763912,0.35364577,0.19775052,0.41035542,0.3597935,Data Collection
1360_thehill.com,4,Data Collection,0,0.6108746,0.32365146,0.34724596,0.4039759,0.24111514,0.3865922,0.43369254,Data Collection
1360_thehill.com,5,Data Collection,0,0.69273615,0.2893101,0.2657445,0.39653373,0.25398773,0.35310808,0.38749725,Data Collection
1360_thehill.com,6,Data Collection|Third-Party Sharing,0,0.5196121,0.27178854,0.36507317,0.30991864,0.2891012,0.78903717,0.47574252,Data Collection|Third-Party Sharing
1360_thehill.com,7,Data Security|Third-Party Sharing,0,0.5260069,0.32479328,0.7090904,0.40189362,0.2854335,0.6297718,0.3710866,Data Collection|Data Security|Third-Party Sharing
1360_thehill.com,8,Data Collection,0,0.6496749,0.31101304,0.35160926,0.32470736,0.32426837,0.4987153,0.32326064,Data Collection
1360_thehill.com,9,Third-Party Sharing,0,0.33638102,0.35645333,0.28897318,0.3021039,0.24747202,0.76562774,0.26954088,Third-Party Sharing
1360_thehill.com,10,Other/Unclear|Third-Party Sharing,0,0.4958548,0.30345473,0.3218977,0.6046091,0.23262675,0.63924855,0.40328807,Other/Unclear|Third-Party Sharing
1360_thehill.com,11,Data Security,0,0.2973703,0.3278647,0.82318276,0.22989132,0.2619626,0.23578745,0.2688146,Data Security
1360_thehill.com,12,Data Security|Other/Unclear,0,0.21966669,0.26862705,0.76780397,0.5033123,0.24710752,0.30226216,0.38110813,Data Security|Other/Unclear
1360_thehill.com,13,User Control & Deletion,0,0.21319272,0.33543557,0.26726374,0.48837045,0.34560126,0.46476853,0.8180552,User Control & Deletion
1360_thehill.com,14,Data Retention|Other/Unclear|Policy Change,0,0.48900136,0.34325388,0.25655192,0.5189337,0.40117532,0.4144734,0.65817285,Other/Unclear|User Control & Deletion
1360_thehill.com,15,User Control & Deletion,0,0.45711902,0.2531944,0.32100728,0.4933016,0.23544087,0.43801957,0.66917354,User Control & Deletion
1360_thehill.com,16,Other/Unclear,0,0.26998132,0.26653326,0.28867468,0.8057703,0.2898539,0.24156027,0.4479473,Other/Unclear
1360_thehill.com,17,Policy Change,0,0.26229596,0.24931687,0.26553857,0.476383,0.8254346,0.26424992,0.40461642,Policy Change
1360_thehill.com,18,Other/Unclear|User Control & Deletion,0,0.30801335,0.2716399,0.26864824,0.7153295,0.49635014,0.31369522,0.7295049,Other/Unclear|User Control & Deletion
1361_yahoo.com,0,Other/Unclear,2,0.3241731,0.22672498,0.29205152,0.6293823,0.27901903,0.3426113,0.34336084,Other/Unclear
1361_yahoo.com,1,Other/Unclear,2,0.3270409,0.26887816,0.37272567,0.61400765,0.288744,0.35053334,0.46867594,Other/Unclear
1361_yahoo.com,2,Data Security|Other/Unclear,2,0.24562906,0.20185676,0.4857593,0.719267,0.27743667,0.2382381,0.30365676,Other/Unclear
1361_yahoo.com,3,Data Collection|Other/Unclear,2,0.59184384,0.2977619,0.37157324,0.526394,0.2601774,0.49785876,0.37801963,Data Collection|Other/Unclear
1361_yahoo.com,4,Other/Unclear,2,0.2421387,0.24602973,0.37058267,0.79628015,0.3663334,0.5030618,0.3213935,Other/Unclear|Third-Party Sharing
1361_yahoo.com,5,Data Security|Other/Unclear,2,0.35779724,0.24156548,0.61195743,0.6855531,0.2757958,0.31800157,0.32289445,Data Security|Other/Unclear
1361_yahoo.com,6,Data Collection|Other/Unclear,2,0.69337606,0.29387116,0.26549858,0.408152,0.28973943,0.4217015,0.36471888,Data Collection
1361_yahoo.com,7,Data Collection,2,0.75604063,0.27737388,0.29695025,0.2711268,0.25154608,0.3031641,0.317641,Data Collection
1361_yahoo.com,8,Data Collection,2,0.62936646,0.23542276,0.29222804,0.39119208,0.29088667,0.54693985,0.2863517,Data Collection|Third-Party Sharing
1361_yahoo.com,9,Data Collection,2,0.68544996,0.3033555,0.2279356,0.38413867,0.23909275,0.3131684,0.37175375,Data Collection
1361_yahoo.com,10,Data Collection,2,0.67853,0.2892954,0.2658304,0.33819482,0.25710726,0.46748376,0.32737872,Data Collection
1361_yahoo.com,11,Other/Unclear,2,0.3268349,0.22200036,0.24064817,0.76194805,0.2978497,0.27125916,0.3410958,Other/Unclear
1361_yahoo.com,12,Other/Unclear|Third-Party Sharing,2,0.4419763,0.24869145,0.29588583,0.3796008,0.2760035,0.6492014,0.30773726,Third-Party Sharing
1361_yahoo.com,13,Other/Unclear|Third-Party Sharing,2,0.39542228,0.29850137,0.4339808,0.4940262,0.30461985,0.71645635,0.37060848,Third-Party Sharing
1361_yahoo.com,14,Other/Unclear,2,0.27426094,0.3112639,0.27835184,0.69183594,0.2990301,0.3844889,0.37993476,Other/Unclear
1361_yahoo.com,15,Third-Party Sharing,2,0.31106862,0.26015532,0.2362437,0.35496798,0.24465817,0.5410832,0.2615528,Third-Party Sharing
1361_yahoo.com,16,Third-Party Sharing,2,0.36470646,0.3072727,0.32886064,0.25511125,0.24607073,0.7018749,0.2985017,Third-Party Sharing
1361_yahoo.com,17,Other/Unclear|Third-Party Sharing,2,0.35115847,0.26727924,0.3760703,0.51166135,0.39708653,0.5700015,0.3331956,Other/Unclear|Third-Party Sharing
1361_yahoo.com,18,Other/Unclear|Third-Party Sharing,2,0.5214596,0.2913188,0.3365932,0.5026616,0.27797583,0.7209103,0.3033479,Data Collection|Other/Unclear|Third-Party Sharing
1361_yahoo.com,19,Other/Unclear|Third-Party Sharing,2,0.36968905,0.25440735,0.3275119,0.5594283,0.28103223,0.6060346,0.34688967,Other/Unclear|Third-Party Sharing
1361_yahoo.com,20,Data Collection|User Control & Deletion,2,0.6550867,0.30060568,0.32306534,0.38931462,0.22008678,0.38741785,0.5868758,Data Collection|User Control & Deletion
1361_yahoo.com,21,Other/Unclear|Third-Party Sharing,2,0.30976337,0.26548854,0.44942477,0.6763586,0.29768077,0.6678291,0.4756303,Other/Unclear|Third-Party Sharing
1361_yahoo.com,22,Data Collection,2,0.618683,0.26578075,0.32783747,0.40991467,0.256526,0.4810187,0.3828729,Data Collection
1361_yahoo.com,23,User Control & Deletion,2,0.40640408,0.30983213,0.24383776,0.46257064,0.28559583,0.3547809,0.7883682,User Control & Deletion
1361_yahoo.com,24,Other/Unclear|User Control & Deletion,2,0.31151465,0.2741173,0.2680499,0.48648822,0.3287691,0.37242985,0.69747746,User Control & Deletion
1361_yahoo.com,25,Other/Unclear|User Control & Deletion,2,0.5273768,0.31290054,0.2383431,0.4087382,0.29243135,0.40447003,0.70995337,Data Collection|User Control & Deletion
1361_yahoo.com,26,Data Retention|User Control & Deletion,2,0.3822472,0.5903947,0.25742042,0.5537716,0.3452427,0.35166386,0.68698585,Data Retention|Other/Unclear|User Control & Deletion
1361_yahoo.com,27,Data Security,2,0.35842285,0.22001924,0.62941337,0.41206715,0.23543465,0.47019944,0.34654132,Data Security
1361_yahoo.com,28,Data Security,2,0.41786733,0.26343796,0.5259847,0.356274,0.2723588,0.40792376,0.30057064,Data Security
1361_yahoo.com,29,Data Security|Other/Unclear,2,0.2691934,0.22106792,0.65332985,0.62989724,0.24972294,0.2892816,0.45096627,Data Security|Other/Unclear
1361_yahoo.com,30,Policy Change,2,0.33946845,0.30190465,0.28833732,0.40811768,0.6630124,0.29852843,0.35160986,Policy Change
1361_yahoo.com,31,Other/Unclear,2,0.3503119,0.3102768,0.3076442,0.7115155,0.2584411,0.29368487,0.48263195,Other/Unclear
1361_yahoo.com,32,Other/Unclear,2,0.38881487,0.35764873,0.36148107,0.57748806,0.31596702,0.39541298,0.4141155,Other/Unclear
1361_yahoo.com,33,Other/Unclear|Policy Change,2,0.31613988,0.24994212,0.27342066,0.7045685,0.6857934,0.28452548,0.2509938,Other/Unclear|Policy Change
1419_miaminewtimes.com,0,Other/Unclear,1,0.11616806,0.21014209,0.28959805,0.8754655,0.41938204,0.15924391,0.18132764,Other/Unclear
1419_miaminewtimes.com,1,Other/Unclear,1,0.24771138,0.23301333,0.29780534,0.5970641,0.5124647,0.29722106,0.24207594,Other/Unclear|Policy Change
1419_miaminewtimes.com,2,Other/Unclear|User Control & Deletion,1,0.57246804,0.2468977,0.34850484,0.724142,0.38842064,0.29072738,0.40501323,Data Collection|Other/Unclear
1419_miaminewtimes.com,3,Policy Change|User Control & Deletion,1,0.28489256,0.30133587,0.24368276,0.4972234,0.818462,0.26820302,0.50235873,Policy Change|User Control & Deletion
1419_miaminewtimes.com,4,Data Collection|Other/Unclear,1,0.691836,0.35488993,0.3454121,0.43483183,0.24660313,0.30304492,0.31520447,Data Collection
1419_miaminewtimes.com,5,Data Collection|Other/Unclear,1,0.6615467,0.28847882,0.3354822,0.4099339,0.25484106,0.44427025,0.3521983,Data Collection
1419_miaminewtimes.com,6,Data Collection,1,0.75785244,0.32972643,0.23507068,0.30624637,0.2155937,0.4279283,0.34555316,Data Collection
1419_miaminewtimes.com,7,Other/Unclear|User Control & Deletion,1,0.60211575,0.3692321,0.24308565,0.3189986,0.2518787,0.3965408,0.65947497,Data Collection|User Control & Deletion
1419_miaminewtimes.com,8,Data Collection,1,0.69738436,0.32953405,0.29019377,0.45865658,0.27830192,0.4731996,0.3107294,Data Collection
1419_miaminewtimes.com,9,Data Collection|Data Retention|Other/Unclear,1,0.5031405,0.4022845,0.2728963,0.35796905,0.22756045,0.48642728,0.28011817,Data Collection
1419_miaminewtimes.com,10,Data Collection|Other/Unclear,1,0.6243125,0.29922563,0.275525,0.37076417,0.30159527,0.3882219,0.24723081,Data Collection
1419_miaminewtimes.com,11,Data Collection|Other/Unclear|Third-Party Sharing,1,0.53390896,0.35897183,0.2896306,0.5181932,0.41268376,0.6212156,0.3649686,Data Collection|Other/Unclear|Third-Party Sharing
1419_miaminewtimes.com,12,Data Collection,1,0.64176273,0.3171318,0.2675865,0.4248302,0.28661263,0.37262648,0.533669,Data Collection|User Control & Deletion
1419_miaminewtimes.com,13,Data Collection,1,0.6888432,0.24628109,0.25121212,0.4407317,0.23307726,0.40455592,0.41811576,Data Collection
1419_miaminewtimes.com,14,Data Collection|Other/Unclear|Third-Party Sharing,1,0.4613487,0.27227762,0.4137183,0.45817444,0.28512654,0.5851162,0.34836707,Third-Party Sharing
1419_miaminewtimes.com,15,Other/Unclear|User Control & Deletion,1,0.3816332,0.2367297,0.37510556,0.5168277,0.27237132,0.30590007,0.63549185,Other/Unclear|User Control & Deletion
1419_miaminewtimes.com,16,Other/Unclear,1,0.38385856,0.29558384,0.19115195,0.39204034,0.27777353,0.27834836,0.6949162,User Control & Deletion
1419_miaminewtimes.com,17,Data Collection,1,0.6552217,0.31722337,0.2638442,0.36079893,0.2411827,0.4151226,0.26382807,Data Collection
1419_miaminewtimes.com,18,Data Collection,1,0.6461614,0.38936436,0.2699422,0.4777087,0.30782658,0.38679728,0.41894624,Data Collection
1419_miaminewtimes.com,19,Data Collection|Other/Unclear|Third-Party Sharing|User Control & Deletion,1,0.6589337,0.37496492,0.32783008,0.49351114,0.29640302,0.47964895,0.32396045,Data Collection
1419_miaminewtimes.com,20,Data Collection|Other/Unclear,1,0.59586203,0.2912237,0.370056,0.3994094,0.25229323,0.36636755,0.35505542,Data Collection
1419_miaminewtimes.com,21,Data Collection,1,0.7987147,0.26918986,0.2166576,0.3341027,0.27753997,0.49559775,0.3912257,Data Collection
1419_miaminewtimes.com,22,Third-Party Sharing,1,0.4674506,0.3677959,0.3090298,0.4774893,0.26313058,0.6990912,0.24859744,Third-Party Sharing
1419_miaminewtimes.com,23,Data Collection|Other/Unclear|Third-Party Sharing|User Control & Deletion,1,0.5559941,0.28501904,0.2838217,0.44216576,0.29711816,0.5665398,0.3924969,Data Collection|Third-Party Sharing
1419_miaminewtimes.com,24,Third-Party Sharing,1,0.2517192,0.28510872,0.6938047,0.33530048,0.25778955,0.73962754,0.27338144,Data Security|Third-Party Sharing
1419_miaminewtimes.com,25,Third-Party Sharing,1,0.37586176,0.25745404,0.24490942,0.36192808,0.3652942,0.59646887,0.3727896,Third-Party Sharing
1419_miaminewtimes.com,26,Data Collection|Third-Party Sharing,1,0.5359569,0.3015647,0.2812738,0.32160145,0.27229986,0.51148385,0.23786907,Data Collection|Third-Party Sharing
1419_miaminewtimes.com,27,Third-Party Sharing,1,0.33710524,0.25673288,0.2906033,0.32498154,0.25767457,0.8511548,0.2429982,Third-Party Sharing
1419_miaminewtimes.com,28,Other/Unclear,1,0.35647863,0.3160966,0.28200147,0.64284307,0.34055907,0.39284936,0.35579136,Other/Unclear
1419_miaminewtimes.com,29,User Control & Deletion,1,0.45798227,0.20120727,0.25973538,0.45660865,0.2086425,0.32700694,0.6479388,User Control & Deletion
1419_miaminewtimes.com,30,Data Collection|Other/Unclear,1,0.37780628,0.26959223,0.3154596,0.7541146,0.36029726,0.3078399,0.30766046,Other/Unclear
1419_miaminewtimes.com,31,Data Security|Other/Unclear,1,0.28949276,0.29837057,0.50325024,0.7531813,0.32710922,0.40064806,0.2765838,Data Security|Other/Unclear
1419_miaminewtimes.com,32,Data Security|Other/Unclear,1,0.44634217,0.29496676,0.62378305,0.33083937,0.3397495,0.33472213,0.33167723,Data Security
1419_miaminewtimes.com,33,User Control & Deletion,1,0.43509498,0.3272361,0.20859444,0.43754846,0.30367973,0.328658,0.70695406,User Control & Deletion
1419_miaminewtimes.com,34,Other/Unclear,1,0.29078636,0.25622106,0.37641868,0.68868566,0.34675232,0.31517205,0.36675245,Other/Unclear
1468_rockstargames.com,0,Other/Unclear|Policy Change,0,0.29223478,0.26544687,0.26581228,0.68929243,0.70448774,0.2716486,0.2549327,Other/Unclear|Policy Change
1468_rockstargames.com,1,Other/Unclear,0,0.51570505,0.24731839,0.45625812,0.5870999,0.3074702,0.42242286,0.2401614,Data Collection|Other/Unclear
1468_rockstargames.com,2,Other/Unclear|Policy Change,0,0.39825812,0.3677665,0.376214,0.7150205,0.3650141,0.35905582,0.3847607,Other/Unclear
1468_rockstargames.com,3,Data Security|Other/Unclear,0,0.2465239,0.2673888,0.6684475,0.81488556,0.2851962,0.31553617,0.30828393,Data Security|Other/Unclear
1468_rockstargames.com,4,Other/Unclear,0,0.41327897,0.32166845,0.44395667,0.77688086,0.31390193,0.37439767,0.2801598,Other/Unclear
1468_rockstargames.com,5,Other/Unclear,0,0.35306332,0.3568507,0.4509919,0.7146221,0.2900918,0.22666359,0.271758,Other/Unclear
1468_rockstargames.com,6,Data Security|Other/Unclear,0,0.32165134,0.22342291,0.51519626,0.6666828,0.35436794,0.39724275,0.23527387,Data Security|Other/Unclear
1468_rockstargames.com,7,Other/Unclear,0,0.28228033,0.27127868,0.5644919,0.7041806,0.26000792,0.30175823,0.2709659,Data Security|Other/Unclear
1468_rockstargames.com,8,Data Collection|Data Security|Other/Unclear|Third-Party Sharing,0,0.3071713,0.27841115,0.5437277,0.72147685,0.28029904,0.6421105,0.2754871,Data Security|Other/Unclear|Third-Party Sharing
1468_rockstargames.com,9,Other/Unclear|Third-Party Sharing,0,0.36017123,0.26888916,0.4028592,0.63815945,0.3159749,0.71801704,0.30429915,Other/Unclear|Third-Party Sharing
1468_rockstargames.com,10,Third-Party Sharing,0,0.45877913,0.33346865,0.44330248,0.38192892,0.23298621,0.7421032,0.3483753,Third-Party Sharing
1468_rockstargames.com,11,Policy Change,0,0.24367009,0.33028755,0.29251868,0.3254667,0.8366995,0.2887519,0.37752306,Policy Change
1468_rockstargames.com,12,Data Collection,0,0.7967597,0.23260495,0.21112363,0.34370416,0.24872188,0.38906488,0.44264984,Data Collection
1468_rockstargames.com,13,Other/Unclear,0,0.580565,0.26054093,0.3171457,0.47876003,0.23776029,0.43492365,0.21940693,Data Collection
1468_rockstargames.com,14,Data Collection,0,0.7571938,0.29722995,0.3290267,0.34365618,0.2827274,0.47318745,0.33559144,Data Collection
1468_rockstargames.com,15,Data Collection,0,0.8262202,0.34834123,0.26383498,0.37951282,0.22477303,0.36109567,0.38096055,Data Collection
1468_rockstargames.com,16,Data Collection,0,0.6266682,0.26950297,0.2466479,0.46218544,0.26473054,0.54830235,0.44085214,Data Collection|Third-Party Sharing
1468_rockstargames.com,17,Data Collection|Data Retention,0,0.561239,0.38234147,0.32316324,0.44455746,0.26357728,0.5111584,0.49397856,Data Collection|Third-Party Sharing
1468_rockstargames.com,18,Data Collection,0,0.6277647,0.31559932,0.32895836,0.44467166,0.29092556,0.53121233,0.5332152,Data Collection|Third-Party Sharing|User Control & Deletion
1468_rockstargames.com,19,Data Collection,0,0.7576426,0.27668348,0.28529125,0.38402674,0.26268667,0.38779244,0.32759377,Data Collection
1468_rockstargames.com,20,Data Collection,0,0.57896924,0.33639753,0.29376695,0.45828637,0.24502829,0.6508964,0.3387699,Data Collection|Third-Party Sharing
1468_rockstargames.com,21,Other/Unclear|Third-Party Sharing,0,0.47622862,0.38072947,0.38202327,0.63434124,0.25462395,0.69368184,0.44937807,Other/Unclear|Third-Party Sharing
1468_rockstargames.com,22,Data Collection|Data Retention|Other/Unclear,0,0.7169184,0.5405896,0.3425935,0.5353666,0.21650691,0.42617664,0.42623642,Data Collection|Data Retention|Other/Unclear
1468_rockstargames.com,23,Other/Unclear|User Control & Deletion,0,0.56736386,0.37895313,0.2987255,0.4542059,0.24228153,0.42645517,0.72770953,Data Collection|User Control & Deletion
1468_rockstargames.com,24,Data Collection|Other/Unclear|Third-Party Sharing,0,0.4092003,0.3481657,0.34777024,0.67275137,0.29368675,0.5313353,0.416749,Other/Unclear|Third-Party Sharing
1468_rockstargames.com,25,Other/Unclear,0,0.3882573,0.27502447,0.37552774,0.6898474,0.26065695,0.32762015,0.2665695,Other/Unclear
1468_rockstargames.com,26,Data Collection|User Control & Deletion,0,0.64749795,0.29609615,0.2847614,0.3726187,0.25942448,0.3866393,0.50965905,Data Collection|User Control & Deletion
1468_rockstargames.com,27,Data Collection,0,0.74406034,0.3094558,0.28881538,0.45869866,0.25784892,0.49213874,0.36377898,Data Collection
1468_rockstargames.com,28,Data Collection|User Control & Deletion,0,0.7374441,0.33790994,0.29394263,0.43765232,0.23582913,0.37404612,0.54639876,Data Collection|User Control & Deletion
1468_rockstargames.com,29,Data Collection,0,0.7874333,0.30279112,0.30896035,0.43730927,0.23527677,0.3883111,0.6117045,Data Collection|User Control & Deletion
1468_rockstargames.com,30,Data Collection,0,0.5286807,0.24641468,0.2969656,0.51403224,0.23964268,0.4841913,0.3468845,Data Collection|Other/Unclear
1468_rockstargames.com,31,Data Collection,0,0.67859066,0.40320316,0.31817293,0.43239984,0.24312642,0.3908851,0.34876505,Data Collection
1468_rockstargames.com,32,Data Collection,0,0.7551258,0.3703286,0.2658282,0.30963296,0.24413581,0.44191888,0.26451224,Data Collection
1468_rockstargames.com,33,Third-Party Sharing,0,0.7915729,0.27282932,0.28614488,0.27898154,0.23284571,0.7247126,0.32363263,Data Collection|Third-Party Sharing
1468_rockstargames.com,34,Third-Party Sharing,0,0.23475094,0.26486018,0.40954727,0.70182675,0.3316802,0.7231577,0.5044213,Other/Unclear|Third-Party Sharing|User Control & Deletion
1468_rockstargames.com,35,User Control & Deletion,0,0.33693975,0.23989822,0.29588526,0.5983602,0.2804413,0.48407805,0.70927393,Other/Unclear|User Control & Deletion
1468_rockstargames.com,36,Data Collection,0,0.76053464,0.38142082,0.3549913,0.33154452,0.25532484,0.36423495,0.2829906,Data Collection
1468_rockstargames.com,37,Data Collection|Other/Unclear|Third-Party Sharing|User Control & Deletion,0,0.5839608,0.28829902,0.3091648,0.56620085,0.25930977,0.44731492,0.36293018,Data Collection|Other/Unclear
1468_rockstargames.com,38,Other/Unclear,0,0.5743185,0.2296569,0.3056873,0.5119248,0.27557522,0.40159136,0.40803295,Data Collection|Other/Unclear
1468_rockstargames.com,39,Other/Unclear|Third-Party Sharing,0,0.66942585,0.34273353,0.30286756,0.46553656,0.26966235,0.60163134,0.3114793,Data Collection|Third-Party Sharing
1468_rockstargames.com,40,Other/Unclear|Third-Party Sharing,0,0.691753,0.29589912,0.24890238,0.46493742,0.24758987,0.45056933,0.38190785,Data Collection
1468_rockstargames.com,41,Data Collection|Other/Unclear,0,0.49002036,0.25744012,0.21739244,0.5548158,0.29313552,0.57542306,0.51656365,Other/Unclear|Third-Party Sharing|User Control & Deletion
1468_rockstargames.com,42,Other/Unclear|Third-Party Sharing,0,0.6174203,0.25757262,0.24993472,0.6195968,0.27588883,0.68768924,0.2987224,Data Collection|Other/Unclear|Third-Party Sharing
1468_rockstargames.com,43,Third-Party Sharing,0,0.36799893,0.30250102,0.4683292,0.48989782,0.2999941,0.68275845,0.34010008,Third-Party Sharing
1468_rockstargames.com,44,Other/Unclear|Third-Party Sharing,0,0.39221346,0.3387204,0.25819656,0.4199162,0.2469107,0.7673215,0.35923788,Third-Party Sharing
1468_rockstargames.com,45,Third-Party Sharing,0,0.25378522,0.27742815,0.32887715,0.23144595,0.2217922,0.8463669,0.22737291,Third-Party Sharing
1468_rockstargames.com,46,Other/Unclear|User Control & Deletion,0,0.51963556,0.3430384,0.28029013,0.53458947,0.2622422,0.4148782,0.564044,Data Collection|Other/Unclear|User Control & Deletion
1468_rockstargames.com,47,User Control & Deletion,0,0.46081007,0.28193122,0.24007648,0.41352418,0.29223397,0.41229624,0.8100635,User Control & Deletion
1468_rockstargames.com,48,Other/Unclear|User Control & Deletion,0,0.45739287,0.3759,0.39171,0.4986353,0.28349835,0.30939457,0.7788678,User Control & Deletion
1468_rockstargames.com,49,Data Collection|User Control & Deletion,0,0.36130336,0.32338095,0.358291,0.6256717,0.27367425,0.65638137,0.676507,Other/Unclear|Third-Party Sharing|User Control & Deletion
1468_rockstargames.com,50,Other/Unclear|User Control & Deletion,0,0.3493491,0.26276413,0.2466659,0.6735494,0.23344594,0.32350254,0.6262982,Other/Unclear|User Control & Deletion
1468_rockstargames.com,51,Data Retention|User Control & Deletion,0,0.41404995,0.7587323,0.32714534,0.50142443,0.26801604,0.36615625,0.6698521,Data Retention|Other/Unclear|User Control & Deletion
1468_rockstargames.com,52,Other/Unclear|User Control & Deletion,0,0.3550071,0.47980767,0.32629043,0.46573848,0.3053681,0.26245686,0.5697397,User Control & Deletion
1468_rockstargames.com,53,Other/Unclear,0,0.20542085,0.26268956,0.47257122,0.7968993,0.27102944,0.40191707,0.31139445,Other/Unclear
1468_rockstargames.com,54,Other/Unclear,0,0.41642693,0.28056002,0.30205002,0.76077163,0.27666086,0.2636839,0.30046728,Other/Unclear
1468_rockstargames.com,55,Data Security,0,0.24368316,0.36584702,0.8442641,0.3902193,0.24422428,0.27742714,0.3033114,Data Security
1468_rockstargames.com,56,Other/Unclear,0,0.26007068,0.20166683,0.2494438,0.77385384,0.27529204,0.16083087,0.4095146,Other/Unclear
1468_rockstargames.com,57,Other/Unclear,0,0.22205043,0.28378,0.32701203,0.7234951,0.25588572,0.45969024,0.42442188,Other/Unclear
1468_rockstargames.com,58,Other/Unclear,0,0.4006423,0.3604535,0.3913661,0.601464,0.24953383,0.47731483,0.35078317,Other/Unclear
1468_rockstargames.com,59,Other/Unclear,0,0.48063698,0.24794884,0.3393532,0.568365,0.35685864,0.53274244,0.36046758,Other/Unclear|Third-Party Sharing
1468_rockstargames.com,60,Other/Unclear,0,0.4345228,0.22554788,0.30206788,0.59288514,0.28374934,0.5591692,0.41403157,Other/Unclear|Third-Party Sharing
1468_rockstargames.com,61,Other/Unclear,0,0.2591024,0.24483636,0.3451331,0.7669179,0.30387095,0.22706053,0.32884318,Other/Unclear
1470_steampowered.com,0,Other/Unclear,0,0.48626634,0.2192151,0.3312207,0.608876,0.35039425,0.3098956,0.32491615,Other/Unclear
1470_steampowered.com,1,Other/Unclear|Policy Change,0,0.22195922,0.2868692,0.2752382,0.6344096,0.6685437,0.23941316,0.32416144,Other/Unclear|Policy Change
1470_steampowered.com,2,Data Collection|Third-Party Sharing,0,0.4968178,0.3294182,0.2558078,0.44839972,0.2788118,0.72880226,0.45567697,Third-Party Sharing
1470_steampowered.com,3,Data Collection|Other/Unclear,0,0.6942798,0.3761275,0.403292,0.37503752,0.2385785,0.4535386,0.36089125,Data Collection
1470_steampowered.com,4,Data Collection|Third-Party Sharing,0,0.65427846,0.34825206,0.4165546,0.38606814,0.23827612,0.56270486,0.30907854,Data Collection|Third-Party Sharing
1470_steampowered.com,5,Data Collection|Third-Party Sharing,0,0.6101824,0.2814677,0.24815412,0.40702116,0.2620465,0.66249317,0.6776449,Data Collection|Third-Party Sharing|User Control & Deletion
1470_steampowered.com,6,Data Collection|Other/Unclear|Third-Party Sharing,0,0.4842642,0.44349155,0.31641686,0.5019285,0.2602046,0.56485224,0.4646301,Other/Unclear|Third-Party Sharing
1470_steampowered.com,7,Other/Unclear|Third-Party Sharing,0,0.36754665,0.25806147,0.3101637,0.73452795,0.22669557,0.58344245,0.33137092,Other/Unclear|Third-Party Sharing
1470_steampowered.com,8,Third-Party Sharing,0,0.4231378,0.31446478,0.29129225,0.32399562,0.26038426,0.84303516,0.33035064,Third-Party Sharing
1470_steampowered.com,9,Other/Unclear,0,0.44148698,0.24703526,0.25651073,0.78217787,0.24120496,0.29005513,0.3666079,Other/Unclear
1470_steampowered.com,10,Data Collection|Third-Party Sharing,0,0.7338236,0.39874122,0.28956684,0.3632497,0.24234098,0.55015033,0.39364484,Data Collection|Third-Party Sharing
1470_steampowered.com,11,User Control & Deletion,0,0.4105266,0.24094632,0.28708124,0.5062642,0.27478695,0.3957362,0.6351591,Other/Unclear|User Control & Deletion
1470_steampowered.com,12,Data Collection|Other/Unclear,0,0.5731418,0.33566445,0.38166073,0.4816659,0.26004454,0.5569885,0.33913296,Data Collection|Third-Party Sharing
1470_steampowered.com,13,Data Collection|Other/Unclear,0,0.66344935,0.40758753,0.33682853,0.5120916,0.24541166,0.53918123,0.39324662,Data Collection|Other/Unclear|Third-Party Sharing
1470_steampowered.com,14,Other/Unclear|Third-Party Sharing,0,0.45137745,0.4088479,0.3803469,0.6104187,0.23843996,0.670077,0.33627656,Other/Unclear|Third-Party Sharing
1470_steampowered.com,15,User Control & Deletion,0,0.37711495,0.30119255,0.24014893,0.45120108,0.2781081,0.39399794,0.7036538,User Control & Deletion
1470_steampowered.com,16,Data Security|Other/Unclear,0,0.35726926,0.30066657,0.62227404,0.64781296,0.23276877,0.39246207,0.39427578,Data Security|Other/Unclear
1470_steampowered.com,17,User Control & Deletion,0,0.38889554,0.35042962,0.30792457,0.5976836,0.31632534,0.30448288,0.7122678,Other/Unclear|User Control & Deletion
1470_steampowered.com,18,Other/Unclear,0,0.16258293,0.20434947,0.23365386,0.8058863,0.29754606,0.2759157,0.33834943,Other/Unclear
1470_steampowered.com,19,Other/Unclear|Policy Change,0,0.33491915,0.25691515,0.2707928,0.6071996,0.48077917,0.2970219,0.29270104,Other/Unclear
1498_ticketmaster.com,0,Other/Unclear|Policy Change,1,0.20767106,0.22120766,0.29450923,0.769595,0.65805686,0.21142358,0.2764965,Other/Unclear|Policy Change
1498_ticketmaster.com,1,Other/Unclear,1,0.41031566,0.2485601,0.32080257,0.6883997,0.33318678,0.3109988,0.31514773,Other/Unclear
1498_ticketmaster.com,2,Data Collection,1,0.73769075,0.26877853,0.24732406,0.41033885,0.2655813,0.43077683,0.2935138,Data Collection
1498_ticketmaster.com,3,Data Collection,1,0.66368693,0.29012716,0.41455045,0.30991915,0.23343967,0.41249266,0.25346363,Data Collection
1498_ticketmaster.com,4,Data Collection,1,0.5013011,0.3348574,0.27148828,0.47884107,0.29621822,0.6230682,0.2905445,Data Collection|Third-Party Sharing
1498_ticketmaster.com,5,Data Collection,1,0.6691581,0.25645843,0.2251449,0.28200686,0.25290695,0.46101055,0.2886111,Data Collection
1498_ticketmaster.com,6,Data Collection,1,0.6989523,0.25738618,0.30957696,0.37256217,0.27530313,0.34809098,0.37591508,Data Collection
1498_ticketmaster.com,7,Data Collection,1,0.6352259,0.3036266,0.25009075,0.5109122,0.28901595,0.35046324,0.35636464,Data Collection|Other/Unclear
1498_ticketmaster.com,8,Data Collection,1,0.6406795,0.2417392,0.24163674,0.5230324,0.29214808,0.44721356,0.42361006,Data Collection|Other/Unclear
1498_ticketmaster.com,9,Data Collection,1,0.6293576,0.3874516,0.26715606,0.43817165,0.27224347,0.5989222,0.31151313,Data Collection|Third-Party Sharing
1498_ticketmaster.com,10,Data Collection,1,0.701998,0.3718764,0.27405798,0.36483696,0.257158,0.39918077,0.3251753,Data Collection
1498_ticketmaster.com,11,Data Collection,1,0.72624224,0.30120173,0.2534918,0.3003779,0.29474533,0.30928078,0.3001041,Data Collection
1498_ticketmaster.com,12,Data Collection,1,0.6780483,0.27511957,0.31038985,0.3782894,0.27397874,0.44356897,0.2499154,Data Collection
1498_ticketmaster.com,13,Data Collection|Data Security,1,0.56518036,0.26908556,0.5120341,0.33938593,0.25053045,0.44331762,0.20282869,Data Collection|Data Security
1498_ticketmaster.com,14,Data Collection,1,0.71326697,0.25784352,0.25365475,0.31225654,0.33053732,0.4083807,0.47706094,Data Collection
1498_ticketmaster.com,15,Data Collection,1,0.65096164,0.2963169,0.2528784,0.3970972,0.39476573,0.35169062,0.3617557,Data Collection
1498_ticketmaster.com,16,Data Collection,1,0.55834365,0.29941022,0.30317163,0.3036907,0.24795386,0.43022934,0.32122374,Data Collection
1498_ticketmaster.com,17,Third-Party Sharing,1,0.22612144,0.25243753,0.27248552,0.42628568,0.25580037,0.7960157,0.27500206,Third-Party Sharing
1498_ticketmaster.com,18,Third-Party Sharing,1,0.30266857,0.29198915,0.3908714,0.39016667,0.2519215,0.7432195,0.26078883,Third-Party Sharing
1498_ticketmaster.com,19,Third-Party Sharing,1,0.3403084,0.30445647,0.28916842,0.54098594,0.3102768,0.7408065,0.35599792,Other/Unclear|Third-Party Sharing
1498_ticketmaster.com,20,Third-Party Sharing,1,0.42933235,0.30667654,0.311962,0.30823165,0.2756559,0.73188156,0.28177813,Third-Party Sharing
1498_ticketmaster.com,21,Third-Party Sharing,1,0.2907617,0.30510348,0.31648415,0.36200234,0.2777495,0.7235166,0.26812986,Third-Party Sharing
1498_ticketmaster.com,22,Third-Party Sharing,1,0.31299978,0.3168322,0.29602736,0.4545807,0.33180752,0.6269463,0.35446554,Third-Party Sharing
1498_ticketmaster.com,23,User Control & Deletion,1,0.44876885,0.31143713,0.23560604,0.47567123,0.29092163,0.27855584,0.8146416,User Control & Deletion
1498_ticketmaster.com,24,Data Retention|User Control & Deletion,1,0.36497223,0.4064083,0.3202986,0.5084926,0.3742213,0.28339714,0.7095553,Other/Unclear|User Control & Deletion
1498_ticketmaster.com,25,User Control & Deletion,1,0.42858016,0.24355869,0.26524994,0.56894463,0.29381952,0.4426874,0.5745616,Other/Unclear|User Control & Deletion
1498_ticketmaster.com,26,User Control & Deletion,1,0.34471202,0.24342729,0.2613378,0.5056326,0.2485667,0.27211013,0.6107548,Other/Unclear|User Control & Deletion
1498_ticketmaster.com,27,Other/Unclear,1,0.30102956,0.2826951,0.28994605,0.65575534,0.25979146,0.44068244,0.6184506,Other/Unclear|User Control & Deletion
1498_ticketmaster.com,28,Other/Unclear,1,0.37586066,0.30179882,0.32529867,0.6796012,0.25382087,0.27849403,0.6146025,Other/Unclear|User Control & Deletion
1498_ticketmaster.com,29,Other/Unclear,1,0.3663462,0.2926457,0.2168945,0.7699476,0.25694296,0.23268804,0.5081503,Other/Unclear|User Control & Deletion
1498_ticketmaster.com,30,Other/Unclear,1,0.42157972,0.244598,0.2810652,0.6613969,0.29605055,0.38143814,0.39932954,Other/Unclear
1498_ticketmaster.com,31,Data Security,1,0.33554813,0.33374038,0.66109157,0.4610228,0.27836803,0.31742686,0.31037658,Data Security
1498_ticketmaster.com,32,Data Security|Other/Unclear,1,0.38689074,0.28879142,0.46927267,0.58673507,0.24646382,0.3526764,0.24088654,Other/Unclear
1498_ticketmaster.com,33,Data Security|Other/Unclear,1,0.3295834,0.29090175,0.5288257,0.6719816,0.3331242,0.29763266,0.2737231,Data Security|Other/Unclear
1498_ticketmaster.com,34,Data Retention,1,0.44009206,0.5080124,0.3546027,0.3062504,0.25477847,0.5169181,0.33667687,Data Retention|Third-Party Sharing
1498_ticketmaster.com,35,Data Security|Other/Unclear,1,0.3399932,0.36200482,0.27395993,0.68792737,0.27660075,0.38694215,0.3130918,Other/Unclear
1498_ticketmaster.com,36,Other/Unclear,1,0.28608224,0.2495204,0.53224134,0.7280156,0.28081784,0.28693563,0.32376188,Data Security|Other/Unclear
1498_ticketmaster.com,37,Other/Unclear|Third-Party Sharing,1,0.2253231,0.2400581,0.2957921,0.8428439,0.2868832,0.52118945,0.2697328,Other/Unclear|Third-Party Sharing
1498_ticketmaster.com,38,Other/Unclear,1,0.21191438,0.24485642,0.35146892,0.8202516,0.23425949,0.3135599,0.51396924,Other/Unclear|User Control & Deletion
1498_ticketmaster.com,39,Policy Change,1,0.31993198,0.31734183,0.33368203,0.39910242,0.74233973,0.32430544,0.313734,Policy Change
1539_geocaching.com,0,Other/Unclear|Policy Change,2,0.22985053,0.23520318,0.26228815,0.7999889,0.6773431,0.23198844,0.22295476,Other/Unclear|Policy Change
1539_geocaching.com,1,Data Security|Other/Unclear,2,0.35227644,0.22602198,0.33217597,0.6941247,0.31155777,0.34585044,0.30271766,Other/Unclear
1539_geocaching.com,2,Other/Unclear,2,0.48147094,0.30800715,0.27916026,0.7319599,0.25386885,0.24048,0.56211793,Other/Unclear|User Control & Deletion
1539_geocaching.com,3,Other/Unclear|Policy Change,2,0.2736501,0.23744845,0.3756923,0.70283836,0.44702566,0.3302137,0.55481535,Other/Unclear|User Control & Deletion
1539_geocaching.com,4,Data Collection,2,0.77378523,0.42746556,0.29760784,0.29093,0.22292772,0.5374497,0.4087227,Data Collection|Third-Party Sharing
1539_geocaching.com,5,Data Collection,2,0.7441476,0.3537277,0.22887379,0.34113866,0.27093187,0.31623846,0.4334634,Data Collection
1539_geocaching.com,6,Data Collection,2,0.63350946,0.30242553,0.30707735,0.45886427,0.2883901,0.441733,0.37027904,Data Collection
1539_geocaching.com,7,Data Collection,2,0.6687527,0.30892557,0.37124035,0.44653937,0.34575483,0.53278446,0.35235903,Data Collection|Third-Party Sharing
1539_geocaching.com,8,Third-Party Sharing,2,0.5514726,0.38565573,0.3000986,0.44883963,0.23187733,0.8355284,0.38699788,Data Collection|Third-Party Sharing
1539_geocaching.com,9,Other/Unclear|Third-Party Sharing,2,0.5937946,0.31812972,0.2917269,0.37545314,0.30498284,0.7196271,0.37163904,Data Collection|Third-Party Sharing
1539_geocaching.com,10,Data Security|Third-Party Sharing,2,0.26118943,0.28126165,0.7501896,0.29537562,0.31886628,0.80760247,0.20429839,Data Security|Third-Party Sharing
1539_geocaching.com,11,Third-Party Sharing,2,0.43142936,0.2960302,0.25261977,0.27132505,0.24544145,0.7991316,0.27330723,Third-Party Sharing
1539_geocaching.com,12,Other/Unclear|Third-Party Sharing,2,0.41490492,0.32521507,0.37095797,0.5137858,0.42438528,0.5471755,0.43083748,Other/Unclear|Third-Party Sharing
1539_geocaching.com,13,Data Security|Other/Unclear,2,0.20528933,0.3084063,0.8713732,0.36876678,0.27047676,0.38138387,0.31762254,Data Security
1539_geocaching.com,14,Other/Unclear|User Control & Deletion,2,0.34175587,0.3622549,0.24482992,0.40955383,0.3203403,0.26866978,0.8930265,User Control & Deletion
1539_geocaching.com,15,Data Collection,2,0.7667506,0.29351714,0.29232448,0.45455417,0.2463863,0.35825884,0.43780595,Data Collection
1539_geocaching.com,16,Data Collection,2,0.6636758,0.35062456,0.33103815,0.39100683,0.28392485,0.25862226,0.28816593,Data Collection
1539_geocaching.com,17,Data Collection|Third-Party Sharing,2,0.6581654,0.3405591,0.33893147,0.46694273,0.23535267,0.49877575,0.33397338,Data Collection
1539_geocaching.com,18,Third-Party Sharing,2,0.57567316,0.25059593,0.28202063,0.44265997,0.26259923,0.70342743,0.2846194,Data Collection|Third-Party Sharing
1539_geocaching.com,19,User Control & Deletion,2,0.47443432,0.44460294,0.26669762,0.4588143,0.30278996,0.39689308,0.74110556,User Control & Deletion
1539_geocaching.com,20,Other/Unclear|Policy Change|Third-Party Sharing,2,0.23640281,0.19730142,0.30695173,0.6092767,0.38692927,0.6678817,0.5336052,Other/Unclear|Third-Party Sharing|User Control & Deletion
1539_geocaching.com,21,Other/Unclear|User Control & Deletion,2,0.30786604,0.45656514,0.34879902,0.65515435,0.29955405,0.26671815,0.6073331,Other/Unclear|User Control & Deletion
1539_geocaching.com,22,Other/Unclear,2,0.45808372,0.3668806,0.31571907,0.7417277,0.3273062,0.25525013,0.52047884,Other/Unclear|User Control & Deletion
1539_geocaching.com,23,Other/Unclear,2,0.25272667,0.31999382,0.33791974,0.73588336,0.2487965,0.34667778,0.4908383,Other/Unclear
1539_geocaching.com,24,Other/Unclear,2,0.28388038,0.359235,0.47211513,0.66214514,0.37892288,0.33007488,0.30892223,Other/Unclear
1539_geocaching.com,25,Other/Unclear|Third-Party Sharing,2,0.47030887,0.24499156,0.27067745,0.6321847,0.27770907,0.37701514,0.26795924,Other/Unclear
1539_geocaching.com,26,Policy Change,2,0.24985066,0.24480675,0.30535495,0.4767446,0.8350227,0.23974334,0.33787942,Policy Change
1582_msn.com,0,Other/Unclear|Policy Change,4,0.28585258,0.26183924,0.2710216,0.720601,0.7422519,0.26649615,0.25025597,Other/Unclear|Policy Change
1582_msn.com,1,Other/Unclear,4,0.26209643,0.19991352,0.3614843,0.81832695,0.37684944,0.2699871,0.28852594,Other/Unclear
1582_msn.com,2,Data Collection,4,0.6604664,0.28021994,0.29337576,0.4181193,0.26917914,0.39020756,0.48539853,Data Collection
1582_msn.com,3,Data Collection|Third-Party Sharing,4,0.5804558,0.25323737,0.33946958,0.3830946,0.2504468,0.5429645,0.28308892,Data Collection|Third-Party Sharing
1582_msn.com,4,Data Collection,4,0.7672546,0.2797568,0.32003254,0.3794324,0.26700875,0.34120902,0.2656554,Data Collection
1582_msn.com,5,Data Collection,4,0.6610458,0.24876827,0.25532535,0.41208154,0.29927737,0.28531823,0.31945738,Data Collection
1582_msn.com,6,Data Collection|Data Retention|Data Security,4,0.67513144,0.4887928,0.33576074,0.4366957,0.24954207,0.36678094,0.33830968,Data Collection
1582_msn.com,7,Data Collection|Third-Party Sharing,4,0.59864384,0.27389264,0.31328538,0.32725152,0.26950628,0.42686197,0.3443585,Data Collection
1582_msn.com,8,Data Collection,4,0.7162005,0.25071612,0.35289317,0.29278377,0.33268175,0.2588292,0.21722968,Data Collection
1582_msn.com,9,Data Collection|Other/Unclear,4,0.7382896,0.35516798,0.4010353,0.20457397,0.26725864,0.45584467,0.27463934,Data Collection
1582_msn.com,10,Data Collection|Third-Party Sharing,4,0.5990455,0.3532454,0.28643945,0.38795868,0.3104976,0.49173173,0.3720984,Data Collection
1582_msn.com,11,Third-Party Sharing,4,0.36482027,0.23333728,0.49473608,0.2066473,0.20583594,0.76168954,0.26423165,Third-Party Sharing
1582_msn.com,12,Third-Party Sharing,4,0.4690997,0.29022023,0.28722256,0.3705651,0.25551733,0.55828625,0.3627138,Third-Party Sharing
1582_msn.com,13,Data Collection|Other/Unclear|Third-Party Sharing|User Control & Deletion,4,0.5066467,0.3824832,0.28631175,0.5471389,0.28499326,0.4105295,0.66532177,Data Collection|Other/Unclear|User Control & Deletion
1582_msn.com,14,Data Collection|User Control & Deletion,4,0.6276884,0.2663208,0.29446936,0.34869665,0.27303618,0.2968027,0.5870625,Data Collection|User Control & Deletion
1582_msn.com,15,Data Collection|Data Retention|User Control & Deletion,4,0.5935466,0.36572358,0.28196195,0.46336672,0.2864678,0.32596543,0.53902686,Data Collection|User Control & Deletion
1582_msn.com,16,Other/Unclear|Third-Party Sharing,4,0.52986133,0.31178096,0.4181356,0.47561246,0.267196,0.43443346,0.34763205,Data Collection
1582_msn.com,17,Data Collection|Data Security,4,0.5811113,0.35961047,0.3826021,0.36918777,0.3212368,0.44825023,0.38380668,Data Collection
1582_msn.com,18,Data Collection|Other/Unclear|Third-Party Sharing,4,0.6344896,0.28877243,0.3429517,0.34697667,0.2743462,0.38202816,0.37138653,Data Collection
1582_msn.com,19,Data Collection,4,0.6790037,0.2608353,0.30388835,0.34958696,0.31102368,0.3954836,0.40308493,Data Collection
1582_msn.com,20,Data Collection|Third-Party Sharing,4,0.6030082,0.32827404,0.31744844,0.4305611,0.2752629,0.4527094,0.4985131,Data Collection
1582_msn.com,21,Other/Unclear,4,0.4104131,0.28939164,0.29821312,0.72540003,0.3656828,0.27540615,0.41370094,Other/Unclear
1582_msn.com,22,Other/Unclear,4,0.465349,0.45340082,0.30556208,0.5912904,0.28269774,0.39360252,0.36898598,Other/Unclear
1582_msn.com,23,Other/Unclear,4,0.28922006,0.25893313,0.25155604,0.643836,0.38312092,0.31944337,0.5595577,Other/Unclear|User Control & Deletion
1582_msn.com,24,Data Collection,4,0.6875386,0.30413225,0.3089122,0.36529577,0.33692825,0.5020357,0.40840805,Data Collection|Third-Party Sharing
1582_msn.com,25,Other/Unclear|User Control & Deletion,4,0.31856173,0.21772842,0.28978518,0.6591693,0.26142266,0.2822687,0.6929884,Other/Unclear|User Control & Deletion
1582_msn.com,26,User Control & Deletion,4,0.458707,0.26000553,0.26762986,0.4470829,0.28324142,0.2742666,0.69861305,User Control & Deletion
1582_msn.com,27,Other/Unclear,4,0.58540046,0.42804918,0.41244736,0.5090796,0.23709027,0.4563508,0.33102563,Data Collection|Other/Unclear
1582_msn.com,28,Data Collection|Third-Party Sharing,4,0.68160856,0.40598607,0.45630634,0.28028136,0.24519503,0.38220367,0.39956468,Data Collection
1582_msn.com,29,Data Collection|User Control & Deletion,4,0.5221394,0.30127424,0.2456271,0.4577097,0.24170285,0.3274809,0.7007821,Data Collection|User Control & Deletion
1582_msn.com,30,Other/Unclear|User Control & Deletion,4,0.47555125,0.2524249,0.25919166,0.6811754,0.2955262,0.29404092,0.42571467,Other/Unclear
1582_msn.com,31,Other/Unclear,4,0.38196582,0.29798245,0.45531246,0.46257153,0.43578708,0.22320029,0.24497226,
1610_post-gazette.com,0,Other/Unclear|Policy Change,1,0.28522623,0.26011607,0.28030545,0.6957747,0.7183683,0.26798403,0.26507178,Other/Unclear|Policy Change
1610_post-gazette.com,1,Data Collection|Data Security|Other/Unclear,1,0.45721936,0.29285303,0.42885363,0.70027375,0.44012344,0.2764449,0.265917,Other/Unclear
1610_post-gazette.com,2,Policy Change|User Control & Deletion,1,0.3707352,0.31452796,0.2609254,0.44446847,0.7740526,0.30563375,0.4365109,Policy Change
1610_post-gazette.com,3,Data Collection,1,0.70253915,0.27302265,0.29605904,0.45581135,0.24231924,0.3743275,0.300169,Data Collection
1610_post-gazette.com,4,Data Collection,1,0.5648998,0.31989297,0.34582704,0.43678838,0.22944099,0.39139217,0.39256933,Data Collection
1610_post-gazette.com,5,Data Collection,1,0.631621,0.41003478,0.26139536,0.47927865,0.26871145,0.43110362,0.3607669,Data Collection
1610_post-gazette.com,6,Data Collection|Other/Unclear|User Control & Deletion,1,0.5201793,0.2750576,0.36488456,0.5212785,0.33638635,0.42184398,0.47999492,Data Collection|Other/Unclear
1610_post-gazette.com,7,Data Collection|Other/Unclear|User Control & Deletion,1,0.5763534,0.3054822,0.28062356,0.38777938,0.25055334,0.42089936,0.5141327,Data Collection|User Control & Deletion
1610_post-gazette.com,8,Data Collection,1,0.7251828,0.31298193,0.22584257,0.29611623,0.2333232,0.3782983,0.2691351,Data Collection
1610_post-gazette.com,9,Data Collection|Other/Unclear,1,0.7151203,0.27781463,0.2563028,0.50763613,0.3160063,0.28618976,0.33386943,Data Collection|Other/Unclear
1610_post-gazette.com,10,Data Collection|Data Security|Third-Party Sharing,1,0.46683484,0.34860158,0.53040373,0.40547127,0.28319663,0.6290039,0.3251233,Data Security|Third-Party Sharing
1610_post-gazette.com,11,Data Collection,1,0.80719185,0.38611817,0.22445846,0.46264008,0.28042454,0.30949563,0.2955468,Data Collection
1610_post-gazette.com,12,Data Collection|Third-Party Sharing,1,0.6495601,0.28790757,0.36889422,0.6601776,0.22455882,0.58361363,0.40124977,Data Collection|Other/Unclear|Third-Party Sharing
1610_post-gazette.com,13,Data Collection|Third-Party Sharing,1,0.6832603,0.3064048,0.26790842,0.36625943,0.28229037,0.744447,0.2660421,Data Collection|Third-Party Sharing
1610_post-gazette.com,14,Data Collection|Third-Party Sharing,1,0.55719775,0.3219792,0.24305657,0.3029582,0.22678652,0.6435867,0.30555534,Data Collection|Third-Party Sharing
1610_post-gazette.com,15,Data Collection|Data Security|Third-Party Sharing,1,0.43090588,0.34647596,0.47834647,0.37565908,0.23256435,0.7219334,0.3112442,Third-Party Sharing
1610_post-gazette.com,16,Data Collection|Third-Party Sharing,1,0.4645857,0.29181382,0.29094064,0.35874322,0.25207093,0.5372986,0.25541472,Third-Party Sharing
1610_post-gazette.com,17,Data Collection|Third-Party Sharing|User Control & Deletion,1,0.32021865,0.24021545,0.29251343,0.46685138,0.26414216,0.5185102,0.6905393,Third-Party Sharing|User Control & Deletion
1610_post-gazette.com,18,Other/Unclear|User Control & Deletion,1,0.32296795,0.30537504,0.33394974,0.5600739,0.24880354,0.2953364,0.67687094,Other/Unclear|User Control & Deletion
1610_post-gazette.com,19,Data Collection|Other/Unclear,1,0.80313164,0.3379078,0.28256303,0.47923604,0.27485853,0.3703756,0.3026703,Data Collection
1610_post-gazette.com,20,Other/Unclear|Third-Party Sharing,1,0.34111112,0.25903317,0.26464874,0.60885674,0.27830657,0.58491915,0.5092588,Other/Unclear|Third-Party Sharing|User Control & Deletion
1610_post-gazette.com,21,User Control & Deletion,1,0.37378857,0.25939804,0.32340437,0.43958607,0.2766474,0.39244682,0.7828397,User Control & Deletion
1610_post-gazette.com,22,Data Security,1,0.29379737,0.2777671,0.8088193,0.46389505,0.24638349,0.2835792,0.22052561,Data Security
1610_post-gazette.com,23,Data Security|Other/Unclear,1,0.2945263,0.289339,0.43900076,0.7005213,0.25865957,0.50723606,0.23267552,Other/Unclear|Third-Party Sharing
1610_post-gazette.com,24,Data Collection|Other/Unclear,1,0.60765016,0.29901224,0.43569866,0.61513805,0.2664014,0.33020034,0.286227,Data Collection|Other/Unclear
1610_post-gazette.com,25,Other/Unclear,1,0.40909147,0.30940852,0.29959172,0.6548506,0.34647426,0.38159788,0.32395548,Other/Unclear
1610_post-gazette.com,26,Other/Unclear|User Control & Deletion,1,0.43481547,0.25421414,0.33575147,0.68744665,0.3266556,0.32554388,0.3822158,Other/Unclear
1610_post-gazette.com,27,Other/Unclear,1,0.48378897,0.33196732,0.36538395,0.6602187,0.28803194,0.34049898,0.41146383,Other/Unclear
1618_sltrib.com,0,Other/Unclear,0,0.4155255,0.2816212,0.3160987,0.7238552,0.29296076,0.33401603,0.26877922,Other/Unclear
1618_sltrib.com,1,Policy Change,0,0.2855635,0.2757093,0.2517159,0.3648399,0.8076282,0.22109762,0.28366244,Policy Change
1618_sltrib.com,2,Data Collection,0,0.8063859,0.26575708,0.2696896,0.30143887,0.23451589,0.35229436,0.28615955,Data Collection
1618_sltrib.com,3,Data Collection|User Control & Deletion,0,0.6750283,0.30462575,0.30831072,0.30671942,0.29322758,0.30848217,0.6920875,Data Collection|User Control & Deletion
1618_sltrib.com,4,Data Collection,0,0.74531966,0.2925419,0.32968864,0.27118164,0.243701,0.42219278,0.300978,Data Collection
1618_sltrib.com,5,Data Collection,0,0.70726186,0.3015616,0.22656506,0.4059869,0.27268884,0.26663664,0.3206206,Data Collection
1618_sltrib.com,6,Data Collection,0,0.66929245,0.29270434,0.27276963,0.5091177,0.28278396,0.5418184,0.36824414,Data Collection|Other/Unclear|Third-Party Sharing
1618_sltrib.com,7,Data Collection|Third-Party Sharing,0,0.70336974,0.3802152,0.36619145,0.39707524,0.2483787,0.48921287,0.3128955,Data Collection
1618_sltrib.com,8,Third-Party Sharing,0,0.44523543,0.27424836,0.37919357,0.6218664,0.28176948,0.66448534,0.38467297,Other/Unclear|Third-Party Sharing
1618_sltrib.com,9,Data Collection|Data Retention|Other/Unclear,0,0.6315658,0.70983785,0.29128104,0.332633,0.2728175,0.34000605,0.27483937,Data Collection|Data Retention
1618_sltrib.com,10,Data Collection|Third-Party Sharing,0,0.56404704,0.32883272,0.30993,0.2705452,0.27709717,0.7033501,0.24389614,Data Collection|Third-Party Sharing
1618_sltrib.com,11,Data Collection,0,0.7052291,0.28365225,0.33945674,0.34507567,0.28232235,0.3028667,0.32020184,Data Collection
1618_sltrib.com,12,Data Collection|Other/Unclear|Third-Party Sharing|User Control & Deletion,0,0.67879325,0.25031447,0.2589693,0.61177886,0.25712782,0.64549106,0.40843546,Data Collection|Other/Unclear|Third-Party Sharing
1618_sltrib.com,13,Data Collection,0,0.7743777,0.29196796,0.2837716,0.31292292,0.23073575,0.26421735,0.24632515,Data Collection
1618_sltrib.com,14,Data Collection|Other/Unclear|Third-Party Sharing|User Control & Deletion,0,0.6775115,0.2643351,0.27173594,0.36535513,0.26581818,0.7046348,0.37227547,Data Collection|Third-Party Sharing
1618_sltrib.com,15,Data Collection|Other/Unclear,0,0.7203126,0.31017512,0.26978767,0.31542432,0.2618052,0.35694197,0.2914732,Data Collection
1618_sltrib.com,16,Data Collection|Third-Party Sharing,0,0.69163287,0.22582704,0.2670453,0.3371026,0.26472175,0.6909516,0.23395208,Data Collection|Third-Party Sharing
1618_sltrib.com,17,Other/Unclear|Third-Party Sharing|User Control & Deletion,0,0.67421687,0.22860174,0.31375977,0.36239547,0.278745,0.7433967,0.26844743,Data Collection|Third-Party Sharing
1618_sltrib.com,18,Other/Unclear|Third-Party Sharing|User Control & Deletion,0,0.64178824,0.22927278,0.26254562,0.44906637,0.2858932,0.5448346,0.3601423,Data Collection|Third-Party Sharing
1618_sltrib.com,19,Data Collection,0,0.7125886,0.27277884,0.27555114,0.2832175,0.29342917,0.58774996,0.35779017,Data Collection|Third-Party Sharing
1618_sltrib.com,20,Other/Unclear|Third-Party Sharing,0,0.426279,0.2749852,0.2957303,0.5814744,0.3153515,0.56082845,0.33653936,Other/Unclear|Third-Party Sharing
1618_sltrib.com,21,Third-Party Sharing,0,0.5261233,0.23521066,0.2751913,0.33434883,0.25969458,0.59063214,0.29185662,Data Collection|Third-Party Sharing
1618_sltrib.com,22,User Control & Deletion,0,0.5154164,0.30075324,0.26840848,0.5150795,0.2445821,0.31535417,0.6855112,Data Collection|Other/Unclear|User Control & Deletion
1618_sltrib.com,23,Other/Unclear|User Control & Deletion,0,0.52415586,0.25634548,0.27493584,0.6314349,0.2699342,0.4655451,0.5909234,Data Collection|Other/Unclear|User Control & Deletion
1618_sltrib.com,24,Other/Unclear|User Control & Deletion,0,0.25723287,0.27359775,0.24523026,0.6676066,0.28608605,0.5657305,0.77486694,Other/Unclear|Third-Party Sharing|User Control & Deletion
1618_sltrib.com,25,Other/Unclear,0,0.36454016,0.29687688,0.22414032,0.5680115,0.27230987,0.53756833,0.66646683,Other/Unclear|Third-Party Sharing|User Control & Deletion
1618_sltrib.com,26,Other/Unclear|User Control & Deletion,0,0.3194284,0.27039546,0.21885994,0.7099855,0.32004842,0.338095,0.742661,Other/Unclear|User Control & Deletion
1618_sltrib.com,27,Other/Unclear,0,0.3856816,0.27722326,0.22511889,0.52321655,0.25846702,0.36274543,0.724278,Other/Unclear|User Control & Deletion
1618_sltrib.com,28,Other/Unclear,0,0.44599906,0.29761127,0.22646005,0.6035397,0.43740448,0.3481635,0.48521444,Other/Unclear
1618_sltrib.com,29,Other/Unclear|User Control & Deletion,0,0.33815807,0.29908788,0.24268988,0.6486236,0.31174824,0.28524962,0.6751998,Other/Unclear|User Control & Deletion
1618_sltrib.com,30,Data Security,0,0.34594217,0.31928042,0.71662205,0.34354678,0.28646544,0.29730737,0.23351258,Data Security
1618_sltrib.com,31,Other/Unclear,0,0.22614482,0.26588467,0.27615356,0.77800125,0.27660775,0.33726403,0.3678992,Other/Unclear
1618_sltrib.com,32,Other/Unclear,0,0.50504875,0.33693725,0.21933286,0.5739075,0.23289059,0.3488286,0.3728477,Data Collection|Other/Unclear
1618_sltrib.com,33,Other/Unclear,0,0.23654939,0.25289237,0.2828118,0.8004466,0.41267863,0.3169449,0.3257615,Other/Unclear
1618_sltrib.com,34,Other/Unclear,0,0.5373006,0.2407568,0.23244247,0.7729291,0.27039587,0.2933103,0.1986593,Data Collection|Other/Unclear
1618_sltrib.com,35,Data Collection|Other/Unclear,0,0.7287573,0.3227126,0.32046813,0.64962745,0.28019282,0.422983,0.3107416,Data Collection|Other/Unclear
1618_sltrib.com,36,Data Collection|Data Retention|Data Security|Other/Unclear|Third-Party Sharing,0,0.6833297,0.7209335,0.68722534,0.6429247,0.3051033,0.49613696,0.35394198,Data Collection|Data Retention|Data Security|Other/Unclear
1618_sltrib.com,37,Other/Unclear|Third-Party Sharing|User Control & Deletion,0,0.39518958,0.415427,0.41173318,0.55471563,0.25711262,0.766151,0.38507774,Other/Unclear|Third-Party Sharing
1618_sltrib.com,38,Other/Unclear|Third-Party Sharing,0,0.3957847,0.2669582,0.2842102,0.64435273,0.34504434,0.32673532,0.4852312,Other/Unclear
1618_sltrib.com,39,Other/Unclear|User Control & Deletion,0,0.48802644,0.3777097,0.30513686,0.5920376,0.25015292,0.27290094,0.4609078,Other/Unclear
1618_sltrib.com,40,Other/Unclear|User Control & Deletion,0,0.3568309,0.2580927,0.31558704,0.48444554,0.2750125,0.33031794,0.46737394,
1618_sltrib.com,41,Other/Unclear|User Control & Deletion,0,0.3369115,0.41967416,0.29413518,0.4584295,0.24721034,0.36741218,0.5285894,User Control & Deletion
1618_sltrib.com,42,Other/Unclear|User Control & Deletion,0,0.4008337,0.35344407,0.26664013,0.62123454,0.22570734,0.2706664,0.57159305,Other/Unclear|User Control & Deletion
1618_sltrib.com,43,Other/Unclear,0,0.35300714,0.34671637,0.39158306,0.65913177,0.23729265,0.30425507,0.31131443,Other/Unclear
1618_sltrib.com,44,Other/Unclear|Policy Change,0,0.2248507,0.24462073,0.26486263,0.67712533,0.7052212,0.27004066,0.30565682,Other/Unclear|Policy Change
1636_sidearmsports.com,0,Other/Unclear,4,0.17224677,0.23003629,0.26775128,0.8023259,0.32758287,0.24317792,0.22084813,Other/Unclear
1636_sidearmsports.com,1,Other/Unclear,4,0.31420174,0.276616,0.35691988,0.737447,0.42517513,0.30464336,0.23727646,Other/Unclear
1636_sidearmsports.com,2,Other/Unclear,4,0.25627285,0.33708352,0.40901095,0.76147014,0.220745,0.283314,0.20766425,Other/Unclear
1636_sidearmsports.com,3,Data Collection|Third-Party Sharing,4,0.78993255,0.34146252,0.36762798,0.342301,0.20064797,0.56526244,0.21727003,Data Collection|Third-Party Sharing
1636_sidearmsports.com,4,Data Collection,4,0.6617639,0.25173643,0.30477375,0.35348552,0.24523579,0.3187604,0.3543604,Data Collection
1636_sidearmsports.com,5,Data Collection|Data Security|Third-Party Sharing,4,0.7105862,0.3387479,0.39594823,0.33592793,0.20852666,0.737678,0.28087485,Data Collection|Third-Party Sharing
1636_sidearmsports.com,6,Third-Party Sharing|User Control & Deletion,4,0.43695503,0.34662682,0.3241369,0.659879,0.22191815,0.66579497,0.3184677,Other/Unclear|Third-Party Sharing
1636_sidearmsports.com,7,Data Collection|Other/Unclear|Third-Party Sharing,4,0.3532475,0.35862,0.3330489,0.63782114,0.26811922,0.668571,0.30878672,Other/Unclear|Third-Party Sharing
1636_sidearmsports.com,8,Data Collection|Other/Unclear,4,0.42150176,0.32878277,0.29643822,0.69655263,0.26524058,0.55155903,0.3332298,Other/Unclear|Third-Party Sharing
1636_sidearmsports.com,9,Data Collection|Other/Unclear|Third-Party Sharing,4,0.4110696,0.31108147,0.45620665,0.69971466,0.27685642,0.667436,0.37411818,Other/Unclear|Third-Party Sharing
1636_sidearmsports.com,10,Data Collection|Other/Unclear|Third-Party Sharing,4,0.67429024,0.24485096,0.29625437,0.54848605,0.28367835,0.58410156,0.3621274,Data Collection|Other/Unclear|Third-Party Sharing
1636_sidearmsports.com,11,Data Collection|Third-Party Sharing,4,0.721844,0.26423216,0.35554522,0.40998158,0.27644145,0.65980065,0.3259984,Data Collection|Third-Party Sharing
1636_sidearmsports.com,12,Data Collection|Other/Unclear,4,0.648305,0.23938587,0.32849967,0.58423084,0.26466817,0.34241885,0.31468925,Data Collection|Other/Unclear
1636_sidearmsports.com,13,Data Collection,4,0.6964462,0.24964006,0.27968252,0.34225482,0.21008939,0.28041667,0.26926464,Data Collection
1636_sidearmsports.com,14,Data Collection|Other/Unclear,4,0.67141694,0.2930361,0.27724063,0.51551694,0.25375375,0.3557535,0.5757942,Data Collection|Other/Unclear|User Control & Deletion
1636_sidearmsports.com,15,Third-Party Sharing,4,0.46095368,0.25219312,0.30438673,0.43138498,0.23059857,0.6273232,0.26459292,Third-Party Sharing
1636_sidearmsports.com,16,Data Collection|Other/Unclear|Third-Party Sharing,4,0.5467468,0.32136247,0.36452395,0.6150032,0.29419434,0.72585106,0.35669082,Data Collection|Other/Unclear|Third-Party Sharing
1636_sidearmsports.com,17,Data Collection,4,0.7566304,0.3215465,0.25378165,0.37324405,0.24052204,0.28613898,0.3080373,Data Collection
1636_sidearmsports.com,18,Data Collection,4,0.6094902,0.27487984,0.3056719,0.37968484,0.26582634,0.3117362,0.29593208,Data Collection
1636_sidearmsports.com,19,Data Collection|Data Retention,4,0.6794399,0.30405605,0.30634126,0.36507416,0.27674693,0.3071126,0.67542225,Data Collection|User Control & Deletion
1636_sidearmsports.com,20,Data Collection|Other/Unclear,4,0.50789684,0.22628318,0.28350538,0.5774806,0.25815827,0.4692713,0.35354245,Data Collection|Other/Unclear
1636_sidearmsports.com,21,Third-Party Sharing,4,0.44550395,0.2516686,0.2876616,0.48976266,0.23094714,0.7719923,0.28695917,Third-Party Sharing
1636_sidearmsports.com,22,Other/Unclear,4,0.31329116,0.3366888,0.4371791,0.6885563,0.2769752,0.5264966,0.36963648,Other/Unclear|Third-Party Sharing
1636_sidearmsports.com,23,Other/Unclear|User Control & Deletion,4,0.33417392,0.30616498,0.364083,0.580133,0.26417914,0.393618,0.48044953,Other/Unclear
1636_sidearmsports.com,24,Data Collection,4,0.78216404,0.30172575,0.25304997,0.37032002,0.27947032,0.28068852,0.3514011,Data Collection
1636_sidearmsports.com,25,Data Collection,4,0.68952596,0.31135926,0.30975527,0.3266425,0.27909228,0.60951245,0.2915326,Data Collection|Third-Party Sharing
1636_sidearmsports.com,26,Data Collection,4,0.7416892,0.27337113,0.2836201,0.30476835,0.27048787,0.30147368,0.3498858,Data Collection
1636_sidearmsports.com,27,Data Collection|Third-Party Sharing,4,0.69730264,0.2875638,0.30664295,0.52254933,0.27499017,0.68988734,0.34274006,Data Collection|Other/Unclear|Third-Party Sharing
1636_sidearmsports.com,28,Data Collection|Other/Unclear,4,0.5565884,0.2697269,0.29647213,0.6283055,0.2760969,0.2897981,0.33988747,Data Collection|Other/Unclear
1636_sidearmsports.com,29,Third-Party Sharing,4,0.38861942,0.32767498,0.3032733,0.44256353,0.25604808,0.72009206,0.38507926,Third-Party Sharing
1636_sidearmsports.com,30,Other/Unclear|Third-Party Sharing,4,0.37155932,0.28220215,0.2873385,0.41524738,0.29667643,0.5669916,0.27436507,Third-Party Sharing
1636_sidearmsports.com,31,Third-Party Sharing,4,0.33999163,0.26967216,0.2948864,0.38943863,0.29731232,0.6958085,0.31542224,Third-Party Sharing
1636_sidearmsports.com,32,Third-Party Sharing,4,0.29223153,0.24402449,0.28383353,0.46352717,0.23447011,0.81384087,0.24831757,Third-Party Sharing
1636_sidearmsports.com,33,Data Security|Third-Party Sharing,4,0.2983537,0.32311752,0.7162757,0.5676295,0.28560552,0.7878021,0.25617164,Data Security|Other/Unclear|Third-Party Sharing
1636_sidearmsports.com,34,Other/Unclear|Third-Party Sharing,4,0.30509514,0.32075283,0.28103632,0.5485167,0.27235883,0.7009407,0.37992558,Other/Unclear|Third-Party Sharing
1636_sidearmsports.com,35,Data Collection|Other/Unclear|Third-Party Sharing|User Control & Deletion,4,0.37482312,0.34820184,0.32001668,0.67401695,0.2850578,0.6325773,0.5311489,Other/Unclear|Third-Party Sharing|User Control & Deletion
1636_sidearmsports.com,36,Data Collection|Other/Unclear|Policy Change,4,0.58104527,0.2687349,0.32063192,0.5418441,0.45105395,0.34105852,0.40005475,Data Collection|Other/Unclear
1636_sidearmsports.com,37,User Control & Deletion,4,0.37066996,0.2957548,0.29695377,0.59615886,0.22888085,0.29170603,0.66745186,Other/Unclear|User Control & Deletion
1636_sidearmsports.com,38,Data Collection|User Control & Deletion,4,0.48120296,0.28028834,0.25955224,0.37579742,0.276027,0.37039298,0.57700497,User Control & Deletion
1636_sidearmsports.com,39,Data Collection|Third-Party Sharing,4,0.8018938,0.3766322,0.2834874,0.29230514,0.27422646,0.633202,0.28306457,Data Collection|Third-Party Sharing
1636_sidearmsports.com,40,Data Collection|Other/Unclear|Third-Party Sharing|User Control & Deletion,4,0.5164763,0.29484394,0.25726783,0.39664844,0.21340144,0.5124521,0.40966406,Data Collection|Third-Party Sharing
1636_sidearmsports.com,41,Data Collection|Data Security|Other/Unclear,4,0.51376927,0.2970064,0.40059036,0.66620594,0.23149164,0.56370187,0.352936,Data Collection|Other/Unclear|Third-Party Sharing
1636_sidearmsports.com,42,Data Collection|Data Retention|Third-Party Sharing,4,0.64078766,0.6147578,0.32479796,0.499426,0.27823406,0.62178063,0.38857582,Data Collection|Data Retention|Third-Party Sharing
1636_sidearmsports.com,43,User Control & Deletion,4,0.27656102,0.329426,0.3185013,0.4989728,0.32203087,0.27882722,0.73459655,User Control & Deletion
1636_sidearmsports.com,44,Data Security|Other/Unclear,4,0.23927101,0.30601674,0.68243873,0.3358522,0.25281027,0.2943602,0.3076122,Data Security
1636_sidearmsports.com,45,Third-Party Sharing,4,0.32641846,0.27430552,0.3268977,0.25523314,0.2300599,0.78891337,0.23153193,Third-Party Sharing
1636_sidearmsports.com,46,Data Collection|Other/Unclear,4,0.47441643,0.2932611,0.28218052,0.7350523,0.235513,0.26622197,0.21304631,Other/Unclear
1636_sidearmsports.com,47,Data Collection|Data Security|Other/Unclear|Third-Party Sharing,4,0.5359714,0.3120017,0.27133495,0.6949115,0.2587241,0.33399278,0.36081043,Data Collection|Other/Unclear
1636_sidearmsports.com,48,Data Collection|Other/Unclear,4,0.6106526,0.52101743,0.35868597,0.75076705,0.2869226,0.27457863,0.5029616,Data Collection|Data Retention|Other/Unclear|User Control & Deletion
1636_sidearmsports.com,49,Other/Unclear|Policy Change,4,0.28781807,0.32197297,0.3448746,0.60797083,0.58687645,0.34537545,0.42381036,Other/Unclear|Policy Change
1636_sidearmsports.com,50,Other/Unclear|User Control & Deletion,4,0.15187149,0.24555545,0.256416,0.7124238,0.25898147,0.40751022,0.7417248,Other/Unclear|User Control & Deletion
1636_sidearmsports.com,51,Policy Change,4,0.28137678,0.28436592,0.24072261,0.36691552,0.747455,0.27016464,0.2823742,Policy Change
164_adweek.com,0,Data Collection|Other/Unclear|Policy Change,3,0.37846684,0.2706215,0.31258377,0.71797484,0.46999946,0.2636071,0.34003535,Other/Unclear
164_adweek.com,1,Data Collection,3,0.67641777,0.36537033,0.25146723,0.40865132,0.2621005,0.42961812,0.28512034,Data Collection
164_adweek.com,2,Data Collection|Other/Unclear|User Control & Deletion,3,0.71442413,0.27913257,0.28304946,0.3791915,0.23897275,0.37145516,0.3270718,Data Collection
164_adweek.com,3,Data Collection,3,0.746344,0.25979123,0.22060233,0.42395616,0.24587843,0.49604234,0.27809927,Data Collection
164_adweek.com,4,Data Collection|Third-Party Sharing|User Control & Deletion,3,0.51267445,0.2559707,0.2880739,0.2991878,0.2770082,0.7127995,0.33694637,Data Collection|Third-Party Sharing
164_adweek.com,5,Data Collection,3,0.8160844,0.38584453,0.19934353,0.3838233,0.21393047,0.4532671,0.40591455,Data Collection
164_adweek.com,6,Data Collection|User Control & Deletion,3,0.74579686,0.30323425,0.30100074,0.35836738,0.24579921,0.42070064,0.40862358,Data Collection
164_adweek.com,7,Other/Unclear|Third-Party Sharing,3,0.43934894,0.326795,0.27512065,0.44506004,0.21353461,0.7655894,0.38912,Third-Party Sharing
164_adweek.com,8,Data Security|Third-Party Sharing,3,0.31789395,0.28686273,0.59657794,0.36465526,0.29872182,0.6893362,0.3861686,Data Security|Third-Party Sharing
164_adweek.com,9,Other/Unclear|Third-Party Sharing|User Control & Deletion,3,0.3359578,0.26227868,0.28938973,0.3624596,0.24849497,0.6963327,0.54526484,Third-Party Sharing|User Control & Deletion
164_adweek.com,10,Third-Party Sharing,3,0.32473573,0.2604609,0.31978226,0.20950247,0.21389334,0.82318926,0.2677239,Third-Party Sharing
164_adweek.com,11,Data Security,3,0.2464226,0.2661334,0.69023615,0.5255816,0.26375768,0.29494444,0.3917636,Data Security|Other/Unclear
164_adweek.com,12,Data Retention|Other/Unclear,3,0.3181171,0.4275881,0.3627037,0.5450334,0.31907672,0.38960594,0.32462814,Other/Unclear
164_adweek.com,13,Data Collection|Other/Unclear,3,0.44646597,0.23642205,0.2689228,0.8411174,0.2844436,0.22939923,0.31157142,Other/Unclear
164_adweek.com,14,Other/Unclear|User Control & Deletion,3,0.26866272,0.38222358,0.32564256,0.5717621,0.30681634,0.2598475,0.72563636,Other/Unclear|User Control & Deletion
164_adweek.com,15,Other/Unclear,3,0.28377423,0.22405696,0.23623748,0.7609583,0.29889315,0.22479159,0.39277828,Other/Unclear
164_adweek.com,16,Policy Change,3,0.19606167,0.25316694,0.24078344,0.52638495,0.8595028,0.24611436,0.32535395,Other/Unclear|Policy Change
1666_wsmv.com,0,Other/Unclear,3,0.28577322,0.22806646,0.31909862,0.69877934,0.3551249,0.26179,0.22526908,Other/Unclear
1666_wsmv.com,1,Data Security|Other/Unclear,3,0.5503041,0.24216843,0.5409413,0.46714327,0.2687753,0.3734551,0.2694454,Data Collection|Data Security
1666_wsmv.com,2,Data Collection|Other/Unclear|Third-Party Sharing,3,0.6071995,0.31429312,0.30789492,0.6517697,0.31781495,0.47084495,0.42431167,Data Collection|Other/Unclear
1666_wsmv.com,3,Other/Unclear|Policy Change,3,0.29612535,0.31988987,0.36987332,0.6966272,0.47695407,0.30691808,0.41569862,Other/Unclear
1666_wsmv.com,4,Data Collection,3,0.5536077,0.29881534,0.3147327,0.40331206,0.2926305,0.23560232,0.22772807,Data Collection
1666_wsmv.com,5,Data Collection|Other/Unclear,3,0.7921308,0.37148985,0.25562564,0.31219304,0.20238863,0.43023556,0.28315756,Data Collection
1666_wsmv.com,6,Data Collection|Third-Party Sharing,3,0.69288415,0.33331242,0.2938087,0.31234545,0.24439713,0.63342816,0.27559933,Data Collection|Third-Party Sharing
1666_wsmv.com,7,Data Collection|Other/Unclear|Third-Party Sharing,3,0.7145566,0.3141249,0.30204305,0.41625714,0.26247793,0.5649921,0.3133558,Data Collection|Third-Party Sharing
1666_wsmv.com,8,Data Collection|Other/Unclear|User Control & Deletion,3,0.53697306,0.2932179,0.31906155,0.5156708,0.27843302,0.35106575,0.42855802,Data Collection|Other/Unclear
1666_wsmv.com,9,Data Collection|Other/Unclear|Third-Party Sharing|User Control & Deletion,3,0.7196953,0.26614252,0.19991824,0.3518836,0.2602714,0.6038597,0.4200126,Data Collection|Third-Party Sharing
1666_wsmv.com,10,Other/Unclear|User Control & Deletion,3,0.3995378,0.24518892,0.2483595,0.65922576,0.27711424,0.37512273,0.59288234,Other/Unclear|User Control & Deletion
1666_wsmv.com,11,Data Collection|Third-Party Sharing,3,0.73814774,0.31972083,0.3275766,0.2870487,0.24372314,0.42700058,0.43219,Data Collection
1666_wsmv.com,12,Data Collection,3,0.65849,0.5008163,0.3116172,0.35020137,0.2844261,0.49952427,0.4652588,Data Collection|Data Retention
1666_wsmv.com,13,Other/Unclear,3,0.4878039,0.29178917,0.29529104,0.7178035,0.31589642,0.23603916,0.3722964,Other/Unclear
1666_wsmv.com,14,Other/Unclear,3,0.42713493,0.38682246,0.29766095,0.5954282,0.28091693,0.66127443,0.3660666,Other/Unclear|Third-Party Sharing
1666_wsmv.com,15,Other/Unclear,3,0.46734637,0.3010163,0.47112688,0.6933869,0.3178925,0.49246222,0.35855895,Other/Unclear
1666_wsmv.com,16,Data Collection|Third-Party Sharing,3,0.62442464,0.33805245,0.3006746,0.46351013,0.27763283,0.642019,0.31987554,Data Collection|Third-Party Sharing
1666_wsmv.com,17,Other/Unclear,3,0.45927477,0.26615772,0.2717453,0.6298193,0.26016134,0.45052797,0.24477772,Other/Unclear
1666_wsmv.com,18,Data Collection|Other/Unclear|Third-Party Sharing|User Control & Deletion,3,0.45740885,0.3334344,0.32648456,0.47934765,0.31260097,0.6661307,0.62244815,Third-Party Sharing|User Control & Deletion
1666_wsmv.com,19,Other/Unclear|User Control & Deletion,3,0.35935283,0.3215286,0.3933964,0.6073547,0.31678122,0.34330904,0.44671908,Other/Unclear
1666_wsmv.com,20,Third-Party Sharing,3,0.49103847,0.25487632,0.26573965,0.3298715,0.2692831,0.75627637,0.30338252,Third-Party Sharing
1666_wsmv.com,21,Data Collection,3,0.65517575,0.2733988,0.36703408,0.46330807,0.27960464,0.5499046,0.41444245,Data Collection|Third-Party Sharing
1666_wsmv.com,22,Data Collection|Third-Party Sharing,3,0.5134595,0.36977607,0.33094016,0.45419008,0.27421576,0.71740407,0.3987261,Data Collection|Third-Party Sharing
1666_wsmv.com,23,Data Collection|Third-Party Sharing,3,0.6273533,0.25491297,0.3032559,0.28300536,0.21969916,0.6601503,0.31921142,Data Collection|Third-Party Sharing
1666_wsmv.com,24,Other/Unclear|Third-Party Sharing,3,0.50651425,0.41981062,0.32564956,0.4218174,0.32489064,0.6487465,0.3559267,Data Collection|Third-Party Sharing
1666_wsmv.com,25,Other/Unclear|Policy Change,3,0.437853,0.33367708,0.33410636,0.6242649,0.29105696,0.5442608,0.29391357,Other/Unclear|Third-Party Sharing
1666_wsmv.com,26,Data Security|Other/Unclear,3,0.2273361,0.28380615,0.6127416,0.63406706,0.28284463,0.2460031,0.33513975,Data Security|Other/Unclear
1666_wsmv.com,27,Data Retention|Other/Unclear|User Control & Deletion,3,0.45236886,0.51066256,0.37028202,0.62778723,0.3135545,0.46882364,0.678409,Data Retention|Other/Unclear|User Control & Deletion
1666_wsmv.com,28,Other/Unclear|Third-Party Sharing,3,0.49930134,0.2242688,0.29649237,0.3391964,0.31881258,0.7433857,0.37947133,Third-Party Sharing
1666_wsmv.com,29,Other/Unclear,3,0.19796005,0.2112281,0.2938167,0.843456,0.37293983,0.23320957,0.3104359,Other/Unclear
1666_wsmv.com,30,Other/Unclear|Policy Change,3,0.32337657,0.23408392,0.25409508,0.58121055,0.6453541,0.26588115,0.30977038,Other/Unclear|Policy Change
1673_tulsaworld.com,0,Other/Unclear,1,0.13623793,0.25527644,0.31028736,0.8759516,0.34677094,0.2538944,0.22530952,Other/Unclear
1673_tulsaworld.com,1,Other/Unclear,1,0.219423,0.27561483,0.29739964,0.7924378,0.3456918,0.42371964,0.49516353,Other/Unclear
1673_tulsaworld.com,2,Other/Unclear,1,0.39244008,0.24219972,0.4583465,0.5810363,0.33868447,0.34206983,0.38267386,Other/Unclear
1673_tulsaworld.com,3,Other/Unclear|User Control & Deletion,1,0.28738916,0.2507549,0.34374592,0.7406023,0.5096855,0.37152192,0.6845276,Other/Unclear|Policy Change|User Control & Deletion
1673_tulsaworld.com,4,Policy Change,1,0.23890772,0.29887593,0.27895993,0.37738034,0.8175063,0.28185213,0.3118948,Policy Change
1673_tulsaworld.com,5,Other/Unclear,1,0.36486274,0.24970235,0.48290703,0.57497054,0.2850001,0.28445828,0.36077437,Other/Unclear
1673_tulsaworld.com,6,Data Collection,1,0.70184547,0.36454782,0.30633542,0.46351415,0.2965406,0.40134764,0.33042744,Data Collection
1673_tulsaworld.com,7,Third-Party Sharing,1,0.387677,0.2542139,0.34384373,0.45130146,0.30718824,0.7732936,0.30941275,Third-Party Sharing
1673_tulsaworld.com,8,Third-Party Sharing,1,0.46762654,0.35946995,0.29571626,0.46878055,0.29408807,0.4694045,0.30933607,
1673_tulsaworld.com,9,Third-Party Sharing,1,0.34995982,0.28495607,0.341936,0.47665894,0.2887646,0.5962295,0.3000765,Third-Party Sharing
1673_tulsaworld.com,10,Data Security|Third-Party Sharing,1,0.57639354,0.31854683,0.4870952,0.49645504,0.27523395,0.44724268,0.4135842,Data Collection
1673_tulsaworld.com,11,Data Collection,1,0.7521166,0.24814531,0.3114076,0.44392627,0.2634744,0.2806168,0.295816,Data Collection
1673_tulsaworld.com,12,Data Collection,1,0.7183935,0.2852381,0.29984665,0.372351,0.22509761,0.39744896,0.38070622,Data Collection
1673_tulsaworld.com,13,Data Collection|Third-Party Sharing,1,0.6496421,0.27960825,0.24798003,0.377276,0.26729548,0.70903265,0.2693588,Data Collection|Third-Party Sharing
1673_tulsaworld.com,14,Data Collection|Other/Unclear,1,0.71420646,0.30762732,0.40967885,0.4027299,0.37877446,0.40535846,0.37278953,Data Collection
1673_tulsaworld.com,15,Data Collection,1,0.5652458,0.625626,0.28700364,0.44697335,0.27484155,0.35386354,0.5042185,Data Collection|Data Retention|User Control & Deletion
1673_tulsaworld.com,16,Data Collection|Other/Unclear|Third-Party Sharing,1,0.69170785,0.28372014,0.2304,0.2803933,0.23750114,0.69029325,0.24963422,Data Collection|Third-Party Sharing
1673_tulsaworld.com,17,Data Collection|Other/Unclear,1,0.62719095,0.29666618,0.37095872,0.5746332,0.24445024,0.41138852,0.45540717,Data Collection|Other/Unclear
1673_tulsaworld.com,18,Other/Unclear|Third-Party Sharing,1,0.3629825,0.27723196,0.29541838,0.6473562,0.28720227,0.7842712,0.3474021,Other/Unclear|Third-Party Sharing
1673_tulsaworld.com,19,User Control & Deletion,1,0.4957278,0.3551018,0.28636566,0.4397504,0.26952192,0.40694967,0.7757743,User Control & Deletion
1673_tulsaworld.com,20,Data Collection|Third-Party Sharing,1,0.6811167,0.32029775,0.28417486,0.34441817,0.27098957,0.54477745,0.2773087,Data Collection|Third-Party Sharing
1673_tulsaworld.com,21,Data Collection,1,0.60797274,0.28388518,0.25384855,0.3187284,0.31235224,0.40499824,0.3039727,Data Collection
1673_tulsaworld.com,22,Data Collection,1,0.5700461,0.322225,0.38133892,0.55457795,0.28454775,0.39960885,0.28001046,Data Collection|Other/Unclear
1673_tulsaworld.com,23,Data Collection|Third-Party Sharing,1,0.70357144,0.31423962,0.29857862,0.35390118,0.27366897,0.6518451,0.3675605,Data Collection|Third-Party Sharing
1673_tulsaworld.com,24,Data Collection|User Control & Deletion,1,0.68367344,0.27566525,0.2358976,0.42067102,0.24225815,0.4623403,0.43924624,Data Collection
1673_tulsaworld.com,25,Data Collection|Third-Party Sharing|User Control & Deletion,1,0.70958585,0.3173847,0.39120346,0.32796958,0.31267527,0.6067396,0.3404264,Data Collection|Third-Party Sharing
1673_tulsaworld.com,26,Data Collection|Other/Unclear|Third-Party Sharing,1,0.3395708,0.36165935,0.55815136,0.49598196,0.23427309,0.8752421,0.27117306,Data Security|Third-Party Sharing
1673_tulsaworld.com,27,Data Collection,1,0.5341839,0.24970852,0.29104576,0.5446661,0.26112774,0.4154747,0.38970318,Data Collection|Other/Unclear
1673_tulsaworld.com,28,Data Collection|Data Security|Third-Party Sharing,1,0.7270929,0.44387364,0.3698663,0.30664548,0.27772522,0.6918101,0.39337817,Data Collection|Third-Party Sharing
1673_tulsaworld.com,29,Data Collection,1,0.6497698,0.26968622,0.30461863,0.42891648,0.25250736,0.42635083,0.39630383,Data Collection
1673_tulsaworld.com,30,Data Collection|Third-Party Sharing,1,0.58017576,0.21093796,0.29889598,0.46259946,0.27625474,0.4107864,0.38426661,Data Collection
1673_tulsaworld.com,31,Other/Unclear|Third-Party Sharing,1,0.55280924,0.31862462,0.37163264,0.44175437,0.26654714,0.69788456,0.45459104,Data Collection|Third-Party Sharing
1673_tulsaworld.com,32,Third-Party Sharing,1,0.4090074,0.32226884,0.30967647,0.37151024,0.28372207,0.67169476,0.30098507,Third-Party Sharing
1673_tulsaworld.com,33,Data Collection|Other/Unclear|User Control & Deletion,1,0.5361538,0.27504423,0.3398671,0.5368811,0.2807325,0.31398833,0.26903835,Data Collection|Other/Unclear
1673_tulsaworld.com,34,Other/Unclear|User Control & Deletion,1,0.36382103,0.32003233,0.3488892,0.737646,0.443638,0.51252186,0.38096592,Other/Unclear|Third-Party Sharing
1673_tulsaworld.com,35,Other/Unclear|Third-Party Sharing,1,0.25975344,0.36369804,0.30986166,0.77407604,0.27277008,0.65783197,0.44981718,Other/Unclear|Third-Party Sharing
1673_tulsaworld.com,36,Other/Unclear|Third-Party Sharing,1,0.36989492,0.27987084,0.392994,0.81179386,0.4225053,0.48626345,0.2836911,Other/Unclear
1673_tulsaworld.com,37,Data Security|Other/Unclear,1,0.35316527,0.28555155,0.32007986,0.60702604,0.26688376,0.35348895,0.38134044,Other/Unclear
1673_tulsaworld.com,38,User Control & Deletion,1,0.35015324,0.26933473,0.29142192,0.5007252,0.29438192,0.25255573,0.8292499,Other/Unclear|User Control & Deletion
1673_tulsaworld.com,39,User Control & Deletion,1,0.41336718,0.3040913,0.3009573,0.42148808,0.26632446,0.27743077,0.80858856,User Control & Deletion
1673_tulsaworld.com,40,Other/Unclear|User Control & Deletion,1,0.47859585,0.23811312,0.21099126,0.415293,0.24652255,0.35390922,0.70963323,User Control & Deletion
1673_tulsaworld.com,41,Policy Change|User Control & Deletion,1,0.51224905,0.3500651,0.31818086,0.49185777,0.2739977,0.35772336,0.6040776,Data Collection|User Control & Deletion
1673_tulsaworld.com,42,Data Security,1,0.46033555,0.30059576,0.63483196,0.3426334,0.2635357,0.32021695,0.27918124,Data Security
1673_tulsaworld.com,43,Data Security,1,0.2486976,0.24540383,0.8145106,0.5972366,0.26811436,0.44031706,0.22489963,Data Security|Other/Unclear
1673_tulsaworld.com,44,Other/Unclear|User Control & Deletion,1,0.513879,0.40557104,0.2715658,0.3767559,0.24152325,0.33321103,0.6075157,Data Collection|User Control & Deletion
1673_tulsaworld.com,45,Other/Unclear|Third-Party Sharing,1,0.47638127,0.23295785,0.27814135,0.60634947,0.4209127,0.33568183,0.3882476,Other/Unclear
1673_tulsaworld.com,46,Other/Unclear,1,0.18679975,0.21849108,0.30450433,0.88442606,0.30174515,0.27809793,0.47533673,Other/Unclear
1673_tulsaworld.com,47,Other/Unclear,1,0.33048505,0.24167383,0.40421948,0.56703174,0.2911598,0.3570701,0.32631108,Other/Unclear
1683_dailynews.com,0,Other/Unclear,3,0.3309353,0.27017966,0.29077023,0.74224377,0.30099183,0.40843213,0.2845808,Other/Unclear
1683_dailynews.com,1,Policy Change,3,0.26889905,0.24948445,0.2584094,0.36364576,0.77530795,0.22467063,0.3219208,Policy Change
1683_dailynews.com,2,Data Collection,3,0.75194764,0.26015002,0.28518263,0.33209363,0.2520028,0.3460502,0.30097288,Data Collection
1683_dailynews.com,3,Data Collection|User Control & Deletion,3,0.6486533,0.34691533,0.29301158,0.33215308,0.28987238,0.3160077,0.7114656,Data Collection|User Control & Deletion
1683_dailynews.com,4,Data Collection,3,0.7179013,0.3099077,0.33619675,0.27110335,0.24121934,0.42204905,0.33328605,Data Collection
1683_dailynews.com,5,Data Collection,3,0.69777226,0.2973868,0.23702955,0.4037004,0.24197385,0.23219211,0.3708479,Data Collection
1683_dailynews.com,6,Data Collection|Other/Unclear|Third-Party Sharing,3,0.6089094,0.2765499,0.31601492,0.2856564,0.23033753,0.6636687,0.34781504,Data Collection|Third-Party Sharing
1683_dailynews.com,7,Data Collection|Data Retention,3,0.632404,0.7093086,0.30777156,0.56182927,0.27763525,0.35843566,0.30194393,Data Collection|Data Retention|Other/Unclear
1683_dailynews.com,8,Data Collection|Third-Party Sharing,3,0.5293845,0.31080967,0.30864164,0.30098143,0.28434408,0.718765,0.29379606,Data Collection|Third-Party Sharing
1683_dailynews.com,9,Data Collection,3,0.7029624,0.2561258,0.30799246,0.32946116,0.2694811,0.30904344,0.33149895,Data Collection
1683_dailynews.com,10,Data Collection|Other/Unclear|Third-Party Sharing,3,0.64134973,0.27182963,0.24485734,0.63554126,0.26018003,0.6581975,0.6677496,Data Collection|Other/Unclear|Third-Party Sharing|User Control & Deletion
1683_dailynews.com,11,Data Collection,3,0.78884625,0.27642497,0.27106336,0.2982212,0.21604392,0.27912354,0.29035428,Data Collection
1683_dailynews.com,12,Other/Unclear,3,0.50664496,0.2757641,0.32540405,0.5334341,0.24163678,0.41382977,0.37679484,Data Collection|Other/Unclear
1683_dailynews.com,13,Data Collection|Third-Party Sharing,3,0.67729455,0.2740208,0.26803467,0.52993864,0.2846748,0.6739966,0.5983307,Data Collection|Other/Unclear|Third-Party Sharing|User Control & Deletion
1683_dailynews.com,14,Data Collection,3,0.71418685,0.3085272,0.29272038,0.5227185,0.25194618,0.30416,0.37867773,Data Collection|Other/Unclear
1683_dailynews.com,15,Data Collection|Third-Party Sharing,3,0.66128135,0.24342191,0.26648456,0.38330805,0.26505262,0.65676016,0.28748435,Data Collection|Third-Party Sharing
1683_dailynews.com,16,Data Collection|Third-Party Sharing,3,0.39053452,0.25565478,0.2569969,0.60750496,0.27697432,0.75632757,0.6685274,Other/Unclear|Third-Party Sharing|User Control & Deletion
1683_dailynews.com,17,Data Collection|Third-Party Sharing,3,0.36091414,0.2598749,0.25168642,0.49681464,0.30899903,0.7441915,0.35368487,Third-Party Sharing
1683_dailynews.com,18,Data Collection|Other/Unclear|User Control & Deletion,3,0.2894533,0.2730769,0.26659742,0.54273593,0.24762076,0.39128023,0.76583576,Other/Unclear|User Control & Deletion
1683_dailynews.com,19,Other/Unclear|Third-Party Sharing|User Control & Deletion,3,0.22538698,0.2779758,0.24084027,0.70774955,0.3035983,0.3938234,0.73036146,Other/Unclear|User Control & Deletion
1683_dailynews.com,20,Other/Unclear|User Control & Deletion,3,0.30071065,0.2526485,0.2194324,0.7171694,0.3161859,0.23728824,0.72265023,Other/Unclear|User Control & Deletion
1683_dailynews.com,21,Other/Unclear,3,0.3676847,0.34165475,0.2237297,0.6574306,0.40621987,0.33995715,0.5102165,Other/Unclear|User Control & Deletion
1683_dailynews.com,22,Other/Unclear|User Control & Deletion,3,0.30525354,0.2832778,0.2343537,0.67183405,0.29632664,0.26217458,0.68493766,Other/Unclear|User Control & Deletion
1683_dailynews.com,23,Data Security,3,0.32568425,0.32303724,0.7066212,0.41387933,0.28571382,0.32331958,0.29256424,Data Security
1683_dailynews.com,24,Other/Unclear,3,0.23159048,0.29010487,0.21459755,0.79357815,0.23088329,0.3067804,0.32385805,Other/Unclear
1683_dailynews.com,25,Other/Unclear|Third-Party Sharing,3,0.4437561,0.3043089,0.24247134,0.55293524,0.27655047,0.45475742,0.37040374,Other/Unclear
1683_dailynews.com,26,Other/Unclear,3,0.21086565,0.2408876,0.280503,0.8265873,0.42608798,0.28400874,0.30323756,Other/Unclear
1683_dailynews.com,27,Data Collection|Other/Unclear,3,0.3030945,0.24587537,0.2144203,0.8168816,0.29709005,0.33573344,0.1921689,Other/Unclear
1683_dailynews.com,28,Data Collection|Other/Unclear,3,0.71216094,0.30082488,0.31248492,0.63840187,0.2510606,0.4134005,0.31669948,Data Collection|Other/Unclear
1683_dailynews.com,29,Data Collection|Data Retention|Data Security|Other/Unclear|Third-Party Sharing,3,0.58802295,0.64211524,0.60412675,0.6920254,0.25924858,0.75309855,0.522178,Data Collection|Data Retention|Data Security|Other/Unclear|Third-Party Sharing|User Control & Deletion
1683_dailynews.com,30,Other/Unclear|User Control & Deletion,3,0.28269276,0.3413699,0.25637195,0.7422524,0.2601293,0.42967856,0.7464911,Other/Unclear|User Control & Deletion
1683_dailynews.com,31,Other/Unclear,3,0.34868956,0.347437,0.3953541,0.69173497,0.25264484,0.32854065,0.32759467,Other/Unclear
1683_dailynews.com,32,Other/Unclear|Policy Change,3,0.20003612,0.23174576,0.26457885,0.69325554,0.69807565,0.24550374,0.3144651,Other/Unclear|Policy Change
1694_lids.com,0,Other/Unclear,2,0.09663925,0.18174429,0.27785435,0.89844847,0.40649727,0.14165205,0.1845545,Other/Unclear
1694_lids.com,1,Other/Unclear|Policy Change,2,0.2870474,0.2470956,0.26144412,0.7349557,0.8012369,0.26452294,0.23360829,Other/Unclear|Policy Change
1694_lids.com,2,Other/Unclear,2,0.35043028,0.2362304,0.404929,0.60095674,0.30238456,0.2847141,0.3424325,Other/Unclear
1694_lids.com,3,Data Collection|Third-Party Sharing,2,0.5506524,0.33814138,0.32204032,0.52187425,0.2475644,0.53689384,0.29020262,Data Collection|Other/Unclear|Third-Party Sharing
1694_lids.com,4,Policy Change,2,0.26598856,0.24627052,0.3198015,0.39812857,0.7607842,0.32869408,0.30087706,Policy Change
1694_lids.com,5,Other/Unclear,2,0.23482026,0.2277605,0.26019803,0.73387975,0.3891781,0.27292278,0.2802232,Other/Unclear
1694_lids.com,6,Data Collection,2,0.81085527,0.3889165,0.29412046,0.35898426,0.23743495,0.44491887,0.26640832,Data Collection
1694_lids.com,7,Data Collection,2,0.68124807,0.34441003,0.23487176,0.3241217,0.2384536,0.44053322,0.25424916,Data Collection
1694_lids.com,8,Data Collection,2,0.7387431,0.60790163,0.32788703,0.42866307,0.2999091,0.33917606,0.29519832,Data Collection|Data Retention
1694_lids.com,9,Data Collection,2,0.7473211,0.45489573,0.25426105,0.27950045,0.24206287,0.34106007,0.25474247,Data Collection
1694_lids.com,10,Data Collection|Third-Party Sharing,2,0.65693974,0.26710397,0.30037397,0.46005362,0.24814358,0.51624167,0.4075114,Data Collection|Third-Party Sharing
1694_lids.com,11,Other/Unclear,2,0.36192727,0.28767687,0.2334415,0.6633464,0.25651926,0.22949319,0.41726565,Other/Unclear
1694_lids.com,12,Data Collection|Third-Party Sharing,2,0.6524315,0.23953862,0.335352,0.45560688,0.24598713,0.5486387,0.25205958,Data Collection|Third-Party Sharing
1694_lids.com,13,Data Collection|Other/Unclear,2,0.6401135,0.28405985,0.34683096,0.5049103,0.29627356,0.30742273,0.4178855,Data Collection|Other/Unclear
1694_lids.com,14,Data Collection,2,0.71779287,0.2848608,0.3165888,0.33576077,0.24398218,0.44385657,0.3398371,Data Collection
1694_lids.com,15,Data Security|Other/Unclear|User Control & Deletion,2,0.44963786,0.39471406,0.5502755,0.50796247,0.27414247,0.32562718,0.3467726,Data Security|Other/Unclear
1694_lids.com,16,Data Collection,2,0.773675,0.3778106,0.3577953,0.39928138,0.2636562,0.41546354,0.45359203,Data Collection
1694_lids.com,17,Other/Unclear,2,0.34358367,0.28589576,0.32664955,0.7803978,0.30040407,0.25981534,0.3799307,Other/Unclear
1694_lids.com,18,Third-Party Sharing,2,0.4554303,0.30518007,0.41150314,0.33163866,0.25438243,0.7586835,0.22392492,Third-Party Sharing
1694_lids.com,19,Other/Unclear|Third-Party Sharing,2,0.39589748,0.24130782,0.5813364,0.35050684,0.26071018,0.6152889,0.27504918,Data Security|Third-Party Sharing
1694_lids.com,20,Data Security|Third-Party Sharing,2,0.30745548,0.28645614,0.613335,0.3978159,0.2802037,0.6992615,0.30291992,Data Security|Third-Party Sharing
1694_lids.com,21,Other/Unclear|Third-Party Sharing,2,0.5983169,0.31735325,0.39937508,0.4460858,0.27920786,0.5850008,0.4357577,Data Collection|Third-Party Sharing
1694_lids.com,22,Data Security,2,0.343712,0.26943123,0.6271708,0.43217462,0.2633639,0.29353392,0.28143165,Data Security
1694_lids.com,23,Data Security|Third-Party Sharing,2,0.32070372,0.2529761,0.77137494,0.23871635,0.26834825,0.60092473,0.25657967,Data Security|Third-Party Sharing
1694_lids.com,24,Data Security,2,0.34428698,0.20828298,0.783721,0.4537846,0.27131462,0.41816393,0.35648927,Data Security
1694_lids.com,25,Data Security|Other/Unclear,2,0.44302294,0.34613165,0.46906754,0.4915666,0.2691195,0.43648052,0.5584842,User Control & Deletion
1694_lids.com,26,User Control & Deletion,2,0.29707325,0.4197583,0.30667305,0.39173636,0.26825273,0.2791015,0.7034417,User Control & Deletion
1694_lids.com,27,User Control & Deletion,2,0.33978054,0.37523386,0.2862147,0.56427896,0.29788616,0.21938752,0.68542236,Other/Unclear|User Control & Deletion
1694_lids.com,28,User Control & Deletion,2,0.28099218,0.22404942,0.34091648,0.39776284,0.32289666,0.29341713,0.69141346,User Control & Deletion
1694_lids.com,29,User Control & Deletion,2,0.42043173,0.27817047,0.24855481,0.50392485,0.29384282,0.2781593,0.6604626,Other/Unclear|User Control & Deletion
1694_lids.com,30,Other/Unclear|User Control & Deletion,2,0.5659465,0.43273267,0.29330486,0.51540244,0.25484145,0.29217175,0.6533627,Data Collection|Other/Unclear|User Control & Deletion
1694_lids.com,31,User Control & Deletion,2,0.3902386,0.25632694,0.28034472,0.4158862,0.32212287,0.33624417,0.35124865,
1694_lids.com,32,Other/Unclear|User Control & Deletion,2,0.43755698,0.34221432,0.3315676,0.64998424,0.37215987,0.286489,0.43877912,Other/Unclear
1694_lids.com,33,Data Collection|Other/Unclear,2,0.32226148,0.26529464,0.34723783,0.6969744,0.32565382,0.28824496,0.27816668,Other/Unclear
1694_lids.com,34,Other/Unclear,2,0.37468174,0.26435444,0.28411448,0.5985537,0.2611722,0.35422453,0.28428185,Other/Unclear
1694_lids.com,35,Other/Unclear,2,0.28180292,0.2583529,0.47600418,0.7601435,0.32603145,0.4739075,0.37088,Other/Unclear
1694_lids.com,36,Other/Unclear,2,0.22994867,0.25561762,0.27806932,0.7118943,0.28920075,0.3251937,0.42280442,Other/Unclear
1694_lids.com,37,Other/Unclear,2,0.33636966,0.22970968,0.2981077,0.7098488,0.3213814,0.2741391,0.3749523,Other/Unclear
1703_sports-reference.com,0,Other/Unclear,3,0.23656243,0.20519406,0.2873953,0.77907175,0.3368385,0.28566942,0.28100187,Other/Unclear
1703_sports-reference.com,1,Other/Unclear,3,0.44354123,0.24236183,0.35905978,0.503966,0.27644792,0.34953776,0.301842,Other/Unclear
1703_sports-reference.com,2,Data Collection|Other/Unclear,3,0.42265403,0.27073455,0.29868641,0.6882341,0.2934634,0.41155967,0.3747617,Other/Unclear
1703_sports-reference.com,3,Data Collection,3,0.7611321,0.29939693,0.28766525,0.32497144,0.22306688,0.36480272,0.38355902,Data Collection
1703_sports-reference.com,4,Data Collection|User Control & Deletion,3,0.60308355,0.25274214,0.29444426,0.34171027,0.270723,0.48024678,0.4062827,Data Collection
1703_sports-reference.com,5,Data Collection,3,0.6862392,0.33734176,0.26638082,0.393505,0.23305756,0.38922092,0.32423636,Data Collection
1703_sports-reference.com,6,Data Collection,3,0.5943647,0.29666784,0.28640538,0.34727255,0.22424945,0.47687155,0.34986016,Data Collection
1703_sports-reference.com,7,Data Retention|Data Security|Other/Unclear|Third-Party Sharing,3,0.31220323,0.31105134,0.46286464,0.67941374,0.33086967,0.5216759,0.37793255,Other/Unclear|Third-Party Sharing
1703_sports-reference.com,8,Other/Unclear|Third-Party Sharing,3,0.4416054,0.29979306,0.28562364,0.59272635,0.33023947,0.3794052,0.3421796,Other/Unclear
1703_sports-reference.com,9,Other/Unclear,3,0.37734538,0.30698463,0.2762743,0.62514186,0.2724687,0.32342923,0.43972278,Other/Unclear
1703_sports-reference.com,10,Data Collection,3,0.7752705,0.33403125,0.24627808,0.3479221,0.24062115,0.41811842,0.30920142,Data Collection
1703_sports-reference.com,11,Data Collection|Other/Unclear|User Control & Deletion,3,0.43553358,0.36357063,0.29551432,0.48485526,0.26298624,0.46004155,0.45305476,
1703_sports-reference.com,12,Data Collection|Policy Change,3,0.47295627,0.26996166,0.24598618,0.52604955,0.5199073,0.42625678,0.34041178,Other/Unclear|Policy Change
1703_sports-reference.com,13,Third-Party Sharing,3,0.3617593,0.23672658,0.32280126,0.480633,0.2727749,0.61685425,0.35726795,Third-Party Sharing
1703_sports-reference.com,14,Third-Party Sharing,3,0.39289653,0.3267606,0.34660876,0.4569209,0.27993342,0.77147394,0.32949537,Third-Party Sharing
1703_sports-reference.com,15,Data Security|Other/Unclear,3,0.33137307,0.36663818,0.42231572,0.670872,0.23246148,0.666283,0.30689937,Other/Unclear|Third-Party Sharing
1703_sports-reference.com,16,Data Security|Other/Unclear|Third-Party Sharing,3,0.33267385,0.28244752,0.3389074,0.70491827,0.239081,0.6107541,0.23089571,Other/Unclear|Third-Party Sharing
1703_sports-reference.com,17,Data Security|Other/Unclear,3,0.22881965,0.38047922,0.7966068,0.50790405,0.2801914,0.3293063,0.38111702,Data Security|Other/Unclear
1703_sports-reference.com,18,Other/Unclear|User Control & Deletion,3,0.48330268,0.3873886,0.24481642,0.3819722,0.26363513,0.47356558,0.67275184,User Control & Deletion
1703_sports-reference.com,19,Other/Unclear|User Control & Deletion,3,0.33045238,0.3609463,0.3476037,0.4361107,0.33399653,0.32601476,0.66328853,User Control & Deletion
1703_sports-reference.com,20,Other/Unclear|Policy Change,3,0.25217676,0.24508098,0.2677593,0.5036585,0.8275897,0.22987051,0.3427484,Other/Unclear|Policy Change
1708_foxsports.com,0,Other/Unclear,3,0.22567306,0.21151328,0.24542807,0.74061394,0.6295096,0.23933637,0.24973722,Other/Unclear|Policy Change
1708_foxsports.com,1,Other/Unclear,3,0.36270824,0.2569782,0.322941,0.7860582,0.3304991,0.32929358,0.29111117,Other/Unclear
1708_foxsports.com,2,Other/Unclear,3,0.33717132,0.27973124,0.3337654,0.6189795,0.5005912,0.39075333,0.49765974,Other/Unclear|Policy Change
1708_foxsports.com,3,Data Collection|Other/Unclear,3,0.5160111,0.28831506,0.23717973,0.7233732,0.39783037,0.3071502,0.24316142,Data Collection|Other/Unclear
1708_foxsports.com,4,Other/Unclear,3,0.4718245,0.27137348,0.4119829,0.67123294,0.30234867,0.36957696,0.42403254,Other/Unclear
1708_foxsports.com,5,Data Collection,3,0.7289354,0.2695838,0.3214623,0.41334996,0.22898659,0.31105787,0.32682863,Data Collection
1708_foxsports.com,6,Data Collection|Third-Party Sharing,3,0.5710792,0.39708385,0.3250912,0.6016914,0.25708243,0.58372617,0.39527443,Data Collection|Other/Unclear|Third-Party Sharing
1708_foxsports.com,7,Data Collection,3,0.6448375,0.56165,0.28503722,0.5141201,0.24364178,0.58161193,0.38973036,Data Collection|Data Retention|Other/Unclear|Third-Party Sharing
1708_foxsports.com,8,Data Collection|Third-Party Sharing,3,0.7264728,0.30224636,0.36632708,0.24679056,0.2229868,0.43637022,0.3375272,Data Collection
1708_foxsports.com,9,Data Collection|Data Security|Other/Unclear|Third-Party Sharing,3,0.72765404,0.45541278,0.3031382,0.45079118,0.25456247,0.5971137,0.43521976,Data Collection|Third-Party Sharing
1708_foxsports.com,10,Other/Unclear|Third-Party Sharing|User Control & Deletion,3,0.37993348,0.21968536,0.29370487,0.5440484,0.3067901,0.7041075,0.43284428,Other/Unclear|Third-Party Sharing
1708_foxsports.com,11,Data Security|Other/Unclear|User Control & Deletion,3,0.39219892,0.2514824,0.36609277,0.5666871,0.26237482,0.3533121,0.7213283,Other/Unclear|User Control & Deletion
1708_foxsports.com,12,Data Collection|Third-Party Sharing,3,0.7125204,0.3300632,0.24742368,0.39059985,0.24481611,0.48150802,0.2564839,Data Collection
1708_foxsports.com,13,Other/Unclear,3,0.3833277,0.2676015,0.25976947,0.7419556,0.30274764,0.32240114,0.35187006,Other/Unclear
1708_foxsports.com,14,Other/Unclear|Policy Change,3,0.360544,0.24921367,0.27896503,0.690242,0.37311956,0.28855264,0.44035846,Other/Unclear
1708_foxsports.com,15,Policy Change,3,0.20499735,0.22520874,0.26546142,0.5541334,0.7741479,0.2364675,0.27758342,Other/Unclear|Policy Change
1708_foxsports.com,16,Other/Unclear,3,0.3223784,0.34727034,0.35378954,0.71945864,0.29155442,0.2945905,0.39021602,Other/Unclear
1708_foxsports.com,17,Other/Unclear|User Control & Deletion,3,0.32169235,0.25273538,0.24996422,0.6927471,0.2763133,0.4073918,0.27005675,Other/Unclear
1708_foxsports.com,18,Data Security|Other/Unclear|User Control & Deletion,3,0.36965787,0.30010188,0.34220076,0.627658,0.2246642,0.55936885,0.27767238,Other/Unclear|Third-Party Sharing
1708_foxsports.com,19,Data Collection|Other/Unclear|Third-Party Sharing,3,0.50135994,0.3702855,0.3185587,0.66035855,0.30025616,0.31466627,0.31292212,Data Collection|Other/Unclear
1708_foxsports.com,20,Data Collection,3,0.81830597,0.2662178,0.2601232,0.2439691,0.27193236,0.48398113,0.30185282,Data Collection
1708_foxsports.com,21,Third-Party Sharing,3,0.48299527,0.27159214,0.40257984,0.37305364,0.29148582,0.72713417,0.34310055,Third-Party Sharing
1708_foxsports.com,22,Third-Party Sharing,3,0.51163375,0.25318265,0.2978157,0.3083937,0.21848471,0.7198977,0.37256008,Data Collection|Third-Party Sharing
1708_foxsports.com,23,Other/Unclear|Third-Party Sharing,3,0.5216202,0.34053397,0.2541148,0.6414763,0.27039757,0.6440809,0.59835637,Data Collection|Other/Unclear|Third-Party Sharing|User Control & Deletion
1708_foxsports.com,24,Other/Unclear|Third-Party Sharing,3,0.4159889,0.2621517,0.26666588,0.6355335,0.2746024,0.7873102,0.29635534,Other/Unclear|Third-Party Sharing
1708_foxsports.com,25,Data Collection|Other/Unclear|Third-Party Sharing,3,0.563014,0.24782014,0.29504308,0.3854734,0.303197,0.6082381,0.37630525,Data Collection|Third-Party Sharing
1708_foxsports.com,26,Data Collection|User Control & Deletion,3,0.38143957,0.32805887,0.1926427,0.42475024,0.33736017,0.23427033,0.8256521,User Control & Deletion
1708_foxsports.com,27,Other/Unclear|Third-Party Sharing,3,0.1982224,0.2574734,0.29350165,0.62924045,0.35338745,0.69648796,0.4465784,Other/Unclear|Third-Party Sharing
1708_foxsports.com,28,Third-Party Sharing,3,0.36292455,0.27283484,0.2993501,0.4087145,0.28096512,0.71440536,0.43232942,Third-Party Sharing
1708_foxsports.com,29,Data Collection|Third-Party Sharing,3,0.4249536,0.27557603,0.37503308,0.3473284,0.27245507,0.6697749,0.2839854,Third-Party Sharing
1708_foxsports.com,30,Third-Party Sharing,3,0.33266062,0.23862119,0.3265637,0.38626918,0.28965262,0.7684832,0.35381112,Third-Party Sharing
1708_foxsports.com,31,Data Collection|Third-Party Sharing,3,0.5335378,0.34820598,0.3446057,0.45141047,0.23578674,0.65836424,0.25806996,Data Collection|Third-Party Sharing
1708_foxsports.com,32,Data Security,3,0.31918994,0.28733972,0.6085593,0.4040771,0.23480478,0.28608003,0.27816153,Data Security
1708_foxsports.com,33,User Control & Deletion,3,0.33862022,0.32545587,0.28513387,0.5221751,0.28092682,0.29272684,0.69160384,Other/Unclear|User Control & Deletion
1708_foxsports.com,34,Other/Unclear|User Control & Deletion,3,0.3166539,0.41988373,0.23959385,0.61257327,0.26540402,0.47261384,0.612761,Other/Unclear|User Control & Deletion
1708_foxsports.com,35,Data Retention,3,0.28298897,0.752025,0.34383532,0.38032582,0.3111502,0.3437289,0.37365106,Data Retention
1708_foxsports.com,36,Data Retention|Other/Unclear,3,0.46168426,0.54275227,0.31070873,0.4549137,0.26837352,0.44768268,0.5639323,Data Retention|User Control & Deletion
1708_foxsports.com,37,Data Security|Other/Unclear,3,0.5297412,0.32748124,0.40956408,0.46932656,0.24601594,0.4338673,0.32174626,Data Collection
1708_foxsports.com,38,Other/Unclear,3,0.257071,0.33042637,0.26236883,0.826306,0.34285524,0.212361,0.35314947,Other/Unclear
1713_latinpost.com,0,Other/Unclear,1,0.2527086,0.25019374,0.29433385,0.74238455,0.68614066,0.26010764,0.27278814,Other/Unclear|Policy Change
1713_latinpost.com,1,Other/Unclear,1,0.2393305,0.25665328,0.50500894,0.7643,0.41577455,0.29440373,0.37658048,Data Security|Other/Unclear
1713_latinpost.com,2,Data Collection|Other/Unclear,1,0.5688063,0.34566778,0.36096284,0.5165033,0.36041027,0.51560384,0.34017375,Data Collection|Other/Unclear|Third-Party Sharing
1713_latinpost.com,3,Other/Unclear|User Control & Deletion,1,0.44221646,0.3357078,0.31159478,0.65857714,0.41746607,0.32204676,0.48836967,Other/Unclear
1713_latinpost.com,4,Other/Unclear,1,0.47737747,0.34065658,0.40216848,0.6552717,0.38818365,0.41859803,0.4142168,Other/Unclear
1713_latinpost.com,5,Other/Unclear|Third-Party Sharing,1,0.4370298,0.3438074,0.48532644,0.6141673,0.31509557,0.42647663,0.3473913,Other/Unclear
1713_latinpost.com,6,Data Collection|Other/Unclear,1,0.58135384,0.26958492,0.30746216,0.60744977,0.22322352,0.37660962,0.32946244,Data Collection|Other/Unclear
1713_latinpost.com,7,Data Collection,1,0.76996666,0.3555707,0.27783775,0.32138997,0.24211887,0.39744684,0.33701673,Data Collection
1713_latinpost.com,8,Data Collection|Data Security,1,0.7432943,0.31615153,0.36993402,0.22493969,0.2592072,0.5284463,0.43333635,Data Collection|Third-Party Sharing
1713_latinpost.com,9,Data Collection|Other/Unclear|User Control & Deletion,1,0.6782898,0.28995845,0.22651096,0.46688384,0.33163914,0.3877021,0.4271599,Data Collection
1713_latinpost.com,10,Data Collection|Third-Party Sharing,1,0.7498636,0.304389,0.2884064,0.3499648,0.24689616,0.5232871,0.2640193,Data Collection|Third-Party Sharing
1713_latinpost.com,11,Data Collection|Other/Unclear,1,0.8423727,0.2546707,0.29081717,0.32876626,0.21716347,0.5659086,0.25964785,Data Collection|Third-Party Sharing
1713_latinpost.com,12,Data Collection|Other/Unclear,1,0.61957866,0.23667699,0.27277032,0.322028,0.31309342,0.40906814,0.42413723,Data Collection
1713_latinpost.com,13,Other/Unclear|Third-Party Sharing,1,0.44475797,0.28268948,0.3183626,0.34993857,0.27547276,0.689155,0.28362626,Third-Party Sharing
1713_latinpost.com,14,Data Security|Third-Party Sharing|User Control & Deletion,1,0.33541334,0.2897407,0.43544006,0.49542558,0.27808827,0.78363705,0.48010728,Third-Party Sharing
1713_latinpost.com,15,Third-Party Sharing,1,0.2774354,0.28525385,0.32976076,0.39865083,0.32596886,0.69792336,0.2670614,Third-Party Sharing
1713_latinpost.com,16,Data Collection|Third-Party Sharing,1,0.66666496,0.28114015,0.33992508,0.5179853,0.25852078,0.4296313,0.336678,Data Collection|Other/Unclear
1713_latinpost.com,17,Data Collection|Third-Party Sharing,1,0.5261288,0.28448585,0.3028122,0.51129323,0.27368888,0.6469703,0.35761416,Data Collection|Other/Unclear|Third-Party Sharing
1713_latinpost.com,18,Data Collection|Third-Party Sharing,1,0.53761876,0.29564488,0.36994052,0.4696894,0.25492284,0.3644537,0.35724336,Data Collection
1713_latinpost.com,19,Data Collection|Third-Party Sharing,1,0.4685077,0.3048377,0.31174052,0.40382016,0.3256549,0.44832414,0.3772047,
1713_latinpost.com,20,Data Collection|Third-Party Sharing,1,0.5535255,0.28127542,0.23489434,0.40982443,0.27833253,0.5216376,0.34500715,Data Collection|Third-Party Sharing
1713_latinpost.com,21,Data Collection|Third-Party Sharing,1,0.44033843,0.38645086,0.33763468,0.64843035,0.26721546,0.34577382,0.27744028,Other/Unclear
1713_latinpost.com,22,Data Collection|Third-Party Sharing,1,0.46528086,0.30137044,0.23047495,0.37924528,0.5278861,0.28264698,0.28939217,Policy Change
1713_latinpost.com,23,Data Collection|Third-Party Sharing,1,0.6021899,0.28016776,0.2827382,0.31831196,0.2858816,0.49628517,0.28553256,Data Collection
1713_latinpost.com,24,Data Collection|Third-Party Sharing,1,0.586205,0.2686989,0.27925438,0.35867098,0.29229367,0.30995128,0.32285058,Data Collection
1713_latinpost.com,25,Data Collection|Third-Party Sharing,1,0.49896312,0.31475052,0.3050773,0.3619691,0.3003408,0.2949611,0.38350016,
1713_latinpost.com,26,Data Collection|Third-Party Sharing,1,0.43002543,0.28209737,0.3265215,0.41643578,0.29346868,0.34077612,0.28740758,
1713_latinpost.com,27,Data Collection|Third-Party Sharing,1,0.5670369,0.2573278,0.33682016,0.47078705,0.2543591,0.4298239,0.31806645,Data Collection
1713_latinpost.com,28,Data Collection|Third-Party Sharing,1,0.7606893,0.29003552,0.25011685,0.33977476,0.25876948,0.6165042,0.2570898,Data Collection|Third-Party Sharing
1713_latinpost.com,29,Other/Unclear|Third-Party Sharing|User Control & Deletion,1,0.23716393,0.26862395,0.41354436,0.83711046,0.3191487,0.63858503,0.39441854,Other/Unclear|Third-Party Sharing
1713_latinpost.com,30,Other/Unclear|User Control & Deletion,1,0.34868822,0.2701828,0.2671516,0.554626,0.23404785,0.24810115,0.8067181,Other/Unclear|User Control & Deletion
1713_latinpost.com,31,Other/Unclear|User Control & Deletion,1,0.38213077,0.2429112,0.2792135,0.5601864,0.22750294,0.30885032,0.77327937,Other/Unclear|User Control & Deletion
1713_latinpost.com,32,Other/Unclear|User Control & Deletion,1,0.37631935,0.23479772,0.33069086,0.6063005,0.24307503,0.3548445,0.5226798,Other/Unclear|User Control & Deletion
1713_latinpost.com,33,Data Collection|Other/Unclear|Third-Party Sharing|User Control & Deletion,1,0.3731453,0.36294737,0.27628353,0.54281664,0.26183844,0.49566662,0.5187245,Other/Unclear|User Control & Deletion
1713_latinpost.com,34,Other/Unclear|User Control & Deletion,1,0.33106467,0.2449103,0.37029755,0.5716777,0.26194432,0.7092778,0.3651876,Other/Unclear|Third-Party Sharing
1713_latinpost.com,35,Third-Party Sharing,1,0.58805513,0.2550824,0.31170917,0.40893936,0.26888767,0.6351323,0.24923325,Data Collection|Third-Party Sharing
1713_latinpost.com,36,Other/Unclear|User Control & Deletion,1,0.26799163,0.23532583,0.39766374,0.6720713,0.22371906,0.60053194,0.63034654,Other/Unclear|Third-Party Sharing|User Control & Deletion
1713_latinpost.com,37,Third-Party Sharing,1,0.2700351,0.24300022,0.4567831,0.5463407,0.29516727,0.6742447,0.49858472,Other/Unclear|Third-Party Sharing
1713_latinpost.com,38,Other/Unclear|User Control & Deletion,1,0.53124267,0.3290319,0.2909145,0.51597196,0.26381832,0.43172267,0.7078699,Data Collection|Other/Unclear|User Control & Deletion
1713_latinpost.com,39,Other/Unclear|User Control & Deletion,1,0.429072,0.23794176,0.3785071,0.6966954,0.2528805,0.2852424,0.57206446,Other/Unclear|User Control & Deletion
1713_latinpost.com,40,Other/Unclear|User Control & Deletion,1,0.48490062,0.26452702,0.3261365,0.46086574,0.28385085,0.4537659,0.35089207,
1713_latinpost.com,41,Other/Unclear|User Control & Deletion,1,0.5086372,0.251755,0.31353605,0.4745967,0.25104535,0.39028057,0.7355295,Data Collection|User Control & Deletion
1713_latinpost.com,42,Other/Unclear|User Control & Deletion,1,0.54299855,0.2811205,0.34537277,0.4227771,0.25123814,0.3458617,0.6475373,Data Collection|User Control & Deletion
1713_latinpost.com,43,Data Security|Other/Unclear,1,0.3565,0.23387262,0.59731495,0.75859016,0.3020376,0.30172187,0.3450658,Data Security|Other/Unclear
1713_latinpost.com,44,Other/Unclear|User Control & Deletion,1,0.4057761,0.30745244,0.3383829,0.4920488,0.26455906,0.4341699,0.57779706,User Control & Deletion
1713_latinpost.com,45,Other/Unclear|User Control & Deletion,1,0.3950478,0.2650258,0.37726235,0.69872856,0.28355464,0.5545057,0.64788884,Other/Unclear|Third-Party Sharing|User Control & Deletion
1713_latinpost.com,46,Data Collection|Third-Party Sharing|User Control & Deletion,1,0.7430871,0.32086712,0.2353213,0.4372195,0.31432337,0.5005499,0.39153367,Data Collection|Third-Party Sharing
1713_latinpost.com,47,Data Security|Other/Unclear,1,0.48141712,0.31067574,0.4231439,0.57789934,0.23539825,0.44062608,0.37790346,Other/Unclear
1713_latinpost.com,48,Other/Unclear,1,0.46528518,0.31884483,0.38714603,0.5503751,0.31162575,0.45562738,0.40267023,Other/Unclear
1713_latinpost.com,49,User Control & Deletion,1,0.47070673,0.31073716,0.29414594,0.53196925,0.32769206,0.42947933,0.41193148,Other/Unclear
1713_latinpost.com,50,Data Collection|Other/Unclear|User Control & Deletion,1,0.5361133,0.34307778,0.3191897,0.4507346,0.29872376,0.34009427,0.5805248,Data Collection|User Control & Deletion
1713_latinpost.com,51,Data Collection|Other/Unclear|User Control & Deletion,1,0.56863415,0.32160684,0.3484595,0.5154704,0.3673581,0.3587676,0.5722405,Data Collection|Other/Unclear|User Control & Deletion
1713_latinpost.com,52,Data Collection|Other/Unclear|User Control & Deletion,1,0.529029,0.3125194,0.36632106,0.5035507,0.33038092,0.36819002,0.5131509,Data Collection|Other/Unclear|User Control & Deletion
1713_latinpost.com,53,Other/Unclear|User Control & Deletion,1,0.47482955,0.3164083,0.2612298,0.5173838,0.3309909,0.3897635,0.62791175,Other/Unclear|User Control & Deletion
1713_latinpost.com,54,User Control & Deletion,1,0.4899749,0.36959285,0.38461137,0.5194973,0.33855215,0.42856228,0.63600963,Other/Unclear|User Control & Deletion
1713_latinpost.com,55,Data Collection|Other/Unclear|Policy Change,1,0.39986083,0.2934256,0.31388277,0.5435355,0.45891976,0.4314457,0.3597831,Other/Unclear
1713_latinpost.com,56,Data Collection|Data Security|Policy Change|Third-Party Sharing,1,0.4424543,0.37914953,0.44779983,0.55485076,0.28105018,0.80464995,0.38147315,Other/Unclear|Third-Party Sharing
1713_latinpost.com,57,Third-Party Sharing,1,0.354731,0.23463963,0.33564323,0.54655385,0.30807677,0.74605227,0.47041792,Other/Unclear|Third-Party Sharing
1713_latinpost.com,58,Third-Party Sharing,1,0.34438488,0.29863745,0.25140503,0.38195756,0.24223736,0.5622319,0.6657912,Third-Party Sharing|User Control & Deletion
1713_latinpost.com,59,Other/Unclear|Third-Party Sharing,1,0.44569555,0.32345814,0.35659754,0.47899747,0.30993682,0.56802917,0.3474348,Third-Party Sharing
1713_latinpost.com,60,Other/Unclear|Third-Party Sharing|User Control & Deletion,1,0.4922158,0.3000333,0.24003842,0.5866556,0.26000538,0.72836965,0.41894868,Other/Unclear|Third-Party Sharing
1713_latinpost.com,61,Third-Party Sharing,1,0.37844056,0.3316409,0.52058285,0.45439297,0.2466745,0.755009,0.37640128,Data Security|Third-Party Sharing
1713_latinpost.com,62,Third-Party Sharing,1,0.31869754,0.27918133,0.3500307,0.4980452,0.23046301,0.63712776,0.38397288,Third-Party Sharing
1713_latinpost.com,63,Third-Party Sharing,1,0.32601076,0.26412717,0.2090806,0.39357692,0.24946132,0.6322046,0.31034613,Third-Party Sharing
1713_latinpost.com,64,Third-Party Sharing,1,0.4160025,0.27101308,0.24653067,0.58888316,0.41639325,0.41432568,0.33768463,Other/Unclear
1713_latinpost.com,65,Third-Party Sharing,1,0.52095294,0.36066282,0.28005946,0.3428423,0.28145722,0.49951756,0.28526786,Data Collection
1713_latinpost.com,66,Other/Unclear|Third-Party Sharing,1,0.24378625,0.30883014,0.31016243,0.71373624,0.2523747,0.70294404,0.5485786,Other/Unclear|Third-Party Sharing|User Control & Deletion
1713_latinpost.com,67,Third-Party Sharing,1,0.3314121,0.37491205,0.33093587,0.38573557,0.3645646,0.6685097,0.28613964,Third-Party Sharing
1713_latinpost.com,68,Third-Party Sharing,1,0.22262342,0.28230086,0.28829697,0.49041605,0.25721592,0.644241,0.28272372,Third-Party Sharing
1713_latinpost.com,69,Third-Party Sharing,1,0.28199235,0.26618484,0.38310298,0.5715523,0.2804074,0.85089105,0.3794766,Other/Unclear|Third-Party Sharing
1713_latinpost.com,70,User Control & Deletion,1,0.490746,0.55152744,0.3256029,0.36946863,0.31807914,0.3782904,0.6736424,Data Retention|User Control & Deletion
1713_latinpost.com,71,User Control & Deletion,1,0.3342202,0.23431501,0.26117253,0.4689238,0.25203994,0.25676206,0.63438725,User Control & Deletion
1713_latinpost.com,72,Data Retention|Other/Unclear|User Control & Deletion,1,0.49233523,0.4269227,0.29600215,0.6205297,0.2603224,0.33849636,0.38253173,Other/Unclear
1713_latinpost.com,73,Policy Change|User Control & Deletion,1,0.36028227,0.31487566,0.3838093,0.51289696,0.22607917,0.371542,0.45190814,Other/Unclear
1713_latinpost.com,74,Other/Unclear|User Control & Deletion,1,0.36355764,0.30192298,0.25329468,0.6804173,0.2700679,0.37004435,0.38585237,Other/Unclear
1713_latinpost.com,75,Other/Unclear|User Control & Deletion,1,0.5489876,0.485516,0.2931291,0.6394891,0.31315345,0.33422494,0.49944445,Data Collection|Other/Unclear
1713_latinpost.com,76,Data Security,1,0.29986653,0.34248292,0.84503096,0.42211014,0.23830669,0.37051114,0.3330541,Data Security
1713_latinpost.com,77,Data Security|Other/Unclear,1,0.4984078,0.3790527,0.5840084,0.601051,0.25788704,0.3024578,0.44731918,Data Security|Other/Unclear
1713_latinpost.com,78,Other/Unclear|User Control & Deletion,1,0.34913024,0.28963116,0.2963369,0.6463237,0.23945346,0.45716587,0.5562097,Other/Unclear|User Control & Deletion
1713_latinpost.com,79,Other/Unclear|User Control & Deletion,1,0.27211097,0.23214924,0.21296072,0.76559275,0.30218667,0.2520257,0.5896868,Other/Unclear|User Control & Deletion
1713_latinpost.com,80,Other/Unclear,1,0.3918253,0.29168293,0.30450642,0.7216047,0.27155915,0.23009717,0.41922435,Other/Unclear
1713_latinpost.com,81,Policy Change,1,0.26802206,0.3092281,0.24900244,0.57154787,0.7865695,0.32075053,0.30628896,Other/Unclear|Policy Change
1713_latinpost.com,82,Other/Unclear,1,0.38244453,0.4250131,0.44482368,0.59715825,0.3265484,0.35594332,0.49051392,Other/Unclear
1713_latinpost.com,83,Data Security|Other/Unclear,1,0.54897416,0.37106818,0.3900432,0.41343212,0.3148198,0.3791643,0.40006104,Data Collection
1713_latinpost.com,84,Data Security|Other/Unclear|Third-Party Sharing,1,0.38007742,0.346891,0.40336534,0.600004,0.30260548,0.580744,0.49118298,Other/Unclear|Third-Party Sharing
1713_latinpost.com,85,Other/Unclear,1,0.25833032,0.27303833,0.24540365,0.78928715,0.33598512,0.30833882,0.39768237,Other/Unclear
1713_latinpost.com,86,Other/Unclear,1,0.3632254,0.32126498,0.32570925,0.68624234,0.39074743,0.29191595,0.24427429,Other/Unclear
1713_latinpost.com,87,Other/Unclear,1,0.35080063,0.31503114,0.29605713,0.6635688,0.4890435,0.37143043,0.4090518,Other/Unclear
1713_latinpost.com,88,Other/Unclear,1,0.2653382,0.26229924,0.34376627,0.6118544,0.6617721,0.27683508,0.28948045,Other/Unclear|Policy Change
186_abcnews.com,0,Other/Unclear,4,0.50301677,0.269373,0.34513852,0.655592,0.3035606,0.35394347,0.2805811,Data Collection|Other/Unclear
186_abcnews.com,1,Data Security|Other/Unclear,4,0.27863508,0.25025928,0.48161563,0.7752594,0.31953865,0.3621946,0.31869203,Other/Unclear
186_abcnews.com,2,Other/Unclear|Policy Change,4,0.22492109,0.24676996,0.2682122,0.7481704,0.6646243,0.24133764,0.26466417,Other/Unclear|Policy Change
186_abcnews.com,3,Other/Unclear,4,0.37458843,0.33565238,0.3997359,0.5886309,0.39605215,0.4103761,0.34454846,Other/Unclear
186_abcnews.com,4,Data Collection|Other/Unclear,4,0.6863889,0.28057602,0.23216744,0.47453132,0.26245517,0.3020117,0.22255455,Data Collection
186_abcnews.com,5,Data Collection,4,0.65419585,0.4017104,0.25795165,0.46594357,0.24575667,0.24378146,0.33501709,Data Collection
186_abcnews.com,6,Data Collection,4,0.6624553,0.31873897,0.34046295,0.41454297,0.20066679,0.34957466,0.29944703,Data Collection
186_abcnews.com,7,Data Collection,4,0.5558551,0.3290121,0.36237317,0.4813559,0.26111484,0.3868235,0.26467964,Data Collection
186_abcnews.com,8,Data Collection,4,0.54491633,0.32651842,0.27616274,0.3870881,0.26998863,0.50863,0.28012928,Data Collection|Third-Party Sharing
186_abcnews.com,9,Data Collection,4,0.5853676,0.3383532,0.35306203,0.40582305,0.23578155,0.44907725,0.35294452,Data Collection
186_abcnews.com,10,Data Collection,4,0.6300082,0.34402862,0.30298063,0.35764754,0.2314975,0.3522474,0.25357673,Data Collection
186_abcnews.com,11,Data Collection,4,0.686716,0.31371292,0.39507827,0.40989092,0.22822131,0.3722794,0.26866987,Data Collection
186_abcnews.com,12,Data Collection|Other/Unclear|Third-Party Sharing,4,0.5683607,0.36538446,0.31374562,0.666761,0.28194782,0.40471178,0.28538063,Data Collection|Other/Unclear
186_abcnews.com,13,Data Collection|Other/Unclear,4,0.5954241,0.25519612,0.32071242,0.50502783,0.22994442,0.30969977,0.34475213,Data Collection|Other/Unclear
186_abcnews.com,14,Data Collection,4,0.38386294,0.36502224,0.31729567,0.47071975,0.2641009,0.6128583,0.3531019,Third-Party Sharing
186_abcnews.com,15,Data Collection|Other/Unclear|Policy Change|Third-Party Sharing,4,0.6025761,0.3371561,0.37007594,0.41829038,0.3347504,0.49456072,0.3557317,Data Collection
186_abcnews.com,16,Third-Party Sharing,4,0.45109865,0.25875068,0.38151494,0.42521474,0.2213162,0.8317855,0.40888044,Third-Party Sharing
186_abcnews.com,17,Other/Unclear|Third-Party Sharing,4,0.42815095,0.26782385,0.38898346,0.38600078,0.22835734,0.8569599,0.2602658,Third-Party Sharing
186_abcnews.com,18,User Control & Deletion,4,0.39135692,0.3871495,0.26418474,0.36779377,0.28720394,0.40009004,0.7132235,User Control & Deletion
186_abcnews.com,19,Data Collection|Other/Unclear|User Control & Deletion,4,0.35769764,0.36095175,0.2812081,0.48269087,0.25160494,0.3206083,0.6494733,User Control & Deletion
186_abcnews.com,20,Data Collection|Other/Unclear,4,0.6153199,0.27646318,0.40373227,0.6572031,0.2782491,0.33233044,0.28156063,Data Collection|Other/Unclear
186_abcnews.com,21,Data Collection|Other/Unclear|Third-Party Sharing,4,0.40794015,0.27323195,0.3121838,0.5411079,0.2737599,0.38128462,0.16256736,Other/Unclear
186_abcnews.com,22,Other/Unclear,4,0.570242,0.27650398,0.2947828,0.6276611,0.23965696,0.401307,0.43616736,Data Collection|Other/Unclear
186_abcnews.com,23,Data Collection|Other/Unclear,4,0.5504485,0.35585773,0.39212793,0.5606827,0.24110547,0.29884574,0.2641141,Data Collection|Other/Unclear
186_abcnews.com,24,Other/Unclear|User Control & Deletion,4,0.3379708,0.3092654,0.34600708,0.5893666,0.28049436,0.28938413,0.5900801,Other/Unclear|User Control & Deletion
186_abcnews.com,25,Other/Unclear,4,0.25792557,0.23837368,0.3210219,0.81923705,0.30327037,0.21392591,0.27621135,Other/Unclear
186_abcnews.com,26,Data Retention|Data Security,4,0.22322382,0.51799184,0.6769117,0.35068488,0.31189153,0.275708,0.29829255,Data Retention|Data Security
186_abcnews.com,27,Data Security|Other/Unclear,4,0.30457076,0.28914735,0.5606512,0.6158217,0.29090834,0.41915074,0.31429124,Data Security|Other/Unclear
186_abcnews.com,28,Policy Change,4,0.37772188,0.34387636,0.31183517,0.30278477,0.66879433,0.36644432,0.29001758,Policy Change
186_abcnews.com,29,Other/Unclear,4,0.28289983,0.32323974,0.30762386,0.77908224,0.24437717,0.33116424,0.28069556,Other/Unclear
186_abcnews.com,30,Other/Unclear|User Control & Deletion,4,0.2193313,0.2895918,0.24410619,0.68233514,0.2850297,0.3484398,0.57579553,Other/Unclear|User Control & Deletion
186_abcnews.com,31,Other/Unclear,4,0.47950286,0.25163636,0.27125233,0.5393627,0.23335044,0.43201897,0.26452196,Other/Unclear
186_abcnews.com,32,Other/Unclear,4,0.4697474,0.26655093,0.275803,0.5935649,0.24439462,0.41838834,0.28360915,Other/Unclear
186_abcnews.com,33,Other/Unclear,4,0.42001376,0.31275806,0.37491164,0.5862406,0.25891978,0.6097166,0.29374772,Other/Unclear|Third-Party Sharing
186_abcnews.com,34,Other/Unclear,4,0.2855381,0.25094184,0.26682183,0.80024284,0.33936536,0.27453148,0.3714709,Other/Unclear
186_abcnews.com,35,Other/Unclear,4,0.4272056,0.2974019,0.3850843,0.6987498,0.2402916,0.36575857,0.30120572,Other/Unclear
186_abcnews.com,36,Other/Unclear,4,0.4641976,0.3581416,0.4557655,0.53265274,0.2350531,0.616575,0.39573145,Other/Unclear|Third-Party Sharing
186_abcnews.com,37,Data Collection|Other/Unclear,4,0.7347252,0.33529165,0.2860702,0.4985963,0.22808738,0.40192685,0.28482485,Data Collection
186_abcnews.com,38,Other/Unclear,4,0.25588742,0.27157664,0.28469712,0.503234,0.25912222,0.55788267,0.31021214,Other/Unclear|Third-Party Sharing
186_abcnews.com,39,Other/Unclear|Policy Change,4,0.465677,0.30795023,0.25794336,0.5078297,0.49373096,0.3405299,0.27677262,Other/Unclear
186_abcnews.com,40,Other/Unclear,4,0.27041048,0.28031114,0.26006353,0.6368954,0.29796678,0.31128085,0.33227235,Other/Unclear
186_abcnews.com,41,Other/Unclear,4,0.61549205,0.30480072,0.29282087,0.6040803,0.24762526,0.45867452,0.3306404,Data Collection|Other/Unclear
186_abcnews.com,42,Data Collection|Third-Party Sharing|User Control & Deletion,4,0.47656217,0.31174827,0.37259445,0.5741764,0.259333,0.55118495,0.40418282,Other/Unclear|Third-Party Sharing
186_abcnews.com,43,Other/Unclear,4,0.38136807,0.21359181,0.3171474,0.5344914,0.27211788,0.4942063,0.27500698,Other/Unclear
186_abcnews.com,44,Other/Unclear,4,0.3172075,0.2483836,0.27093565,0.70401603,0.32839987,0.16846806,0.275025,Other/Unclear
186_abcnews.com,45,Other/Unclear,4,0.42209244,0.23197255,0.24755622,0.5820737,0.25313503,0.29365492,0.38486406,Other/Unclear
186_abcnews.com,46,Data Security|Other/Unclear,4,0.23380572,0.2792862,0.5247291,0.7339528,0.28323466,0.25049552,0.2747688,Data Security|Other/Unclear
200_washingtonpost.com,0,Other/Unclear,2,0.36495012,0.25261813,0.27842695,0.6306081,0.3462186,0.35264888,0.26967326,Other/Unclear
200_washingtonpost.com,1,Other/Unclear,2,0.30183318,0.22711894,0.4332076,0.725455,0.2969549,0.34731403,0.2763252,Other/Unclear
200_washingtonpost.com,2,Other/Unclear,2,0.116568,0.2694373,0.4680837,0.6646696,0.48315227,0.25536963,0.30414194,Other/Unclear
200_washingtonpost.com,3,Data Collection,2,0.74857044,0.23589158,0.271731,0.4542768,0.2449755,0.38828275,0.2564806,Data Collection
200_washingtonpost.com,4,Other/Unclear,2,0.5912796,0.2218831,0.31852868,0.42854938,0.23132122,0.29759786,0.37549344,Data Collection
200_washingtonpost.com,5,Data Collection,2,0.8545439,0.33215553,0.32437995,0.21764177,0.24081986,0.36727145,0.3048103,Data Collection
200_washingtonpost.com,6,Data Collection,2,0.71335024,0.3036201,0.2512677,0.4494017,0.24520014,0.526706,0.33488753,Data Collection|Third-Party Sharing
200_washingtonpost.com,7,Data Collection,2,0.7861352,0.28736416,0.28020152,0.37777787,0.26141158,0.33799812,0.3798351,Data Collection
200_washingtonpost.com,8,Data Collection,2,0.73458487,0.24818961,0.23172891,0.3952801,0.21469447,0.48800385,0.2937265,Data Collection
200_washingtonpost.com,9,Data Collection|User Control & Deletion,2,0.7250727,0.26757306,0.23265861,0.38251552,0.27329993,0.31759393,0.51100105,Data Collection|User Control & Deletion
200_washingtonpost.com,10,Data Collection,2,0.6632611,0.20487453,0.25956422,0.32460123,0.30204526,0.38767117,0.40202358,Data Collection
200_washingtonpost.com,11,Data Collection|Other/Unclear|User Control & Deletion,2,0.5352344,0.2568909,0.22713937,0.41421258,0.27509922,0.46326405,0.54437965,Data Collection|User Control & Deletion
200_washingtonpost.com,12,Data Collection,2,0.5438257,0.25801814,0.2852863,0.42602456,0.26108342,0.61425436,0.448928,Data Collection|Third-Party Sharing
200_washingtonpost.com,13,Data Collection,2,0.6938909,0.2602946,0.2813825,0.34568712,0.30856797,0.47963268,0.24074136,Data Collection
200_washingtonpost.com,14,Data Collection,2,0.503346,0.26211175,0.35653675,0.28557193,0.27664205,0.64658827,0.23026167,Data Collection|Third-Party Sharing
200_washingtonpost.com,15,Data Collection,2,0.42848507,0.29274192,0.27623588,0.4275664,0.27600756,0.53949744,0.43013993,Third-Party Sharing
200_washingtonpost.com,16,Other/Unclear,2,0.31077212,0.25336796,0.28682598,0.45698178,0.24568804,0.56658125,0.26102874,Third-Party Sharing
200_washingtonpost.com,17,Third-Party Sharing,2,0.27341104,0.24824789,0.31957594,0.41537923,0.24270184,0.7492726,0.21394485,Third-Party Sharing
200_washingtonpost.com,18,Other/Unclear|Third-Party Sharing,2,0.37923762,0.29496112,0.32383993,0.5974772,0.23269407,0.76969314,0.34157735,Other/Unclear|Third-Party Sharing
200_washingtonpost.com,19,Third-Party Sharing,2,0.27699214,0.34112445,0.37068215,0.29220092,0.2080487,0.78531516,0.2709671,Third-Party Sharing
200_washingtonpost.com,20,Third-Party Sharing,2,0.43178585,0.32836822,0.29486856,0.205567,0.23138872,0.76190895,0.2087958,Third-Party Sharing
200_washingtonpost.com,21,Other/Unclear|Third-Party Sharing|User Control & Deletion,2,0.4242193,0.32203424,0.28423896,0.60397005,0.32024822,0.53435344,0.45572063,Other/Unclear|Third-Party Sharing
200_washingtonpost.com,22,Data Collection|Third-Party Sharing,2,0.5218319,0.26529965,0.23455976,0.56121016,0.258635,0.5994656,0.32616088,Data Collection|Other/Unclear|Third-Party Sharing
200_washingtonpost.com,23,Third-Party Sharing,2,0.27877408,0.24701536,0.2880455,0.32682937,0.286436,0.800564,0.2983148,Third-Party Sharing
200_washingtonpost.com,24,Third-Party Sharing,2,0.21070008,0.21878119,0.25127417,0.44026676,0.27291912,0.67308456,0.5148951,Third-Party Sharing|User Control & Deletion
200_washingtonpost.com,25,Third-Party Sharing,2,0.4502105,0.3559694,0.29574525,0.42199934,0.2727176,0.56779647,0.29087442,Third-Party Sharing
200_washingtonpost.com,26,Other/Unclear,2,0.2475178,0.26321933,0.43031514,0.7844235,0.2972258,0.59182215,0.22327451,Other/Unclear|Third-Party Sharing
200_washingtonpost.com,27,User Control & Deletion,2,0.34291443,0.31670988,0.29005852,0.3994848,0.2731276,0.2793584,0.76295656,User Control & Deletion
200_washingtonpost.com,28,Data Collection|Other/Unclear|User Control & Deletion,2,0.416426,0.2925617,0.24787973,0.43882927,0.24450903,0.30977967,0.687309,User Control & Deletion
200_washingtonpost.com,29,User Control & Deletion,2,0.36488113,0.2496561,0.27995807,0.5295656,0.28626978,0.45807195,0.6408501,Other/Unclear|User Control & Deletion
200_washingtonpost.com,30,Data Security,2,0.27943033,0.3128616,0.7899072,0.35300905,0.26614645,0.23451075,0.29487455,Data Security
200_washingtonpost.com,31,Other/Unclear,2,0.46372116,0.3048236,0.23579372,0.7578939,0.33553603,0.30837688,0.32113045,Other/Unclear
200_washingtonpost.com,32,Other/Unclear,2,0.30842224,0.32141125,0.26065218,0.7188005,0.26872283,0.41885102,0.5403473,Other/Unclear|User Control & Deletion
200_washingtonpost.com,33,Other/Unclear,2,0.27626753,0.27333486,0.35425892,0.7531472,0.30127522,0.37366295,0.46692258,Other/Unclear
200_washingtonpost.com,34,Data Collection|Other/Unclear,2,0.38065374,0.30422997,0.30738053,0.74064296,0.32577014,0.40383953,0.4444352,Other/Unclear
200_washingtonpost.com,35,Policy Change,2,0.2576476,0.23026615,0.28795457,0.40126836,0.82480776,0.2755398,0.2204345,Policy Change
200_washingtonpost.com,36,Data Collection|Third-Party Sharing,2,0.7095658,0.26050603,0.22888479,0.4242384,0.26507133,0.5089131,0.35210127,Data Collection|Third-Party Sharing
200_washingtonpost.com,37,Data Collection|Other/Unclear|Third-Party Sharing,2,0.7230498,0.27194855,0.31835043,0.41242167,0.25093034,0.57407886,0.40498468,Data Collection|Third-Party Sharing
200_washingtonpost.com,38,Data Collection|User Control & Deletion,2,0.49654993,0.24656564,0.33660817,0.42422065,0.28737175,0.3642394,0.73237365,User Control & Deletion
200_washingtonpost.com,39,Data Collection|Third-Party Sharing,2,0.7180308,0.31220627,0.27350578,0.45248303,0.25217167,0.5054958,0.31902277,Data Collection|Third-Party Sharing
200_washingtonpost.com,40,Data Collection|Third-Party Sharing,2,0.58049,0.34826863,0.29658455,0.47908518,0.24291028,0.49760696,0.599733,Data Collection|User Control & Deletion
200_washingtonpost.com,41,Data Collection|Third-Party Sharing,2,0.47574982,0.26484922,0.2810876,0.5307272,0.2444608,0.52011317,0.5419841,Other/Unclear|Third-Party Sharing|User Control & Deletion
200_washingtonpost.com,42,User Control & Deletion,2,0.2304665,0.24225006,0.29438484,0.5806096,0.23914327,0.41663367,0.64531475,Other/Unclear|User Control & Deletion
207_reference.com,0,Other/Unclear|Policy Change,4,0.19117518,0.22465989,0.3052032,0.8168032,0.67450583,0.1814275,0.26654148,Other/Unclear|Policy Change
207_reference.com,1,Data Collection|Other/Unclear|Third-Party Sharing,4,0.6301228,0.28606778,0.33438656,0.573396,0.2444973,0.4129182,0.39976257,Data Collection|Other/Unclear
207_reference.com,2,Other/Unclear|Policy Change,4,0.26954734,0.27850673,0.22939825,0.63081926,0.54902786,0.25803426,0.27969015,Other/Unclear|Policy Change
207_reference.com,3,Data Collection,4,0.79080087,0.42027864,0.26352867,0.3172971,0.25893447,0.24274962,0.26042706,Data Collection
207_reference.com,4,Data Collection|Other/Unclear|Third-Party Sharing|User Control & Deletion,4,0.7155182,0.38510296,0.23422796,0.3940645,0.28898275,0.40452877,0.7308806,Data Collection|User Control & Deletion
207_reference.com,5,Data Collection,4,0.7672882,0.32040095,0.3370963,0.28661945,0.32565442,0.37950975,0.28405362,Data Collection
207_reference.com,6,Data Collection|Other/Unclear,4,0.61276764,0.3518466,0.20694202,0.41775054,0.24713764,0.2737425,0.6994882,Data Collection|User Control & Deletion
207_reference.com,7,Data Collection,4,0.6606682,0.2979572,0.29978874,0.52319056,0.26335168,0.27567294,0.44887093,Data Collection|Other/Unclear
207_reference.com,8,Data Collection,4,0.6775622,0.31633887,0.44892722,0.29324317,0.25264922,0.3846659,0.29172787,Data Collection
207_reference.com,9,Third-Party Sharing,4,0.34399784,0.29916903,0.42389652,0.5282882,0.26656887,0.6255688,0.3019073,Other/Unclear|Third-Party Sharing
207_reference.com,10,Third-Party Sharing,4,0.52684486,0.33803335,0.42591482,0.3886013,0.25748783,0.68897474,0.2212012,Data Collection|Third-Party Sharing
207_reference.com,11,Third-Party Sharing,4,0.6686935,0.2531834,0.37078243,0.49538714,0.2794104,0.5737225,0.35023108,Data Collection|Third-Party Sharing
207_reference.com,12,Third-Party Sharing,4,0.48065394,0.24963307,0.32906556,0.43616524,0.2806745,0.5482955,0.5764378,Third-Party Sharing|User Control & Deletion
207_reference.com,13,Third-Party Sharing,4,0.6072592,0.3067787,0.34905028,0.55404776,0.23647167,0.6905464,0.35012683,Data Collection|Other/Unclear|Third-Party Sharing
207_reference.com,14,Third-Party Sharing,4,0.55759746,0.29149687,0.2588058,0.36895028,0.2560102,0.5189755,0.28234273,Data Collection|Third-Party Sharing
207_reference.com,15,Third-Party Sharing,4,0.38977128,0.3058371,0.23603894,0.2753978,0.21123703,0.7589151,0.3139208,Third-Party Sharing
207_reference.com,16,Data Collection|Third-Party Sharing,4,0.67223144,0.37635568,0.41903228,0.48407325,0.27111542,0.4720175,0.32728392,Data Collection
207_reference.com,17,Data Collection|Third-Party Sharing,4,0.63717043,0.3272199,0.32401946,0.53978264,0.28600216,0.47259983,0.346712,Data Collection|Other/Unclear
207_reference.com,18,User Control & Deletion,4,0.35677725,0.24167918,0.26014528,0.5811975,0.26040006,0.40282947,0.8226022,Other/Unclear|User Control & Deletion
207_reference.com,19,Data Collection|Third-Party Sharing,4,0.69824797,0.26049647,0.24108584,0.470137,0.26911512,0.46816278,0.28302732,Data Collection
207_reference.com,20,Data Collection|Third-Party Sharing,4,0.62880635,0.32436952,0.31174427,0.52854633,0.30123988,0.40576902,0.3587221,Data Collection|Other/Unclear
207_reference.com,21,Other/Unclear|User Control & Deletion,4,0.35798004,0.26999745,0.31293482,0.6485243,0.30198976,0.45935553,0.44281968,Other/Unclear
207_reference.com,22,Other/Unclear,4,0.48482597,0.27647614,0.3679034,0.54943377,0.2940014,0.32034716,0.44366878,Other/Unclear
207_reference.com,23,Data Collection|Other/Unclear,4,0.6769414,0.24973756,0.27087045,0.5306397,0.28176978,0.27119654,0.2336441,Data Collection|Other/Unclear
207_reference.com,24,Other/Unclear,4,0.62115467,0.41645747,0.31883225,0.533704,0.25657597,0.32915685,0.38065904,Data Collection|Other/Unclear
207_reference.com,25,Data Security|Other/Unclear,4,0.4126006,0.29856855,0.31832558,0.5077779,0.2825955,0.33682176,0.3456749,Other/Unclear
207_reference.com,26,Data Security|Other/Unclear,4,0.48819095,0.33844274,0.4577626,0.50030845,0.26140022,0.41526315,0.43788075,Other/Unclear
207_reference.com,27,Other/Unclear,4,0.5927091,0.5554361,0.27721253,0.69981456,0.25391787,0.31059465,0.35418996,Data Collection|Data Retention|Other/Unclear
207_reference.com,28,Data Security|Other/Unclear,4,0.53808707,0.41574135,0.3340533,0.5965688,0.27751517,0.30773878,0.40955317,Data Collection|Other/Unclear
207_reference.com,29,Other/Unclear,4,0.33694467,0.3949592,0.3699688,0.74359566,0.36675736,0.21206681,0.39117128,Other/Unclear
207_reference.com,30,Other/Unclear,4,0.33591044,0.28349882,0.3048493,0.6321794,0.24807046,0.5181473,0.43045533,Other/Unclear|Third-Party Sharing
207_reference.com,31,Other/Unclear|Third-Party Sharing,4,0.27989593,0.27675,0.3592773,0.60240084,0.2937585,0.6078029,0.4952479,Other/Unclear|Third-Party Sharing
207_reference.com,32,Data Retention|Other/Unclear|User Control & Deletion,4,0.30083254,0.39701653,0.27488193,0.51501197,0.3719282,0.4502178,0.61315036,Other/Unclear|User Control & Deletion
207_reference.com,33,Other/Unclear|User Control & Deletion,4,0.28321853,0.23664407,0.23998405,0.6285942,0.274656,0.49418288,0.620739,Other/Unclear|User Control & Deletion
20_theatlantic.com,0,Other/Unclear,2,0.29788435,0.27748793,0.49516785,0.6897682,0.31564936,0.26222712,0.30570242,Other/Unclear
20_theatlantic.com,1,Other/Unclear,2,0.21274205,0.261692,0.35868898,0.8428717,0.28408027,0.51102054,0.24942525,Other/Unclear|Third-Party Sharing
20_theatlantic.com,2,Other/Unclear|Policy Change,2,0.37115565,0.34390178,0.28625825,0.46896774,0.7149064,0.2982114,0.6139557,Policy Change|User Control & Deletion
20_theatlantic.com,3,Data Collection,2,0.7534118,0.30839354,0.27784297,0.3825358,0.2510773,0.40629402,0.29558054,Data Collection
20_theatlantic.com,4,Data Collection|Other/Unclear,2,0.68230164,0.33500487,0.28968903,0.3259819,0.19457531,0.526144,0.5148948,Data Collection|Third-Party Sharing|User Control & Deletion
20_theatlantic.com,5,Data Collection,2,0.82298297,0.3263949,0.255083,0.24985234,0.21824367,0.36231837,0.25032628,Data Collection
20_theatlantic.com,6,Data Collection|Third-Party Sharing,2,0.6699742,0.3752723,0.25096402,0.4271599,0.25300512,0.6063842,0.4261296,Data Collection|Third-Party Sharing
20_theatlantic.com,7,Data Collection,2,0.7043829,0.4450032,0.2794075,0.34117982,0.25582728,0.42972234,0.33774424,Data Collection
20_theatlantic.com,8,Data Collection,2,0.5990009,0.37697637,0.270634,0.43635198,0.25177202,0.28824595,0.6071495,Data Collection|User Control & Deletion
20_theatlantic.com,9,Data Collection|Third-Party Sharing,2,0.72502774,0.32413042,0.2796308,0.43596992,0.21729831,0.59528315,0.3402905,Data Collection|Third-Party Sharing
20_theatlantic.com,10,Third-Party Sharing,2,0.66489154,0.21804178,0.3213656,0.338938,0.23570435,0.7989829,0.34292275,Data Collection|Third-Party Sharing
20_theatlantic.com,11,Other/Unclear|Third-Party Sharing,2,0.271977,0.27134126,0.2738182,0.61052483,0.3148877,0.6646561,0.4767436,Other/Unclear|Third-Party Sharing
20_theatlantic.com,12,Other/Unclear,2,0.3452341,0.27877787,0.31734475,0.67089915,0.33553317,0.2965613,0.41144633,Other/Unclear
20_theatlantic.com,13,Data Collection,2,0.8335146,0.31591436,0.24983107,0.35629237,0.4861645,0.49580705,0.28016314,Data Collection
20_theatlantic.com,14,Data Collection|Third-Party Sharing,2,0.55616444,0.32704082,0.26323548,0.54114634,0.27095702,0.33036616,0.32377148,Data Collection|Other/Unclear
20_theatlantic.com,15,Third-Party Sharing,2,0.37036538,0.4389426,0.30787748,0.57969487,0.33927932,0.5686162,0.49267507,Other/Unclear|Third-Party Sharing
20_theatlantic.com,16,Data Security|Third-Party Sharing,2,0.35099494,0.33485886,0.7345191,0.3846265,0.26083702,0.74010587,0.31350178,Data Security|Third-Party Sharing
20_theatlantic.com,17,Other/Unclear|Third-Party Sharing,2,0.44596508,0.2784688,0.33996794,0.5487884,0.26307085,0.6774496,0.5669301,Other/Unclear|Third-Party Sharing|User Control & Deletion
20_theatlantic.com,18,Third-Party Sharing,2,0.20572083,0.22155187,0.31789914,0.46778613,0.32599857,0.61969763,0.3297148,Third-Party Sharing
20_theatlantic.com,19,Third-Party Sharing,2,0.4065851,0.2928624,0.29935402,0.22392629,0.25756246,0.8447142,0.22728701,Third-Party Sharing
20_theatlantic.com,20,Third-Party Sharing,2,0.5317507,0.32089198,0.30735248,0.37828538,0.27705652,0.7625014,0.29944393,Data Collection|Third-Party Sharing
20_theatlantic.com,21,Other/Unclear|User Control & Deletion,2,0.23751183,0.23600952,0.29727632,0.48796076,0.26106572,0.34119764,0.62571853,User Control & Deletion
20_theatlantic.com,22,Data Collection|User Control & Deletion,2,0.45691976,0.27237168,0.25485277,0.47074357,0.29971057,0.37975872,0.62712336,User Control & Deletion
20_theatlantic.com,23,Other/Unclear|Third-Party Sharing|User Control & Deletion,2,0.29724956,0.30871132,0.2966471,0.5740695,0.20727806,0.58851993,0.56261915,Other/Unclear|Third-Party Sharing|User Control & Deletion
20_theatlantic.com,24,User Control & Deletion,2,0.3598481,0.26133108,0.2810367,0.49146718,0.24231382,0.39447156,0.7824879,User Control & Deletion
20_theatlantic.com,25,User Control & Deletion,2,0.3973792,0.2647772,0.25339723,0.54517174,0.25531912,0.2795436,0.67040944,Other/Unclear|User Control & Deletion
20_theatlantic.com,26,Other/Unclear,2,0.3116676,0.25214413,0.40281108,0.68689036,0.3787276,0.3497071,0.29545903,Other/Unclear
20_theatlantic.com,27,Other/Unclear,2,0.28039074,0.29686317,0.28938898,0.76395607,0.31856036,0.35153294,0.41350976,Other/Unclear
20_theatlantic.com,28,Data Security,2,0.23254229,0.25894675,0.8411402,0.48986697,0.2134337,0.31678975,0.36983612,Data Security
20_theatlantic.com,29,Data Retention,2,0.4260568,0.6376242,0.51869494,0.5094976,0.29686072,0.4150475,0.32606196,Data Retention|Data Security|Other/Unclear
20_theatlantic.com,30,Data Collection|Other/Unclear,2,0.6156665,0.31526443,0.27179822,0.57551444,0.3816797,0.5334999,0.3816456,Data Collection|Other/Unclear|Third-Party Sharing
20_theatlantic.com,31,Data Collection|Other/Unclear,2,0.34504318,0.27714953,0.2812185,0.8201639,0.3210205,0.21881735,0.36159316,Other/Unclear
20_theatlantic.com,32,Other/Unclear,2,0.25017816,0.2969495,0.32852983,0.7815248,0.2767868,0.3161836,0.54347473,Other/Unclear|User Control & Deletion
20_theatlantic.com,33,User Control & Deletion,2,0.20413071,0.33039153,0.27232006,0.6293271,0.33166677,0.23876636,0.5688401,Other/Unclear|User Control & Deletion
20_theatlantic.com,34,Other/Unclear,2,0.34193122,0.23604125,0.31649333,0.6485464,0.28172517,0.32897145,0.3075096,Other/Unclear
20_theatlantic.com,35,User Control & Deletion,2,0.48353022,0.47155976,0.28023097,0.28885356,0.38024724,0.5397438,0.6381735,Third-Party Sharing|User Control & Deletion
21_imdb.com,0,Other/Unclear,3,0.2581373,0.18528649,0.22860616,0.75224686,0.49743974,0.23799919,0.23667742,Other/Unclear
21_imdb.com,1,Other/Unclear|Policy Change,3,0.27674165,0.28820968,0.26530433,0.6293444,0.7060916,0.29201457,0.3401013,Other/Unclear|Policy Change
21_imdb.com,2,Other/Unclear,3,0.6628617,0.31263486,0.6448026,0.57337034,0.39820403,0.45247307,0.45568204,Data Collection|Data Security|Other/Unclear
21_imdb.com,3,Other/Unclear,3,0.26079962,0.25006184,0.34521854,0.69780344,0.6942997,0.33152348,0.44994295,Other/Unclear|Policy Change
21_imdb.com,4,Data Collection|Other/Unclear,3,0.63412577,0.2595969,0.28441617,0.35682976,0.26860678,0.23861042,0.27320412,Data Collection
21_imdb.com,5,Data Collection|Other/Unclear,3,0.71477824,0.7052145,0.28119817,0.31817365,0.30575746,0.38093215,0.6342851,Data Collection|Data Retention|User Control & Deletion
21_imdb.com,6,Data Collection|Other/Unclear,3,0.7219234,0.7116963,0.27583706,0.33087274,0.24892356,0.36573187,0.28654507,Data Collection|Data Retention
21_imdb.com,7,Data Collection|Other/Unclear|User Control & Deletion,3,0.6333835,0.27346113,0.2945065,0.5758493,0.28929517,0.37359178,0.6373538,Data Collection|Other/Unclear|User Control & Deletion
21_imdb.com,8,Data Collection|Other/Unclear,3,0.7463648,0.23857635,0.23776178,0.3249067,0.26461983,0.574971,0.59667635,Data Collection|Third-Party Sharing|User Control & Deletion
21_imdb.com,9,Data Collection|Other/Unclear,3,0.65267354,0.35272872,0.27154988,0.30464208,0.32693845,0.51448,0.34947175,Data Collection|Third-Party Sharing
21_imdb.com,10,Data Collection|Other/Unclear,3,0.7494978,0.23906954,0.30270526,0.42095926,0.2606664,0.48739517,0.42665842,Data Collection
21_imdb.com,11,User Control & Deletion,3,0.46320832,0.2723694,0.25935245,0.4836615,0.26170215,0.3851065,0.60431147,User Control & Deletion
21_imdb.com,12,Data Collection|Third-Party Sharing,3,0.6816544,0.24795268,0.31037033,0.38539922,0.2315539,0.58954716,0.25562963,Data Collection|Third-Party Sharing
21_imdb.com,13,Third-Party Sharing,3,0.59247947,0.28515154,0.38410515,0.531896,0.270304,0.7139782,0.33136612,Data Collection|Other/Unclear|Third-Party Sharing
21_imdb.com,14,Other/Unclear|Third-Party Sharing,3,0.35302958,0.28555715,0.3426699,0.5944518,0.27337858,0.64390075,0.34405956,Other/Unclear|Third-Party Sharing
21_imdb.com,15,Data Security|Third-Party Sharing,3,0.3191227,0.3152155,0.5933809,0.3688953,0.2676811,0.69263434,0.32789043,Data Security|Third-Party Sharing
21_imdb.com,16,Third-Party Sharing,3,0.6059427,0.3109446,0.2937162,0.58881086,0.26901254,0.6356512,0.63694525,Data Collection|Other/Unclear|Third-Party Sharing|User Control & Deletion
21_imdb.com,17,Third-Party Sharing,3,0.5278646,0.3121647,0.32732373,0.3502582,0.5320836,0.7262397,0.4763951,Data Collection|Policy Change|Third-Party Sharing
21_imdb.com,18,Third-Party Sharing,3,0.6250753,0.26691544,0.30769596,0.50606143,0.28519002,0.67743605,0.26300988,Data Collection|Other/Unclear|Third-Party Sharing
21_imdb.com,19,Other/Unclear|Third-Party Sharing|User Control & Deletion,3,0.32230836,0.20077896,0.29792228,0.5039248,0.32228032,0.7583598,0.61097014,Other/Unclear|Third-Party Sharing|User Control & Deletion
21_imdb.com,20,Other/Unclear|Third-Party Sharing,3,0.43595096,0.21006094,0.3156532,0.6653675,0.29239935,0.7204268,0.44691864,Other/Unclear|Third-Party Sharing
21_imdb.com,21,Data Collection|Other/Unclear|Third-Party Sharing,3,0.3903008,0.24414098,0.34274054,0.5435668,0.31654546,0.62786454,0.5456901,Other/Unclear|Third-Party Sharing|User Control & Deletion
21_imdb.com,22,Data Security,3,0.36395,0.24539232,0.63997597,0.41627198,0.25784275,0.45684856,0.35651737,Data Security
21_imdb.com,23,Data Security|Other/Unclear,3,0.33270624,0.24802324,0.6777313,0.38338712,0.27359408,0.33094564,0.3420458,Data Security
21_imdb.com,24,User Control & Deletion,3,0.39450693,0.26739064,0.36412194,0.4104378,0.28729653,0.32119465,0.6491457,User Control & Deletion
21_imdb.com,25,Data Retention|Other/Unclear|User Control & Deletion,3,0.43129647,0.5990219,0.27365595,0.35541508,0.29351655,0.27802718,0.6551085,Data Retention|User Control & Deletion
21_imdb.com,26,Other/Unclear|Policy Change|User Control & Deletion,3,0.36323547,0.2862547,0.29155135,0.43786797,0.62642276,0.2925466,0.7415634,Policy Change|User Control & Deletion
21_imdb.com,27,User Control & Deletion,3,0.45258385,0.24295665,0.31002837,0.39724937,0.30123734,0.3997005,0.69026214,User Control & Deletion
21_imdb.com,28,User Control & Deletion,3,0.45999718,0.28028035,0.2554951,0.47853422,0.26302814,0.38882917,0.6138401,User Control & Deletion
21_imdb.com,29,Other/Unclear,3,0.35959888,0.2174715,0.2506742,0.8008773,0.280844,0.25137767,0.36466068,Other/Unclear
21_imdb.com,30,Other/Unclear,3,0.33992818,0.25647134,0.6666466,0.72859275,0.28950027,0.3144777,0.2877468,Data Security|Other/Unclear
21_imdb.com,31,Other/Unclear,3,0.52588373,0.26477173,0.7031048,0.7303752,0.29748505,0.27971905,0.33807847,Data Collection|Data Security|Other/Unclear
21_imdb.com,32,Other/Unclear,3,0.31570148,0.2617741,0.696302,0.7570078,0.271088,0.25256196,0.34749356,Data Security|Other/Unclear
21_imdb.com,33,Other/Unclear,3,0.38560653,0.2970895,0.3270487,0.65202427,0.5314548,0.3321954,0.451712,Other/Unclear|Policy Change
21_imdb.com,34,Other/Unclear,3,0.4049818,0.29816088,0.40408024,0.6717047,0.3594201,0.32505858,0.38112366,Other/Unclear
21_imdb.com,35,Other/Unclear|Policy Change,3,0.44559965,0.301346,0.32417616,0.60297066,0.67852956,0.32158536,0.6333588,Other/Unclear|Policy Change|User Control & Deletion
228_gawker.com,0,Other/Unclear,3,0.35044646,0.2821818,0.32203424,0.68648666,0.449852,0.26101154,0.37375504,Other/Unclear
228_gawker.com,1,Data Collection|Third-Party Sharing,3,0.51363695,0.28934348,0.25838932,0.5206204,0.2789475,0.5121069,0.33311477,Data Collection|Other/Unclear|Third-Party Sharing
228_gawker.com,2,Data Collection|Third-Party Sharing,3,0.6362551,0.35406944,0.285467,0.4151562,0.29087391,0.59823847,0.59954286,Data Collection|Third-Party Sharing|User Control & Deletion
228_gawker.com,3,Data Collection|Third-Party Sharing,3,0.7116036,0.49849737,0.27577555,0.34628895,0.252556,0.5965332,0.6219124,Data Collection|Third-Party Sharing|User Control & Deletion
228_gawker.com,4,Data Collection|Third-Party Sharing,3,0.63554555,0.35370627,0.3492251,0.40982822,0.22351131,0.35692167,0.5623198,Data Collection|User Control & Deletion
228_gawker.com,5,Other/Unclear|Third-Party Sharing,3,0.3297708,0.2861361,0.3494825,0.80080676,0.24184053,0.56963736,0.29012924,Other/Unclear|Third-Party Sharing
228_gawker.com,6,Other/Unclear|Third-Party Sharing,3,0.4546029,0.2683193,0.28569907,0.5605129,0.3005076,0.52150804,0.36351386,Other/Unclear|Third-Party Sharing
228_gawker.com,7,Data Collection,3,0.71941096,0.37586123,0.34988698,0.4259001,0.2368931,0.28791967,0.31195605,Data Collection
228_gawker.com,8,Data Collection,3,0.6249474,0.25795174,0.2570662,0.44239253,0.29813638,0.35167104,0.38582915,Data Collection
228_gawker.com,9,Other/Unclear,3,0.443989,0.28127894,0.2632308,0.67936236,0.29975957,0.3401537,0.31999704,Other/Unclear
228_gawker.com,10,Data Collection|Data Security|Third-Party Sharing,3,0.5268243,0.3818309,0.4161672,0.45172545,0.33931568,0.71508837,0.38825774,Data Collection|Third-Party Sharing
228_gawker.com,11,Other/Unclear|Third-Party Sharing,3,0.37635848,0.29581127,0.35085654,0.5369648,0.23921864,0.5939601,0.36293903,Other/Unclear|Third-Party Sharing
228_gawker.com,12,Other/Unclear|Third-Party Sharing,3,0.6076646,0.2950986,0.30935317,0.40125096,0.2791055,0.66200876,0.28481174,Data Collection|Third-Party Sharing
228_gawker.com,13,Third-Party Sharing,3,0.30250254,0.27060333,0.28364694,0.55725735,0.2383786,0.59788436,0.3808045,Other/Unclear|Third-Party Sharing
228_gawker.com,14,Other/Unclear|User Control & Deletion,3,0.31856567,0.27600753,0.3203951,0.63907814,0.2881061,0.545643,0.4942425,Other/Unclear|Third-Party Sharing
228_gawker.com,15,Other/Unclear|User Control & Deletion,3,0.30625105,0.23888528,0.2328044,0.6570105,0.29727814,0.44155964,0.63177496,Other/Unclear|User Control & Deletion
228_gawker.com,16,User Control & Deletion,3,0.18462135,0.22067769,0.33508253,0.6670638,0.28164566,0.44249314,0.57787466,Other/Unclear|User Control & Deletion
228_gawker.com,17,Third-Party Sharing,3,0.43487433,0.26563874,0.26932755,0.38279438,0.304993,0.67134243,0.30233163,Third-Party Sharing
228_gawker.com,18,Data Collection|Other/Unclear|Third-Party Sharing,3,0.48715088,0.29690775,0.30928013,0.66192484,0.3046473,0.68479776,0.53282386,Other/Unclear|Third-Party Sharing|User Control & Deletion
228_gawker.com,19,Third-Party Sharing,3,0.4086048,0.35576504,0.35216597,0.38353556,0.3363329,0.63938135,0.26981983,Third-Party Sharing
228_gawker.com,20,Data Retention|Data Security,3,0.38430935,0.514556,0.80274445,0.45074302,0.24490085,0.37689337,0.3474432,Data Retention|Data Security
228_gawker.com,21,Data Security|Other/Unclear,3,0.34324652,0.25842643,0.38748023,0.6276028,0.3103395,0.31446382,0.41262704,Other/Unclear
228_gawker.com,22,Policy Change,3,0.27950448,0.3090553,0.33088964,0.49883413,0.65155774,0.28494686,0.2708091,Policy Change
228_gawker.com,23,Other/Unclear,3,0.2536334,0.2775334,0.24714102,0.7455929,0.33990607,0.28501356,0.37312126,Other/Unclear
228_gawker.com,24,Other/Unclear|Policy Change,3,0.19860148,0.27748892,0.2817588,0.7392826,0.63791084,0.21169677,0.2766295,Other/Unclear|Policy Change
26_nytimes.com,0,Other/Unclear|Policy Change,3,0.1973916,0.23897085,0.23678349,0.8158114,0.7465962,0.21191521,0.24212226,Other/Unclear|Policy Change
26_nytimes.com,1,Other/Unclear,3,0.38058683,0.27708077,0.31565925,0.64750624,0.31745386,0.35815707,0.27359077,Other/Unclear
26_nytimes.com,2,Other/Unclear,3,0.30391034,0.23897687,0.3528939,0.78152776,0.3315611,0.31415057,0.2620404,Other/Unclear
26_nytimes.com,3,Other/Unclear,3,0.31551185,0.2302691,0.2879624,0.6560467,0.29575264,0.34881768,0.29896063,Other/Unclear
26_nytimes.com,4,Other/Unclear,3,0.2539768,0.30335456,0.3837956,0.7833965,0.21883379,0.34578782,0.21780558,Other/Unclear
26_nytimes.com,5,Other/Unclear,3,0.2818416,0.24722028,0.29628164,0.69201803,0.38540292,0.18489274,0.36638892,Other/Unclear
26_nytimes.com,6,Data Security|Other/Unclear,3,0.2859998,0.24011868,0.7331402,0.679026,0.31200734,0.2854641,0.31300536,Data Security|Other/Unclear
26_nytimes.com,7,Other/Unclear,3,0.2949437,0.28153947,0.4716631,0.7246166,0.27327365,0.28171352,0.45530862,Other/Unclear
26_nytimes.com,8,Other/Unclear,3,0.4859393,0.2960304,0.6323847,0.7104731,0.24624288,0.2885009,0.2527832,Data Security|Other/Unclear
26_nytimes.com,9,Data Collection|Third-Party Sharing,3,0.73798794,0.31404755,0.3406967,0.3600517,0.2306609,0.56308484,0.2736411,Data Collection|Third-Party Sharing
26_nytimes.com,10,Other/Unclear,3,0.52404755,0.3156377,0.3545165,0.34381348,0.236634,0.575016,0.38936114,Data Collection|Third-Party Sharing
26_nytimes.com,11,Data Collection,3,0.66792685,0.24116476,0.30260292,0.3305314,0.24714841,0.32165357,0.3458142,Data Collection
26_nytimes.com,12,Data Collection|Third-Party Sharing|User Control & Deletion,3,0.55530983,0.39591724,0.28671804,0.57040405,0.290257,0.30417243,0.58468604,Data Collection|Other/Unclear|User Control & Deletion
26_nytimes.com,13,Data Collection|Other/Unclear|Third-Party Sharing,3,0.5565966,0.32111454,0.2589771,0.4915181,0.26742184,0.51067966,0.392694,Data Collection|Third-Party Sharing
26_nytimes.com,14,User Control & Deletion,3,0.39923084,0.26721355,0.31341788,0.6270234,0.30370116,0.36655512,0.5623737,Other/Unclear|User Control & Deletion
26_nytimes.com,15,Data Collection|Third-Party Sharing,3,0.6692612,0.47242394,0.6913482,0.27276385,0.24238291,0.66465956,0.22971407,Data Collection|Data Security|Third-Party Sharing
26_nytimes.com,16,Other/Unclear|Third-Party Sharing,3,0.32129166,0.32648203,0.30913603,0.6206171,0.23089017,0.6982285,0.59871393,Other/Unclear|Third-Party Sharing|User Control & Deletion
26_nytimes.com,17,Other/Unclear|Third-Party Sharing,3,0.4002864,0.37849024,0.30959126,0.7085784,0.2713255,0.5927914,0.39856052,Other/Unclear|Third-Party Sharing
26_nytimes.com,18,Other/Unclear|Third-Party Sharing,3,0.34265843,0.21269971,0.29304418,0.69969076,0.31828868,0.61392176,0.2888125,Other/Unclear|Third-Party Sharing
26_nytimes.com,19,Data Collection|Other/Unclear|Third-Party Sharing,3,0.6152803,0.23569673,0.3206312,0.5803613,0.27755377,0.5351006,0.37959906,Data Collection|Other/Unclear|Third-Party Sharing
26_nytimes.com,20,Data Collection|Third-Party Sharing,3,0.70266604,0.2734383,0.31681463,0.4159045,0.26279417,0.64567804,0.32047823,Data Collection|Third-Party Sharing
26_nytimes.com,21,Data Collection|Other/Unclear,3,0.50482774,0.2130532,0.3207639,0.537779,0.30303773,0.38856712,0.3805944,Data Collection|Other/Unclear
26_nytimes.com,22,Data Collection|Other/Unclear|Third-Party Sharing,3,0.50381255,0.2696601,0.31886294,0.42070675,0.3043839,0.5982645,0.33883345,Data Collection|Third-Party Sharing
26_nytimes.com,23,Data Collection|Other/Unclear,3,0.71248263,0.24296194,0.31273225,0.57342994,0.26852563,0.34086174,0.3155098,Data Collection|Other/Unclear
26_nytimes.com,24,Data Collection,3,0.70529735,0.23464388,0.27026415,0.3208266,0.22747192,0.2943359,0.29393303,Data Collection
26_nytimes.com,25,Data Collection|Other/Unclear|User Control & Deletion,3,0.6704122,0.31421155,0.2674945,0.62752885,0.24357603,0.3081856,0.3789426,Data Collection|Other/Unclear
26_nytimes.com,26,Other/Unclear|Third-Party Sharing,3,0.39785072,0.2332303,0.2718117,0.42223766,0.26032284,0.71424854,0.41799918,Third-Party Sharing
26_nytimes.com,27,Data Collection,3,0.7607341,0.42126197,0.29183736,0.27629843,0.22465149,0.33633566,0.27281314,Data Collection
26_nytimes.com,28,Data Collection|Other/Unclear,3,0.7323982,0.25457788,0.27295473,0.44013882,0.24082835,0.4333595,0.39164084,Data Collection
26_nytimes.com,29,Data Collection|Third-Party Sharing,3,0.63115793,0.2973987,0.34721664,0.39470688,0.23093392,0.49423015,0.27267706,Data Collection
26_nytimes.com,30,Data Collection|User Control & Deletion,3,0.69533074,0.69347054,0.31182146,0.36616832,0.2801744,0.32731912,0.57249093,Data Collection|Data Retention|User Control & Deletion
26_nytimes.com,31,Other/Unclear,3,0.63554364,0.3103476,0.3252659,0.52638674,0.2999111,0.3398692,0.3389742,Data Collection|Other/Unclear
26_nytimes.com,32,Third-Party Sharing,3,0.44613364,0.26378208,0.25160664,0.4510274,0.26102003,0.69378364,0.3551023,Third-Party Sharing
26_nytimes.com,33,Other/Unclear|Third-Party Sharing,3,0.48253703,0.21869034,0.25290805,0.39455658,0.26500237,0.6748809,0.31381392,Third-Party Sharing
26_nytimes.com,34,Other/Unclear,3,0.29277524,0.3243227,0.34847432,0.69240546,0.26968518,0.5510185,0.38259512,Other/Unclear|Third-Party Sharing
26_nytimes.com,35,Other/Unclear|Third-Party Sharing,3,0.37540522,0.26694456,0.23241049,0.53860325,0.33728576,0.48560834,0.5740221,Other/Unclear|User Control & Deletion
26_nytimes.com,36,User Control & Deletion,3,0.28119972,0.26107672,0.20696053,0.5726121,0.31653097,0.48091334,0.7991381,Other/Unclear|User Control & Deletion
26_nytimes.com,37,Other/Unclear,3,0.29985508,0.30170098,0.33362076,0.60805035,0.3030922,0.3869708,0.64717126,Other/Unclear|User Control & Deletion
26_nytimes.com,38,Data Collection,3,0.74572265,0.31034583,0.26567572,0.3303982,0.27308807,0.31856325,0.30516455,Data Collection
26_nytimes.com,39,Data Collection|Third-Party Sharing,3,0.7140967,0.30019364,0.2998759,0.32899636,0.2622043,0.42262718,0.28117815,Data Collection
26_nytimes.com,40,Data Collection,3,0.7164714,0.2818099,0.29792678,0.31594518,0.26342386,0.33554593,0.34325626,Data Collection
26_nytimes.com,41,Data Collection|Other/Unclear|Third-Party Sharing,3,0.6768734,0.29814413,0.32395482,0.38006866,0.24258637,0.67927533,0.34939912,Data Collection|Third-Party Sharing
26_nytimes.com,42,Data Collection|Other/Unclear,3,0.541746,0.24706994,0.29469654,0.6270019,0.28247544,0.2565035,0.37659165,Data Collection|Other/Unclear
26_nytimes.com,43,Third-Party Sharing,3,0.45713046,0.30686,0.31208885,0.43929148,0.291555,0.6846338,0.43718174,Third-Party Sharing
26_nytimes.com,44,Third-Party Sharing,3,0.33851334,0.2712451,0.28064233,0.38156655,0.29571193,0.69431657,0.31426266,Third-Party Sharing
26_nytimes.com,45,Third-Party Sharing,3,0.31493172,0.26085755,0.2937715,0.5647688,0.26032877,0.7229843,0.29178333,Other/Unclear|Third-Party Sharing
26_nytimes.com,46,Other/Unclear|Third-Party Sharing,3,0.37069002,0.3228087,0.2573013,0.58010125,0.21188751,0.48903975,0.60868996,Other/Unclear|User Control & Deletion
26_nytimes.com,47,Other/Unclear|Third-Party Sharing,3,0.441654,0.25739452,0.31545633,0.3086668,0.29914138,0.7076732,0.25596097,Third-Party Sharing
26_nytimes.com,48,Data Security|Other/Unclear|Third-Party Sharing,3,0.24993002,0.29337755,0.7085442,0.4087685,0.2820067,0.77663183,0.2600153,Data Security|Third-Party Sharing
26_nytimes.com,49,Other/Unclear|Third-Party Sharing,3,0.3362119,0.27336967,0.29185575,0.5597976,0.273752,0.73364073,0.41032338,Other/Unclear|Third-Party Sharing
26_nytimes.com,50,Other/Unclear|Third-Party Sharing|User Control & Deletion,3,0.5069614,0.3176474,0.2795074,0.5241679,0.2917026,0.486483,0.81884074,Data Collection|Other/Unclear|User Control & Deletion
26_nytimes.com,51,Other/Unclear|User Control & Deletion,3,0.32912338,0.289528,0.2644059,0.4011593,0.2666667,0.2248216,0.7602541,User Control & Deletion
26_nytimes.com,52,Data Collection|Third-Party Sharing,3,0.68390024,0.3431868,0.3186772,0.3432698,0.25751024,0.7408697,0.34858263,Data Collection|Third-Party Sharing
26_nytimes.com,53,Data Collection|Other/Unclear,3,0.6797497,0.298872,0.40952402,0.46362442,0.26814404,0.34809813,0.38235834,Data Collection
26_nytimes.com,54,Data Collection|Data Retention|Third-Party Sharing,3,0.5458182,0.6272163,0.31204066,0.46523166,0.26970142,0.6519721,0.49773693,Data Collection|Data Retention|Third-Party Sharing
26_nytimes.com,55,Other/Unclear|User Control & Deletion,3,0.32463855,0.23322192,0.2815168,0.51400423,0.28164452,0.26372162,0.6232277,Other/Unclear|User Control & Deletion
26_nytimes.com,56,User Control & Deletion,3,0.32679588,0.26510045,0.26747966,0.4377682,0.2657169,0.31976247,0.69024146,User Control & Deletion
26_nytimes.com,57,User Control & Deletion,3,0.47853974,0.2703652,0.28533605,0.5412753,0.26029092,0.34437513,0.49722752,Other/Unclear
26_nytimes.com,58,User Control & Deletion,3,0.32276055,0.24978335,0.24106161,0.42837173,0.32180694,0.21201397,0.80397075,User Control & Deletion
26_nytimes.com,59,Other/Unclear|User Control & Deletion,3,0.4485366,0.27985558,0.22404772,0.5501858,0.23937419,0.32523996,0.5707172,Other/Unclear|User Control & Deletion
26_nytimes.com,60,Other/Unclear|User Control & Deletion,3,0.2945815,0.30400577,0.28674784,0.6554983,0.27894297,0.46415854,0.6247795,Other/Unclear|User Control & Deletion
26_nytimes.com,61,Data Security,3,0.23842424,0.29173034,0.74501544,0.40538087,0.2396535,0.2568857,0.25874674,Data Security
26_nytimes.com,62,Third-Party Sharing,3,0.34979448,0.28434697,0.3605221,0.26777086,0.25809097,0.76032907,0.26633388,Third-Party Sharing
26_nytimes.com,63,Other/Unclear,3,0.4793032,0.28567636,0.28800303,0.774008,0.2657591,0.2791543,0.24136782,Other/Unclear
26_nytimes.com,64,Data Collection|Other/Unclear|Third-Party Sharing|User Control & Deletion,3,0.52042526,0.33567578,0.4161051,0.6354802,0.26378626,0.5134284,0.40729916,Data Collection|Other/Unclear|Third-Party Sharing
26_nytimes.com,65,Other/Unclear,3,0.33305645,0.2366248,0.32626492,0.68883836,0.30253878,0.26889893,0.27286103,Other/Unclear
26_nytimes.com,66,Other/Unclear|User Control & Deletion,3,0.1371964,0.24068871,0.23956074,0.6926149,0.24480613,0.40349,0.74448,Other/Unclear|User Control & Deletion
26_nytimes.com,67,Policy Change,3,0.2699102,0.2595717,0.25933146,0.36317605,0.7628046,0.26841018,0.2787012,Policy Change
303_reddit.com,0,Other/Unclear,3,0.20927723,0.22989015,0.42111343,0.79717326,0.38062096,0.2235167,0.2904291,Other/Unclear
303_reddit.com,1,Other/Unclear,3,0.38095996,0.26508278,0.46554232,0.7268763,0.36231813,0.25005358,0.39602962,Other/Unclear
303_reddit.com,2,Other/Unclear|User Control & Deletion,3,0.33695027,0.2460482,0.3302942,0.69614667,0.45951617,0.34513184,0.5820447,Other/Unclear|User Control & Deletion
303_reddit.com,3,Data Collection|Other/Unclear|Third-Party Sharing,3,0.5521552,0.35836455,0.3127564,0.49106064,0.27096498,0.5217562,0.42544678,Data Collection|Third-Party Sharing
303_reddit.com,4,Data Collection|Third-Party Sharing,3,0.379809,0.3397644,0.39288074,0.52672935,0.27550086,0.42160308,0.42779866,Other/Unclear
303_reddit.com,5,Data Collection|Data Retention,3,0.7327126,0.45803273,0.34794164,0.32254457,0.23693004,0.28889057,0.36836332,Data Collection
303_reddit.com,6,Data Collection|Data Retention|Third-Party Sharing|User Control & Deletion,3,0.3823483,0.46826753,0.38369733,0.61031777,0.32319826,0.39804283,0.51502246,Other/Unclear|User Control & Deletion
303_reddit.com,7,Data Collection|Data Retention|Third-Party Sharing,3,0.4951516,0.4002752,0.46098515,0.5491078,0.24586044,0.55926555,0.4256926,Other/Unclear|Third-Party Sharing
303_reddit.com,8,Data Collection|Data Retention,3,0.5203338,0.3530177,0.40043655,0.66113037,0.26097366,0.33758268,0.3455039,Data Collection|Other/Unclear
303_reddit.com,9,Data Collection|Other/Unclear|Third-Party Sharing,3,0.5196865,0.49864444,0.45133513,0.56069857,0.29073197,0.51827127,0.39282602,Data Collection|Other/Unclear|Third-Party Sharing
303_reddit.com,10,Data Collection|Data Retention,3,0.741784,0.5198142,0.37640718,0.36991194,0.25881383,0.28825378,0.40454578,Data Collection|Data Retention
303_reddit.com,11,Data Collection|Data Retention,3,0.61,0.33342147,0.33371538,0.46541426,0.2637267,0.3437872,0.36805063,Data Collection
303_reddit.com,12,Data Collection,3,0.6165792,0.31049514,0.24959533,0.32370222,0.29148468,0.35516092,0.5131787,Data Collection|User Control & Deletion
303_reddit.com,13,Data Collection|Data Retention,3,0.6043842,0.4009983,0.5051098,0.372165,0.23274663,0.4690594,0.29104328,Data Collection|Data Security
303_reddit.com,14,Third-Party Sharing,3,0.48397446,0.41674924,0.51711905,0.4631746,0.3120645,0.8044897,0.45342824,Data Security|Third-Party Sharing
303_reddit.com,15,Third-Party Sharing,3,0.35385346,0.29652986,0.3078064,0.5849419,0.260806,0.5522755,0.37179688,Other/Unclear|Third-Party Sharing
303_reddit.com,16,Data Collection|Data Retention|Third-Party Sharing,3,0.3740157,0.3676484,0.37531695,0.3836506,0.3500178,0.66162634,0.33389997,Third-Party Sharing
303_reddit.com,17,Data Collection|Third-Party Sharing,3,0.44877073,0.3165568,0.3350728,0.24941114,0.21580331,0.7143172,0.22895516,Third-Party Sharing
303_reddit.com,18,Data Collection|Third-Party Sharing,3,0.6324404,0.29335356,0.326472,0.46324295,0.2411778,0.5683677,0.40898663,Data Collection|Third-Party Sharing
303_reddit.com,19,Other/Unclear|Third-Party Sharing,3,0.41929793,0.31898913,0.23679614,0.62012196,0.22943267,0.42256922,0.25933412,Other/Unclear
303_reddit.com,20,Data Collection|Third-Party Sharing,3,0.31095815,0.24125335,0.24860416,0.4917977,0.24645057,0.48187318,0.6265843,User Control & Deletion
303_reddit.com,21,Data Collection,3,0.4825001,0.24259044,0.28689018,0.5133647,0.28484133,0.38617662,0.39235222,Other/Unclear
303_reddit.com,22,Data Collection,3,0.5059676,0.44680947,0.36421993,0.4440312,0.24644236,0.3885187,0.4360788,Data Collection
303_reddit.com,23,Data Collection|Third-Party Sharing,3,0.62112963,0.2690685,0.28383535,0.5750817,0.27186677,0.5069591,0.34809616,Data Collection|Other/Unclear|Third-Party Sharing
303_reddit.com,24,Data Collection,3,0.57019216,0.35937828,0.3188479,0.55643064,0.31559405,0.35160953,0.4660711,Data Collection|Other/Unclear
303_reddit.com,25,Data Collection|Data Retention|Third-Party Sharing,3,0.7381984,0.42345458,0.3266438,0.52849185,0.22409128,0.37091804,0.3366447,Data Collection|Other/Unclear
303_reddit.com,26,Data Collection|User Control & Deletion,3,0.41361403,0.27302295,0.23779269,0.53595454,0.28491247,0.3511703,0.5855948,Other/Unclear|User Control & Deletion
303_reddit.com,27,Third-Party Sharing,3,0.45983177,0.26591,0.31551802,0.60292935,0.2566639,0.4414501,0.29311985,Other/Unclear
303_reddit.com,28,Other/Unclear|Third-Party Sharing,3,0.49359724,0.22058645,0.35581094,0.27834138,0.29103628,0.59908867,0.3157343,Third-Party Sharing
303_reddit.com,29,Other/Unclear|Third-Party Sharing,3,0.43030056,0.31555852,0.2826441,0.5578814,0.29710662,0.44766122,0.33156025,Other/Unclear
303_reddit.com,30,Third-Party Sharing,3,0.5755874,0.30923462,0.27539095,0.48235765,0.27089405,0.50251204,0.34644902,Data Collection|Third-Party Sharing
303_reddit.com,31,Data Retention|Other/Unclear|Third-Party Sharing|User Control & Deletion,3,0.4321294,0.4938866,0.289552,0.6789758,0.30743897,0.5218472,0.6587246,Other/Unclear|Third-Party Sharing|User Control & Deletion
303_reddit.com,32,Third-Party Sharing,3,0.41414273,0.31219035,0.47125405,0.4825475,0.24472055,0.5563195,0.4614982,Third-Party Sharing
303_reddit.com,33,Third-Party Sharing,3,0.6159405,0.3300962,0.32556018,0.386599,0.2819162,0.48920026,0.6719743,Data Collection|User Control & Deletion
303_reddit.com,34,Data Security,3,0.23301758,0.35984614,0.8255921,0.4947249,0.26267126,0.3001566,0.28103477,Data Security
303_reddit.com,35,Other/Unclear,3,0.3542122,0.319191,0.3628931,0.687633,0.249062,0.26325902,0.22196275,Other/Unclear
303_reddit.com,36,Other/Unclear,3,0.30162975,0.27608258,0.38471702,0.72771853,0.27064008,0.27170947,0.30000985,Other/Unclear
303_reddit.com,37,Other/Unclear,3,0.36965275,0.26069644,0.58034694,0.72739476,0.29581875,0.28520086,0.29405433,Data Security|Other/Unclear
303_reddit.com,38,Other/Unclear,3,0.3220761,0.25813606,0.6495281,0.7472084,0.2837731,0.27388614,0.3771204,Data Security|Other/Unclear
303_reddit.com,39,Other/Unclear,3,0.26744902,0.24351552,0.31745437,0.7534201,0.27588883,0.23231617,0.3850421,Other/Unclear
303_reddit.com,40,Other/Unclear|User Control & Deletion,3,0.31210968,0.2818773,0.4273684,0.654497,0.33545342,0.43111503,0.57029754,Other/Unclear|User Control & Deletion
303_reddit.com,41,Other/Unclear,3,0.42427912,0.23211116,0.37694377,0.6114867,0.32064772,0.29966426,0.27867827,Other/Unclear
303_reddit.com,42,Data Collection,3,0.545282,0.3104497,0.31828696,0.57777476,0.27183226,0.29519784,0.3370048,Data Collection|Other/Unclear
303_reddit.com,43,Data Collection|Data Retention,3,0.8003493,0.39729682,0.31044695,0.32807502,0.21664028,0.32825324,0.30734104,Data Collection
303_reddit.com,44,Data Collection|Third-Party Sharing,3,0.48815772,0.27236417,0.2954508,0.419941,0.25464663,0.5779759,0.35444728,Third-Party Sharing
303_reddit.com,45,Data Collection|Other/Unclear,3,0.55648184,0.33536536,0.3047004,0.68040675,0.2530607,0.45361954,0.5679337,Data Collection|Other/Unclear|User Control & Deletion
303_reddit.com,46,Data Collection|User Control & Deletion,3,0.2922741,0.28848073,0.27482194,0.5012061,0.2555632,0.30394828,0.63413745,Other/Unclear|User Control & Deletion
303_reddit.com,47,Data Collection|Third-Party Sharing,3,0.49267122,0.31339696,0.37430197,0.6155128,0.26012447,0.39555767,0.39443982,Other/Unclear
303_reddit.com,48,Other/Unclear,3,0.5548506,0.26033765,0.24757206,0.4541345,0.26079676,0.35674617,0.6287573,Data Collection|User Control & Deletion
303_reddit.com,49,Data Retention|User Control & Deletion,3,0.583591,0.4407734,0.3943341,0.5595779,0.30466405,0.3305352,0.5886653,Data Collection|Other/Unclear|User Control & Deletion
303_reddit.com,50,Third-Party Sharing,3,0.4979871,0.27505106,0.26056203,0.5380935,0.298162,0.52842504,0.40261072,Other/Unclear|Third-Party Sharing
303_reddit.com,51,Other/Unclear,3,0.33201316,0.2772082,0.33523944,0.778188,0.32201624,0.41495782,0.31749,Other/Unclear
303_reddit.com,52,Policy Change,3,0.28281882,0.2749692,0.3011119,0.45406303,0.6920008,0.30935788,0.33781293,Policy Change
303_reddit.com,53,Other/Unclear,3,0.30405048,0.25301173,0.24095196,0.74178684,0.30959114,0.26960963,0.2552162,Other/Unclear
320_timeinc.com,0,Other/Unclear,3,0.29082796,0.25673854,0.361667,0.7512673,0.35148013,0.1727722,0.28676674,Other/Unclear
320_timeinc.com,1,Other/Unclear,3,0.33617598,0.23873854,0.39400798,0.703551,0.28552625,0.32566193,0.30751035,Other/Unclear
320_timeinc.com,2,Other/Unclear,3,0.33739334,0.304286,0.41442508,0.7323299,0.40873954,0.32493925,0.3172303,Other/Unclear
320_timeinc.com,3,Data Collection,3,0.78658766,0.30201483,0.32708573,0.45735887,0.21969642,0.4465581,0.3928334,Data Collection
320_timeinc.com,4,Data Collection,3,0.6464139,0.25602013,0.31196752,0.44720402,0.23382984,0.3614787,0.3660385,Data Collection
320_timeinc.com,5,Data Collection,3,0.69756895,0.34092844,0.26887453,0.41648692,0.23258752,0.33716664,0.41731387,Data Collection
320_timeinc.com,6,Data Collection,3,0.7856038,0.33944774,0.2801577,0.29650256,0.22593437,0.38677964,0.30333364,Data Collection
320_timeinc.com,7,Data Collection,3,0.63654864,0.290597,0.29481912,0.4035519,0.26645333,0.3944089,0.19267422,Data Collection
320_timeinc.com,8,Data Collection|Third-Party Sharing,3,0.6012608,0.30012158,0.3530584,0.40746805,0.26855475,0.6816428,0.28792223,Data Collection|Third-Party Sharing
320_timeinc.com,9,Data Collection|Other/Unclear|Third-Party Sharing,3,0.3878569,0.22883181,0.295313,0.5548152,0.27473015,0.5589358,0.37181333,Other/Unclear|Third-Party Sharing
320_timeinc.com,10,Third-Party Sharing,3,0.49728552,0.39449927,0.36007684,0.37796655,0.2708905,0.44374737,0.373744,
320_timeinc.com,11,Data Collection,3,0.6874026,0.39525044,0.22609773,0.383127,0.35696045,0.30078685,0.3326088,Data Collection
320_timeinc.com,12,Data Collection|Third-Party Sharing,3,0.5235096,0.2974697,0.20155196,0.48089346,0.27755508,0.43894067,0.49687362,Data Collection
320_timeinc.com,13,Data Collection,3,0.6355358,0.29352427,0.38556862,0.44352153,0.29193524,0.44861248,0.30202582,Data Collection
320_timeinc.com,14,Data Collection,3,0.7971721,0.2845735,0.26516876,0.28946313,0.21169165,0.3676514,0.26328748,Data Collection
320_timeinc.com,15,Third-Party Sharing,3,0.36376408,0.3431264,0.28834492,0.45383003,0.26446587,0.69818676,0.41754898,Third-Party Sharing
320_timeinc.com,16,Data Security|Third-Party Sharing,3,0.33252242,0.4196746,0.64913684,0.43814084,0.3544215,0.43761647,0.34095287,Data Security
320_timeinc.com,17,Third-Party Sharing,3,0.47616318,0.29693133,0.44445524,0.32851663,0.28247157,0.6947218,0.35451347,Third-Party Sharing
320_timeinc.com,18,Third-Party Sharing,3,0.34140447,0.29500744,0.26137874,0.45723006,0.3042544,0.6880797,0.3325875,Third-Party Sharing
320_timeinc.com,19,Data Security,3,0.36864588,0.28251007,0.51428896,0.5602449,0.23110713,0.40350682,0.40776643,Data Security|Other/Unclear
320_timeinc.com,20,User Control & Deletion,3,0.22588105,0.28858104,0.24149776,0.45526686,0.35106066,0.5332419,0.7746712,Third-Party Sharing|User Control & Deletion
320_timeinc.com,21,User Control & Deletion,3,0.19868988,0.32508,0.2281932,0.4567284,0.38056773,0.55257046,0.79606295,Third-Party Sharing|User Control & Deletion
320_timeinc.com,22,Data Collection|Third-Party Sharing|User Control & Deletion,3,0.39446136,0.23651575,0.340936,0.4813856,0.29424742,0.45639148,0.7152623,User Control & Deletion
320_timeinc.com,23,Other/Unclear|User Control & Deletion,3,0.17996512,0.27365336,0.21517304,0.7494523,0.25563875,0.33014053,0.562375,Other/Unclear|User Control & Deletion
320_timeinc.com,24,Other/Unclear,3,0.41733342,0.30526277,0.33292398,0.64944744,0.2783299,0.59321076,0.38115263,Other/Unclear|Third-Party Sharing
320_timeinc.com,25,Data Collection|Other/Unclear|Third-Party Sharing,3,0.5519192,0.39127535,0.25858226,0.5633584,0.25361595,0.58936554,0.35694194,Data Collection|Other/Unclear|Third-Party Sharing
320_timeinc.com,26,Other/Unclear|Third-Party Sharing,3,0.5832693,0.2837097,0.2558578,0.45816305,0.26543415,0.51968783,0.25846043,Data Collection|Third-Party Sharing
320_timeinc.com,27,Other/Unclear|User Control & Deletion,3,0.4471793,0.2404497,0.40654916,0.5816183,0.28536278,0.37010545,0.48588112,Other/Unclear
320_timeinc.com,28,Data Collection,3,0.82549036,0.38101727,0.2821708,0.38651383,0.23671485,0.49772742,0.37569332,Data Collection
320_timeinc.com,29,Data Collection,3,0.8379594,0.27953216,0.25033084,0.29030606,0.26414087,0.50241524,0.21155502,Data Collection|Third-Party Sharing
320_timeinc.com,30,Data Collection|User Control & Deletion,3,0.4964921,0.31564313,0.1853199,0.52562326,0.24221702,0.37533423,0.78287315,Other/Unclear|User Control & Deletion
320_timeinc.com,31,Data Collection|User Control & Deletion,3,0.52210414,0.23810096,0.31921637,0.57038933,0.24966833,0.37521473,0.5788067,Data Collection|Other/Unclear|User Control & Deletion
320_timeinc.com,32,Data Collection,3,0.7790086,0.32704914,0.25207564,0.44735166,0.21809845,0.5293578,0.34147128,Data Collection|Third-Party Sharing
320_timeinc.com,33,Data Collection|Other/Unclear,3,0.6692126,0.23721391,0.2373768,0.44431758,0.23935488,0.45036238,0.32796076,Data Collection
320_timeinc.com,34,Data Collection,3,0.6699993,0.25674275,0.20664592,0.41143772,0.27767837,0.4610987,0.28520578,Data Collection
320_timeinc.com,35,Data Collection|Third-Party Sharing,3,0.6249162,0.27966473,0.31825677,0.54298854,0.25002274,0.6171146,0.2754029,Data Collection|Other/Unclear|Third-Party Sharing
320_timeinc.com,36,Data Security,3,0.3250243,0.31361726,0.7575029,0.4922502,0.2523741,0.27949396,0.29910424,Data Security
320_timeinc.com,37,Data Collection|Other/Unclear|User Control & Deletion,3,0.41035897,0.3316001,0.55388886,0.4534931,0.3073869,0.2847593,0.33869615,Data Security
320_timeinc.com,38,Data Collection|Data Retention|User Control & Deletion,3,0.27752265,0.5221776,0.27066344,0.5156778,0.32309234,0.38499552,0.7589044,Data Retention|Other/Unclear|User Control & Deletion
320_timeinc.com,39,Data Retention|User Control & Deletion,3,0.4352722,0.648797,0.35053498,0.49042714,0.25856242,0.37971207,0.59425944,Data Retention|User Control & Deletion
320_timeinc.com,40,Other/Unclear,3,0.45345947,0.20867914,0.24956907,0.73423773,0.32640797,0.3297025,0.303672,Other/Unclear
320_timeinc.com,41,Policy Change,3,0.32436472,0.27633893,0.24940835,0.5623505,0.71965617,0.3061002,0.21364298,Other/Unclear|Policy Change
320_timeinc.com,42,Other/Unclear,3,0.28411952,0.26164564,0.29292867,0.7632556,0.3422416,0.2441653,0.41045275,Other/Unclear
320_timeinc.com,43,Other/Unclear|Policy Change,3,0.199344,0.23224185,0.3062539,0.7647067,0.5984137,0.22453421,0.23234123,Other/Unclear|Policy Change
325_ocregister.com,0,Other/Unclear,4,0.36053258,0.2910635,0.24729078,0.45858946,0.31036842,0.57021016,0.30449677,Third-Party Sharing
325_ocregister.com,1,Other/Unclear|Third-Party Sharing,4,0.30719808,0.26052487,0.32708767,0.6384675,0.31787845,0.47750878,0.6031326,Other/Unclear|User Control & Deletion
325_ocregister.com,2,Data Collection|Other/Unclear,4,0.44810608,0.2773193,0.48580742,0.7297752,0.39981064,0.340958,0.34727323,Other/Unclear
325_ocregister.com,3,Other/Unclear|User Control & Deletion,4,0.36329296,0.2825883,0.2578352,0.65840846,0.29273137,0.26201263,0.6239465,Other/Unclear|User Control & Deletion
325_ocregister.com,4,User Control & Deletion,4,0.22977409,0.2753896,0.23051243,0.5984844,0.26097196,0.28179452,0.6543097,Other/Unclear|User Control & Deletion
325_ocregister.com,5,Data Collection,4,0.8075875,0.34082195,0.32487515,0.25598475,0.23861171,0.49017236,0.347525,Data Collection
325_ocregister.com,6,Data Collection,4,0.7748935,0.2655986,0.27786908,0.39166442,0.22553071,0.47892573,0.25927505,Data Collection
325_ocregister.com,7,Data Collection|Third-Party Sharing,4,0.6568025,0.3364334,0.35385782,0.2910115,0.24419948,0.5631322,0.43867105,Data Collection|Third-Party Sharing
325_ocregister.com,8,Third-Party Sharing,4,0.39331293,0.2969995,0.33970332,0.45472276,0.33437246,0.81758726,0.30774194,Third-Party Sharing
325_ocregister.com,9,Data Collection,4,0.8192629,0.2199022,0.31086144,0.2182677,0.23051208,0.51670766,0.30885616,Data Collection|Third-Party Sharing
325_ocregister.com,10,Data Collection|Third-Party Sharing,4,0.65714514,0.3107114,0.29030037,0.2770285,0.24539682,0.6673928,0.35257506,Data Collection|Third-Party Sharing
325_ocregister.com,11,Third-Party Sharing,4,0.3143449,0.23448803,0.32450786,0.35802937,0.23927103,0.81650305,0.27462387,Third-Party Sharing
325_ocregister.com,12,Data Security|Third-Party Sharing,4,0.30804163,0.29092842,0.6707748,0.38416123,0.29185227,0.5427464,0.28768066,Data Security|Third-Party Sharing
325_ocregister.com,13,Other/Unclear|Third-Party Sharing,4,0.58090544,0.19951005,0.3111155,0.49677202,0.26942948,0.7485521,0.42739278,Data Collection|Third-Party Sharing
325_ocregister.com,14,Third-Party Sharing,4,0.28518376,0.31081083,0.28242934,0.3271903,0.24966775,0.8006525,0.35974124,Third-Party Sharing
325_ocregister.com,15,Data Security,4,0.32496947,0.20462531,0.79622775,0.42377532,0.22845072,0.29968935,0.27381507,Data Security
325_ocregister.com,16,Other/Unclear,4,0.23618364,0.27232212,0.43280724,0.7731978,0.31304795,0.42022997,0.33939052,Other/Unclear
325_ocregister.com,17,Other/Unclear|Third-Party Sharing,4,0.45811218,0.28906015,0.3124866,0.649695,0.2096142,0.55503374,0.3292994,Other/Unclear|Third-Party Sharing
325_ocregister.com,18,Data Collection|Other/Unclear,4,0.50301796,0.31226778,0.27445337,0.83966887,0.3226488,0.21214484,0.3264453,Data Collection|Other/Unclear
325_ocregister.com,19,Policy Change,4,0.31664476,0.2566177,0.24786882,0.39712664,0.6279307,0.29548484,0.4068901,Policy Change
32_voxmedia.com,0,Other/Unclear,4,0.1857791,0.24404868,0.25666666,0.8231795,0.37102407,0.20714238,0.22825406,Other/Unclear
32_voxmedia.com,1,Other/Unclear|Policy Change,4,0.23293823,0.25148538,0.29506585,0.7541376,0.5219397,0.2702031,0.22906762,Other/Unclear|Policy Change
32_voxmedia.com,2,Other/Unclear,4,0.38754734,0.2886501,0.39849085,0.63296103,0.30388966,0.308246,0.2780477,Other/Unclear
32_voxmedia.com,3,Data Security|Other/Unclear|User Control & Deletion,4,0.48980007,0.2904865,0.31344306,0.7221842,0.38055825,0.3202854,0.28626612,Other/Unclear
32_voxmedia.com,4,Data Collection,4,0.6579639,0.29797956,0.26818043,0.31125757,0.31594113,0.3081242,0.28922355,Data Collection
32_voxmedia.com,5,Data Collection,4,0.6281158,0.29015616,0.33562082,0.432631,0.30017483,0.47482726,0.27243003,Data Collection
32_voxmedia.com,6,Data Collection|Third-Party Sharing|User Control & Deletion,4,0.7127014,0.37267676,0.20376867,0.36103734,0.30159622,0.34193087,0.47891295,Data Collection
32_voxmedia.com,7,Third-Party Sharing|User Control & Deletion,4,0.2674021,0.2936695,0.34543067,0.5144727,0.33282432,0.6870406,0.3439958,Other/Unclear|Third-Party Sharing
32_voxmedia.com,8,Third-Party Sharing,4,0.4502043,0.29473326,0.34546804,0.38423523,0.36855707,0.75413543,0.30110374,Third-Party Sharing
32_voxmedia.com,9,Third-Party Sharing,4,0.4154998,0.41883215,0.29461247,0.31168628,0.32121536,0.7248735,0.33070982,Third-Party Sharing
32_voxmedia.com,10,Data Security|Other/Unclear|Third-Party Sharing,4,0.42989948,0.33541146,0.5186618,0.3985434,0.29057693,0.76542455,0.26777664,Data Security|Third-Party Sharing
32_voxmedia.com,11,Third-Party Sharing,4,0.26506394,0.30444738,0.32536322,0.32494467,0.3421301,0.77687794,0.26995322,Third-Party Sharing
32_voxmedia.com,12,Third-Party Sharing|User Control & Deletion,4,0.49665758,0.33826512,0.337355,0.54896057,0.3056985,0.6324437,0.51577735,Other/Unclear|Third-Party Sharing|User Control & Deletion
32_voxmedia.com,13,Data Collection|Other/Unclear|User Control & Deletion,4,0.61898786,0.30755225,0.32870582,0.35520288,0.24909997,0.36731356,0.5526115,Data Collection|User Control & Deletion
32_voxmedia.com,14,Data Collection,4,0.7628572,0.28979817,0.25478384,0.357621,0.26791298,0.41034147,0.3420402,Data Collection
32_voxmedia.com,15,Data Collection,4,0.6424203,0.28053015,0.24592674,0.4277032,0.32147044,0.36051387,0.27633253,Data Collection
32_voxmedia.com,16,Data Collection|Third-Party Sharing,4,0.7058146,0.28109285,0.37429115,0.31685206,0.30276242,0.70691884,0.28780717,Data Collection|Third-Party Sharing
32_voxmedia.com,17,Data Collection|Third-Party Sharing,4,0.6157263,0.24417019,0.32253057,0.29820243,0.2956529,0.6126154,0.2984685,Data Collection|Third-Party Sharing
32_voxmedia.com,18,Other/Unclear|Third-Party Sharing,4,0.67629063,0.26376578,0.34637254,0.5076417,0.35698614,0.756809,0.41375554,Data Collection|Other/Unclear|Third-Party Sharing
32_voxmedia.com,19,Data Collection|Other/Unclear|Third-Party Sharing,4,0.52326095,0.2885427,0.33411345,0.40176302,0.31521523,0.6982121,0.34438267,Data Collection|Third-Party Sharing
32_voxmedia.com,20,Other/Unclear|Third-Party Sharing|User Control & Deletion,4,0.30548638,0.23482606,0.33393455,0.54726654,0.26148415,0.48667955,0.65164465,Other/Unclear|User Control & Deletion
32_voxmedia.com,21,Data Collection|Third-Party Sharing,4,0.6553829,0.3547104,0.3378747,0.24752925,0.32234213,0.6330852,0.44847655,Data Collection|Third-Party Sharing
32_voxmedia.com,22,Data Collection|Other/Unclear|User Control & Deletion,4,0.36640632,0.4022592,0.25315216,0.5176285,0.40713713,0.38800946,0.6930983,Other/Unclear|User Control & Deletion
32_voxmedia.com,23,Data Retention|User Control & Deletion,4,0.33853284,0.64585257,0.30470917,0.5587101,0.28282964,0.38148925,0.7992283,Data Retention|Other/Unclear|User Control & Deletion
32_voxmedia.com,24,Data Security|Other/Unclear,4,0.23732522,0.2751912,0.8327759,0.32687992,0.22034214,0.19334163,0.28582427,Data Security
32_voxmedia.com,25,Other/Unclear|Third-Party Sharing,4,0.23674713,0.21840927,0.40331703,0.76228136,0.36147526,0.34730527,0.27355585,Other/Unclear
32_voxmedia.com,26,Other/Unclear,4,0.6182022,0.2263904,0.26233768,0.8212626,0.28062627,0.2181191,0.21305566,Data Collection|Other/Unclear
32_voxmedia.com,27,Policy Change,4,0.32309985,0.2811993,0.223675,0.36778945,0.7527929,0.26173443,0.31990233,Policy Change
32_voxmedia.com,28,Other/Unclear,4,0.22205538,0.25266472,0.24288668,0.83845544,0.2942385,0.21674232,0.31946325,Other/Unclear
331_tgifridays.com,0,Other/Unclear,0,0.30104923,0.27471006,0.36504072,0.5975193,0.3396083,0.320184,0.46104577,Other/Unclear
331_tgifridays.com,1,Data Collection|Data Security,0,0.6387773,0.34827727,0.3233062,0.4307821,0.27309254,0.42293394,0.35043517,Data Collection
331_tgifridays.com,2,Other/Unclear|User Control & Deletion,0,0.5033543,0.38694397,0.25118977,0.33193305,0.294382,0.36519915,0.6259235,Data Collection|User Control & Deletion
331_tgifridays.com,3,Other/Unclear,0,0.3884814,0.23292585,0.51101047,0.7567167,0.28700373,0.3314071,0.4141213,Data Security|Other/Unclear
331_tgifridays.com,4,Data Collection|Other/Unclear,0,0.67723024,0.2945843,0.26226303,0.5422886,0.334652,0.38919377,0.3610169,Data Collection|Other/Unclear
331_tgifridays.com,5,Data Collection,0,0.6347776,0.30699837,0.31242958,0.38691485,0.27238807,0.33382535,0.3138988,Data Collection
331_tgifridays.com,6,Other/Unclear|Third-Party Sharing,0,0.47030798,0.3200476,0.4099731,0.4165752,0.2934945,0.49592325,0.46774238,
331_tgifridays.com,7,Data Collection|User Control & Deletion,0,0.47170642,0.38724157,0.4084436,0.58798665,0.28549767,0.3559531,0.39299917,Other/Unclear
331_tgifridays.com,8,Data Collection|Data Security|Third-Party Sharing,0,0.49331337,0.42492315,0.48770303,0.4346701,0.28595126,0.62540704,0.30033258,Third-Party Sharing
331_tgifridays.com,9,Data Collection|Data Security|Third-Party Sharing,0,0.40850317,0.30347773,0.4923487,0.42804325,0.28390712,0.64957577,0.331199,Third-Party Sharing
331_tgifridays.com,10,Third-Party Sharing,0,0.43419904,0.35218903,0.36143643,0.35297972,0.27424163,0.6669891,0.37780818,Third-Party Sharing
331_tgifridays.com,11,Third-Party Sharing,0,0.43879557,0.3291386,0.28251615,0.36248216,0.29029644,0.5924184,0.29464644,Third-Party Sharing
331_tgifridays.com,12,Other/Unclear|Third-Party Sharing,0,0.3353984,0.26387057,0.38023236,0.6385539,0.33331913,0.53308254,0.34545365,Other/Unclear|Third-Party Sharing
331_tgifridays.com,13,Other/Unclear,0,0.28696007,0.3260541,0.45288625,0.7232737,0.28192285,0.38256988,0.37670162,Other/Unclear
331_tgifridays.com,14,Data Collection|Other/Unclear|User Control & Deletion,0,0.48004007,0.32165962,0.25799105,0.63352466,0.28299353,0.3376594,0.7561268,Other/Unclear|User Control & Deletion
331_tgifridays.com,15,Data Security,0,0.25103787,0.30832356,0.8106675,0.451672,0.2778504,0.4143602,0.24661186,Data Security
331_tgifridays.com,16,Policy Change,0,0.35326064,0.2900062,0.27041778,0.46457437,0.6383564,0.37293333,0.51660967,Policy Change|User Control & Deletion
33_nbcuniversal.com,0,Other/Unclear,1,0.21319921,0.23737663,0.26662245,0.8177389,0.55984646,0.21963976,0.23925509,Other/Unclear|Policy Change
33_nbcuniversal.com,1,Other/Unclear,1,0.23141503,0.22952583,0.28953278,0.7662264,0.31208417,0.38776147,0.33023864,Other/Unclear
33_nbcuniversal.com,2,Other/Unclear,1,0.48234347,0.21894945,0.35792753,0.6263621,0.3092048,0.25883347,0.34605303,Other/Unclear
33_nbcuniversal.com,3,Other/Unclear,1,0.4737227,0.2694395,0.38884017,0.68906695,0.29984906,0.25192618,0.2974228,Other/Unclear
33_nbcuniversal.com,4,Data Collection|Data Retention|Other/Unclear|User Control & Deletion,1,0.37136525,0.2511605,0.30523795,0.62179023,0.4277368,0.2989029,0.46715906,Other/Unclear
33_nbcuniversal.com,5,Data Collection|Other/Unclear,1,0.7443327,0.28656688,0.30628702,0.32848215,0.27753648,0.34537774,0.31927332,Data Collection
33_nbcuniversal.com,6,Data Collection,1,0.75979805,0.29222637,0.3455979,0.43759504,0.2548561,0.3283457,0.29178393,Data Collection
33_nbcuniversal.com,7,Data Collection|Other/Unclear,1,0.5601409,0.29951876,0.3217563,0.62636346,0.28926173,0.2920662,0.27614126,Data Collection|Other/Unclear
33_nbcuniversal.com,8,Data Collection,1,0.6631027,0.27249548,0.22160447,0.34527886,0.24417219,0.26367486,0.43878663,Data Collection
33_nbcuniversal.com,9,Data Collection,1,0.5847288,0.21580699,0.33910525,0.3528761,0.23636593,0.40260327,0.28602847,Data Collection
33_nbcuniversal.com,10,Data Collection|Other/Unclear,1,0.42537406,0.29771274,0.33254063,0.4991874,0.27049056,0.50547,0.35994527,Third-Party Sharing
33_nbcuniversal.com,11,Data Collection,1,0.6258314,0.3189762,0.2666032,0.3288626,0.2533935,0.37128064,0.43598422,Data Collection
33_nbcuniversal.com,12,Data Collection,1,0.66233665,0.23584263,0.2832138,0.37052956,0.25956994,0.39873835,0.24489118,Data Collection
33_nbcuniversal.com,13,Data Collection,1,0.6080479,0.34002253,0.2734658,0.52845,0.26575467,0.47613898,0.5838187,Data Collection|Other/Unclear|User Control & Deletion
33_nbcuniversal.com,14,Data Collection|Data Retention|Third-Party Sharing,1,0.47833815,0.3487946,0.29010817,0.5190191,0.31116617,0.6536111,0.46941572,Other/Unclear|Third-Party Sharing
33_nbcuniversal.com,15,Data Collection,1,0.64099765,0.28511757,0.3763066,0.49553496,0.21946879,0.47901493,0.3998167,Data Collection
33_nbcuniversal.com,16,Other/Unclear,1,0.6956329,0.34733462,0.36305207,0.47068852,0.33643875,0.27035403,0.26181456,Data Collection
33_nbcuniversal.com,17,Data Collection,1,0.5481266,0.25162518,0.26592067,0.5089152,0.3041592,0.25505033,0.25365043,Data Collection|Other/Unclear
33_nbcuniversal.com,18,Data Collection,1,0.47199956,0.31197605,0.24364132,0.5033386,0.2778317,0.26872516,0.4071645,Other/Unclear
33_nbcuniversal.com,19,Data Collection,1,0.44426888,0.24489295,0.25683486,0.5754395,0.27383447,0.32675317,0.49809936,Other/Unclear
33_nbcuniversal.com,20,Data Collection,1,0.58710814,0.29877704,0.2525295,0.4707503,0.25537643,0.27986544,0.39833483,Data Collection
33_nbcuniversal.com,21,Data Collection,1,0.6674255,0.24296649,0.20494074,0.34585956,0.31842002,0.3606831,0.54482615,Data Collection|User Control & Deletion
33_nbcuniversal.com,22,Data Collection,1,0.45572433,0.298775,0.31544977,0.47390568,0.2720549,0.24903983,0.35170326,
33_nbcuniversal.com,23,Data Collection,1,0.49178547,0.21706297,0.2660035,0.4359694,0.24969494,0.3181031,0.25448978,
33_nbcuniversal.com,24,Data Collection,1,0.3980874,0.2082151,0.38840654,0.39248347,0.25445747,0.40374675,0.29892626,
33_nbcuniversal.com,25,Data Collection,1,0.5069427,0.27861887,0.24080394,0.48281696,0.35788465,0.40628377,0.29702213,Data Collection
33_nbcuniversal.com,26,Data Collection,1,0.6120419,0.2831044,0.2751011,0.5421934,0.29375505,0.35141546,0.33109435,Data Collection|Other/Unclear
33_nbcuniversal.com,27,Data Collection,1,0.5612779,0.251156,0.30121478,0.48028433,0.24833198,0.31908172,0.33453846,Data Collection
33_nbcuniversal.com,28,Data Collection,1,0.55727905,0.29924437,0.31922424,0.5774842,0.25896978,0.4933879,0.50248486,Data Collection|Other/Unclear|User Control & Deletion
33_nbcuniversal.com,29,Data Collection,1,0.6163399,0.3741939,0.2942264,0.4576319,0.2629242,0.43599126,0.42149988,Data Collection
33_nbcuniversal.com,30,Data Collection,1,0.49480513,0.2783223,0.3157389,0.49768645,0.2795272,0.46958086,0.3086836,
33_nbcuniversal.com,31,Data Collection|Other/Unclear,1,0.6038513,0.3462217,0.30260742,0.4494562,0.29096836,0.35499153,0.28271523,Data Collection
33_nbcuniversal.com,32,Data Collection|Other/Unclear|Third-Party Sharing,1,0.6433178,0.37335172,0.2419286,0.50707716,0.31499273,0.60172665,0.5149543,Data Collection|Other/Unclear|Third-Party Sharing|User Control & Deletion
33_nbcuniversal.com,33,Other/Unclear|Third-Party Sharing,1,0.36626935,0.32015675,0.3449413,0.5033036,0.22857717,0.7851494,0.39812848,Other/Unclear|Third-Party Sharing
33_nbcuniversal.com,34,Data Security|Other/Unclear|Third-Party Sharing,1,0.26821363,0.35604313,0.8023295,0.36994934,0.27014986,0.7881969,0.24056756,Data Security|Third-Party Sharing
33_nbcuniversal.com,35,Other/Unclear|Third-Party Sharing,1,0.43882546,0.28657806,0.26845762,0.55022764,0.33002928,0.41233695,0.5197173,Other/Unclear|User Control & Deletion
33_nbcuniversal.com,36,Third-Party Sharing,1,0.4099088,0.3137167,0.30572808,0.53511864,0.24686301,0.55597657,0.3917961,Other/Unclear|Third-Party Sharing
33_nbcuniversal.com,37,Third-Party Sharing,1,0.5141178,0.2529669,0.36309266,0.5003914,0.27380714,0.47689667,0.2885286,Data Collection|Other/Unclear
33_nbcuniversal.com,38,Other/Unclear|Third-Party Sharing|User Control & Deletion,1,0.51902986,0.22935586,0.36239865,0.6616119,0.3116165,0.7519877,0.35036674,Data Collection|Other/Unclear|Third-Party Sharing
33_nbcuniversal.com,39,Third-Party Sharing,1,0.4946466,0.26148528,0.42705867,0.2788858,0.2305213,0.78329563,0.23856679,Third-Party Sharing
33_nbcuniversal.com,40,Third-Party Sharing,1,0.3251862,0.2697507,0.27799657,0.38401183,0.31603354,0.64191383,0.42915317,Third-Party Sharing
33_nbcuniversal.com,41,Data Collection|Other/Unclear,1,0.46077296,0.31426948,0.24474062,0.8198383,0.306169,0.2667156,0.47172675,Other/Unclear
33_nbcuniversal.com,42,Other/Unclear,1,0.38821,0.26208603,0.28449774,0.631524,0.30877846,0.3704235,0.36537513,Other/Unclear
33_nbcuniversal.com,43,Other/Unclear,1,0.34340036,0.41676247,0.33818182,0.59629565,0.27494356,0.42452416,0.49019417,Other/Unclear
33_nbcuniversal.com,44,Data Security|Other/Unclear,1,0.3105664,0.34841993,0.7638891,0.44590166,0.25895754,0.42662373,0.27691856,Data Security
33_nbcuniversal.com,45,Data Security|Other/Unclear,1,0.2907696,0.24658279,0.6675586,0.54850924,0.3047307,0.38187197,0.340328,Data Security|Other/Unclear
33_nbcuniversal.com,46,User Control & Deletion,1,0.34661457,0.20121752,0.27769896,0.5102696,0.25929987,0.37099046,0.76319724,Other/Unclear|User Control & Deletion
33_nbcuniversal.com,47,Other/Unclear|User Control & Deletion,1,0.38003373,0.242513,0.25379324,0.53431064,0.2617314,0.24651419,0.6242738,Other/Unclear|User Control & Deletion
33_nbcuniversal.com,48,User Control & Deletion,1,0.5192233,0.2507038,0.30017635,0.48478284,0.29015824,0.38095367,0.41812077,Data Collection
33_nbcuniversal.com,49,User Control & Deletion,1,0.42192256,0.24913728,0.40230057,0.4521116,0.2815274,0.369723,0.60671175,User Control & Deletion
33_nbcuniversal.com,50,Data Security|Other/Unclear|User Control & Deletion,1,0.32070634,0.26883918,0.64271873,0.55550563,0.23725945,0.26962838,0.4161153,Data Security|Other/Unclear
33_nbcuniversal.com,51,Data Retention|User Control & Deletion,1,0.42301834,0.62343657,0.36936703,0.53602713,0.285419,0.36863607,0.55117553,Data Retention|Other/Unclear|User Control & Deletion
33_nbcuniversal.com,52,Other/Unclear|Third-Party Sharing,1,0.30983758,0.41388246,0.47090477,0.5333123,0.29068336,0.4570088,0.31564653,Other/Unclear
33_nbcuniversal.com,53,Other/Unclear,1,0.380708,0.40412948,0.27894136,0.69386405,0.22379562,0.33371204,0.22107369,Other/Unclear
33_nbcuniversal.com,54,Other/Unclear,1,0.43395257,0.2531235,0.34844625,0.5522103,0.25428778,0.35821852,0.44088012,Other/Unclear
33_nbcuniversal.com,55,Other/Unclear|User Control & Deletion,1,0.46016875,0.24509767,0.27522346,0.45391747,0.3034115,0.39253166,0.54246426,User Control & Deletion
33_nbcuniversal.com,56,Other/Unclear,1,0.48751175,0.21245183,0.36048388,0.72313255,0.28375858,0.3103493,0.4838591,Other/Unclear
33_nbcuniversal.com,57,Other/Unclear,1,0.3412491,0.31001678,0.30119482,0.7497136,0.25592518,0.2911138,0.42596406,Other/Unclear
33_nbcuniversal.com,58,Other/Unclear,1,0.25731868,0.26635283,0.3005075,0.73692316,0.3803094,0.28472483,0.30141574,Other/Unclear
33_nbcuniversal.com,59,Data Security|Other/Unclear,1,0.36498156,0.3107045,0.28577954,0.7751243,0.3090018,0.66482466,0.41635615,Other/Unclear|Third-Party Sharing
33_nbcuniversal.com,60,Data Security|Other/Unclear,1,0.277332,0.21763413,0.38158303,0.68907714,0.31277418,0.332661,0.33584747,Other/Unclear
33_nbcuniversal.com,61,Policy Change,1,0.35927016,0.24210988,0.23832783,0.41674715,0.6636171,0.37042525,0.31883547,Policy Change
33_nbcuniversal.com,62,Other/Unclear|Policy Change,1,0.30336705,0.25484946,0.27231222,0.5143051,0.79879403,0.3159013,0.41121945,Other/Unclear|Policy Change
33_nbcuniversal.com,63,Other/Unclear,1,0.21636902,0.29290193,0.32653725,0.7765856,0.3070821,0.2443232,0.37240827,Other/Unclear
33_nbcuniversal.com,64,Other/Unclear,1,0.26742116,0.27587596,0.26405802,0.7712754,0.26630434,0.2817545,0.41550824,Other/Unclear
359_vikings.com,0,Other/Unclear,2,0.1687419,0.20220777,0.28828403,0.7955964,0.35316938,0.19410266,0.20801787,Other/Unclear
359_vikings.com,1,Other/Unclear,2,0.33684927,0.26021358,0.27372122,0.59054655,0.51879823,0.31023484,0.36048117,Other/Unclear|Policy Change
359_vikings.com,2,Other/Unclear,2,0.4111829,0.28728157,0.36218134,0.6493909,0.35277024,0.5067121,0.26973,Other/Unclear|Third-Party Sharing
359_vikings.com,3,Other/Unclear,2,0.32058015,0.29149467,0.32732406,0.6312445,0.27964404,0.31733188,0.31078658,Other/Unclear
359_vikings.com,4,Data Security|Other/Unclear,2,0.26951298,0.2873448,0.63032854,0.7969911,0.30894923,0.30259073,0.308683,Data Security|Other/Unclear
359_vikings.com,5,Data Collection|Other/Unclear,2,0.5317484,0.32837304,0.323212,0.5725078,0.27744803,0.39205173,0.27989167,Data Collection|Other/Unclear
359_vikings.com,6,Other/Unclear,2,0.2612048,0.30584767,0.2932601,0.83177805,0.490286,0.27630585,0.25130376,Other/Unclear
359_vikings.com,7,Data Collection|Other/Unclear,2,0.65724206,0.40297502,0.27899614,0.57009155,0.3010218,0.31862852,0.17529139,Data Collection|Other/Unclear
359_vikings.com,8,Data Collection,2,0.80035716,0.2704343,0.31538916,0.26136547,0.22467068,0.38776007,0.33957916,Data Collection
359_vikings.com,9,Data Collection|Other/Unclear,2,0.679143,0.47637174,0.26336846,0.3789468,0.25646648,0.33877987,0.32787603,Data Collection
359_vikings.com,10,Data Collection|Other/Unclear|User Control & Deletion,2,0.6958429,0.43594453,0.2968025,0.43653107,0.26796854,0.30026257,0.50142,Data Collection|User Control & Deletion
359_vikings.com,11,Data Collection|Other/Unclear,2,0.7601623,0.3287026,0.26079056,0.553455,0.24689479,0.39717618,0.28657398,Data Collection|Other/Unclear
359_vikings.com,12,Data Collection,2,0.70727104,0.32062465,0.2527831,0.28404456,0.24559161,0.44029412,0.69739014,Data Collection|User Control & Deletion
359_vikings.com,13,Data Collection|Data Retention|Other/Unclear,2,0.7475527,0.603491,0.30296704,0.24687944,0.28993738,0.3291664,0.42118222,Data Collection|Data Retention
359_vikings.com,14,Other/Unclear|User Control & Deletion,2,0.4417747,0.5703528,0.30099618,0.6702117,0.23967598,0.2750768,0.62915677,Data Retention|Other/Unclear|User Control & Deletion
359_vikings.com,15,Data Collection|Other/Unclear|User Control & Deletion,2,0.47720346,0.25604862,0.26235518,0.48903364,0.2819495,0.52693486,0.65349334,Third-Party Sharing|User Control & Deletion
359_vikings.com,16,Data Collection|Other/Unclear|Third-Party Sharing|User Control & Deletion,2,0.6341769,0.37713447,0.25219923,0.5368316,0.31302878,0.6256306,0.45401296,Data Collection|Other/Unclear|Third-Party Sharing
359_vikings.com,17,Data Collection|User Control & Deletion,2,0.66725683,0.31242788,0.28009048,0.31414455,0.3290614,0.49087775,0.52669734,Data Collection|User Control & Deletion
359_vikings.com,18,Data Collection,2,0.7313848,0.2968356,0.2735925,0.4771824,0.21954085,0.38689196,0.5553104,Data Collection|User Control & Deletion
359_vikings.com,19,Other/Unclear|Third-Party Sharing,2,0.5552375,0.29193267,0.3897052,0.5945046,0.25900385,0.68060994,0.32497218,Data Collection|Other/Unclear|Third-Party Sharing
359_vikings.com,20,Data Collection|Other/Unclear,2,0.67538166,0.31436062,0.31075895,0.45805454,0.2541676,0.47106025,0.27264717,Data Collection
359_vikings.com,21,Data Collection|Other/Unclear|Third-Party Sharing,2,0.77746534,0.31206763,0.21126732,0.40041977,0.22773153,0.44719762,0.3241112,Data Collection
359_vikings.com,22,Data Collection|Data Security,2,0.71779853,0.42845547,0.3116721,0.23985195,0.24248794,0.4024407,0.35409692,Data Collection
359_vikings.com,23,Data Collection,2,0.7140356,0.34464777,0.26668417,0.4810637,0.3173904,0.539783,0.31877315,Data Collection|Third-Party Sharing
359_vikings.com,24,Other/Unclear|Third-Party Sharing,2,0.34193504,0.3474923,0.2706416,0.53322697,0.21390092,0.6308625,0.50355625,Other/Unclear|Third-Party Sharing|User Control & Deletion
359_vikings.com,25,Data Security|Third-Party Sharing,2,0.34320757,0.24298215,0.6357934,0.36894938,0.2530254,0.63234115,0.33456945,Data Security|Third-Party Sharing
359_vikings.com,26,Data Security|Other/Unclear,2,0.2893979,0.26443052,0.32073513,0.6879113,0.31468245,0.471679,0.41841888,Other/Unclear
359_vikings.com,27,Third-Party Sharing,2,0.4432795,0.310585,0.3957048,0.46334973,0.24618718,0.70479965,0.36915275,Third-Party Sharing
359_vikings.com,28,Other/Unclear|Third-Party Sharing|User Control & Deletion,2,0.50667846,0.31245413,0.2619561,0.5017525,0.26409563,0.5287758,0.70209044,Data Collection|Other/Unclear|Third-Party Sharing|User Control & Deletion
359_vikings.com,29,Data Collection|Policy Change|Third-Party Sharing|User Control & Deletion,2,0.3478908,0.24886346,0.2864696,0.47836083,0.32984364,0.7786124,0.41640553,Third-Party Sharing
359_vikings.com,30,Third-Party Sharing,2,0.30371025,0.25932723,0.30201522,0.3352619,0.3441548,0.7291526,0.30266702,Third-Party Sharing
359_vikings.com,31,Other/Unclear|Third-Party Sharing,2,0.32200924,0.278195,0.32663125,0.74520844,0.29562268,0.57227904,0.27934504,Other/Unclear|Third-Party Sharing
359_vikings.com,32,Data Security,2,0.3139522,0.2998332,0.75936264,0.4549819,0.30521476,0.34962752,0.29962447,Data Security
359_vikings.com,33,Other/Unclear,2,0.3159564,0.25441495,0.30986917,0.82662964,0.29279745,0.28817233,0.28310543,Other/Unclear
359_vikings.com,34,Other/Unclear,2,0.47828174,0.2182828,0.40093818,0.5678513,0.26928192,0.31948727,0.3022477,Other/Unclear
359_vikings.com,35,Other/Unclear|Policy Change,2,0.3337821,0.39392412,0.3146401,0.49809352,0.62602216,0.3459867,0.5448022,Policy Change|User Control & Deletion
359_vikings.com,36,Other/Unclear|User Control & Deletion,2,0.39130875,0.3822257,0.33893365,0.52749693,0.34944198,0.30387098,0.79594487,Other/Unclear|User Control & Deletion
359_vikings.com,37,Data Retention|Other/Unclear|User Control & Deletion,2,0.5069388,0.75664854,0.29585224,0.35927552,0.2721436,0.298026,0.6114946,Data Collection|Data Retention|User Control & Deletion
359_vikings.com,38,Other/Unclear|User Control & Deletion,2,0.30438775,0.30288926,0.38779458,0.6637189,0.28874856,0.47317675,0.5085798,Other/Unclear|User Control & Deletion
359_vikings.com,39,Other/Unclear,2,0.24141887,0.32514527,0.3300994,0.7581887,0.25877988,0.35923204,0.65663266,Other/Unclear|User Control & Deletion
359_vikings.com,40,Other/Unclear,2,0.15001589,0.1982007,0.26368353,0.86279917,0.3844767,0.24880219,0.19413927,Other/Unclear
414_washingtonian.com,0,Data Collection,1,0.57374686,0.27198577,0.27982306,0.5870398,0.40997797,0.3915586,0.36606926,Data Collection|Other/Unclear
414_washingtonian.com,1,Data Collection,1,0.7293581,0.31447715,0.2895284,0.46254587,0.23640403,0.35452718,0.46858963,Data Collection
414_washingtonian.com,2,Data Collection,1,0.7351707,0.24170387,0.2810971,0.3682731,0.2723989,0.25542447,0.28043216,Data Collection
414_washingtonian.com,3,Data Collection|User Control & Deletion,1,0.6653235,0.40345764,0.33450356,0.36745697,0.22793493,0.27684966,0.57448435,Data Collection|User Control & Deletion
414_washingtonian.com,4,Data Collection|Other/Unclear|Third-Party Sharing,1,0.6510229,0.3389165,0.3043819,0.43533435,0.2543766,0.65341246,0.29394862,Data Collection|Third-Party Sharing
414_washingtonian.com,5,Data Collection|Other/Unclear|Third-Party Sharing,1,0.70652163,0.3323612,0.23834594,0.40362647,0.25427243,0.63584965,0.21952298,Data Collection|Third-Party Sharing
414_washingtonian.com,6,Data Collection|Third-Party Sharing,1,0.55301267,0.2861641,0.24261689,0.36751774,0.34638408,0.5430654,0.3269791,Data Collection|Third-Party Sharing
414_washingtonian.com,7,Data Collection|Third-Party Sharing,1,0.5755371,0.43010727,0.42809945,0.40560964,0.23731987,0.55991113,0.31680807,Data Collection|Third-Party Sharing
414_washingtonian.com,8,Third-Party Sharing,1,0.51823413,0.29123557,0.2666102,0.28911188,0.24240218,0.7551536,0.48407122,Data Collection|Third-Party Sharing
414_washingtonian.com,9,Other/Unclear|Third-Party Sharing,1,0.40927967,0.28174827,0.2592555,0.2841214,0.27246526,0.7912795,0.31028008,Third-Party Sharing
414_washingtonian.com,10,Other/Unclear|User Control & Deletion,1,0.42978546,0.38747892,0.2809536,0.4459272,0.32385367,0.23377311,0.837074,User Control & Deletion
414_washingtonian.com,11,Other/Unclear|User Control & Deletion,1,0.30854315,0.29063877,0.27314356,0.62692803,0.34377712,0.2719783,0.5025585,Other/Unclear|User Control & Deletion
414_washingtonian.com,12,Data Security,1,0.37700886,0.28420943,0.6609623,0.31796595,0.23185089,0.28287855,0.30412,Data Security
414_washingtonian.com,13,Other/Unclear|Third-Party Sharing,1,0.2806112,0.24719301,0.39739487,0.6324993,0.30183598,0.64546937,0.29670683,Other/Unclear|Third-Party Sharing
414_washingtonian.com,14,Data Collection|Other/Unclear,1,0.6307095,0.28592598,0.26999006,0.3305225,0.2647615,0.5408726,0.26775143,Data Collection|Third-Party Sharing
414_washingtonian.com,15,Other/Unclear|Third-Party Sharing|User Control & Deletion,1,0.33896625,0.22167297,0.2897903,0.77768755,0.22875293,0.5386525,0.6163298,Other/Unclear|Third-Party Sharing|User Control & Deletion
414_washingtonian.com,16,Other/Unclear,1,0.47436392,0.30422702,0.23101184,0.68153536,0.33303455,0.3774877,0.40951642,Other/Unclear
414_washingtonian.com,17,Other/Unclear,1,0.3131131,0.26942393,0.31980628,0.7588708,0.31447956,0.30333954,0.41286162,Other/Unclear
414_washingtonian.com,18,Other/Unclear|Policy Change,1,0.28156814,0.29124597,0.2703804,0.35397214,0.86563885,0.24329619,0.2854583,Policy Change
414_washingtonian.com,19,Other/Unclear,1,0.2957981,0.3297585,0.33282784,0.76030564,0.33699763,0.3629045,0.27692378,Other/Unclear
414_washingtonian.com,20,Other/Unclear,1,0.5469437,0.28706646,0.28685945,0.41790327,0.3179852,0.48680764,0.32046184,Data Collection
414_washingtonian.com,21,Other/Unclear,1,0.29129377,0.26124436,0.28875035,0.7432282,0.23705655,0.46217757,0.51321584,Other/Unclear|User Control & Deletion
414_washingtonian.com,22,Other/Unclear|Policy Change,1,0.2701678,0.24442509,0.2923252,0.53265053,0.646524,0.27203724,0.22494006,Other/Unclear|Policy Change
456_boardgamegeek.com,0,Other/Unclear,3,0.24266902,0.21319851,0.41235122,0.80822164,0.31714514,0.2331303,0.25879934,Other/Unclear
456_boardgamegeek.com,1,Third-Party Sharing,3,0.42260948,0.2919656,0.32064226,0.54140306,0.23910627,0.6841773,0.4103794,Other/Unclear|Third-Party Sharing
456_boardgamegeek.com,2,Data Collection,3,0.71806,0.29083586,0.29543164,0.5043658,0.23644936,0.44079554,0.2985236,Data Collection|Other/Unclear
456_boardgamegeek.com,3,Data Collection,3,0.6949288,0.297714,0.2442591,0.39982334,0.27892795,0.28518322,0.38829342,Data Collection
456_boardgamegeek.com,4,Data Collection,3,0.5862549,0.22660074,0.3412806,0.3600585,0.25717202,0.39446068,0.32148257,Data Collection
456_boardgamegeek.com,5,Data Collection,3,0.66081405,0.34419742,0.27449542,0.39654592,0.23958196,0.3239217,0.3720387,Data Collection
456_boardgamegeek.com,6,Data Collection,3,0.6742436,0.30201298,0.2812229,0.32845378,0.26490042,0.38684362,0.33064094,Data Collection
456_boardgamegeek.com,7,Third-Party Sharing,3,0.58047026,0.26160833,0.30963457,0.44176394,0.24417591,0.5961597,0.45548096,Data Collection|Third-Party Sharing
456_boardgamegeek.com,8,Policy Change,3,0.47942197,0.30001864,0.39066952,0.55905986,0.56033015,0.40156737,0.35833436,Other/Unclear|Policy Change
456_boardgamegeek.com,9,Third-Party Sharing,3,0.36056393,0.31124124,0.27532688,0.30279502,0.28737527,0.62904936,0.2782084,Third-Party Sharing
503_buffalowildwings.com,0,Other/Unclear,1,0.36177006,0.2537468,0.41148755,0.73745036,0.31895384,0.35297868,0.28540954,Other/Unclear
503_buffalowildwings.com,1,Other/Unclear,1,0.538777,0.28109193,0.3127787,0.5427867,0.29065555,0.46422565,0.32782423,Data Collection|Other/Unclear
503_buffalowildwings.com,2,Data Collection|Data Retention|User Control & Deletion,1,0.7934075,0.4172873,0.29721645,0.30065304,0.22952525,0.45974922,0.4202438,Data Collection
503_buffalowildwings.com,3,Data Collection,1,0.69485396,0.28153262,0.30545917,0.5807002,0.27324608,0.3917192,0.48050863,Data Collection|Other/Unclear
503_buffalowildwings.com,4,Other/Unclear|User Control & Deletion,1,0.5126506,0.33941686,0.32621163,0.5212735,0.22035791,0.38117868,0.6316682,Data Collection|Other/Unclear|User Control & Deletion
503_buffalowildwings.com,5,Data Collection|Other/Unclear,1,0.689222,0.31118068,0.21641599,0.47350255,0.3109865,0.64132416,0.31389964,Data Collection|Third-Party Sharing
503_buffalowildwings.com,6,Data Collection|Data Retention|Other/Unclear|User Control & Deletion,1,0.7391773,0.44671667,0.27784875,0.3872794,0.24949433,0.33534473,0.67888516,Data Collection|User Control & Deletion
503_buffalowildwings.com,7,Other/Unclear|Third-Party Sharing,1,0.3715302,0.36214617,0.3370086,0.60178465,0.3015658,0.4901256,0.71334934,Other/Unclear|User Control & Deletion
503_buffalowildwings.com,8,Data Security|Third-Party Sharing,1,0.438432,0.3452665,0.3675527,0.40942875,0.28107873,0.8761733,0.36257008,Third-Party Sharing
503_buffalowildwings.com,9,Third-Party Sharing,1,0.28361794,0.26956457,0.2973403,0.25328124,0.28705508,0.80766803,0.27355227,Third-Party Sharing
503_buffalowildwings.com,10,Data Security|Other/Unclear|Third-Party Sharing,1,0.41191688,0.2957932,0.3136554,0.7424309,0.3380184,0.49246332,0.3079717,Other/Unclear
503_buffalowildwings.com,11,Data Collection|Data Security|User Control & Deletion,1,0.58763194,0.40570804,0.54994833,0.33450243,0.30839437,0.4942065,0.50332034,Data Collection|Data Security|User Control & Deletion
503_buffalowildwings.com,12,Data Security,1,0.3738873,0.2781816,0.66466564,0.40238535,0.250333,0.32442603,0.42833385,Data Security
503_buffalowildwings.com,13,Other/Unclear,1,0.33520037,0.23239934,0.33289927,0.799754,0.26694986,0.25283107,0.3359659,Other/Unclear
503_buffalowildwings.com,14,Other/Unclear|Third-Party Sharing,1,0.27229884,0.29102352,0.26894462,0.73095256,0.23807472,0.37204978,0.4348651,Other/Unclear
503_buffalowildwings.com,15,Other/Unclear,1,0.32340398,0.28292078,0.33064243,0.6982031,0.28932855,0.26205388,0.36396325,Other/Unclear
503_buffalowildwings.com,16,Policy Change,1,0.43508303,0.34780896,0.24661672,0.33184552,0.69739914,0.31862125,0.26007524,Policy Change
503_buffalowildwings.com,17,Other/Unclear,1,0.22854637,0.25578827,0.3135186,0.6970536,0.7461922,0.24048129,0.24186157,Other/Unclear|Policy Change
503_buffalowildwings.com,18,Other/Unclear,1,0.3463307,0.30694544,0.29977697,0.58061457,0.49301603,0.3055289,0.23429683,Other/Unclear
503_buffalowildwings.com,19,Other/Unclear,1,0.19037749,0.26256716,0.25697687,0.81828827,0.27785143,0.23805875,0.30323747,Other/Unclear
517_kaleidahealth.org,0,Other/Unclear,2,0.35162663,0.2403834,0.3452469,0.6754091,0.3835292,0.32209712,0.438644,Other/Unclear
517_kaleidahealth.org,1,Data Security|Other/Unclear,2,0.37846676,0.33942932,0.51240504,0.5063999,0.40623137,0.33168575,0.45759022,Data Security|Other/Unclear
517_kaleidahealth.org,2,Other/Unclear,2,0.24499065,0.23209357,0.25435665,0.76835656,0.3118687,0.26961762,0.3039748,Other/Unclear
517_kaleidahealth.org,3,Other/Unclear,2,0.28669932,0.28522733,0.47212073,0.71208906,0.37496194,0.48337185,0.32302096,Other/Unclear
517_kaleidahealth.org,4,Data Collection|Third-Party Sharing|User Control & Deletion,2,0.5652694,0.37173507,0.44477737,0.46462005,0.3625233,0.58027875,0.47541213,Data Collection|Third-Party Sharing
517_kaleidahealth.org,5,Data Collection|Other/Unclear|Third-Party Sharing|User Control & Deletion,2,0.39994547,0.32487535,0.4128913,0.55197006,0.29072985,0.42857638,0.46914127,Other/Unclear
517_kaleidahealth.org,6,Data Collection|Third-Party Sharing,2,0.51707745,0.33995855,0.44317177,0.5589078,0.3385358,0.6684098,0.39120865,Data Collection|Other/Unclear|Third-Party Sharing
517_kaleidahealth.org,7,Data Collection|Third-Party Sharing|User Control & Deletion,2,0.41032112,0.3547986,0.35590008,0.53032625,0.30831337,0.55059147,0.5040385,Other/Unclear|Third-Party Sharing|User Control & Deletion
517_kaleidahealth.org,8,Data Collection|Third-Party Sharing,2,0.38334212,0.30865395,0.3641561,0.5265315,0.28084165,0.67837274,0.34153494,Other/Unclear|Third-Party Sharing
517_kaleidahealth.org,9,Data Collection|Third-Party Sharing,2,0.37394384,0.30822614,0.41300374,0.5353619,0.3679645,0.49599853,0.42529437,Other/Unclear
517_kaleidahealth.org,10,Data Collection|Third-Party Sharing|User Control & Deletion,2,0.4278696,0.30670932,0.3652162,0.45309177,0.38775027,0.62593985,0.3708243,Third-Party Sharing
517_kaleidahealth.org,11,Other/Unclear,2,0.31611457,0.40084037,0.43100452,0.70603305,0.32305795,0.37458363,0.42561424,Other/Unclear
517_kaleidahealth.org,12,Other/Unclear,2,0.41706437,0.26119933,0.32959086,0.6509087,0.32490996,0.2883029,0.28240728,Other/Unclear
517_kaleidahealth.org,13,Other/Unclear|User Control & Deletion,2,0.31984434,0.3915302,0.30979532,0.6027364,0.43550792,0.27394634,0.6594594,Other/Unclear|User Control & Deletion
517_kaleidahealth.org,14,Other/Unclear|Policy Change,2,0.29943427,0.33474356,0.3298781,0.5269443,0.61171013,0.3231268,0.54578096,Other/Unclear|Policy Change|User Control & Deletion
517_kaleidahealth.org,15,Other/Unclear,2,0.3557254,0.31869364,0.44351384,0.6217102,0.30156177,0.35611996,0.39635736,Other/Unclear
517_kaleidahealth.org,16,Data Collection,2,0.69822985,0.28970096,0.4080191,0.504042,0.25419334,0.31965873,0.28974083,Data Collection|Other/Unclear
517_kaleidahealth.org,17,Data Collection|Third-Party Sharing,2,0.5758523,0.37047568,0.43270338,0.54485506,0.2836125,0.7440631,0.3510578,Data Collection|Other/Unclear|Third-Party Sharing
517_kaleidahealth.org,18,Third-Party Sharing,2,0.34783894,0.3181032,0.40412173,0.485616,0.26918158,0.6559219,0.33622515,Third-Party Sharing
517_kaleidahealth.org,19,Data Collection|Third-Party Sharing,2,0.4584026,0.3231141,0.42902222,0.43251896,0.27644616,0.7167827,0.29754463,Third-Party Sharing
517_kaleidahealth.org,20,Data Collection|Third-Party Sharing,2,0.49304378,0.34582803,0.47917593,0.41330415,0.26417226,0.6698442,0.3149763,Third-Party Sharing
517_kaleidahealth.org,21,Data Collection,2,0.62247306,0.26382312,0.38564482,0.44964954,0.30026972,0.49057615,0.2999065,Data Collection
517_kaleidahealth.org,22,Data Collection|Third-Party Sharing|User Control & Deletion,2,0.5082139,0.25517523,0.30293325,0.3673933,0.28718337,0.5166746,0.47252786,Data Collection|Third-Party Sharing
517_kaleidahealth.org,23,Data Security|Third-Party Sharing,2,0.4049908,0.3464212,0.5208411,0.42751104,0.2706323,0.77522516,0.2730363,Data Security|Third-Party Sharing
517_kaleidahealth.org,24,Other/Unclear|Third-Party Sharing|User Control & Deletion,2,0.34722987,0.34252366,0.37441462,0.4679483,0.32847965,0.5644921,0.5113984,Third-Party Sharing|User Control & Deletion
517_kaleidahealth.org,25,Data Collection|Third-Party Sharing,2,0.54396564,0.38534927,0.41590324,0.36134717,0.3696623,0.6289668,0.45293075,Data Collection|Third-Party Sharing
517_kaleidahealth.org,26,Data Collection|Third-Party Sharing,2,0.54424345,0.4172916,0.32828465,0.43977344,0.29331475,0.5775697,0.56953794,Data Collection|Third-Party Sharing|User Control & Deletion
517_kaleidahealth.org,27,Third-Party Sharing,2,0.3184234,0.2961814,0.41149244,0.5121046,0.2631241,0.66468793,0.35987908,Other/Unclear|Third-Party Sharing
517_kaleidahealth.org,28,Other/Unclear|User Control & Deletion,2,0.49933976,0.35195646,0.3448012,0.4231333,0.36525166,0.46267593,0.53524876,User Control & Deletion
517_kaleidahealth.org,29,Data Collection|Third-Party Sharing,2,0.6390037,0.2628075,0.4076851,0.42953098,0.26640826,0.63652724,0.3457613,Data Collection|Third-Party Sharing
517_kaleidahealth.org,30,Other/Unclear|User Control & Deletion,2,0.4705711,0.39432046,0.50346947,0.4331852,0.33749315,0.49601117,0.52292305,Data Security|User Control & Deletion
517_kaleidahealth.org,31,Data Collection|Third-Party Sharing,2,0.4086815,0.3266768,0.35487524,0.40564314,0.30854008,0.48740795,0.4634804,
517_kaleidahealth.org,32,Data Collection|Third-Party Sharing|User Control & Deletion,2,0.43623254,0.26453644,0.34672225,0.4386464,0.3508923,0.48984998,0.4697895,
517_kaleidahealth.org,33,Data Collection|Third-Party Sharing,2,0.47118896,0.35380545,0.3907536,0.35516638,0.33377862,0.63053346,0.30875692,Third-Party Sharing
517_kaleidahealth.org,34,Third-Party Sharing,2,0.41966432,0.2924623,0.4403771,0.40047023,0.2327462,0.76177377,0.3543316,Third-Party Sharing
517_kaleidahealth.org,35,Third-Party Sharing,2,0.4354994,0.36266178,0.40843913,0.45729578,0.2855443,0.56185305,0.42131922,Third-Party Sharing
517_kaleidahealth.org,36,Third-Party Sharing,2,0.47757277,0.28340277,0.5143104,0.4890161,0.26490933,0.49504134,0.34311086,Data Security
517_kaleidahealth.org,37,Third-Party Sharing,2,0.52324766,0.34659934,0.35245177,0.40220967,0.25311917,0.63072604,0.31332853,Data Collection|Third-Party Sharing
517_kaleidahealth.org,38,Third-Party Sharing,2,0.365398,0.34109262,0.3689385,0.5159882,0.29848284,0.5924657,0.29319406,Other/Unclear|Third-Party Sharing
517_kaleidahealth.org,39,Third-Party Sharing,2,0.37088007,0.34577078,0.42830548,0.4241607,0.25203466,0.6723747,0.38515773,Third-Party Sharing
517_kaleidahealth.org,40,Data Collection|Third-Party Sharing,2,0.52179116,0.33849427,0.36555403,0.30418453,0.28937116,0.7256378,0.30930987,Data Collection|Third-Party Sharing
517_kaleidahealth.org,41,Third-Party Sharing,2,0.3502724,0.2999955,0.49874538,0.63463646,0.26879853,0.4283633,0.3230877,Other/Unclear
517_kaleidahealth.org,42,Other/Unclear|Third-Party Sharing,2,0.4823747,0.2838823,0.4883599,0.39568993,0.25228107,0.62646383,0.38674387,Third-Party Sharing
517_kaleidahealth.org,43,Third-Party Sharing,2,0.41178778,0.3220392,0.5032539,0.3695561,0.25699025,0.60228187,0.29403308,Data Security|Third-Party Sharing
517_kaleidahealth.org,44,Third-Party Sharing,2,0.48547035,0.3281912,0.4914924,0.5148707,0.25516582,0.46218464,0.28910917,Other/Unclear
517_kaleidahealth.org,45,Third-Party Sharing,2,0.43817484,0.3342974,0.38435763,0.36796153,0.2562546,0.64930373,0.34556225,Third-Party Sharing
517_kaleidahealth.org,46,Third-Party Sharing,2,0.43983734,0.3574189,0.4737721,0.4808074,0.29051253,0.6714976,0.28677928,Third-Party Sharing
517_kaleidahealth.org,47,Data Collection|Third-Party Sharing|User Control & Deletion,2,0.45693204,0.30427316,0.49116257,0.43173492,0.31448185,0.65402186,0.38403037,Third-Party Sharing
517_kaleidahealth.org,48,Data Collection|Third-Party Sharing,2,0.41121715,0.31409863,0.40046716,0.48723677,0.31249133,0.52593577,0.35410666,Third-Party Sharing
517_kaleidahealth.org,49,Other/Unclear,2,0.60106367,0.29466584,0.379779,0.4131686,0.24497904,0.3767702,0.29636964,Data Collection
517_kaleidahealth.org,50,Data Security,2,0.34360173,0.29519632,0.51093537,0.5118554,0.25764996,0.40875417,0.4026773,Data Security|Other/Unclear
517_kaleidahealth.org,51,Other/Unclear|User Control & Deletion,2,0.37487635,0.32829273,0.44935638,0.5542606,0.30386424,0.42844754,0.371979,Other/Unclear
517_kaleidahealth.org,52,User Control & Deletion,2,0.45713055,0.6153121,0.3862459,0.53433216,0.32060924,0.3525266,0.5543618,Data Retention|Other/Unclear|User Control & Deletion
517_kaleidahealth.org,53,Other/Unclear|User Control & Deletion,2,0.4854334,0.47079864,0.36111867,0.48270783,0.33205685,0.34845957,0.5660837,User Control & Deletion
517_kaleidahealth.org,54,Other/Unclear,2,0.38176066,0.3745192,0.46992558,0.47006837,0.32632288,0.37051693,0.5095589,User Control & Deletion
517_kaleidahealth.org,55,Other/Unclear|User Control & Deletion,2,0.41333553,0.50911456,0.35476053,0.5621668,0.29951,0.31283882,0.5751843,Data Retention|Other/Unclear|User Control & Deletion
517_kaleidahealth.org,56,Other/Unclear,2,0.49049467,0.35017085,0.36746356,0.36645257,0.35015738,0.4213123,0.5772028,User Control & Deletion
517_kaleidahealth.org,57,Other/Unclear|Third-Party Sharing|User Control & Deletion,2,0.41792274,0.40750068,0.36771,0.6092486,0.32635257,0.4848388,0.3569346,Other/Unclear
517_kaleidahealth.org,58,Other/Unclear|User Control & Deletion,2,0.521956,0.3957993,0.3908969,0.5569576,0.28976092,0.43025938,0.375801,Data Collection|Other/Unclear
517_kaleidahealth.org,59,Other/Unclear,2,0.29381493,0.30002767,0.28580835,0.65909874,0.28125474,0.30254105,0.34680578,Other/Unclear
517_kaleidahealth.org,60,Other/Unclear|User Control & Deletion,2,0.37690148,0.43223605,0.27421582,0.48140386,0.31682864,0.30358088,0.55920976,User Control & Deletion
517_kaleidahealth.org,61,Other/Unclear|User Control & Deletion,2,0.4564899,0.37444896,0.31849465,0.47029474,0.3302147,0.4140754,0.5054105,User Control & Deletion
517_kaleidahealth.org,62,Other/Unclear|User Control & Deletion,2,0.39987677,0.37878323,0.3242416,0.5584524,0.29686978,0.4289859,0.5487252,Other/Unclear|User Control & Deletion
517_kaleidahealth.org,63,Other/Unclear,2,0.4013429,0.5058646,0.33356154,0.44373134,0.3866977,0.45739606,0.58105546,Data Retention|User Control & Deletion
517_kaleidahealth.org,64,Other/Unclear|User Control & Deletion,2,0.4847519,0.34264207,0.3404405,0.53508747,0.33558849,0.30955762,0.48300683,Other/Unclear
517_kaleidahealth.org,65,Other/Unclear,2,0.43796742,0.37645808,0.37672022,0.5546636,0.29184446,0.3042929,0.49041644,Other/Unclear
523_usa.gov,0,Other/Unclear,3,0.23549749,0.20576678,0.5315253,0.635057,0.3292247,0.17914961,0.23195687,Data Security|Other/Unclear
523_usa.gov,1,Data Collection,3,0.7215362,0.36013487,0.36454123,0.40819433,0.29147533,0.4159934,0.35497576,Data Collection
523_usa.gov,2,Other/Unclear,3,0.53378516,0.32739413,0.43580115,0.51324975,0.3162461,0.24040364,0.36136368,Data Collection|Other/Unclear
523_usa.gov,3,Data Collection|Data Retention,3,0.6201093,0.42744893,0.2640076,0.36153868,0.27371445,0.33109534,0.2772194,Data Collection
523_usa.gov,4,Data Collection|Third-Party Sharing,3,0.7438575,0.36793292,0.31397748,0.2968086,0.22474906,0.74649125,0.24661256,Data Collection|Third-Party Sharing
523_usa.gov,5,Data Security,3,0.39111936,0.27667835,0.63346577,0.37409928,0.27929395,0.47221148,0.46011114,Data Security
523_usa.gov,6,Data Collection|Data Retention,3,0.4473042,0.40764043,0.36333558,0.6085324,0.22937255,0.52289844,0.33575687,Other/Unclear|Third-Party Sharing
523_usa.gov,7,Other/Unclear,3,0.34741783,0.30365896,0.58284366,0.45649657,0.2851354,0.43963355,0.4640943,Data Security
523_usa.gov,8,Data Collection,3,0.6320733,0.3245861,0.31116682,0.5526094,0.26831728,0.39566314,0.36316964,Data Collection|Other/Unclear
523_usa.gov,9,Data Collection,3,0.47703177,0.27734375,0.3857879,0.45254672,0.27089736,0.36116424,0.32791606,
523_usa.gov,10,Data Collection|Third-Party Sharing,3,0.56979144,0.26950186,0.3118259,0.47892693,0.27134436,0.3512468,0.2216015,Data Collection
523_usa.gov,11,Data Collection,3,0.7025786,0.2529335,0.2619672,0.4373516,0.2676132,0.44469088,0.32284802,Data Collection
523_usa.gov,12,Other/Unclear|User Control & Deletion,3,0.5285285,0.24605852,0.22690627,0.43360475,0.2942281,0.275025,0.61961985,Data Collection|User Control & Deletion
523_usa.gov,13,Other/Unclear,3,0.34496254,0.34110388,0.4847792,0.57048994,0.37887853,0.39438456,0.51810837,Other/Unclear|User Control & Deletion
523_usa.gov,14,Other/Unclear,3,0.5401493,0.30684146,0.3242357,0.4861412,0.27931786,0.29044786,0.37470853,Data Collection
523_usa.gov,15,Other/Unclear|Third-Party Sharing,3,0.36202857,0.3562471,0.42889458,0.6304718,0.30436093,0.43047982,0.37913567,Other/Unclear
523_usa.gov,16,Data Collection|Third-Party Sharing,3,0.59528255,0.3339196,0.41370147,0.6479,0.24700058,0.57437426,0.39664266,Data Collection|Other/Unclear|Third-Party Sharing
523_usa.gov,17,Data Collection|User Control & Deletion,3,0.74971265,0.36297274,0.37972212,0.43720952,0.24681252,0.34792304,0.466908,Data Collection
523_usa.gov,18,Data Collection|Third-Party Sharing,3,0.57833976,0.32827213,0.3175675,0.36368167,0.2439284,0.5933688,0.40747973,Data Collection|Third-Party Sharing
531_archives.gov,0,Data Security|Other/Unclear,2,0.38069603,0.2405152,0.39614084,0.54671866,0.29854536,0.20876247,0.33372322,Other/Unclear
531_archives.gov,1,Other/Unclear|User Control & Deletion,2,0.38131064,0.26174307,0.3915913,0.50924444,0.3152966,0.34031278,0.45516935,Other/Unclear
531_archives.gov,2,Data Collection|Data Security|Third-Party Sharing,2,0.61529833,0.35181516,0.36030555,0.5468594,0.2818003,0.6290246,0.30924955,Data Collection|Other/Unclear|Third-Party Sharing
531_archives.gov,3,Data Collection|Data Retention|Data Security|Other/Unclear|Third-Party Sharing,2,0.48412448,0.51981103,0.4712298,0.5379422,0.25044405,0.3875101,0.36172926,Data Retention|Other/Unclear
531_archives.gov,4,Data Security|Other/Unclear,2,0.452959,0.2766995,0.66745883,0.59241253,0.23834622,0.44355142,0.35511518,Data Security|Other/Unclear
531_archives.gov,5,Data Collection|Third-Party Sharing,2,0.48725468,0.3586781,0.30422035,0.45610276,0.28836226,0.5590345,0.36024064,Third-Party Sharing
531_archives.gov,6,Data Collection|Other/Unclear,2,0.7228087,0.40878466,0.25393805,0.3814857,0.24318916,0.48167995,0.36225188,Data Collection
531_archives.gov,7,Data Collection|Other/Unclear|Third-Party Sharing|User Control & Deletion,2,0.5214194,0.3532136,0.27898312,0.4566278,0.26135468,0.43109947,0.69151855,Data Collection|User Control & Deletion
531_archives.gov,8,Data Collection,2,0.5973243,0.27525547,0.3218351,0.43768945,0.28493902,0.37265077,0.28637597,Data Collection
531_archives.gov,9,Data Collection,2,0.5479782,0.353464,0.31984645,0.3857662,0.3269585,0.4045832,0.50379676,Data Collection|User Control & Deletion
531_archives.gov,10,Data Collection,2,0.57688844,0.23889199,0.26725724,0.504491,0.28650331,0.4124093,0.38668418,Data Collection|Other/Unclear
531_archives.gov,11,Data Collection|Third-Party Sharing|User Control & Deletion,2,0.5302944,0.34813702,0.32215628,0.6655701,0.25050837,0.38873908,0.39764592,Data Collection|Other/Unclear
531_archives.gov,12,Other/Unclear,2,0.55825907,0.31474096,0.32487252,0.50781,0.28313607,0.41582325,0.3566923,Data Collection|Other/Unclear
531_archives.gov,13,Data Collection|Other/Unclear|Third-Party Sharing,2,0.44140399,0.3156294,0.4703951,0.67950904,0.29907313,0.6957837,0.38668576,Other/Unclear|Third-Party Sharing
531_archives.gov,14,Other/Unclear,2,0.43621153,0.33017126,0.36343607,0.53807205,0.287714,0.5100469,0.3724374,Other/Unclear|Third-Party Sharing
531_archives.gov,15,Other/Unclear,2,0.5352983,0.29710507,0.3969526,0.5999128,0.2871251,0.50351715,0.32364652,Data Collection|Other/Unclear|Third-Party Sharing
531_archives.gov,16,Other/Unclear|Third-Party Sharing,2,0.40940592,0.35785618,0.34610662,0.47071242,0.24903134,0.64392054,0.336906,Third-Party Sharing
531_archives.gov,17,Data Collection|Data Retention|Data Security,2,0.45561352,0.38048127,0.49536166,0.42073607,0.30527985,0.5706512,0.36485147,Third-Party Sharing
531_archives.gov,18,Data Retention|Other/Unclear|Third-Party Sharing,2,0.3332559,0.35899967,0.30960813,0.63472456,0.3020213,0.60453767,0.25381854,Other/Unclear|Third-Party Sharing
531_archives.gov,19,Data Security|Other/Unclear|Third-Party Sharing,2,0.4125132,0.2791952,0.42066085,0.5847434,0.30493572,0.49257216,0.2985795,Other/Unclear
531_archives.gov,20,Data Collection,2,0.7507245,0.5601901,0.34109718,0.30735296,0.26449674,0.2705126,0.3331788,Data Collection|Data Retention
531_archives.gov,21,Data Collection|Data Retention|Third-Party Sharing,2,0.6577857,0.49316812,0.36186564,0.46940607,0.256608,0.49694932,0.30448234,Data Collection
531_archives.gov,22,Data Collection,2,0.74462664,0.42021433,0.33872655,0.33630353,0.21261983,0.44656697,0.43693277,Data Collection
531_archives.gov,23,Data Collection,2,0.69639593,0.39627182,0.29149294,0.49980548,0.38501322,0.3836233,0.30272058,Data Collection
531_archives.gov,24,Other/Unclear|Third-Party Sharing|User Control & Deletion,2,0.4973936,0.26911667,0.38414767,0.58908015,0.32557228,0.3833759,0.5461147,Other/Unclear|User Control & Deletion
531_archives.gov,25,Other/Unclear,2,0.44412807,0.30929354,0.36736324,0.66699356,0.2946133,0.37661278,0.31640834,Other/Unclear
531_archives.gov,26,Other/Unclear,2,0.48688698,0.2688897,0.45046526,0.488323,0.29710466,0.5005664,0.32399318,Third-Party Sharing
531_archives.gov,27,Data Security|Other/Unclear,2,0.4232539,0.33181918,0.4061851,0.643642,0.2611667,0.34755817,0.30416656,Other/Unclear
531_archives.gov,28,Other/Unclear|User Control & Deletion,2,0.3214589,0.37519747,0.34942105,0.62680763,0.2823676,0.5758976,0.38526028,Other/Unclear|Third-Party Sharing
531_archives.gov,29,Other/Unclear,2,0.38383186,0.33846,0.33342886,0.52561605,0.30409753,0.45357236,0.36379388,Other/Unclear
531_archives.gov,30,Data Security|Other/Unclear|Policy Change,2,0.3113095,0.307457,0.33201298,0.63041574,0.42646104,0.40120557,0.42840564,Other/Unclear
531_archives.gov,31,Other/Unclear,2,0.45648727,0.31509984,0.3071358,0.5137801,0.3139549,0.5820068,0.37250942,Other/Unclear|Third-Party Sharing
531_archives.gov,32,Other/Unclear,2,0.50384295,0.34860325,0.29183987,0.53775114,0.2826085,0.44660416,0.46397188,Data Collection|Other/Unclear
531_archives.gov,33,Other/Unclear,2,0.42728657,0.3351001,0.3364447,0.55045605,0.35079187,0.30178025,0.28081253,Other/Unclear
531_archives.gov,34,Data Security|Other/Unclear,2,0.36735883,0.28904712,0.48063082,0.5644533,0.28804213,0.35655776,0.35502782,Other/Unclear
531_archives.gov,35,Other/Unclear|User Control & Deletion,2,0.5342786,0.36707693,0.41979298,0.48686197,0.27511105,0.6418816,0.4447663,Data Collection|Third-Party Sharing
531_archives.gov,36,Other/Unclear,2,0.6152645,0.32036582,0.3332071,0.4513852,0.32780504,0.43816286,0.35200635,Data Collection
531_archives.gov,37,Other/Unclear|User Control & Deletion,2,0.3524309,0.29848385,0.3542122,0.6035428,0.27053738,0.46878773,0.3807246,Other/Unclear
531_archives.gov,38,Data Collection|Other/Unclear,2,0.5235144,0.3104809,0.42871666,0.5277973,0.32547596,0.43082297,0.5188336,Data Collection|Other/Unclear|User Control & Deletion
531_archives.gov,39,Other/Unclear,2,0.39827323,0.39668748,0.33783755,0.64441717,0.26876587,0.45288548,0.5258835,Other/Unclear|User Control & Deletion
531_archives.gov,40,Other/Unclear,2,0.42006472,0.34703803,0.31652626,0.632824,0.32395124,0.3746441,0.43883193,Other/Unclear
531_archives.gov,41,Other/Unclear,2,0.42734906,0.36596835,0.4726608,0.61322886,0.29190937,0.42013463,0.34914252,Other/Unclear
531_archives.gov,42,Data Collection|Other/Unclear,2,0.3588567,0.3502097,0.2697937,0.49633262,0.36561888,0.34935743,0.45921218,
531_archives.gov,43,Other/Unclear,2,0.4027223,0.37105644,0.35538307,0.5014874,0.305306,0.2669976,0.35147277,Other/Unclear
531_archives.gov,44,Other/Unclear,2,0.39361918,0.3465496,0.4419932,0.4444098,0.3578359,0.3538527,0.44912603,
531_archives.gov,45,Data Security|Other/Unclear,2,0.45584542,0.2700218,0.36621413,0.5123866,0.40514705,0.3509907,0.29626808,Other/Unclear
531_archives.gov,46,Other/Unclear,2,0.34242234,0.3357071,0.4475715,0.6383406,0.25116393,0.48282796,0.34051242,Other/Unclear
531_archives.gov,47,Other/Unclear,2,0.44567832,0.3168564,0.30374286,0.5463831,0.29742247,0.33590963,0.3635181,Other/Unclear
531_archives.gov,48,Other/Unclear,2,0.5132721,0.35050198,0.3781059,0.5548202,0.282435,0.4425024,0.4057007,Data Collection|Other/Unclear
531_archives.gov,49,Other/Unclear,2,0.3740315,0.39251313,0.2724987,0.68978137,0.2840951,0.27995858,0.42484358,Other/Unclear
531_archives.gov,50,Data Security|Other/Unclear,2,0.5262839,0.38319874,0.537036,0.5134532,0.26657808,0.3358592,0.3363899,Data Collection|Data Security|Other/Unclear
531_archives.gov,51,Data Security|Third-Party Sharing|User Control & Deletion,2,0.42343116,0.29419497,0.64807063,0.41221777,0.2832087,0.48894688,0.26183024,Data Security
559_www.loc.gov,0,Data Collection|Data Security|Other/Unclear|Third-Party Sharing,2,0.41645175,0.2992945,0.50074303,0.5404615,0.2719729,0.5940888,0.33622643,Data Security|Other/Unclear|Third-Party Sharing
559_www.loc.gov,1,Other/Unclear,2,0.47965947,0.32392135,0.3474165,0.7103245,0.24820781,0.2816275,0.32831377,Other/Unclear
559_www.loc.gov,2,Data Collection|Other/Unclear,2,0.6699019,0.35981345,0.32086658,0.5055639,0.25210583,0.33196002,0.34368333,Data Collection|Other/Unclear
559_www.loc.gov,3,Data Security,2,0.3276199,0.25219798,0.6447169,0.3874318,0.28251502,0.39245424,0.3391698,Data Security
559_www.loc.gov,4,Data Collection,2,0.70956916,0.3952953,0.30955976,0.31401253,0.25982395,0.33156875,0.3117607,Data Collection
559_www.loc.gov,5,Data Collection,2,0.7199357,0.32089847,0.28828496,0.47456205,0.25730464,0.3114332,0.27264223,Data Collection
559_www.loc.gov,6,Data Collection,2,0.51466835,0.24284813,0.24740554,0.29197183,0.2898364,0.28258276,0.7328512,Data Collection|User Control & Deletion
559_www.loc.gov,7,Data Collection|Data Retention,2,0.6044662,0.3755347,0.42872134,0.42413473,0.28073284,0.43464592,0.28203946,Data Collection
559_www.loc.gov,8,Data Collection|User Control & Deletion,2,0.54486895,0.34442753,0.24510129,0.47402975,0.2826975,0.40202764,0.7374583,Data Collection|User Control & Deletion
559_www.loc.gov,9,Data Collection|Other/Unclear,2,0.7066647,0.37266123,0.3238273,0.3161768,0.2080286,0.43603435,0.38555038,Data Collection
559_www.loc.gov,10,Data Collection,2,0.7911022,0.3602943,0.3100688,0.30500627,0.2690421,0.4463208,0.3471153,Data Collection
559_www.loc.gov,11,Data Collection,2,0.6804049,0.3433204,0.32340458,0.33160907,0.24211484,0.31769857,0.33812976,Data Collection
559_www.loc.gov,12,Data Collection|Other/Unclear|User Control & Deletion,2,0.5472101,0.40122724,0.36224958,0.36443707,0.32687548,0.49172682,0.6240177,Data Collection|User Control & Deletion
559_www.loc.gov,13,Other/Unclear|Third-Party Sharing,2,0.4822181,0.29338846,0.395867,0.48800772,0.26248825,0.67300814,0.4013009,Third-Party Sharing
559_www.loc.gov,14,Other/Unclear,2,0.26346633,0.20681567,0.33859667,0.8164942,0.33940756,0.31572372,0.250159,Other/Unclear
559_www.loc.gov,15,Data Collection|Data Retention|Other/Unclear,2,0.7388222,0.5722768,0.38641396,0.34533095,0.29066664,0.58124906,0.44314292,Data Collection|Data Retention|Third-Party Sharing
559_www.loc.gov,16,Other/Unclear,2,0.40190312,0.42617482,0.28493023,0.6721168,0.3325116,0.3236591,0.43502656,Other/Unclear
559_www.loc.gov,17,Other/Unclear|Third-Party Sharing,2,0.30444258,0.27852562,0.3873059,0.54163355,0.25661165,0.44083384,0.30560946,Other/Unclear
559_www.loc.gov,18,Other/Unclear|User Control & Deletion,2,0.3825624,0.32860106,0.28103235,0.8028852,0.22108003,0.27246565,0.30809078,Other/Unclear
559_www.loc.gov,19,Other/Unclear,2,0.43720928,0.29554927,0.34691724,0.6198588,0.28339106,0.4701833,0.36975425,Other/Unclear
559_www.loc.gov,20,Data Collection|Third-Party Sharing,2,0.6246577,0.22842336,0.327588,0.37106118,0.25327745,0.4301959,0.29006484,Data Collection
559_www.loc.gov,21,Data Collection|Other/Unclear|Third-Party Sharing,2,0.5338643,0.34873208,0.30319697,0.4059708,0.29787233,0.45992485,0.58912385,Data Collection|User Control & Deletion
559_www.loc.gov,22,Other/Unclear,2,0.4876589,0.31766546,0.27690026,0.44554138,0.28717226,0.33991057,0.50596285,User Control & Deletion
559_www.loc.gov,23,Other/Unclear,2,0.37420806,0.24674259,0.27808186,0.61114717,0.51467776,0.3337086,0.28591335,Other/Unclear|Policy Change
581_coffeereview.com,0,Other/Unclear,1,0.30627903,0.2592943,0.5090435,0.78111213,0.3590977,0.2777739,0.2715323,Data Security|Other/Unclear
581_coffeereview.com,1,Data Collection,1,0.83116144,0.3004592,0.22605889,0.26989084,0.25537023,0.27994525,0.23548071,Data Collection
581_coffeereview.com,2,Data Collection,1,0.60747176,0.2949953,0.31252703,0.353183,0.2679105,0.2647794,0.48887834,Data Collection
581_coffeereview.com,3,Data Collection,1,0.6253351,0.36317453,0.3684787,0.46627703,0.28583586,0.29082325,0.32537666,Data Collection
581_coffeereview.com,4,Data Collection|User Control & Deletion,1,0.42839372,0.3283375,0.23918533,0.5294693,0.35883933,0.30971882,0.56437457,Other/Unclear|User Control & Deletion
581_coffeereview.com,5,Data Collection|User Control & Deletion,1,0.6893939,0.40523356,0.35363638,0.4027576,0.23942704,0.28398836,0.48333338,Data Collection
581_coffeereview.com,6,Data Collection|Third-Party Sharing|User Control & Deletion,1,0.66093534,0.26859662,0.2807435,0.34529138,0.24724336,0.30093443,0.4607379,Data Collection
581_coffeereview.com,7,Data Collection,1,0.55344564,0.35841113,0.29152367,0.599589,0.23600902,0.39000574,0.25950354,Data Collection|Other/Unclear
581_coffeereview.com,8,Data Collection|Other/Unclear|Third-Party Sharing,1,0.4097744,0.2649198,0.3430155,0.5151953,0.26204354,0.70019925,0.32364866,Other/Unclear|Third-Party Sharing
581_coffeereview.com,9,Third-Party Sharing,1,0.39169198,0.27267632,0.3502478,0.3918469,0.28544095,0.52247864,0.25825834,Third-Party Sharing
581_coffeereview.com,10,Third-Party Sharing,1,0.3664741,0.3559442,0.32283223,0.41809902,0.3026714,0.5915823,0.353954,Third-Party Sharing
581_coffeereview.com,11,Data Collection|Third-Party Sharing,1,0.3597549,0.27428347,0.29632422,0.36099774,0.27206075,0.7432464,0.26956066,Third-Party Sharing
581_coffeereview.com,12,Data Collection,1,0.716134,0.34593365,0.27199447,0.3742106,0.24918418,0.34649962,0.28261,Data Collection
581_coffeereview.com,13,Data Collection|Third-Party Sharing,1,0.5639427,0.32937005,0.34447217,0.50750834,0.2721268,0.5807125,0.29981583,Data Collection|Other/Unclear|Third-Party Sharing
581_coffeereview.com,14,Data Collection|Third-Party Sharing,1,0.53636056,0.3336053,0.267294,0.43518046,0.28943157,0.693693,0.30639374,Data Collection|Third-Party Sharing
581_coffeereview.com,15,Other/Unclear,1,0.30366787,0.20647904,0.43606642,0.8642711,0.32304046,0.20927393,0.3501454,Other/Unclear
586_cariboucoffee.com,0,Other/Unclear,1,0.24514824,0.23055823,0.39137447,0.734948,0.30700976,0.22084206,0.39101207,Other/Unclear
586_cariboucoffee.com,1,Other/Unclear,1,0.29986933,0.22601114,0.30582732,0.72746795,0.35480064,0.27298975,0.31395698,Other/Unclear
586_cariboucoffee.com,2,Data Collection|Data Security|Other/Unclear,1,0.5167894,0.24804775,0.3678628,0.69016963,0.41061932,0.39637014,0.32095942,Data Collection|Other/Unclear
586_cariboucoffee.com,3,Policy Change|User Control & Deletion,1,0.3840243,0.27505925,0.30868107,0.46071,0.79593503,0.27266225,0.37489012,Policy Change
586_cariboucoffee.com,4,Other/Unclear|Policy Change|User Control & Deletion,1,0.3334748,0.24892332,0.35043764,0.478055,0.5668083,0.2863029,0.43906957,Policy Change
586_cariboucoffee.com,5,Data Collection|Other/Unclear,1,0.7708075,0.3546188,0.3284059,0.36880723,0.31109625,0.24064775,0.3184042,Data Collection
586_cariboucoffee.com,6,Data Collection|Other/Unclear|Third-Party Sharing,1,0.5360198,0.31132412,0.33744532,0.45137295,0.2637337,0.73039293,0.28934795,Data Collection|Third-Party Sharing
586_cariboucoffee.com,7,Third-Party Sharing,1,0.31374902,0.30990174,0.3967627,0.43210095,0.29699317,0.6658634,0.311513,Third-Party Sharing
586_cariboucoffee.com,8,Data Security|Other/Unclear,1,0.33040705,0.2851576,0.6390097,0.58483565,0.28633207,0.5995457,0.43107486,Data Security|Other/Unclear|Third-Party Sharing
586_cariboucoffee.com,9,Data Security,1,0.3325241,0.31025574,0.4825536,0.5554107,0.31757513,0.49061581,0.3148686,Other/Unclear
586_cariboucoffee.com,10,Data Collection|Third-Party Sharing,1,0.5810312,0.46374735,0.5992511,0.36096424,0.2266081,0.62150025,0.29619506,Data Collection|Data Security|Third-Party Sharing
586_cariboucoffee.com,11,Data Collection,1,0.6179463,0.39529788,0.39360195,0.36207467,0.26185238,0.38509429,0.3289243,Data Collection
586_cariboucoffee.com,12,Data Collection|Third-Party Sharing,1,0.7119734,0.33469793,0.36861172,0.44742146,0.2354778,0.56368876,0.4620588,Data Collection|Third-Party Sharing
586_cariboucoffee.com,13,Data Retention|Third-Party Sharing|User Control & Deletion,1,0.45645428,0.53869617,0.41702265,0.47990367,0.2921411,0.48594338,0.45782557,Data Retention
586_cariboucoffee.com,14,Third-Party Sharing,1,0.43864065,0.3369781,0.32712007,0.35080326,0.23798957,0.70182544,0.25610912,Third-Party Sharing
586_cariboucoffee.com,15,Data Collection,1,0.73128957,0.377499,0.26596063,0.3101515,0.27206317,0.23480204,0.27123562,Data Collection
586_cariboucoffee.com,16,Data Collection,1,0.70256406,0.24050505,0.28926322,0.349664,0.2765202,0.38895884,0.32179484,Data Collection
586_cariboucoffee.com,17,Data Collection|Other/Unclear,1,0.75795734,0.32675385,0.29413673,0.4166686,0.24744974,0.38999873,0.34664527,Data Collection
586_cariboucoffee.com,18,User Control & Deletion,1,0.52072406,0.3335474,0.33549932,0.46201277,0.2728799,0.35610414,0.7783036,Data Collection|User Control & Deletion
586_cariboucoffee.com,19,Data Collection|Other/Unclear|Third-Party Sharing,1,0.57111305,0.25376636,0.32384512,0.39203408,0.28575373,0.5965621,0.38076222,Data Collection|Third-Party Sharing
586_cariboucoffee.com,20,Data Collection|Third-Party Sharing|User Control & Deletion,1,0.59864736,0.27670294,0.3346147,0.57301974,0.20972876,0.49234882,0.57612526,Data Collection|Other/Unclear|User Control & Deletion
586_cariboucoffee.com,21,Data Security,1,0.31764388,0.31699222,0.70952195,0.37526086,0.26171076,0.3273844,0.25514245,Data Security
586_cariboucoffee.com,22,Data Security|Other/Unclear,1,0.4227527,0.24144967,0.63431597,0.31125388,0.25788063,0.4391247,0.33735362,Data Security
586_cariboucoffee.com,23,Other/Unclear|User Control & Deletion,1,0.4300766,0.31337297,0.27882743,0.46508774,0.29381108,0.32946128,0.67123973,User Control & Deletion
586_cariboucoffee.com,24,Data Collection|Other/Unclear|User Control & Deletion,1,0.574617,0.29551473,0.36952856,0.54030967,0.31749466,0.44597095,0.5074198,Data Collection|Other/Unclear|User Control & Deletion
586_cariboucoffee.com,25,Other/Unclear,1,0.4109938,0.26499408,0.38115472,0.7717078,0.28135514,0.25744182,0.30092874,Other/Unclear
586_cariboucoffee.com,26,User Control & Deletion,1,0.3844908,0.3270962,0.34756455,0.43509442,0.3433272,0.2843332,0.58044523,User Control & Deletion
586_cariboucoffee.com,27,Other/Unclear,1,0.37077758,0.22477244,0.3537204,0.73275167,0.29578882,0.33520967,0.2566333,Other/Unclear
586_cariboucoffee.com,28,Data Collection,1,0.61968845,0.3074331,0.33458507,0.63408273,0.27850297,0.41055936,0.31751245,Data Collection|Other/Unclear
586_cariboucoffee.com,29,Other/Unclear,1,0.27336046,0.2608155,0.34889886,0.65759945,0.234422,0.5398122,0.26031736,Other/Unclear|Third-Party Sharing
586_cariboucoffee.com,30,Other/Unclear,1,0.30422065,0.23832932,0.27140844,0.68574053,0.26113224,0.35309556,0.4186812,Other/Unclear
586_cariboucoffee.com,31,User Control & Deletion,1,0.4658405,0.31273106,0.3005208,0.5259523,0.3083971,0.35431623,0.5880974,Other/Unclear|User Control & Deletion
586_cariboucoffee.com,32,Data Security|Other/Unclear|Third-Party Sharing,1,0.55330527,0.24812426,0.31221893,0.4226796,0.21766953,0.4365011,0.27350834,Data Collection
586_cariboucoffee.com,33,Other/Unclear,1,0.5101514,0.2147617,0.2421071,0.62516356,0.3721229,0.31978512,0.22640075,Data Collection|Other/Unclear
58_esquire.com,0,Other/Unclear|Policy Change,0,0.24231339,0.23791692,0.27399117,0.7831281,0.75948954,0.2290436,0.24347956,Other/Unclear|Policy Change
58_esquire.com,1,Data Collection|Other/Unclear|Third-Party Sharing,0,0.5738296,0.38091338,0.27787215,0.6511202,0.3499333,0.48568088,0.42598218,Data Collection|Other/Unclear
58_esquire.com,2,Other/Unclear,0,0.31118038,0.24681081,0.29381546,0.8375206,0.30853796,0.34250414,0.27283162,Other/Unclear
58_esquire.com,3,Other/Unclear,0,0.44015774,0.26564842,0.3111013,0.6744771,0.27648428,0.51781684,0.30187774,Other/Unclear|Third-Party Sharing
58_esquire.com,4,Data Collection|Other/Unclear|Third-Party Sharing,0,0.32758245,0.28917533,0.24836414,0.56686467,0.30818945,0.38808113,0.47221103,Other/Unclear
58_esquire.com,5,Other/Unclear,0,0.38019192,0.2555786,0.2527276,0.6691528,0.44254154,0.4281571,0.38583452,Other/Unclear
58_esquire.com,6,Data Collection|Third-Party Sharing,0,0.80002224,0.38278937,0.27989694,0.4156166,0.25126576,0.48337236,0.42162588,Data Collection
58_esquire.com,7,Data Collection|Third-Party Sharing,0,0.80501854,0.3310202,0.2557639,0.43737116,0.2228835,0.82553345,0.27495807,Data Collection|Third-Party Sharing
58_esquire.com,8,Other/Unclear|Third-Party Sharing,0,0.44542795,0.28533658,0.32045987,0.52958834,0.27511388,0.7203658,0.41863933,Other/Unclear|Third-Party Sharing
58_esquire.com,9,Other/Unclear|User Control & Deletion,0,0.59538096,0.29866287,0.23295975,0.4326225,0.2345536,0.4459864,0.7632458,Data Collection|User Control & Deletion
58_esquire.com,10,Data Collection,0,0.65881735,0.2620098,0.2802887,0.42857912,0.25055403,0.38295835,0.3553033,Data Collection
58_esquire.com,11,Data Collection,0,0.77383864,0.38311896,0.39629248,0.315101,0.2843501,0.54028356,0.19708231,Data Collection|Third-Party Sharing
58_esquire.com,12,Data Collection|Third-Party Sharing,0,0.6827896,0.29534936,0.29203776,0.34700534,0.33815572,0.50786686,0.43037784,Data Collection|Third-Party Sharing
58_esquire.com,13,Data Collection|Other/Unclear,0,0.39677668,0.2412213,0.329375,0.50173825,0.28823385,0.47155386,0.29848164,Other/Unclear
58_esquire.com,14,Other/Unclear,0,0.3603548,0.3234961,0.3174739,0.74388945,0.2984714,0.32543087,0.49235743,Other/Unclear
58_esquire.com,15,Other/Unclear,0,0.5804624,0.31532383,0.29127303,0.5314502,0.27588987,0.29017887,0.38404706,Data Collection|Other/Unclear
58_esquire.com,16,Data Collection,0,0.8382705,0.29691777,0.26658347,0.3203111,0.3320643,0.4388019,0.3268531,Data Collection
58_esquire.com,17,Data Collection|Other/Unclear,0,0.6493474,0.2702415,0.29359698,0.44373605,0.25112432,0.4385731,0.33531964,Data Collection
58_esquire.com,18,Data Collection|Data Retention|Other/Unclear|User Control & Deletion,0,0.59309477,0.55350745,0.4275906,0.51223844,0.260137,0.46116382,0.6485065,Data Collection|Data Retention|Other/Unclear|User Control & Deletion
58_esquire.com,19,Data Collection|Other/Unclear,0,0.7300548,0.259607,0.2943225,0.41343158,0.2514576,0.5911802,0.39767236,Data Collection|Third-Party Sharing
58_esquire.com,20,Data Collection|Other/Unclear|Third-Party Sharing,0,0.6453228,0.389969,0.3215435,0.43367603,0.2791576,0.641916,0.31190002,Data Collection|Third-Party Sharing
58_esquire.com,21,Other/Unclear|Third-Party Sharing,0,0.29038978,0.35518008,0.29747987,0.39767352,0.25532472,0.73037344,0.49242142,Third-Party Sharing
58_esquire.com,22,Data Security|Third-Party Sharing,0,0.4730929,0.35033157,0.5837424,0.41583133,0.29596457,0.6646741,0.4021749,Data Security|Third-Party Sharing
58_esquire.com,23,Other/Unclear|Third-Party Sharing|User Control & Deletion,0,0.4846329,0.30483428,0.31695113,0.69659996,0.31050497,0.7916112,0.5678551,Other/Unclear|Third-Party Sharing|User Control & Deletion
58_esquire.com,24,Third-Party Sharing,0,0.4347477,0.3476975,0.34599867,0.5315946,0.24145819,0.43128377,0.35306075,Other/Unclear
58_esquire.com,25,Third-Party Sharing,0,0.3665051,0.3446838,0.36994654,0.5778917,0.25501788,0.47841343,0.304008,Other/Unclear
58_esquire.com,26,Third-Party Sharing|User Control & Deletion,0,0.4416901,0.29902938,0.267418,0.5171282,0.22076067,0.506319,0.52933913,Other/Unclear|Third-Party Sharing|User Control & Deletion
58_esquire.com,27,Third-Party Sharing,0,0.496,0.30408403,0.35627252,0.4272654,0.27576151,0.5528509,0.36087668,Third-Party Sharing
58_esquire.com,28,Third-Party Sharing,0,0.58052427,0.2781396,0.32974514,0.5056504,0.2561616,0.67278916,0.39573935,Data Collection|Other/Unclear|Third-Party Sharing
58_esquire.com,29,Third-Party Sharing,0,0.29054958,0.2390459,0.30056736,0.4230185,0.26877403,0.5030066,0.29261237,Third-Party Sharing
58_esquire.com,30,Third-Party Sharing,0,0.5027295,0.30321044,0.24680139,0.45852253,0.28810063,0.6351283,0.3703782,Data Collection|Third-Party Sharing
58_esquire.com,31,Data Collection|Other/Unclear|Third-Party Sharing,0,0.4710613,0.38463297,0.29803902,0.45194054,0.33454266,0.64559317,0.40901703,Third-Party Sharing
58_esquire.com,32,Data Collection|Other/Unclear|Third-Party Sharing,0,0.35717648,0.2855416,0.357276,0.59769833,0.30500197,0.7860595,0.51790977,Other/Unclear|Third-Party Sharing|User Control & Deletion
58_esquire.com,33,Data Collection|Third-Party Sharing,0,0.5773146,0.20924436,0.2825669,0.5124591,0.23568471,0.7384585,0.31982023,Data Collection|Other/Unclear|Third-Party Sharing
58_esquire.com,34,Other/Unclear|Third-Party Sharing,0,0.43600714,0.2830794,0.36439005,0.67070574,0.2378553,0.627012,0.4848933,Other/Unclear|Third-Party Sharing
58_esquire.com,35,Other/Unclear|Third-Party Sharing|User Control & Deletion,0,0.54807824,0.27599344,0.21939072,0.3852255,0.27560285,0.52888983,0.6223911,Data Collection|Third-Party Sharing|User Control & Deletion
58_esquire.com,36,Other/Unclear|User Control & Deletion,0,0.22439173,0.28422442,0.3101811,0.77534837,0.21220115,0.485149,0.7101469,Other/Unclear|User Control & Deletion
58_esquire.com,37,User Control & Deletion,0,0.55752957,0.28962073,0.25611827,0.4169343,0.2451027,0.3916094,0.6784402,Data Collection|User Control & Deletion
58_esquire.com,38,Other/Unclear|User Control & Deletion,0,0.42516887,0.2663458,0.23770505,0.3963652,0.29347068,0.40872756,0.71382356,User Control & Deletion
58_esquire.com,39,Other/Unclear|Third-Party Sharing|User Control & Deletion,0,0.31810486,0.24152347,0.26942682,0.46175402,0.2817822,0.64222527,0.769925,Third-Party Sharing|User Control & Deletion
58_esquire.com,40,Other/Unclear,0,0.5310701,0.32080182,0.272384,0.44128406,0.2789225,0.66660255,0.5443389,Data Collection|Third-Party Sharing|User Control & Deletion
58_esquire.com,41,User Control & Deletion,0,0.471912,0.2156885,0.30044916,0.43591908,0.2890642,0.3360027,0.5711137,User Control & Deletion
58_esquire.com,42,Data Collection|Other/Unclear|Third-Party Sharing|User Control & Deletion,0,0.5913441,0.3227073,0.33998376,0.5440553,0.31731611,0.45042947,0.4971922,Data Collection|Other/Unclear
58_esquire.com,43,Data Security,0,0.32413843,0.28138167,0.80902207,0.32252446,0.22847126,0.26960355,0.37446234,Data Security
58_esquire.com,44,Other/Unclear|User Control & Deletion,0,0.35081425,0.3757095,0.32926697,0.7441286,0.2725173,0.31019548,0.4918078,Other/Unclear
58_esquire.com,45,Other/Unclear,0,0.32869834,0.32378623,0.29941928,0.70425034,0.2758119,0.41379592,0.4769452,Other/Unclear
58_esquire.com,46,Other/Unclear|Policy Change,0,0.2667409,0.2703394,0.27222762,0.4650526,0.8540764,0.26457343,0.31857717,Policy Change
591_google.com,0,Other/Unclear|User Control & Deletion,1,0.39219,0.22643356,0.54667115,0.66702724,0.3317766,0.29989794,0.37926808,Data Security|Other/Unclear
591_google.com,1,Other/Unclear|Policy Change,1,0.26868528,0.26823708,0.28874475,0.7115988,0.5434016,0.30754146,0.30807316,Other/Unclear|Policy Change
591_google.com,2,Data Collection|Other/Unclear,1,0.5467218,0.23552102,0.31581533,0.45884475,0.24724296,0.61226267,0.31106022,Data Collection|Third-Party Sharing
591_google.com,3,Other/Unclear,1,0.43107307,0.27031884,0.31498104,0.6253499,0.34762442,0.2226671,0.42437965,Other/Unclear
591_google.com,4,Data Collection|Other/Unclear,1,0.42764843,0.34458986,0.34441754,0.6383186,0.35003945,0.3029974,0.42559308,Other/Unclear
591_google.com,5,Data Collection,1,0.60730785,0.2833576,0.29571575,0.45384932,0.2828761,0.35464162,0.35578805,Data Collection
591_google.com,6,Data Collection,1,0.6442178,0.35332334,0.22290626,0.36337385,0.235257,0.47932032,0.49037784,Data Collection
591_google.com,7,Data Collection,1,0.7023529,0.24486414,0.30873093,0.46691087,0.2925934,0.4990294,0.3131314,Data Collection
591_google.com,8,Data Collection|Other/Unclear,1,0.6980262,0.2745783,0.32565418,0.37017566,0.2405581,0.35163844,0.3359655,Data Collection
591_google.com,9,Data Collection,1,0.80511636,0.3762934,0.2448531,0.29019767,0.24309461,0.39617485,0.34921768,Data Collection
591_google.com,10,Data Collection,1,0.7294752,0.25270987,0.27068368,0.30812874,0.22784415,0.53513587,0.22285558,Data Collection|Third-Party Sharing
591_google.com,11,Data Collection,1,0.6358794,0.34717244,0.32997903,0.26257914,0.25565344,0.3557656,0.31905612,Data Collection
591_google.com,12,Data Collection|Other/Unclear,1,0.64079463,0.36505863,0.3646439,0.45549527,0.23857376,0.4819887,0.399793,Data Collection
591_google.com,13,Data Collection|Other/Unclear|Third-Party Sharing,1,0.71254337,0.3065593,0.26923838,0.3190912,0.26890013,0.73427445,0.29769203,Data Collection|Third-Party Sharing
591_google.com,14,Data Collection|Other/Unclear|User Control & Deletion,1,0.50088024,0.42728713,0.31197673,0.59267586,0.298498,0.35735044,0.5690168,Data Collection|Other/Unclear|User Control & Deletion
591_google.com,15,Data Collection,1,0.72065187,0.2575024,0.3702983,0.26534027,0.29647097,0.45114145,0.27606863,Data Collection
591_google.com,16,Data Collection|Third-Party Sharing,1,0.5532878,0.362921,0.23230775,0.4759119,0.26323935,0.5726061,0.45435372,Data Collection|Third-Party Sharing
591_google.com,17,Data Collection|Third-Party Sharing,1,0.41302347,0.33127522,0.24782124,0.43233654,0.25885704,0.6205316,0.5935201,Third-Party Sharing|User Control & Deletion
591_google.com,18,Data Collection,1,0.6803635,0.39469072,0.25241625,0.24094653,0.34018594,0.38234383,0.304645,Data Collection
591_google.com,19,Data Collection|Other/Unclear,1,0.6986071,0.31884137,0.3078154,0.34268597,0.27457115,0.57600504,0.36222142,Data Collection|Third-Party Sharing
591_google.com,20,Data Collection,1,0.64505124,0.26154125,0.3251205,0.38287455,0.24947406,0.45438313,0.35728282,Data Collection
591_google.com,21,Data Collection|Other/Unclear|User Control & Deletion,1,0.56364,0.30086452,0.2592699,0.385414,0.24544924,0.586365,0.429052,Data Collection|Third-Party Sharing
591_google.com,22,User Control & Deletion,1,0.34414503,0.35460135,0.43252218,0.62961316,0.32307363,0.3516245,0.42463398,Other/Unclear
591_google.com,23,Data Collection|Other/Unclear,1,0.3547194,0.3005869,0.3333751,0.48584178,0.25504258,0.3655702,0.3489972,
591_google.com,24,Other/Unclear|User Control & Deletion,1,0.53081876,0.34197548,0.25504503,0.41170803,0.2630289,0.42979503,0.6946922,Data Collection|User Control & Deletion
591_google.com,25,User Control & Deletion,1,0.6224705,0.31477308,0.3214074,0.48824647,0.22576097,0.48709232,0.5014814,Data Collection|User Control & Deletion
591_google.com,26,Other/Unclear|Third-Party Sharing,1,0.4515518,0.27117464,0.29621685,0.49113843,0.2151455,0.71894336,0.35020626,Third-Party Sharing
591_google.com,27,Data Retention|Data Security|Other/Unclear|User Control & Deletion,1,0.47918478,0.43464878,0.39310908,0.44200915,0.24548066,0.3160943,0.5142967,User Control & Deletion
591_google.com,28,Other/Unclear|User Control & Deletion,1,0.34376603,0.2948396,0.30053616,0.6024132,0.27159,0.31054506,0.32630578,Other/Unclear
591_google.com,29,Data Retention|Other/Unclear|User Control & Deletion,1,0.53805983,0.5239168,0.40112188,0.49308392,0.2575222,0.39431024,0.53639126,Data Collection|Data Retention|User Control & Deletion
591_google.com,30,Other/Unclear|Third-Party Sharing,1,0.330616,0.27256337,0.37970412,0.6016595,0.2600378,0.7015114,0.30478105,Other/Unclear|Third-Party Sharing
591_google.com,31,Third-Party Sharing|User Control & Deletion,1,0.2478723,0.23385859,0.361229,0.5159288,0.29907125,0.6406444,0.55725145,Other/Unclear|Third-Party Sharing|User Control & Deletion
591_google.com,32,Third-Party Sharing,1,0.2861048,0.42617127,0.33057773,0.5227448,0.28464293,0.44863948,0.6205909,Other/Unclear|User Control & Deletion
591_google.com,33,Data Security|Third-Party Sharing,1,0.3187032,0.28925964,0.5605212,0.5088819,0.3215617,0.36105448,0.2709823,Data Security|Other/Unclear
591_google.com,34,Third-Party Sharing,1,0.4232834,0.38150635,0.3318256,0.238004,0.27065223,0.71168363,0.26515573,Third-Party Sharing
591_google.com,35,Third-Party Sharing,1,0.39017892,0.23440127,0.21276951,0.33930424,0.22681825,0.81012493,0.29569876,Third-Party Sharing
591_google.com,36,Policy Change|Third-Party Sharing,1,0.2258496,0.2717641,0.40298477,0.61690354,0.31937096,0.52395386,0.3136967,Other/Unclear|Third-Party Sharing
591_google.com,37,Data Security,1,0.36016726,0.33472186,0.7377286,0.4236746,0.25472385,0.45486036,0.29249263,Data Security
591_google.com,38,Other/Unclear,1,0.31743592,0.25109008,0.34606162,0.71074736,0.4079327,0.35600007,0.28709432,Other/Unclear
591_google.com,39,Other/Unclear,1,0.51376283,0.21755546,0.39382702,0.6232563,0.2913571,0.5248741,0.21367557,Data Collection|Other/Unclear|Third-Party Sharing
591_google.com,40,Data Security|Other/Unclear,1,0.30188432,0.28157842,0.5156956,0.57635444,0.29443178,0.44147173,0.262496,Data Security|Other/Unclear
591_google.com,41,Other/Unclear|Policy Change,1,0.30872166,0.3292467,0.24315846,0.3588072,0.6958324,0.3138644,0.33100718,Policy Change
591_google.com,42,Other/Unclear,1,0.51924044,0.21636678,0.28576857,0.63285357,0.35369077,0.35996458,0.43556732,Data Collection|Other/Unclear
591_google.com,43,Other/Unclear,1,0.3647056,0.25975284,0.31995875,0.7374923,0.28534177,0.39022884,0.5323095,Other/Unclear|User Control & Deletion
591_google.com,44,Other/Unclear,1,0.3877234,0.23268399,0.51410747,0.6157858,0.2626941,0.40781745,0.2567808,Data Security|Other/Unclear
59_liquor.com,0,Other/Unclear,4,0.3752786,0.2766893,0.4409516,0.7027279,0.35421127,0.27724335,0.30886996,Other/Unclear
59_liquor.com,1,Data Collection|Third-Party Sharing,4,0.5957266,0.3082059,0.3069708,0.40064806,0.258029,0.6513657,0.4247214,Data Collection|Third-Party Sharing
59_liquor.com,2,Data Collection|Third-Party Sharing,4,0.7826538,0.33366334,0.28156176,0.2584643,0.25196,0.75442773,0.35693425,Data Collection|Third-Party Sharing
59_liquor.com,3,Data Collection,4,0.7173148,0.3053044,0.28417042,0.49447453,0.22139034,0.46010783,0.33019552,Data Collection
59_liquor.com,4,User Control & Deletion,4,0.37742412,0.34333596,0.32005292,0.38220668,0.32692537,0.32951042,0.7578106,User Control & Deletion
59_liquor.com,5,User Control & Deletion,4,0.51651967,0.28728533,0.25585496,0.4636399,0.35292664,0.27641803,0.6213986,Data Collection|User Control & Deletion
59_liquor.com,6,Third-Party Sharing,4,0.5688719,0.24373282,0.37124318,0.4528665,0.26164648,0.61687076,0.35055202,Data Collection|Third-Party Sharing
59_liquor.com,7,Data Collection|Other/Unclear|Third-Party Sharing,4,0.5017628,0.26942948,0.3643983,0.52533495,0.26949057,0.56602025,0.5478985,Data Collection|Other/Unclear|Third-Party Sharing|User Control & Deletion
59_liquor.com,8,Data Collection,4,0.7171338,0.32893118,0.2851914,0.30864143,0.2619552,0.3216231,0.23920098,Data Collection
59_liquor.com,9,Other/Unclear,4,0.35235023,0.2853666,0.28731182,0.7344639,0.29871684,0.29259092,0.34970582,Other/Unclear
59_liquor.com,10,Other/Unclear|Third-Party Sharing,4,0.30208826,0.30656648,0.40388954,0.71105045,0.23935066,0.4860841,0.33205009,Other/Unclear
59_liquor.com,11,Data Security,4,0.3591848,0.36969677,0.48911574,0.5123576,0.27133504,0.30662522,0.4009143,Other/Unclear
59_liquor.com,12,Other/Unclear|Policy Change,4,0.23322901,0.28508496,0.30129424,0.6016781,0.72858363,0.22986418,0.39052257,Other/Unclear|Policy Change
627_dairyqueen.com,0,Other/Unclear|Policy Change|User Control & Deletion,4,0.27516764,0.24821663,0.32913974,0.6699313,0.61437494,0.26764712,0.54294956,Other/Unclear|Policy Change|User Control & Deletion
627_dairyqueen.com,1,Data Collection|Other/Unclear,4,0.6498431,0.26385626,0.28582996,0.58189994,0.30222356,0.23528968,0.3146027,Data Collection|Other/Unclear
627_dairyqueen.com,2,Data Collection|User Control & Deletion,4,0.6567746,0.3295632,0.2652219,0.33099008,0.28506988,0.3555256,0.46953744,Data Collection
627_dairyqueen.com,3,Other/Unclear|Third-Party Sharing,4,0.41242787,0.30427617,0.36574468,0.69971913,0.2830645,0.42990604,0.37531343,Other/Unclear
627_dairyqueen.com,4,Data Collection|Other/Unclear|Third-Party Sharing|User Control & Deletion,4,0.824906,0.31632486,0.26309794,0.35402372,0.21489692,0.4340207,0.37248284,Data Collection
627_dairyqueen.com,5,Other/Unclear|Third-Party Sharing,4,0.24535955,0.24380203,0.316492,0.5078635,0.28137153,0.5930686,0.35494572,Other/Unclear|Third-Party Sharing
627_dairyqueen.com,6,Other/Unclear|Third-Party Sharing,4,0.52399063,0.28634447,0.3820832,0.44247133,0.27427718,0.5231471,0.38165453,Data Collection|Third-Party Sharing
627_dairyqueen.com,7,Third-Party Sharing,4,0.42026395,0.23900741,0.40114933,0.23632777,0.227213,0.81474215,0.30079147,Third-Party Sharing
627_dairyqueen.com,8,Other/Unclear|Third-Party Sharing,4,0.55283874,0.36571318,0.377524,0.45225537,0.2618838,0.7290394,0.35056216,Data Collection|Third-Party Sharing
627_dairyqueen.com,9,Data Collection|Third-Party Sharing,4,0.62301785,0.277948,0.31154957,0.42405266,0.25505912,0.38074133,0.30931708,Data Collection
627_dairyqueen.com,10,Other/Unclear|Third-Party Sharing,4,0.5298746,0.22862916,0.32771426,0.5885909,0.25482586,0.3061074,0.29734594,Data Collection|Other/Unclear
627_dairyqueen.com,11,Third-Party Sharing,4,0.53115153,0.30336446,0.28748155,0.42289883,0.3355353,0.6477981,0.32099587,Data Collection|Third-Party Sharing
627_dairyqueen.com,12,Third-Party Sharing,4,0.34492064,0.30999747,0.26988357,0.32325435,0.23189633,0.5964553,0.2571785,Third-Party Sharing
627_dairyqueen.com,13,Third-Party Sharing,4,0.4030783,0.3085444,0.38926178,0.32748163,0.25782534,0.7661061,0.267816,Third-Party Sharing
627_dairyqueen.com,14,Data Collection|Third-Party Sharing,4,0.64955926,0.26115727,0.23213871,0.4535159,0.24700078,0.4318076,0.36018917,Data Collection
627_dairyqueen.com,15,Other/Unclear,4,0.26478535,0.2597393,0.24326444,0.7513331,0.26630145,0.29003718,0.29673985,Other/Unclear
627_dairyqueen.com,16,Other/Unclear|Third-Party Sharing,4,0.25491124,0.26439723,0.4592086,0.8299783,0.29123005,0.3606345,0.25587085,Other/Unclear
627_dairyqueen.com,17,Other/Unclear,4,0.29306465,0.24789402,0.32494518,0.7522203,0.36439127,0.32055986,0.30436942,Other/Unclear
627_dairyqueen.com,18,Other/Unclear,4,0.2561178,0.24743249,0.2780533,0.7508923,0.3781205,0.23532057,0.22604781,Other/Unclear
627_dairyqueen.com,19,Data Collection|Other/Unclear,4,0.38333368,0.26186103,0.30325884,0.67213404,0.340672,0.3206292,0.40861225,Other/Unclear
627_dairyqueen.com,20,Data Security,4,0.22022974,0.29735819,0.8430516,0.3427717,0.22700918,0.19797015,0.27881104,Data Security
627_dairyqueen.com,21,Other/Unclear,4,0.16040598,0.25265467,0.30523774,0.86844975,0.30199638,0.25600716,0.32974958,Other/Unclear
635_playstation.com,0,Other/Unclear,4,0.22218074,0.2425391,0.28912318,0.7428089,0.7058387,0.23104587,0.24189463,Other/Unclear|Policy Change
635_playstation.com,1,Other/Unclear,4,0.40212673,0.32755223,0.2871155,0.76124597,0.36411873,0.28586295,0.26590613,Other/Unclear
635_playstation.com,2,Data Security|Other/Unclear,4,0.34330216,0.27193853,0.54324573,0.67213786,0.37386638,0.29763845,0.3271775,Data Security|Other/Unclear
635_playstation.com,3,Data Security|Other/Unclear,4,0.23177275,0.26933828,0.5206625,0.6265508,0.2942045,0.41762808,0.29973423,Data Security|Other/Unclear
635_playstation.com,4,Data Security|Other/Unclear,4,0.3845708,0.29408222,0.4351971,0.5095542,0.2703284,0.39221212,0.5289984,Other/Unclear|User Control & Deletion
635_playstation.com,5,Data Collection|Other/Unclear|User Control & Deletion,4,0.32956985,0.24730657,0.33170253,0.7321489,0.40628394,0.31138268,0.4110978,Other/Unclear
635_playstation.com,6,Data Collection|Other/Unclear,4,0.38747948,0.23297125,0.3565797,0.6655884,0.3075471,0.3178221,0.4488157,Other/Unclear
635_playstation.com,7,Other/Unclear,4,0.2589624,0.25033653,0.348344,0.7699922,0.35191616,0.5422645,0.312646,Other/Unclear|Third-Party Sharing
635_playstation.com,8,Data Collection,4,0.6867286,0.32130197,0.30690724,0.37946954,0.22821367,0.38465327,0.38541618,Data Collection
635_playstation.com,9,Data Collection,4,0.6633867,0.35361296,0.27610952,0.6171237,0.22716597,0.3057783,0.3094368,Data Collection|Other/Unclear
635_playstation.com,10,Data Collection|Data Security|Other/Unclear,4,0.30582035,0.33214778,0.3709755,0.6748487,0.30658373,0.34222937,0.42969027,Other/Unclear
635_playstation.com,11,Other/Unclear,4,0.4882811,0.30885354,0.39971727,0.56021184,0.30698866,0.4131714,0.334744,Other/Unclear
635_playstation.com,12,Data Collection,4,0.73669106,0.32298332,0.27105048,0.27642956,0.24508518,0.333781,0.27040392,Data Collection
635_playstation.com,13,Data Collection,4,0.5680511,0.37501425,0.33100522,0.44954294,0.29030555,0.46923393,0.3343626,Data Collection
635_playstation.com,14,Data Collection,4,0.69112617,0.38024077,0.3208257,0.46511304,0.23205985,0.47268227,0.25526676,Data Collection
635_playstation.com,15,Data Collection,4,0.75013745,0.4333284,0.33678627,0.400985,0.25720614,0.39392132,0.24944544,Data Collection
635_playstation.com,16,Data Collection|Third-Party Sharing,4,0.6881608,0.287508,0.38057363,0.5229766,0.24031167,0.53246635,0.30384234,Data Collection|Other/Unclear|Third-Party Sharing
635_playstation.com,17,Data Collection|Third-Party Sharing,4,0.5951164,0.3308881,0.29413286,0.48800188,0.3041067,0.40695116,0.33152938,Data Collection
635_playstation.com,18,Data Collection|Data Retention|Third-Party Sharing|User Control & Deletion,4,0.5997614,0.40348577,0.29840752,0.53644687,0.29150617,0.5326233,0.50518554,Data Collection|Other/Unclear|Third-Party Sharing|User Control & Deletion
635_playstation.com,19,Data Collection|Other/Unclear,4,0.5022749,0.27287146,0.37344858,0.5580708,0.2382144,0.3446616,0.46049285,Data Collection|Other/Unclear
635_playstation.com,20,Data Collection,4,0.5756464,0.29081553,0.2602152,0.38157618,0.321979,0.375071,0.47958753,Data Collection
635_playstation.com,21,Data Collection,4,0.51843065,0.34925318,0.3560407,0.5522562,0.30072305,0.4777718,0.44093812,Data Collection|Other/Unclear
635_playstation.com,22,Data Collection|Data Retention,4,0.6874103,0.5082099,0.367446,0.59348446,0.2706405,0.30868596,0.33141193,Data Collection|Data Retention|Other/Unclear
635_playstation.com,23,Data Collection,4,0.69749486,0.21435249,0.29828313,0.31850964,0.2775747,0.3333157,0.21965134,Data Collection
635_playstation.com,24,Data Collection|Data Retention|Other/Unclear,4,0.612341,0.31333557,0.4139279,0.47198755,0.2577537,0.51944834,0.29508138,Data Collection|Third-Party Sharing
635_playstation.com,25,Data Collection,4,0.5603518,0.3578642,0.27483892,0.41232523,0.26647183,0.4885596,0.3100187,Data Collection
635_playstation.com,26,Third-Party Sharing,4,0.55311793,0.30754682,0.37161753,0.25354156,0.23589043,0.6476125,0.26646903,Data Collection|Third-Party Sharing
635_playstation.com,27,Third-Party Sharing,4,0.44413012,0.31932414,0.27472067,0.37110338,0.23910198,0.6756046,0.28406703,Third-Party Sharing
635_playstation.com,28,Third-Party Sharing,4,0.41127968,0.34281933,0.30220753,0.34990925,0.2196433,0.75331175,0.24717958,Third-Party Sharing
635_playstation.com,29,Third-Party Sharing,4,0.30231327,0.3197046,0.36588052,0.57851374,0.28852224,0.79347605,0.35400063,Other/Unclear|Third-Party Sharing
635_playstation.com,30,Data Security|Other/Unclear|User Control & Deletion,4,0.34647557,0.31702685,0.5324161,0.55705047,0.26651606,0.7578092,0.4226387,Data Security|Other/Unclear|Third-Party Sharing
635_playstation.com,31,Other/Unclear,4,0.2656313,0.26746565,0.2645528,0.6677095,0.23914158,0.2944628,0.6420936,Other/Unclear|User Control & Deletion
635_playstation.com,32,Other/Unclear,4,0.5751798,0.23769292,0.23272212,0.7327301,0.28662172,0.19274697,0.16022843,Data Collection|Other/Unclear
635_playstation.com,33,Other/Unclear,4,0.5263451,0.31643048,0.2538088,0.51189685,0.2696286,0.3785742,0.41152287,Data Collection|Other/Unclear
635_playstation.com,34,Data Security|Other/Unclear|User Control & Deletion,4,0.39184698,0.27878645,0.38709953,0.57770514,0.28826752,0.5352178,0.35249904,Other/Unclear|Third-Party Sharing
635_playstation.com,35,Data Collection|User Control & Deletion,4,0.58701324,0.44134337,0.28016207,0.49495146,0.25779182,0.3784926,0.52733564,Data Collection|User Control & Deletion
635_playstation.com,36,Other/Unclear|Third-Party Sharing,4,0.48104113,0.28445503,0.30084047,0.4109759,0.24712226,0.63524634,0.25487003,Third-Party Sharing
635_playstation.com,37,Data Security,4,0.33615333,0.33782235,0.8487597,0.4161224,0.22411428,0.37465623,0.22197193,Data Security
635_playstation.com,38,Other/Unclear,4,0.34350955,0.34609094,0.419893,0.7360072,0.26902756,0.3990555,0.1895059,Other/Unclear
635_playstation.com,39,Other/Unclear|Third-Party Sharing,4,0.2998447,0.28577366,0.35579246,0.548784,0.30215612,0.59440297,0.33224002,Other/Unclear|Third-Party Sharing
635_playstation.com,40,Data Retention,4,0.38869318,0.6646627,0.28201088,0.29801357,0.27274117,0.40369445,0.27262604,Data Retention
635_playstation.com,41,Policy Change,4,0.1884802,0.31289563,0.34072238,0.3780353,0.8662138,0.30807936,0.31173375,Policy Change
635_playstation.com,42,Other/Unclear,4,0.24591248,0.3177176,0.31299236,0.7442147,0.3585425,0.24278028,0.40124446,Other/Unclear
635_playstation.com,43,Other/Unclear,4,0.33133525,0.2732296,0.3299011,0.7073736,0.2608799,0.25606498,0.43311712,Other/Unclear
640_gamestop.com,0,Data Collection|Other/Unclear,3,0.3851073,0.27365494,0.41869432,0.7300072,0.54367864,0.2776589,0.32312506,Other/Unclear|Policy Change
640_gamestop.com,1,Other/Unclear|User Control & Deletion,3,0.31846845,0.35554764,0.41147783,0.54416615,0.53606683,0.38433912,0.39323473,Other/Unclear|Policy Change
640_gamestop.com,2,Other/Unclear,3,0.2345493,0.22462621,0.2676961,0.8740163,0.26375175,0.31747472,0.28022838,Other/Unclear
640_gamestop.com,3,Data Collection|Data Retention,3,0.6302429,0.48913857,0.34182394,0.33557618,0.271274,0.32692432,0.58911234,Data Collection|User Control & Deletion
640_gamestop.com,4,Data Collection,3,0.5489809,0.30139056,0.31564552,0.43003207,0.30548847,0.50303674,0.50739825,Data Collection|Third-Party Sharing|User Control & Deletion
640_gamestop.com,5,Data Collection|User Control & Deletion,3,0.67809755,0.27509376,0.31224677,0.3782673,0.26643243,0.2696568,0.62085277,Data Collection|User Control & Deletion
640_gamestop.com,6,Data Collection,3,0.684029,0.43029982,0.3114296,0.39077157,0.2634152,0.41305712,0.304714,Data Collection
640_gamestop.com,7,Data Collection,3,0.7525228,0.392785,0.36982316,0.37972933,0.27261528,0.41569445,0.36435932,Data Collection
640_gamestop.com,8,Data Collection|Third-Party Sharing,3,0.7002474,0.27901742,0.27995718,0.35976404,0.2434691,0.6598385,0.32065544,Data Collection|Third-Party Sharing
640_gamestop.com,9,Other/Unclear|Third-Party Sharing,3,0.49098966,0.32245868,0.2938504,0.575704,0.28198078,0.52743703,0.44859958,Other/Unclear|Third-Party Sharing
640_gamestop.com,10,Data Collection|Third-Party Sharing,3,0.64680254,0.34306672,0.28734905,0.45094553,0.28543502,0.5787164,0.38644788,Data Collection|Third-Party Sharing
640_gamestop.com,11,Data Collection,3,0.7404629,0.35720676,0.30303273,0.28333938,0.22871895,0.3552571,0.3249005,Data Collection
640_gamestop.com,12,Data Collection|Other/Unclear,3,0.65899605,0.3899169,0.33919948,0.5913399,0.2604978,0.42113632,0.51139164,Data Collection|Other/Unclear|User Control & Deletion
640_gamestop.com,13,Data Collection,3,0.6547366,0.39643326,0.35660335,0.33176127,0.2750219,0.59179014,0.33675233,Data Collection|Third-Party Sharing
640_gamestop.com,14,Data Collection|Other/Unclear,3,0.68654454,0.37163186,0.26683944,0.438985,0.23694186,0.47367555,0.34618375,Data Collection
640_gamestop.com,15,User Control & Deletion,3,0.44080114,0.25325078,0.31465846,0.44567576,0.25471324,0.35766014,0.598979,User Control & Deletion
640_gamestop.com,16,Data Collection|Other/Unclear|Third-Party Sharing,3,0.6750095,0.35084522,0.35358045,0.5047901,0.25987828,0.43107837,0.5463946,Data Collection|Other/Unclear|User Control & Deletion
640_gamestop.com,17,Third-Party Sharing,3,0.4751826,0.26511467,0.33745074,0.39003432,0.26037365,0.575777,0.4511777,Third-Party Sharing
640_gamestop.com,18,Third-Party Sharing,3,0.57874995,0.30544612,0.30623424,0.423583,0.2632049,0.8046568,0.31587085,Data Collection|Third-Party Sharing
640_gamestop.com,19,Data Security|Third-Party Sharing,3,0.33260965,0.2790612,0.6107107,0.46116573,0.2594198,0.8204286,0.32501158,Data Security|Third-Party Sharing
640_gamestop.com,20,Data Collection|User Control & Deletion,3,0.54629886,0.3406131,0.356061,0.47033566,0.25394967,0.44109967,0.73556,Data Collection|User Control & Deletion
640_gamestop.com,21,Data Collection|Third-Party Sharing,3,0.43478444,0.2867725,0.3333261,0.45525363,0.5206183,0.74609256,0.37750745,Policy Change|Third-Party Sharing
640_gamestop.com,22,Data Collection|Third-Party Sharing,3,0.48084494,0.34489664,0.36803523,0.31053555,0.29595837,0.80781925,0.2612757,Third-Party Sharing
640_gamestop.com,23,Third-Party Sharing|User Control & Deletion,3,0.3796331,0.2500633,0.3382051,0.44021678,0.31721586,0.5096892,0.51444674,Third-Party Sharing|User Control & Deletion
640_gamestop.com,24,Other/Unclear|Third-Party Sharing,3,0.5001745,0.33894044,0.3445977,0.50111717,0.28108165,0.5430348,0.38517764,Data Collection|Other/Unclear|Third-Party Sharing
640_gamestop.com,25,Other/Unclear|Third-Party Sharing,3,0.50109667,0.27583626,0.50651973,0.532292,0.24549931,0.36764765,0.38647082,Data Collection|Data Security|Other/Unclear
640_gamestop.com,26,Data Collection|Third-Party Sharing,3,0.6615764,0.3453131,0.34374765,0.37036344,0.24827076,0.63068104,0.28022888,Data Collection|Third-Party Sharing
640_gamestop.com,27,Third-Party Sharing,3,0.5566362,0.30677545,0.3490539,0.44630986,0.2782031,0.37300307,0.42627072,Data Collection
640_gamestop.com,28,Third-Party Sharing,3,0.6157591,0.28056383,0.31127572,0.46270683,0.28638306,0.7910402,0.40117186,Data Collection|Third-Party Sharing
640_gamestop.com,29,Data Security|Other/Unclear,3,0.38789436,0.28637594,0.26712617,0.66475,0.3457711,0.4311804,0.40284353,Other/Unclear
640_gamestop.com,30,Data Collection|Other/Unclear|Third-Party Sharing,3,0.5319912,0.25452983,0.36183935,0.32915837,0.26545453,0.71968925,0.3563806,Data Collection|Third-Party Sharing
640_gamestop.com,31,Data Security|Third-Party Sharing,3,0.4129286,0.30594653,0.6566917,0.34608808,0.24707882,0.48310125,0.27485463,Data Security
640_gamestop.com,32,Data Security|Other/Unclear,3,0.3932688,0.36484066,0.66586006,0.50079006,0.25761527,0.4509812,0.44098848,Data Security|Other/Unclear
640_gamestop.com,33,Other/Unclear|User Control & Deletion,3,0.31796235,0.3366526,0.32012093,0.5083418,0.26331702,0.26005864,0.7911057,Other/Unclear|User Control & Deletion
640_gamestop.com,34,Other/Unclear|User Control & Deletion,3,0.2959298,0.35017908,0.32000315,0.688928,0.2811159,0.2823677,0.60883206,Other/Unclear|User Control & Deletion
640_gamestop.com,35,Data Retention|User Control & Deletion,3,0.48454955,0.4361549,0.33268276,0.37582403,0.3075994,0.26602638,0.65685415,User Control & Deletion
640_gamestop.com,36,User Control & Deletion,3,0.42895484,0.27189955,0.31231296,0.52661896,0.29209378,0.2863414,0.7652921,Other/Unclear|User Control & Deletion
640_gamestop.com,37,Other/Unclear,3,0.2487205,0.2630992,0.28238732,0.7300323,0.2651755,0.29311898,0.5137063,Other/Unclear|User Control & Deletion
640_gamestop.com,38,Other/Unclear,3,0.3654919,0.3409607,0.39340323,0.7728515,0.30025646,0.30801645,0.31929463,Other/Unclear
640_gamestop.com,39,Other/Unclear,3,0.37646246,0.2422304,0.3199146,0.70821446,0.26482844,0.24663226,0.38560966,Other/Unclear
640_gamestop.com,40,Other/Unclear,3,0.30170578,0.26738957,0.32409906,0.7589639,0.47778887,0.30204177,0.48248723,Other/Unclear
640_gamestop.com,41,Policy Change,3,0.39646885,0.29482472,0.28358266,0.5713858,0.70862997,0.3569073,0.55379206,Other/Unclear|Policy Change|User Control & Deletion
641_cbsinteractive.com,0,Other/Unclear,2,0.30651793,0.24321598,0.48022756,0.7237002,0.29161975,0.2768107,0.3426571,Other/Unclear
641_cbsinteractive.com,1,Other/Unclear|Policy Change,2,0.22300377,0.2522974,0.28327554,0.74822104,0.49842805,0.22846226,0.4766969,Other/Unclear
641_cbsinteractive.com,2,Other/Unclear,2,0.3052176,0.2389671,0.35473448,0.7515587,0.3687916,0.2682433,0.3472535,Other/Unclear
641_cbsinteractive.com,3,Data Collection,2,0.7518066,0.20727716,0.21571015,0.35552377,0.19920793,0.43280733,0.27086508,Data Collection
641_cbsinteractive.com,4,Data Collection,2,0.7630922,0.24145833,0.20542808,0.3494647,0.30146793,0.32191482,0.46093455,Data Collection
641_cbsinteractive.com,5,Third-Party Sharing,2,0.37597114,0.31305185,0.31495708,0.3662002,0.25807944,0.8484001,0.23448393,Third-Party Sharing
641_cbsinteractive.com,6,Data Collection|Third-Party Sharing|User Control & Deletion,2,0.3681041,0.2712417,0.19877772,0.42709008,0.2814253,0.5576334,0.8250288,Third-Party Sharing|User Control & Deletion
641_cbsinteractive.com,7,Data Security|Other/Unclear,2,0.180348,0.24287756,0.70040977,0.71217585,0.3134928,0.26992577,0.31353372,Data Security|Other/Unclear
641_cbsinteractive.com,8,Other/Unclear,2,0.3399183,0.36973277,0.2445965,0.67689294,0.30256486,0.2690885,0.4285957,Other/Unclear
641_cbsinteractive.com,9,Other/Unclear,2,0.32949445,0.27099985,0.4381786,0.6285396,0.32541832,0.27389145,0.3825417,Other/Unclear
641_cbsinteractive.com,10,Other/Unclear,2,0.300856,0.31306115,0.30392075,0.75737536,0.23950316,0.38562796,0.4342796,Other/Unclear
652_randomhouse.com,0,Other/Unclear,2,0.21919408,0.20143557,0.24508637,0.7652028,0.62435675,0.19119877,0.24069734,Other/Unclear|Policy Change
652_randomhouse.com,1,Other/Unclear|Policy Change|User Control & Deletion,2,0.3423048,0.29688874,0.32326224,0.61699325,0.66955984,0.3144209,0.54241806,Other/Unclear|Policy Change|User Control & Deletion
652_randomhouse.com,2,Other/Unclear,2,0.21291183,0.24290527,0.3068388,0.6944889,0.38555416,0.49746823,0.40353623,Other/Unclear
652_randomhouse.com,3,Data Collection,2,0.8145486,0.3242191,0.32339787,0.46850806,0.26224783,0.352196,0.24207869,Data Collection
652_randomhouse.com,4,Data Collection,2,0.6957732,0.405789,0.26620144,0.35202944,0.22324419,0.41155064,0.40815076,Data Collection
652_randomhouse.com,5,Data Collection|Third-Party Sharing,2,0.610774,0.25002554,0.36469552,0.5088599,0.21468349,0.5490924,0.25518516,Data Collection|Other/Unclear|Third-Party Sharing
652_randomhouse.com,6,Data Collection,2,0.70001143,0.28446788,0.26503763,0.3239026,0.21860717,0.29586554,0.28556716,Data Collection
652_randomhouse.com,7,Data Collection,2,0.68023056,0.32310688,0.32614598,0.26490647,0.28300226,0.32972485,0.34570652,Data Collection
652_randomhouse.com,8,Data Collection|User Control & Deletion,2,0.70091146,0.686585,0.29966146,0.3341433,0.28297028,0.3253278,0.56259036,Data Collection|Data Retention|User Control & Deletion
652_randomhouse.com,9,Data Collection,2,0.6400182,0.3045069,0.2786485,0.32556236,0.26024264,0.32190254,0.45390043,Data Collection
652_randomhouse.com,10,Data Collection|Other/Unclear|User Control & Deletion,2,0.543445,0.2841397,0.37935027,0.6088818,0.24600795,0.3671626,0.6639836,Data Collection|Other/Unclear|User Control & Deletion
652_randomhouse.com,11,Data Collection,2,0.73723596,0.23643126,0.2547086,0.3507672,0.24224883,0.41817936,0.29188123,Data Collection
652_randomhouse.com,12,Data Collection|Data Security|Other/Unclear|Third-Party Sharing,2,0.51247317,0.27531543,0.36074647,0.53113836,0.28035313,0.7684818,0.5010992,Data Collection|Other/Unclear|Third-Party Sharing|User Control & Deletion
652_randomhouse.com,13,Data Collection|Other/Unclear,2,0.39409438,0.25682607,0.24224828,0.6442745,0.24865103,0.5066146,0.39267653,Other/Unclear|Third-Party Sharing
652_randomhouse.com,14,Data Collection,2,0.70710427,0.26319787,0.22327617,0.37921563,0.22292069,0.42918321,0.3171263,Data Collection
652_randomhouse.com,15,Data Collection,2,0.7038842,0.28768775,0.29861793,0.5372412,0.26637024,0.3467307,0.22985679,Data Collection|Other/Unclear
652_randomhouse.com,16,Data Collection,2,0.8055122,0.3192415,0.23717265,0.32609233,0.49622566,0.5068346,0.2797554,Data Collection|Third-Party Sharing
652_randomhouse.com,17,Data Collection|Other/Unclear,2,0.6744032,0.3189268,0.36219794,0.41875327,0.24744886,0.34948614,0.32061344,Data Collection
652_randomhouse.com,18,Third-Party Sharing,2,0.35100755,0.27684978,0.3529187,0.36404058,0.28614518,0.84094006,0.3529777,Third-Party Sharing
652_randomhouse.com,19,Data Security|Third-Party Sharing,2,0.25212067,0.32705718,0.7327487,0.39562243,0.26913804,0.7356789,0.2589191,Data Security|Third-Party Sharing
652_randomhouse.com,20,Other/Unclear|Third-Party Sharing,2,0.32345617,0.2843176,0.24774818,0.62260306,0.2602324,0.66532564,0.44250482,Other/Unclear|Third-Party Sharing
652_randomhouse.com,21,Other/Unclear|Third-Party Sharing,2,0.30646932,0.38547164,0.5088019,0.6688633,0.35906217,0.43041492,0.43358132,Data Security|Other/Unclear
652_randomhouse.com,22,Third-Party Sharing,2,0.3625423,0.29474506,0.29541928,0.32922637,0.23198915,0.6721629,0.2631405,Third-Party Sharing
652_randomhouse.com,23,Third-Party Sharing,2,0.4123994,0.29499906,0.27561736,0.22382724,0.23640628,0.8106523,0.24072751,Third-Party Sharing
652_randomhouse.com,24,Other/Unclear|Third-Party Sharing,2,0.33821866,0.32161915,0.41231167,0.49116203,0.29662815,0.590127,0.255354,Third-Party Sharing
652_randomhouse.com,25,Data Collection|Other/Unclear|User Control & Deletion,2,0.5164332,0.33338144,0.3654809,0.6538826,0.28392935,0.624449,0.46146017,Data Collection|Other/Unclear|Third-Party Sharing
652_randomhouse.com,26,Data Collection|Data Retention|User Control & Deletion,2,0.7237301,0.3812282,0.31776297,0.4438558,0.31336504,0.4382124,0.48323715,Data Collection
652_randomhouse.com,27,Data Collection|Other/Unclear,2,0.3416565,0.22077365,0.33435205,0.85450137,0.3017441,0.27110028,0.23526855,Other/Unclear
652_randomhouse.com,28,Data Collection|Other/Unclear,2,0.70713544,0.3127541,0.33933324,0.5207458,0.30333117,0.52928555,0.30225885,Data Collection|Other/Unclear|Third-Party Sharing
652_randomhouse.com,29,Data Collection|Data Retention|Other/Unclear,2,0.6226213,0.5054617,0.3016001,0.46955833,0.29971385,0.4120687,0.44065678,Data Collection|Data Retention
652_randomhouse.com,30,Data Collection|Data Retention|Other/Unclear,2,0.6927406,0.5547954,0.4039771,0.42591494,0.23835327,0.41472492,0.34947088,Data Collection|Data Retention
652_randomhouse.com,31,Data Collection|Data Retention|Other/Unclear|User Control & Deletion,2,0.5630779,0.44179145,0.27264345,0.5347955,0.30573067,0.35974482,0.6735282,Data Collection|Other/Unclear|User Control & Deletion
652_randomhouse.com,32,Data Collection|Data Retention|Other/Unclear,2,0.54406196,0.38064948,0.3434947,0.58467585,0.37857634,0.4181973,0.43738955,Data Collection|Other/Unclear
652_randomhouse.com,33,Data Collection|Other/Unclear,2,0.7548951,0.3449756,0.26564917,0.48802537,0.23328593,0.39045155,0.345213,Data Collection
652_randomhouse.com,34,Other/Unclear|Third-Party Sharing,2,0.17538631,0.25678968,0.3676482,0.40011632,0.18953915,0.8835933,0.22343041,Third-Party Sharing
652_randomhouse.com,35,Other/Unclear|User Control & Deletion,2,0.28690562,0.3275448,0.32150158,0.76246065,0.31955647,0.27484113,0.60474265,Other/Unclear|User Control & Deletion
652_randomhouse.com,36,Data Security|Other/Unclear,2,0.20015272,0.2399482,0.6180191,0.5886696,0.26349497,0.48692062,0.31083256,Data Security|Other/Unclear
652_randomhouse.com,37,Other/Unclear|Third-Party Sharing,2,0.20973785,0.24122372,0.31350625,0.8014131,0.2840464,0.58899164,0.3081385,Other/Unclear|Third-Party Sharing
652_randomhouse.com,38,Other/Unclear|Third-Party Sharing,2,0.41301972,0.35108706,0.3560452,0.7064754,0.27748832,0.6518123,0.38112152,Other/Unclear|Third-Party Sharing
652_randomhouse.com,39,Data Security|Other/Unclear,2,0.27984166,0.24579914,0.40331018,0.69125366,0.3682852,0.32061097,0.2946555,Other/Unclear
652_randomhouse.com,40,Other/Unclear|Third-Party Sharing,2,0.27975932,0.26635358,0.34799743,0.4333319,0.33510423,0.60147095,0.31438333,Third-Party Sharing
652_randomhouse.com,41,Other/Unclear,2,0.27635118,0.33724537,0.3115579,0.7805359,0.32407376,0.38170347,0.39340776,Other/Unclear
652_randomhouse.com,42,Policy Change,2,0.2902879,0.2773086,0.27019525,0.42825574,0.7248358,0.34940514,0.3005374,Policy Change
652_randomhouse.com,43,Other/Unclear|User Control & Deletion,2,0.31667003,0.29765838,0.21802418,0.53005946,0.24665424,0.24823005,0.8815216,Other/Unclear|User Control & Deletion
652_randomhouse.com,44,Other/Unclear|User Control & Deletion,2,0.22952688,0.2710232,0.30732352,0.7619756,0.26481283,0.3339215,0.52593774,Other/Unclear|User Control & Deletion
676_restaurantnews.com,0,Other/Unclear,0,0.1079447,0.16293117,0.32383114,0.9261082,0.30886358,0.15048832,0.24815165,Other/Unclear
676_restaurantnews.com,1,Other/Unclear,0,0.42685854,0.32176685,0.46877503,0.63719684,0.29685435,0.2926192,0.38013455,Other/Unclear
676_restaurantnews.com,2,Third-Party Sharing,0,0.4867606,0.24563447,0.35666588,0.6059632,0.34068418,0.62680316,0.2758855,Other/Unclear|Third-Party Sharing
676_restaurantnews.com,3,Other/Unclear|User Control & Deletion,0,0.27261725,0.19914706,0.25041452,0.6819354,0.32180458,0.42558324,0.58140707,Other/Unclear|User Control & Deletion
676_restaurantnews.com,4,Other/Unclear|Third-Party Sharing,0,0.30071032,0.27035898,0.29524884,0.5790177,0.30007845,0.7889773,0.36146325,Other/Unclear|Third-Party Sharing
676_restaurantnews.com,5,Data Collection,0,0.7392926,0.40064067,0.35663378,0.37349463,0.2451029,0.39779896,0.3453746,Data Collection
676_restaurantnews.com,6,Other/Unclear,0,0.24165003,0.24660648,0.40051085,0.8661906,0.28724957,0.50924844,0.22908615,Other/Unclear|Third-Party Sharing
676_restaurantnews.com,7,Policy Change,0,0.30342543,0.264827,0.2734003,0.5309043,0.6082908,0.30402464,0.36005294,Other/Unclear|Policy Change
676_restaurantnews.com,8,Other/Unclear,0,0.18249394,0.21937944,0.29898468,0.85893947,0.25733516,0.2959673,0.45170838,Other/Unclear
676_restaurantnews.com,9,Other/Unclear,0,0.30506626,0.26895434,0.27042824,0.6649194,0.77353007,0.2659978,0.23386936,Other/Unclear|Policy Change
70_meredith.com,0,Other/Unclear,4,0.23625824,0.2442594,0.25394842,0.7337897,0.38772714,0.23889312,0.25563282,Other/Unclear
70_meredith.com,1,Other/Unclear,4,0.42518994,0.261695,0.33569145,0.6553313,0.44175327,0.41953698,0.34016034,Other/Unclear
70_meredith.com,2,Other/Unclear,4,0.42420638,0.228637,0.30402642,0.76145756,0.420068,0.38536346,0.3226662,Other/Unclear
70_meredith.com,3,Other/Unclear|User Control & Deletion,4,0.26304275,0.26688787,0.27481633,0.74129814,0.27063534,0.30259046,0.6685642,Other/Unclear|User Control & Deletion
70_meredith.com,4,Other/Unclear,4,0.40698925,0.20591486,0.33498594,0.74678564,0.30656856,0.19996805,0.32401782,Other/Unclear
70_meredith.com,5,Data Collection,4,0.77429456,0.28522584,0.2976169,0.35333225,0.20024736,0.4131603,0.405255,Data Collection
70_meredith.com,6,Data Collection,4,0.7789392,0.32890692,0.2935834,0.3588015,0.28247893,0.4463304,0.4012775,Data Collection
70_meredith.com,7,Third-Party Sharing,4,0.35314843,0.22950654,0.24418576,0.29097867,0.2712745,0.85524684,0.24516699,Third-Party Sharing
70_meredith.com,8,Other/Unclear|Third-Party Sharing|User Control & Deletion,4,0.35987318,0.24047564,0.26588678,0.4796532,0.25862747,0.42704812,0.7579799,User Control & Deletion
70_meredith.com,9,Data Security|Other/Unclear,4,0.17988652,0.22330491,0.6610582,0.7485631,0.30374292,0.2628654,0.30328792,Data Security|Other/Unclear
70_meredith.com,10,Other/Unclear,4,0.21377587,0.21820664,0.27953506,0.77856237,0.47996667,0.18418555,0.26670438,Other/Unclear
70_meredith.com,11,Other/Unclear,4,0.3975239,0.24651276,0.39506552,0.7149836,0.34865576,0.23857047,0.28045648,Other/Unclear
70_meredith.com,12,Other/Unclear,4,0.36576906,0.25871792,0.3525591,0.58378434,0.49991536,0.21704516,0.43167225,Other/Unclear
70_meredith.com,13,Other/Unclear,4,0.332031,0.24859236,0.20410398,0.6451761,0.4274305,0.19673802,0.3571988,Other/Unclear
70_meredith.com,14,Other/Unclear,4,0.15606076,0.23300214,0.29420644,0.9014554,0.25455606,0.1789369,0.32663226,Other/Unclear
70_meredith.com,15,Other/Unclear,4,0.53494245,0.21190858,0.3088173,0.6633255,0.27817747,0.28928012,0.28837264,Data Collection|Other/Unclear
70_meredith.com,16,Data Collection|Other/Unclear|Third-Party Sharing,4,0.7045784,0.3046035,0.3107058,0.46876645,0.24861844,0.52097243,0.36298007,Data Collection|Third-Party Sharing
70_meredith.com,17,Data Collection|Other/Unclear|Third-Party Sharing|User Control & Deletion,4,0.7985769,0.42440343,0.22007392,0.2435679,0.19010498,0.4013172,0.41551504,Data Collection
70_meredith.com,18,Data Collection|Other/Unclear|Third-Party Sharing,4,0.5868364,0.2887166,0.19513306,0.46780393,0.31159118,0.7080037,0.40023905,Data Collection|Third-Party Sharing
70_meredith.com,19,Data Collection|Other/Unclear|Third-Party Sharing,4,0.6536901,0.33141267,0.36515057,0.28227484,0.21474417,0.39878425,0.25352633,Data Collection
70_meredith.com,20,Data Collection|Third-Party Sharing,4,0.43895614,0.26553324,0.3019222,0.5520727,0.27815858,0.463092,0.33720177,Other/Unclear
70_meredith.com,21,Data Collection|Third-Party Sharing,4,0.53459173,0.2833301,0.27612543,0.40554342,0.21979612,0.41792533,0.3083164,Data Collection
70_meredith.com,22,Data Collection|Third-Party Sharing,4,0.5463616,0.25175336,0.3334863,0.5783192,0.2656893,0.3840699,0.35291043,Data Collection|Other/Unclear
70_meredith.com,23,Data Collection|Third-Party Sharing,4,0.50400037,0.37725073,0.28510094,0.3767595,0.2732661,0.33177337,0.36868542,Data Collection
70_meredith.com,24,Data Collection|Third-Party Sharing,4,0.5711286,0.26175374,0.2714919,0.49597287,0.24230283,0.36604872,0.34413198,Data Collection
70_meredith.com,25,Data Collection|Third-Party Sharing,4,0.5209101,0.29307425,0.26005092,0.42966682,0.2952402,0.2814949,0.33834198,Data Collection
70_meredith.com,26,Data Collection|Third-Party Sharing,4,0.49662834,0.26339763,0.33392748,0.5117247,0.23349507,0.3755206,0.30685678,Other/Unclear
70_meredith.com,27,Data Collection|Third-Party Sharing,4,0.507657,0.24758554,0.31851673,0.47240475,0.30091482,0.26140648,0.35424376,Data Collection
70_meredith.com,28,Data Collection|Third-Party Sharing,4,0.4833594,0.3189632,0.39817896,0.46846825,0.27153027,0.33722308,0.27974093,
70_meredith.com,29,Data Collection|Third-Party Sharing,4,0.5118261,0.23407905,0.31125134,0.5357387,0.2885083,0.40779442,0.3763016,Data Collection|Other/Unclear
70_meredith.com,30,Data Collection|Other/Unclear|Third-Party Sharing|User Control & Deletion,4,0.6141333,0.27193478,0.33897266,0.42632347,0.26324108,0.54164183,0.5770489,Data Collection|Third-Party Sharing|User Control & Deletion
70_meredith.com,31,Other/Unclear,4,0.65728486,0.30846116,0.25699753,0.4350445,0.28031552,0.38906497,0.3251735,Data Collection
70_meredith.com,32,Data Collection|Other/Unclear|User Control & Deletion,4,0.73702484,0.27551892,0.29553577,0.3117309,0.20042194,0.40349996,0.42100987,Data Collection
70_meredith.com,33,Other/Unclear|Third-Party Sharing,4,0.4334816,0.20373018,0.3742266,0.555911,0.26846504,0.6223634,0.43405327,Other/Unclear|Third-Party Sharing
70_meredith.com,34,Other/Unclear|Third-Party Sharing|User Control & Deletion,4,0.42199484,0.2789112,0.3136571,0.5544108,0.3162946,0.62293607,0.46895117,Other/Unclear|Third-Party Sharing
70_meredith.com,35,Data Collection|Other/Unclear,4,0.77864903,0.28864548,0.24093649,0.44743195,0.22575563,0.57410246,0.267178,Data Collection|Third-Party Sharing
70_meredith.com,36,Data Collection,4,0.7392159,0.3203374,0.31284586,0.42206195,0.2829424,0.48182547,0.28263563,Data Collection
70_meredith.com,37,Data Collection|Other/Unclear|Third-Party Sharing,4,0.5958795,0.34400985,0.4351762,0.4270285,0.24396226,0.709302,0.3023396,Data Collection|Third-Party Sharing
70_meredith.com,38,Data Collection|Third-Party Sharing,4,0.66251034,0.33535495,0.2625949,0.36768383,0.22363338,0.32041296,0.28196824,Data Collection
70_meredith.com,39,Data Collection|Third-Party Sharing,4,0.70236105,0.3115698,0.27605915,0.22784387,0.2667848,0.2795679,0.2665947,Data Collection
70_meredith.com,40,Data Collection|Third-Party Sharing,4,0.4925362,0.30037275,0.4246272,0.440894,0.32753167,0.308339,0.47560152,
70_meredith.com,41,Data Collection|Third-Party Sharing,4,0.753702,0.2622478,0.27841717,0.43361026,0.29457128,0.42302194,0.34338173,Data Collection
70_meredith.com,42,Data Collection|Third-Party Sharing,4,0.44552192,0.30262497,0.28978276,0.53606427,0.339026,0.40262127,0.32320046,Other/Unclear
70_meredith.com,43,Data Collection|Third-Party Sharing,4,0.47060353,0.23349607,0.29118273,0.3694852,0.2459053,0.4264443,0.37933993,
70_meredith.com,44,Data Collection|Third-Party Sharing,4,0.5790315,0.30928007,0.30017254,0.4116987,0.22918405,0.57612425,0.38189787,Data Collection|Third-Party Sharing
70_meredith.com,45,Data Collection|Third-Party Sharing,4,0.41976425,0.24779707,0.27150065,0.55800426,0.24994291,0.48841953,0.41242608,Other/Unclear
70_meredith.com,46,Data Collection|Third-Party Sharing,4,0.6151783,0.28008187,0.2488865,0.3612549,0.2706562,0.40717173,0.32168835,Data Collection
70_meredith.com,47,Data Collection|Third-Party Sharing,4,0.49578658,0.3027687,0.30427793,0.4135609,0.26928753,0.41296718,0.28800166,
70_meredith.com,48,Data Collection|Third-Party Sharing,4,0.44578838,0.25267643,0.30086106,0.5886024,0.26217645,0.36531302,0.36174557,Other/Unclear
70_meredith.com,49,Data Collection|Third-Party Sharing,4,0.48716778,0.31557053,0.2675642,0.40799943,0.26119366,0.39770254,0.31223926,
70_meredith.com,50,Data Collection|Third-Party Sharing,4,0.553469,0.32999378,0.310183,0.38601533,0.30163667,0.5072318,0.37083784,Data Collection|Third-Party Sharing
70_meredith.com,51,Other/Unclear|Third-Party Sharing,4,0.46700254,0.27708313,0.27155662,0.41348782,0.27826875,0.800586,0.25817558,Third-Party Sharing
70_meredith.com,52,Data Security|Other/Unclear|Third-Party Sharing,4,0.6279124,0.37588122,0.31193092,0.4152352,0.21868692,0.75232434,0.3045576,Data Collection|Third-Party Sharing
70_meredith.com,53,Third-Party Sharing|User Control & Deletion,4,0.4727611,0.32952845,0.3005143,0.38199452,0.32755044,0.79232657,0.36992478,Third-Party Sharing
70_meredith.com,54,Third-Party Sharing|User Control & Deletion,4,0.579024,0.2981187,0.25786975,0.45255366,0.22290456,0.6460663,0.49503344,Data Collection|Third-Party Sharing
70_meredith.com,55,Third-Party Sharing,4,0.56528425,0.27842656,0.42998993,0.3928499,0.28139445,0.7735174,0.27290672,Data Collection|Third-Party Sharing
70_meredith.com,56,Data Collection|Other/Unclear|Third-Party Sharing,4,0.6683518,0.31220242,0.29318193,0.4007371,0.24475525,0.84320116,0.24499492,Data Collection|Third-Party Sharing
70_meredith.com,57,Other/Unclear|Third-Party Sharing,4,0.34577686,0.34688997,0.42271674,0.6285784,0.28099936,0.6318842,0.28463888,Other/Unclear|Third-Party Sharing
70_meredith.com,58,Third-Party Sharing,4,0.43917784,0.2737762,0.25127462,0.29381025,0.27001172,0.81795675,0.22325708,Third-Party Sharing
70_meredith.com,59,Third-Party Sharing|User Control & Deletion,4,0.35546207,0.29023695,0.2515738,0.67218655,0.25075522,0.47205463,0.64242107,Other/Unclear|User Control & Deletion
70_meredith.com,60,Data Collection|User Control & Deletion,4,0.25667664,0.28496897,0.27639267,0.5528367,0.26198423,0.35527775,0.78115344,Other/Unclear|User Control & Deletion
70_meredith.com,61,Other/Unclear|User Control & Deletion,4,0.33892298,0.22693212,0.4147828,0.48038033,0.26627696,0.3912498,0.68824965,User Control & Deletion
70_meredith.com,62,Other/Unclear|User Control & Deletion,4,0.30877468,0.23463316,0.2768741,0.57923895,0.3053395,0.49771345,0.6294337,Other/Unclear|User Control & Deletion
70_meredith.com,63,Other/Unclear|Third-Party Sharing,4,0.34470156,0.26658955,0.2690014,0.5758349,0.32509953,0.38411146,0.4198863,Other/Unclear
70_meredith.com,64,Other/Unclear,4,0.22781083,0.2672934,0.28307882,0.7574398,0.2870442,0.3305007,0.42356005,Other/Unclear
70_meredith.com,65,Other/Unclear,4,0.33511895,0.22693928,0.34456205,0.52117103,0.28680032,0.44255006,0.26745057,Other/Unclear
70_meredith.com,66,Other/Unclear|User Control & Deletion,4,0.37332058,0.3101116,0.26852167,0.5004532,0.25423825,0.24817392,0.7289588,Other/Unclear|User Control & Deletion
70_meredith.com,67,Data Security|Other/Unclear,4,0.34030676,0.2639601,0.7183076,0.37672088,0.23337407,0.21443246,0.2987001,Data Security
70_meredith.com,68,Data Collection|Third-Party Sharing,4,0.3830144,0.43500412,0.3313661,0.5578263,0.30399373,0.50486636,0.4402418,Other/Unclear|Third-Party Sharing
70_meredith.com,69,Other/Unclear,4,0.26498055,0.26217094,0.27260673,0.7357838,0.2718287,0.30537152,0.6848511,Other/Unclear|User Control & Deletion
70_meredith.com,70,Policy Change,4,0.23258229,0.2599202,0.26759362,0.46113548,0.75961417,0.2752251,0.3235987,Policy Change
744_minecraft.gamepedia.com,0,Other/Unclear|Policy Change,0,0.46564862,0.24793568,0.44804755,0.6295806,0.39194068,0.3326816,0.4882164,Other/Unclear
744_minecraft.gamepedia.com,1,Data Collection,0,0.59535384,0.23574722,0.31541136,0.5847962,0.2749636,0.27550176,0.5707315,Data Collection|Other/Unclear|User Control & Deletion
744_minecraft.gamepedia.com,2,Data Collection,0,0.7031556,0.2706776,0.270917,0.41800404,0.24440324,0.50539273,0.36173183,Data Collection|Third-Party Sharing
744_minecraft.gamepedia.com,3,Data Collection|Third-Party Sharing,0,0.7058668,0.35424882,0.34608835,0.38830584,0.24798737,0.5129531,0.47682837,Data Collection|Third-Party Sharing
744_minecraft.gamepedia.com,4,Data Collection,0,0.6936313,0.26515847,0.25357094,0.42061704,0.22984637,0.3921555,0.36741814,Data Collection
744_minecraft.gamepedia.com,5,Data Collection,0,0.80708027,0.32307985,0.3187011,0.3750936,0.26429987,0.41653657,0.31713328,Data Collection
744_minecraft.gamepedia.com,6,Data Collection|Third-Party Sharing,0,0.70295614,0.37392908,0.3324536,0.43223718,0.22585705,0.58953035,0.41394755,Data Collection|Third-Party Sharing
744_minecraft.gamepedia.com,7,Data Collection,0,0.80621463,0.35056254,0.27199858,0.22796614,0.26411197,0.36660987,0.30832025,Data Collection
744_minecraft.gamepedia.com,8,Data Collection|Other/Unclear,0,0.3966096,0.20568699,0.31087288,0.8051373,0.26310334,0.24406974,0.29607716,Other/Unclear
744_minecraft.gamepedia.com,9,Third-Party Sharing,0,0.47559634,0.24292907,0.22817771,0.27699944,0.22873776,0.8445114,0.26678926,Third-Party Sharing
744_minecraft.gamepedia.com,10,Third-Party Sharing,0,0.39035898,0.31697747,0.3490041,0.3343347,0.2866196,0.721911,0.27168283,Third-Party Sharing
744_minecraft.gamepedia.com,11,Third-Party Sharing,0,0.43745682,0.27425164,0.29054484,0.3544133,0.4398922,0.57725257,0.32719323,Third-Party Sharing
744_minecraft.gamepedia.com,12,Data Security|Third-Party Sharing,0,0.22053437,0.3312407,0.5416083,0.39095753,0.27442226,0.7775569,0.26363418,Data Security|Third-Party Sharing
744_minecraft.gamepedia.com,13,Other/Unclear|Third-Party Sharing|User Control & Deletion,0,0.3628632,0.31497708,0.29020953,0.55019516,0.23348744,0.81200266,0.6032357,Other/Unclear|Third-Party Sharing|User Control & Deletion
744_minecraft.gamepedia.com,14,Other/Unclear,0,0.16417733,0.23120639,0.3503887,0.8734723,0.30353057,0.57158726,0.40402523,Other/Unclear|Third-Party Sharing
744_minecraft.gamepedia.com,15,Other/Unclear,0,0.30224022,0.28895324,0.34408873,0.70459676,0.33039197,0.48279652,0.38638753,Other/Unclear
744_minecraft.gamepedia.com,16,Other/Unclear|Third-Party Sharing,0,0.4381056,0.2803457,0.4169779,0.595718,0.28307596,0.5069145,0.49027953,Other/Unclear|Third-Party Sharing
744_minecraft.gamepedia.com,17,Third-Party Sharing|User Control & Deletion,0,0.4371251,0.24645078,0.35563758,0.6194941,0.2901014,0.64950687,0.43339387,Other/Unclear|Third-Party Sharing
744_minecraft.gamepedia.com,18,Data Retention|User Control & Deletion,0,0.37158602,0.6438025,0.27651963,0.4832563,0.29214713,0.28478393,0.68165976,Data Retention|User Control & Deletion
744_minecraft.gamepedia.com,19,User Control & Deletion,0,0.2825431,0.26910248,0.22885479,0.6146966,0.23091593,0.37171456,0.84436095,Other/Unclear|User Control & Deletion
744_minecraft.gamepedia.com,20,Other/Unclear,0,0.2782645,0.37212294,0.32104734,0.6936568,0.28750727,0.37514806,0.5318288,Other/Unclear|User Control & Deletion
744_minecraft.gamepedia.com,21,Other/Unclear,0,0.25243872,0.26702514,0.30071545,0.63268566,0.3021454,0.28415784,0.419282,Other/Unclear
744_minecraft.gamepedia.com,22,Data Security,0,0.28047377,0.30939358,0.88696617,0.426017,0.25931153,0.32509387,0.27810025,Data Security
744_minecraft.gamepedia.com,23,Other/Unclear,0,0.27443624,0.2719584,0.5255431,0.71984893,0.2602694,0.2741034,0.28292134,Data Security|Other/Unclear
744_minecraft.gamepedia.com,24,Policy Change,0,0.217913,0.26627246,0.25945064,0.389665,0.8019429,0.24870883,0.36624616,Policy Change
744_minecraft.gamepedia.com,25,Other/Unclear,0,0.15066801,0.24315766,0.23245773,0.8672944,0.33382553,0.17734149,0.30598086,Other/Unclear
745_eatchicken.com,0,Other/Unclear,0,0.1024643,0.18115562,0.30718607,0.8876717,0.4086092,0.16852027,0.17025061,Other/Unclear
745_eatchicken.com,1,Data Collection,0,0.78874916,0.3862176,0.29530132,0.53651947,0.25081214,0.5243324,0.31149727,Data Collection|Other/Unclear|Third-Party Sharing
745_eatchicken.com,2,Other/Unclear,0,0.3222946,0.34102845,0.36725137,0.61054873,0.3094584,0.4068849,0.41098917,Other/Unclear
745_eatchicken.com,3,Other/Unclear,0,0.3906738,0.27763686,0.45823008,0.6230888,0.24499413,0.41308412,0.24982406,Other/Unclear
746_kraftrecipes.com,0,Other/Unclear|Policy Change,0,0.52062786,0.2890492,0.27771264,0.6450334,0.3975489,0.3950828,0.24347013,Data Collection|Other/Unclear
746_kraftrecipes.com,1,Data Collection,0,0.86775464,0.24568017,0.21691655,0.32035652,0.23660295,0.4642306,0.525015,Data Collection|User Control & Deletion
746_kraftrecipes.com,2,Data Collection,0,0.6520702,0.2595669,0.260476,0.35060254,0.24042483,0.33374807,0.5509698,Data Collection|User Control & Deletion
746_kraftrecipes.com,3,Data Collection,0,0.65359855,0.29617405,0.25488076,0.5222652,0.30901217,0.37612915,0.35873657,Data Collection|Other/Unclear
746_kraftrecipes.com,4,Data Collection|User Control & Deletion,0,0.64211154,0.37016067,0.29391736,0.37135038,0.22263263,0.28370202,0.4848648,Data Collection
746_kraftrecipes.com,5,Data Collection,0,0.61860627,0.3211138,0.27700558,0.45613974,0.2417875,0.3714582,0.4693494,Data Collection
746_kraftrecipes.com,6,Data Collection|Other/Unclear|Third-Party Sharing,0,0.69511086,0.26442695,0.30117953,0.43799758,0.24108633,0.60198027,0.4393243,Data Collection|Third-Party Sharing
746_kraftrecipes.com,7,Data Collection,0,0.7403584,0.2804209,0.23500517,0.34156322,0.20902765,0.49429613,0.30925396,Data Collection
746_kraftrecipes.com,8,Data Collection|Other/Unclear|User Control & Deletion,0,0.68369555,0.41439334,0.22978187,0.53046596,0.22410533,0.33213115,0.4295886,Data Collection|Other/Unclear
746_kraftrecipes.com,9,Data Collection,0,0.6551702,0.39508015,0.34110197,0.3834646,0.24619842,0.26212132,0.38264024,Data Collection
746_kraftrecipes.com,10,Data Collection|Data Retention|User Control & Deletion,0,0.748347,0.5199599,0.31476706,0.3692492,0.28825498,0.32924768,0.47599044,Data Collection|Data Retention
746_kraftrecipes.com,11,Data Collection,0,0.6044126,0.29223657,0.3064928,0.3459279,0.3602237,0.39297023,0.45779288,Data Collection
746_kraftrecipes.com,12,Data Collection,0,0.65862924,0.2347667,0.32429698,0.35016456,0.27734637,0.48173743,0.26467955,Data Collection
746_kraftrecipes.com,13,Data Collection,0,0.89899176,0.28335872,0.2778756,0.26305532,0.24917519,0.53837514,0.2534126,Data Collection|Third-Party Sharing
746_kraftrecipes.com,14,Third-Party Sharing,0,0.77713823,0.21979122,0.27826265,0.3430904,0.25409606,0.7729153,0.34528613,Data Collection|Third-Party Sharing
746_kraftrecipes.com,15,Other/Unclear|User Control & Deletion,0,0.4043869,0.25804973,0.3219806,0.6161435,0.25338715,0.35701168,0.7887804,Other/Unclear|User Control & Deletion
746_kraftrecipes.com,16,Data Collection,0,0.8471743,0.28956693,0.24865773,0.35751423,0.22523701,0.376727,0.2649763,Data Collection
746_kraftrecipes.com,17,Data Collection|Other/Unclear,0,0.8182268,0.28649503,0.26322687,0.33840635,0.28634635,0.44273344,0.28039086,Data Collection
746_kraftrecipes.com,18,Other/Unclear|Third-Party Sharing,0,0.29980943,0.24790339,0.29508775,0.6223575,0.28333336,0.7138053,0.5416461,Other/Unclear|Third-Party Sharing|User Control & Deletion
746_kraftrecipes.com,19,Data Security|Third-Party Sharing,0,0.40081316,0.4055265,0.46579227,0.23308541,0.22278376,0.85633147,0.27042896,Third-Party Sharing
746_kraftrecipes.com,20,Third-Party Sharing|User Control & Deletion,0,0.4604367,0.24038889,0.31555307,0.3898055,0.21993361,0.7770172,0.5819856,Third-Party Sharing|User Control & Deletion
746_kraftrecipes.com,21,Third-Party Sharing|User Control & Deletion,0,0.45272088,0.50022954,0.32370055,0.30603004,0.3210038,0.8476831,0.40284035,Data Retention|Third-Party Sharing
746_kraftrecipes.com,22,Other/Unclear|Third-Party Sharing,0,0.30599275,0.29457965,0.4144804,0.42884213,0.33368757,0.7276533,0.35785323,Third-Party Sharing
746_kraftrecipes.com,23,Other/Unclear|Third-Party Sharing,0,0.22869891,0.24000697,0.23910113,0.70009667,0.2295505,0.5487693,0.61739105,Other/Unclear|Third-Party Sharing|User Control & Deletion
746_kraftrecipes.com,24,Other/Unclear,0,0.17344888,0.27597812,0.43357584,0.8505743,0.3414299,0.4679346,0.21678494,Other/Unclear
746_kraftrecipes.com,25,User Control & Deletion,0,0.310748,0.21798661,0.27189833,0.40069824,0.23477757,0.32069984,0.8405017,User Control & Deletion
746_kraftrecipes.com,26,Data Retention|Other/Unclear|User Control & Deletion,0,0.52106,0.38197806,0.34813032,0.49075335,0.27779496,0.38415313,0.4892752,Data Collection
746_kraftrecipes.com,27,Other/Unclear,0,0.59947,0.27123636,0.2776329,0.7779287,0.24472898,0.29245377,0.2095082,Data Collection|Other/Unclear
746_kraftrecipes.com,28,Data Security|Other/Unclear,0,0.30208814,0.3881285,0.84142673,0.34868905,0.27518764,0.22757424,0.23731598,Data Security
746_kraftrecipes.com,29,Policy Change,0,0.2769043,0.29925218,0.22826935,0.49074394,0.72406965,0.26608604,0.38542834,Policy Change
746_kraftrecipes.com,30,Other/Unclear,0,0.26746395,0.24618974,0.24421257,0.79942566,0.27408734,0.2111387,0.41995502,Other/Unclear
746_kraftrecipes.com,31,Other/Unclear,0,0.42422238,0.24950057,0.31741676,0.5101894,0.28469113,0.4076467,0.4453689,Other/Unclear
760_si.edu,0,Other/Unclear,2,0.30203325,0.20665526,0.32599336,0.7183864,0.36828387,0.23830229,0.31687066,Other/Unclear
760_si.edu,1,Data Collection|Other/Unclear,2,0.6050999,0.24792661,0.326528,0.48385552,0.32694325,0.32506827,0.3128104,Data Collection
760_si.edu,2,Other/Unclear,2,0.38893262,0.27959916,0.39158297,0.7314797,0.32188508,0.25612226,0.32996222,Other/Unclear
760_si.edu,3,Data Collection|Data Retention,2,0.7591136,0.63909835,0.28373694,0.33447412,0.27749726,0.32891634,0.24413387,Data Collection|Data Retention
760_si.edu,4,Data Collection|Data Retention|Third-Party Sharing|User Control & Deletion,2,0.7161846,0.52492785,0.28722095,0.37267599,0.23541707,0.5014802,0.5998551,Data Collection|Data Retention|Third-Party Sharing|User Control & Deletion
760_si.edu,5,Data Collection|Third-Party Sharing,2,0.5015863,0.2685727,0.2481396,0.33137858,0.2905877,0.56083316,0.4264586,Data Collection|Third-Party Sharing
760_si.edu,6,Data Collection|Third-Party Sharing,2,0.6916059,0.38598847,0.32480142,0.36174503,0.25434178,0.54703575,0.46266893,Data Collection|Third-Party Sharing
760_si.edu,7,Other/Unclear|User Control & Deletion,2,0.57091707,0.30923906,0.2448385,0.48436278,0.32930192,0.3428046,0.56636745,Data Collection|User Control & Deletion
760_si.edu,8,Data Security|Third-Party Sharing,2,0.38736793,0.28389668,0.54394615,0.26242456,0.3434102,0.8101872,0.5209121,Data Security|Third-Party Sharing|User Control & Deletion
760_si.edu,9,Other/Unclear|User Control & Deletion,2,0.4242873,0.33310848,0.30067393,0.5330552,0.26798648,0.3898159,0.69406426,Other/Unclear|User Control & Deletion
760_si.edu,10,Third-Party Sharing,2,0.3199287,0.35791796,0.3695159,0.42989525,0.26871347,0.62504137,0.35528362,Third-Party Sharing
760_si.edu,11,User Control & Deletion,2,0.3184301,0.30225635,0.34399486,0.44104007,0.30698678,0.44107148,0.36714345,
760_si.edu,12,Data Security,2,0.40786484,0.28012013,0.7783805,0.43066517,0.26527226,0.28495038,0.21772979,Data Security
760_si.edu,13,Data Security,2,0.26889333,0.29532033,0.7264805,0.56615746,0.27198464,0.3605093,0.2983353,Data Security|Other/Unclear
760_si.edu,14,Other/Unclear,2,0.2529264,0.26542044,0.4823511,0.78287244,0.33562544,0.40700066,0.27583486,Other/Unclear
760_si.edu,15,Other/Unclear,2,0.40120977,0.26006445,0.22389247,0.80414987,0.37072164,0.29700068,0.26898524,Other/Unclear
760_si.edu,16,Other/Unclear,2,0.46289688,0.33973747,0.30416343,0.6873236,0.26015362,0.27500683,0.3628805,Other/Unclear
760_si.edu,17,Other/Unclear,2,0.3315966,0.2648184,0.27979845,0.5942147,0.7289039,0.29673478,0.27624032,Other/Unclear|Policy Change
777_education.jlab.org,0,Data Collection|Other/Unclear|Third-Party Sharing|User Control & Deletion,0,0.34392968,0.32491475,0.48298043,0.5830805,0.34382796,0.42024922,0.40395242,Other/Unclear
777_education.jlab.org,1,Other/Unclear,0,0.2603808,0.29403612,0.37624586,0.6927729,0.2883643,0.42345282,0.361231,Other/Unclear
777_education.jlab.org,2,Data Collection|Third-Party Sharing,0,0.7894743,0.5233002,0.3788249,0.39997154,0.24506043,0.5706316,0.30362684,Data Collection|Data Retention|Third-Party Sharing
807_lodgemfg.com,0,Data Security|Other/Unclear,0,0.26297233,0.33249554,0.3797299,0.6370564,0.32264334,0.32373682,0.42699876,Other/Unclear
807_lodgemfg.com,1,Other/Unclear,0,0.4638672,0.3511443,0.45587814,0.6254651,0.30106816,0.4417261,0.24490806,Other/Unclear
807_lodgemfg.com,2,Data Collection|Other/Unclear,0,0.6878448,0.3255334,0.37116948,0.3885196,0.23707128,0.3346497,0.349168,Data Collection
807_lodgemfg.com,3,Data Collection|Other/Unclear,0,0.7879217,0.30616394,0.3253634,0.37983543,0.22594021,0.28376004,0.23876616,Data Collection
807_lodgemfg.com,4,Data Collection,0,0.7050712,0.33957922,0.26157895,0.38268837,0.23594064,0.2760195,0.3350027,Data Collection
807_lodgemfg.com,5,Data Security,0,0.46139616,0.31733975,0.5488211,0.43636972,0.26021513,0.29866636,0.2549516,Data Security
807_lodgemfg.com,6,Data Security,0,0.3885955,0.4140226,0.6542977,0.37395713,0.23277132,0.3929201,0.3282875,Data Security
807_lodgemfg.com,7,Data Security,0,0.34172294,0.28921425,0.5451572,0.43423668,0.25749165,0.35336617,0.27403954,Data Security
807_lodgemfg.com,8,Data Security,0,0.4530686,0.4196173,0.49422818,0.503796,0.26870292,0.4317976,0.3032348,Other/Unclear
807_lodgemfg.com,9,Data Collection|Other/Unclear,0,0.7635155,0.3182994,0.2566981,0.49766195,0.26837224,0.42400557,0.33051354,Data Collection
807_lodgemfg.com,10,Data Collection,0,0.5684341,0.27981928,0.27289858,0.47887367,0.27479228,0.3667259,0.2884659,Data Collection
807_lodgemfg.com,11,User Control & Deletion,0,0.3515938,0.24969856,0.285634,0.3749156,0.27377257,0.2906542,0.71131915,User Control & Deletion
807_lodgemfg.com,12,Other/Unclear|User Control & Deletion,0,0.43042,0.289801,0.22778441,0.4207628,0.30835178,0.46298507,0.64530665,User Control & Deletion
807_lodgemfg.com,13,Third-Party Sharing,0,0.41898224,0.34866202,0.40346146,0.49892098,0.34337747,0.76043993,0.37523213,Third-Party Sharing
807_lodgemfg.com,14,Other/Unclear|Third-Party Sharing,0,0.4113899,0.21527033,0.38105986,0.58413917,0.31078637,0.67748004,0.3156815,Other/Unclear|Third-Party Sharing
807_lodgemfg.com,15,Other/Unclear,0,0.3886424,0.31202102,0.45766258,0.5702059,0.2650874,0.48035032,0.4406609,Other/Unclear
807_lodgemfg.com,16,Data Collection|Other/Unclear,0,0.48359713,0.3519987,0.33526424,0.3657214,0.37976828,0.43250334,0.4301576,
807_lodgemfg.com,17,Other/Unclear,0,0.3131895,0.29455015,0.36214903,0.7212528,0.2566242,0.33541977,0.30206332,Other/Unclear
807_lodgemfg.com,18,Other/Unclear,0,0.3405806,0.30236354,0.3068721,0.6553742,0.28755862,0.28257188,0.45932102,Other/Unclear
807_lodgemfg.com,19,Data Security|Other/Unclear,0,0.48959726,0.25829682,0.32292634,0.49810833,0.24933553,0.2905027,0.44957456,
807_lodgemfg.com,20,Other/Unclear,0,0.30305696,0.3485191,0.34462202,0.536859,0.3935769,0.34145758,0.34953678,Other/Unclear
807_lodgemfg.com,21,Other/Unclear,0,0.26454288,0.22253108,0.3032355,0.60999376,0.31372815,0.32764542,0.2870453,Other/Unclear
807_lodgemfg.com,22,Policy Change,0,0.24296966,0.22360058,0.38680792,0.5982378,0.5898365,0.3066689,0.26394036,Other/Unclear|Policy Change
807_lodgemfg.com,23,User Control & Deletion,0,0.2872735,0.2674755,0.29264924,0.57791364,0.32129502,0.33872107,0.608847,Other/Unclear|User Control & Deletion
807_lodgemfg.com,24,Other/Unclear,0,0.38773105,0.29304078,0.30947587,0.76517254,0.23829424,0.31063053,0.32015648,Other/Unclear
807_lodgemfg.com,25,Third-Party Sharing,0,0.34750798,0.2640775,0.38652423,0.6746329,0.27443844,0.5618074,0.46415895,Other/Unclear|Third-Party Sharing
807_lodgemfg.com,26,Other/Unclear,0,0.30193874,0.23482072,0.42841396,0.7808479,0.25438496,0.23014294,0.33618182,Other/Unclear
807_lodgemfg.com,27,Other/Unclear,0,0.38022,0.23416427,0.24682166,0.77653,0.27673584,0.32729965,0.22953445,Other/Unclear
807_lodgemfg.com,28,Other/Unclear,0,0.2489622,0.2610296,0.45689377,0.7165512,0.24901988,0.31031084,0.24559624,Other/Unclear
807_lodgemfg.com,29,Data Security|Other/Unclear,0,0.38794333,0.29906294,0.3744191,0.5513611,0.32472655,0.3718655,0.303089,Other/Unclear
807_lodgemfg.com,30,Data Security|Other/Unclear,0,0.4474807,0.3523782,0.32730266,0.46912175,0.34298316,0.44270363,0.27757385,
807_lodgemfg.com,31,Data Security|Other/Unclear,0,0.4520711,0.34965447,0.34460714,0.42944807,0.33309877,0.42534718,0.31220603,
807_lodgemfg.com,32,Data Security|Other/Unclear,0,0.37908396,0.3200498,0.36042637,0.4896162,0.2690821,0.47823507,0.4362323,
807_lodgemfg.com,33,Other/Unclear|Policy Change,0,0.217213,0.30596685,0.2903489,0.7848093,0.3807781,0.20622598,0.36988452,Other/Unclear
817_ironhorsevineyards.com,0,Data Security|Other/Unclear,2,0.3817907,0.34045532,0.4955207,0.5441006,0.31709412,0.51339835,0.35070595,Other/Unclear|Third-Party Sharing
817_ironhorsevineyards.com,1,Other/Unclear|Third-Party Sharing,2,0.6305005,0.26363814,0.3125381,0.37121624,0.24297638,0.7071603,0.2383674,Data Collection|Third-Party Sharing
817_ironhorsevineyards.com,2,Data Collection,2,0.75386393,0.31372207,0.28399837,0.26235378,0.23818874,0.43990704,0.3682735,Data Collection
817_ironhorsevineyards.com,3,Other/Unclear|Third-Party Sharing,2,0.51001173,0.29681095,0.40616086,0.31233206,0.24480604,0.7664644,0.27360004,Data Collection|Third-Party Sharing
817_ironhorsevineyards.com,4,Other/Unclear|User Control & Deletion,2,0.32194445,0.29180306,0.34350216,0.5094808,0.3500836,0.3236845,0.692792,Other/Unclear|User Control & Deletion
817_ironhorsevineyards.com,5,Other/Unclear|User Control & Deletion,2,0.30324557,0.32095668,0.20530896,0.5375926,0.3185591,0.3681154,0.7694384,Other/Unclear|User Control & Deletion
817_ironhorsevineyards.com,6,Data Security,2,0.47408232,0.5142614,0.6430387,0.5702616,0.24636598,0.44105756,0.34694606,Data Retention|Data Security|Other/Unclear
82_sheknows.com,0,Other/Unclear,3,0.24711528,0.2270994,0.37212712,0.81093943,0.42801857,0.23933305,0.3564191,Other/Unclear
82_sheknows.com,1,Data Collection|Other/Unclear|Third-Party Sharing,3,0.45391718,0.3230915,0.41215223,0.718726,0.35723007,0.5736664,0.38877872,Other/Unclear|Third-Party Sharing
82_sheknows.com,2,Data Collection,3,0.79532415,0.45735162,0.22234617,0.434717,0.21100241,0.46674982,0.39364013,Data Collection
82_sheknows.com,3,Data Collection|Third-Party Sharing,3,0.6450055,0.374957,0.2990147,0.4675393,0.22770369,0.46143714,0.60972756,Data Collection|User Control & Deletion
82_sheknows.com,4,Data Collection|Third-Party Sharing,3,0.6749258,0.2976223,0.31446493,0.3933792,0.30183047,0.66653913,0.6251626,Data Collection|Third-Party Sharing|User Control & Deletion
82_sheknows.com,5,Data Collection,3,0.66033703,0.32242963,0.3223341,0.26176196,0.25359342,0.30637613,0.34335437,Data Collection
82_sheknows.com,6,Other/Unclear,3,0.28408137,0.28104436,0.31553167,0.67060107,0.26561776,0.3667888,0.564524,Other/Unclear|User Control & Deletion
82_sheknows.com,7,Data Collection,3,0.76085764,0.35362282,0.30637032,0.40092987,0.22279356,0.4642574,0.2604022,Data Collection
82_sheknows.com,8,Data Collection|Other/Unclear,3,0.476114,0.3084657,0.398285,0.5470379,0.3226333,0.33910716,0.33387768,Other/Unclear
82_sheknows.com,9,Data Collection|Policy Change,3,0.65768814,0.30298293,0.31708696,0.38365564,0.34751388,0.43621653,0.4047392,Data Collection
82_sheknows.com,10,Data Retention|Other/Unclear|Third-Party Sharing,3,0.4110489,0.5305312,0.2693574,0.6236944,0.2673014,0.6586847,0.46084616,Data Retention|Other/Unclear|Third-Party Sharing
82_sheknows.com,11,Data Collection,3,0.6476022,0.32959446,0.20732561,0.37502497,0.36466557,0.38239938,0.6922791,Data Collection|User Control & Deletion
82_sheknows.com,12,Data Collection|Third-Party Sharing,3,0.6511113,0.31992638,0.29497173,0.38639322,0.20740202,0.52399623,0.35667658,Data Collection|Third-Party Sharing
82_sheknows.com,13,Data Collection|Other/Unclear,3,0.37974557,0.33362353,0.367455,0.5467594,0.3820242,0.57072395,0.40699923,Other/Unclear|Third-Party Sharing
82_sheknows.com,14,Data Collection,3,0.68415976,0.40024644,0.3069961,0.38266572,0.27039665,0.4501968,0.43513376,Data Collection
82_sheknows.com,15,User Control & Deletion,3,0.4689482,0.29034838,0.20264244,0.32283974,0.24801074,0.3707589,0.80548775,User Control & Deletion
82_sheknows.com,16,Data Collection|Data Security|Other/Unclear|Third-Party Sharing,3,0.6483202,0.3497118,0.39378276,0.5697077,0.28885588,0.80567753,0.3316986,Data Collection|Other/Unclear|Third-Party Sharing
82_sheknows.com,17,Data Collection|Third-Party Sharing,3,0.5789522,0.30284485,0.31544253,0.4474192,0.2845647,0.658448,0.34857452,Data Collection|Third-Party Sharing
82_sheknows.com,18,Data Collection,3,0.72558177,0.3441965,0.28316724,0.35200834,0.26865587,0.40316206,0.31895596,Data Collection
82_sheknows.com,19,Data Collection|Third-Party Sharing,3,0.62072444,0.28929693,0.3239537,0.34552485,0.30678356,0.6868534,0.26318637,Data Collection|Third-Party Sharing
82_sheknows.com,20,Third-Party Sharing,3,0.32250068,0.2729137,0.2505381,0.2956513,0.3149991,0.7143589,0.27656773,Third-Party Sharing
82_sheknows.com,21,Data Collection|Other/Unclear,3,0.65130025,0.27948788,0.30358592,0.5531237,0.27402866,0.4193706,0.29891124,Data Collection|Other/Unclear
82_sheknows.com,22,Data Collection|Third-Party Sharing,3,0.3035753,0.26427856,0.33881754,0.48627794,0.2393811,0.6887751,0.39809215,Third-Party Sharing
82_sheknows.com,23,Data Retention|Other/Unclear|Third-Party Sharing,3,0.41869882,0.30947095,0.41931742,0.3402077,0.20871407,0.7994377,0.37234625,Third-Party Sharing
82_sheknows.com,24,Third-Party Sharing,3,0.5049646,0.3175089,0.33760035,0.2598303,0.3374183,0.7224137,0.33147755,Data Collection|Third-Party Sharing
82_sheknows.com,25,Third-Party Sharing,3,0.30493474,0.31439784,0.3740903,0.28326243,0.31760323,0.8018922,0.29187778,Third-Party Sharing
82_sheknows.com,26,Third-Party Sharing,3,0.54902196,0.23427613,0.26560935,0.34083712,0.19685881,0.587861,0.26497605,Data Collection|Third-Party Sharing
82_sheknows.com,27,Third-Party Sharing,3,0.5889364,0.2534059,0.27332732,0.43026143,0.30783647,0.68618697,0.3102865,Data Collection|Third-Party Sharing
82_sheknows.com,28,Third-Party Sharing,3,0.34645274,0.25190806,0.27713257,0.54589325,0.2863477,0.598817,0.4471025,Other/Unclear|Third-Party Sharing
82_sheknows.com,29,Other/Unclear,3,0.20848449,0.19927923,0.3251476,0.73350376,0.37385052,0.53421634,0.25181183,Other/Unclear|Third-Party Sharing
82_sheknows.com,30,Data Security,3,0.26214284,0.32511985,0.7733684,0.549001,0.23912299,0.32004434,0.29933625,Data Security|Other/Unclear
82_sheknows.com,31,Data Security,3,0.2908947,0.2726826,0.77911246,0.5948139,0.24067736,0.24450704,0.40228844,Data Security|Other/Unclear
82_sheknows.com,32,Data Security,3,0.308139,0.3137329,0.5550338,0.44486398,0.32394415,0.40375325,0.26808435,Data Security
82_sheknows.com,33,User Control & Deletion,3,0.40517977,0.2629879,0.3113638,0.40005335,0.22823109,0.44837236,0.59801054,User Control & Deletion
82_sheknows.com,34,Data Collection|Other/Unclear,3,0.33277693,0.26801637,0.32565698,0.7905319,0.2753557,0.31399786,0.31149593,Other/Unclear
82_sheknows.com,35,Other/Unclear,3,0.22868484,0.21237575,0.3693326,0.6844652,0.30436838,0.74934167,0.26195508,Other/Unclear|Third-Party Sharing
82_sheknows.com,36,Other/Unclear|Third-Party Sharing,3,0.36428094,0.293373,0.27303454,0.69505656,0.21531744,0.7348364,0.32129726,Other/Unclear|Third-Party Sharing
82_sheknows.com,37,Other/Unclear,3,0.27996764,0.3493273,0.3829206,0.79410535,0.31831294,0.4051235,0.346171,Other/Unclear
82_sheknows.com,38,Third-Party Sharing,3,0.60481757,0.25192022,0.323821,0.4497936,0.2897792,0.70146066,0.361933,Data Collection|Third-Party Sharing
82_sheknows.com,39,Other/Unclear|Third-Party Sharing,3,0.35000217,0.26475456,0.33072007,0.6895096,0.31405628,0.7797589,0.35342753,Other/Unclear|Third-Party Sharing
82_sheknows.com,40,Other/Unclear|User Control & Deletion,3,0.25641373,0.25662962,0.2474341,0.49049702,0.27051684,0.58903885,0.7244473,Third-Party Sharing|User Control & Deletion
82_sheknows.com,41,User Control & Deletion,3,0.2978884,0.2516652,0.28373396,0.62707686,0.2781926,0.36288005,0.63184285,Other/Unclear|User Control & Deletion
82_sheknows.com,42,Other/Unclear|User Control & Deletion,3,0.29157886,0.2266027,0.30202898,0.7489109,0.26282787,0.32662317,0.45453185,Other/Unclear
82_sheknows.com,43,Other/Unclear,3,0.43452704,0.29954705,0.26636082,0.42275634,0.43217328,0.3814749,0.47410655,
82_sheknows.com,44,Policy Change,3,0.25483665,0.2730025,0.2481367,0.48701054,0.8240002,0.23750478,0.36611387,Policy Change
82_sheknows.com,45,Other/Unclear,3,0.23910704,0.24889944,0.21183361,0.7647413,0.2666099,0.31657368,0.43964136,Other/Unclear
856_sciencemag.org,0,Other/Unclear,4,0.2511303,0.33402795,0.4582638,0.75910956,0.3110446,0.2707644,0.31316516,Other/Unclear
856_sciencemag.org,1,Data Collection,4,0.715866,0.33586156,0.33475783,0.47173187,0.25249523,0.30940458,0.32367542,Data Collection
856_sciencemag.org,2,Data Collection,4,0.7594192,0.29171932,0.31060937,0.36071014,0.24671222,0.36308447,0.30160087,Data Collection
856_sciencemag.org,3,Data Collection,4,0.7169264,0.29395816,0.30866224,0.34674567,0.23699878,0.24967702,0.29963142,Data Collection
856_sciencemag.org,4,Data Retention|Other/Unclear|Third-Party Sharing,4,0.45383206,0.32329428,0.36045945,0.6661579,0.24429138,0.63068736,0.33014718,Other/Unclear|Third-Party Sharing
856_sciencemag.org,5,Data Collection,4,0.77404726,0.30851,0.24837738,0.3633706,0.2898215,0.35818377,0.28208894,Data Collection
856_sciencemag.org,6,Data Collection|Other/Unclear|Third-Party Sharing|User Control & Deletion,4,0.6352887,0.24886274,0.3343512,0.37802443,0.29529563,0.5533417,0.54749817,Data Collection|Third-Party Sharing|User Control & Deletion
856_sciencemag.org,7,Third-Party Sharing,4,0.56135046,0.31116197,0.24747771,0.2487447,0.2060259,0.61990154,0.2746306,Data Collection|Third-Party Sharing
856_sciencemag.org,8,User Control & Deletion,4,0.4362197,0.29949504,0.24537733,0.49892583,0.3001222,0.33153602,0.64086676,User Control & Deletion
856_sciencemag.org,9,Other/Unclear|User Control & Deletion,4,0.37600055,0.2496492,0.2948782,0.4962894,0.25797054,0.4561565,0.6057447,User Control & Deletion
856_sciencemag.org,10,User Control & Deletion,4,0.37488028,0.24322675,0.30490935,0.46603045,0.25368363,0.50675577,0.6063777,Third-Party Sharing|User Control & Deletion
856_sciencemag.org,11,Other/Unclear|User Control & Deletion,4,0.33450168,0.26181242,0.41335535,0.4822585,0.28443903,0.41292953,0.6873849,User Control & Deletion
856_sciencemag.org,12,Other/Unclear|User Control & Deletion,4,0.4077877,0.27497792,0.3596877,0.5152132,0.26159272,0.39999783,0.62401503,Other/Unclear|User Control & Deletion
856_sciencemag.org,13,Other/Unclear|User Control & Deletion,4,0.31413558,0.29398456,0.31283966,0.51619124,0.26107916,0.3252556,0.75590324,Other/Unclear|User Control & Deletion
856_sciencemag.org,14,Other/Unclear,4,0.43008044,0.32309034,0.27148774,0.43426508,0.3211635,0.4338048,0.3993251,
856_sciencemag.org,15,Data Collection|Third-Party Sharing,4,0.5412425,0.2559877,0.28385922,0.30432326,0.30526283,0.6918575,0.44285032,Data Collection|Third-Party Sharing
856_sciencemag.org,16,Data Security|Third-Party Sharing,4,0.21728642,0.29889336,0.7080975,0.3524515,0.27900124,0.8733071,0.28317806,Data Security|Third-Party Sharing
856_sciencemag.org,17,Third-Party Sharing,4,0.34234223,0.2864466,0.32329032,0.20569919,0.25902537,0.76798004,0.30201948,Third-Party Sharing
856_sciencemag.org,18,Other/Unclear|Third-Party Sharing,4,0.38113752,0.23646975,0.27126798,0.3519959,0.2632436,0.83409363,0.2405789,Third-Party Sharing
856_sciencemag.org,19,Other/Unclear|Third-Party Sharing|User Control & Deletion,4,0.4242557,0.41510776,0.38290653,0.5085104,0.29845062,0.4632359,0.5183964,Other/Unclear|User Control & Deletion
856_sciencemag.org,20,Data Security|Other/Unclear|Third-Party Sharing|User Control & Deletion,4,0.30283147,0.5155272,0.6044557,0.637739,0.26937473,0.5846949,0.50968,Data Retention|Data Security|Other/Unclear|Third-Party Sharing|User Control & Deletion
856_sciencemag.org,21,Other/Unclear,4,0.34590414,0.2966122,0.5589863,0.62430453,0.28503308,0.44324818,0.42355898,Data Security|Other/Unclear
856_sciencemag.org,22,Other/Unclear,4,0.46140674,0.43200043,0.34084177,0.626005,0.3616317,0.37974828,0.4874807,Other/Unclear
856_sciencemag.org,23,Other/Unclear,4,0.46976307,0.34600428,0.2664774,0.5540855,0.28136507,0.37136465,0.43412992,Other/Unclear
856_sciencemag.org,24,Data Collection|Other/Unclear,4,0.775523,0.34806392,0.30117762,0.4334348,0.27320993,0.43829477,0.33730206,Data Collection
856_sciencemag.org,25,User Control & Deletion,4,0.49152,0.277179,0.32513812,0.32341602,0.31718293,0.28635135,0.64462465,User Control & Deletion
856_sciencemag.org,26,Data Collection,4,0.70438975,0.28246877,0.2842255,0.4709834,0.27562928,0.45543322,0.28296912,Data Collection
856_sciencemag.org,27,Other/Unclear,4,0.46052998,0.30002362,0.41580206,0.48855317,0.2603766,0.3394269,0.52489555,User Control & Deletion
856_sciencemag.org,28,Other/Unclear|User Control & Deletion,4,0.30321223,0.2893441,0.3520247,0.42657998,0.32817987,0.34420502,0.676947,User Control & Deletion
856_sciencemag.org,29,Data Security|Other/Unclear,4,0.3300473,0.29285428,0.8268075,0.23001395,0.2552878,0.29894984,0.30374193,Data Security
856_sciencemag.org,30,Data Security,4,0.41621923,0.34100336,0.5483312,0.35525432,0.34043998,0.5999564,0.3937029,Data Security|Third-Party Sharing
856_sciencemag.org,31,Other/Unclear,4,0.53006417,0.23572062,0.2753436,0.79772174,0.30656558,0.20677081,0.17955688,Data Collection|Other/Unclear
856_sciencemag.org,32,Other/Unclear|Policy Change|User Control & Deletion,4,0.38863656,0.2286575,0.28850847,0.63646066,0.4020693,0.33278593,0.5234897,Other/Unclear|User Control & Deletion
856_sciencemag.org,33,Other/Unclear|Policy Change,4,0.3391235,0.23222789,0.3120923,0.5314718,0.57660407,0.29051182,0.45729965,Other/Unclear|Policy Change
856_sciencemag.org,34,Other/Unclear,4,0.27653697,0.3200465,0.44218478,0.74160707,0.37736267,0.24416049,0.4367638,Other/Unclear
856_sciencemag.org,35,Other/Unclear,4,0.35491455,0.25628862,0.33394557,0.6469418,0.2765547,0.29874817,0.38958278,Other/Unclear
862_disinfo.com,0,Other/Unclear,1,0.48791793,0.30768389,0.39041388,0.81406075,0.5063763,0.2584613,0.3747392,Other/Unclear|Policy Change
862_disinfo.com,1,Policy Change,1,0.21660687,0.2728101,0.2899908,0.43516192,0.8327041,0.23438486,0.474131,Policy Change
862_disinfo.com,2,Data Collection|Third-Party Sharing,1,0.74698275,0.3504959,0.26741055,0.38491744,0.23451497,0.44295502,0.23940103,Data Collection
862_disinfo.com,3,Data Collection,1,0.5594281,0.26177385,0.23132782,0.47243625,0.209519,0.35919306,0.35823876,Data Collection
862_disinfo.com,4,Data Collection|Third-Party Sharing,1,0.8239304,0.36128703,0.28842738,0.33060133,0.20928061,0.49875617,0.30559346,Data Collection
862_disinfo.com,5,Data Collection,1,0.57967,0.26934856,0.24914631,0.5000373,0.3161053,0.39558262,0.37682948,Data Collection|Other/Unclear
862_disinfo.com,6,Data Collection|Third-Party Sharing,1,0.7400357,0.24130717,0.25636047,0.35931584,0.24260928,0.52809596,0.24192679,Data Collection|Third-Party Sharing
862_disinfo.com,7,Data Collection,1,0.68354255,0.3310622,0.30210578,0.4207148,0.27107397,0.35182747,0.39490423,Data Collection
862_disinfo.com,8,Data Collection,1,0.6733796,0.23431829,0.27170107,0.38176706,0.29147384,0.43755972,0.30056226,Data Collection
862_disinfo.com,9,Data Collection|Third-Party Sharing,1,0.23661846,0.25563192,0.3309907,0.25833714,0.31572744,0.7898288,0.3352167,Third-Party Sharing
862_disinfo.com,10,Third-Party Sharing,1,0.40661162,0.29912898,0.39538765,0.26917452,0.22250615,0.68473625,0.31857488,Third-Party Sharing
862_disinfo.com,11,Third-Party Sharing,1,0.36066532,0.35534918,0.50178856,0.459108,0.21881877,0.78341603,0.28781295,Data Security|Third-Party Sharing
862_disinfo.com,12,Third-Party Sharing,1,0.40511772,0.31356856,0.2566484,0.46539277,0.24952047,0.5661182,0.50425345,Third-Party Sharing|User Control & Deletion
862_disinfo.com,13,Data Collection,1,0.8195413,0.2456813,0.22300577,0.47278073,0.27692756,0.4084136,0.3656422,Data Collection
862_disinfo.com,14,Other/Unclear,1,0.52378577,0.28063074,0.31786078,0.5152366,0.2676649,0.28526467,0.3729922,Data Collection|Other/Unclear
862_disinfo.com,15,Data Collection|Other/Unclear|Third-Party Sharing,1,0.602094,0.27687415,0.29955268,0.5360523,0.21491565,0.44171897,0.36851048,Data Collection|Other/Unclear
862_disinfo.com,16,Data Security,1,0.23522931,0.325822,0.6827765,0.59272903,0.23914117,0.37329662,0.3986169,Data Security|Other/Unclear
862_disinfo.com,17,Other/Unclear|Third-Party Sharing,1,0.40780947,0.36025187,0.34370607,0.61858106,0.25298372,0.6213952,0.3861682,Other/Unclear|Third-Party Sharing
862_disinfo.com,18,Data Security,1,0.19828384,0.32961577,0.8552166,0.55511117,0.24076563,0.3555522,0.21990272,Data Security|Other/Unclear
862_disinfo.com,19,Other/Unclear,1,0.22452317,0.24238679,0.35369825,0.7577769,0.30809802,0.43610814,0.39877734,Other/Unclear
862_disinfo.com,20,Data Collection|Other/Unclear,1,0.41988322,0.3286609,0.34541887,0.78170437,0.29375657,0.3418253,0.3564122,Other/Unclear
862_disinfo.com,21,Other/Unclear|User Control & Deletion,1,0.3621391,0.36378384,0.23960812,0.6058878,0.2548029,0.26719278,0.6548786,Other/Unclear|User Control & Deletion
862_disinfo.com,22,User Control & Deletion,1,0.45423973,0.34538275,0.28646606,0.41328394,0.22271389,0.28822228,0.8589036,User Control & Deletion
862_disinfo.com,23,Other/Unclear|Third-Party Sharing,1,0.27947232,0.2574103,0.3371083,0.4345792,0.35940534,0.7332661,0.45493805,Third-Party Sharing
862_disinfo.com,24,Other/Unclear,1,0.33333,0.29534686,0.2430326,0.78053236,0.261918,0.34754363,0.3882137,Other/Unclear
883_ted.com,0,Data Security|Other/Unclear,4,0.36815062,0.3224791,0.38282314,0.6101873,0.2902593,0.35513535,0.30423635,Other/Unclear
883_ted.com,1,Data Collection,4,0.65467036,0.30328238,0.3129069,0.4550278,0.22971275,0.35734,0.35830352,Data Collection
883_ted.com,2,Data Collection,4,0.65202886,0.25751635,0.32151872,0.3926178,0.25020254,0.42478275,0.37042704,Data Collection
883_ted.com,3,Data Collection|User Control & Deletion,4,0.7485748,0.36133292,0.2542337,0.40468726,0.23450403,0.32037994,0.5445467,Data Collection|User Control & Deletion
883_ted.com,4,Data Collection|User Control & Deletion,4,0.5883344,0.50754195,0.29077628,0.50641245,0.31079376,0.40146348,0.6635056,Data Collection|Data Retention|Other/Unclear|User Control & Deletion
883_ted.com,5,Data Collection|Data Retention|Data Security|Third-Party Sharing,4,0.67670745,0.45037013,0.41590357,0.33541834,0.24007551,0.7118909,0.28139752,Data Collection|Third-Party Sharing
883_ted.com,6,Other/Unclear|Third-Party Sharing,4,0.4242603,0.2808229,0.2868867,0.6347029,0.24818411,0.5968824,0.3095373,Other/Unclear|Third-Party Sharing
883_ted.com,7,Other/Unclear|User Control & Deletion,4,0.42884254,0.35781646,0.38956487,0.7416833,0.24125858,0.488683,0.51681656,Other/Unclear|User Control & Deletion
883_ted.com,8,Other/Unclear,4,0.31125125,0.25069812,0.277021,0.7380355,0.2745694,0.5580448,0.34509867,Other/Unclear|Third-Party Sharing
883_ted.com,9,Data Collection,4,0.6765909,0.3115606,0.23919751,0.46426326,0.24995112,0.45019042,0.33913848,Data Collection
883_ted.com,10,Data Collection|Other/Unclear,4,0.62064236,0.25438774,0.3647573,0.60358655,0.24076106,0.40095454,0.3712875,Data Collection|Other/Unclear
883_ted.com,11,Data Collection,4,0.696784,0.25132588,0.2835626,0.33944365,0.2107932,0.27996668,0.2680041,Data Collection
883_ted.com,12,Data Collection,4,0.58536285,0.2536279,0.25836924,0.47889197,0.26194024,0.3741167,0.41838354,Data Collection
883_ted.com,13,Data Collection,4,0.7920651,0.32443565,0.2848535,0.24281077,0.288833,0.32987785,0.22985151,Data Collection
883_ted.com,14,Data Collection|User Control & Deletion,4,0.74253005,0.41744688,0.2640083,0.32838196,0.38683912,0.30401307,0.50146973,Data Collection|User Control & Deletion
883_ted.com,15,Data Collection|Third-Party Sharing,4,0.5416813,0.27932245,0.33358327,0.40751186,0.2880675,0.7351905,0.37133786,Data Collection|Third-Party Sharing
883_ted.com,16,Data Security|Third-Party Sharing,4,0.3646402,0.2903024,0.5617692,0.3440074,0.22463739,0.7896079,0.253084,Data Security|Third-Party Sharing
883_ted.com,17,Data Collection,4,0.6695634,0.3616449,0.26665032,0.27090722,0.253736,0.5351139,0.24821502,Data Collection|Third-Party Sharing
883_ted.com,18,Data Collection|Other/Unclear,4,0.6873154,0.34986106,0.30670232,0.36484116,0.3065645,0.53704166,0.36245728,Data Collection|Third-Party Sharing
883_ted.com,19,Other/Unclear|Third-Party Sharing,4,0.40986374,0.2638864,0.2952551,0.63939524,0.2525422,0.6130444,0.23747505,Other/Unclear|Third-Party Sharing
883_ted.com,20,Data Security,4,0.18152256,0.27141994,0.77942246,0.3251274,0.2533739,0.25318277,0.29655695,Data Security
883_ted.com,21,Other/Unclear,4,0.34889635,0.22544469,0.21254699,0.8146921,0.2785835,0.16483903,0.22292441,Other/Unclear
883_ted.com,22,Other/Unclear,4,0.4979092,0.35973406,0.30302957,0.8165699,0.3635755,0.2562366,0.40353057,Other/Unclear
883_ted.com,23,Policy Change,4,0.32055852,0.30803034,0.26371628,0.38734668,0.80470544,0.27777162,0.2563967,Policy Change
883_ted.com,24,User Control & Deletion,4,0.2816755,0.53147566,0.2615183,0.5307373,0.27407426,0.29741707,0.7921942,Data Retention|Other/Unclear|User Control & Deletion
884_naturalnews.com,0,Data Collection|Third-Party Sharing,4,0.34202018,0.24776462,0.33723617,0.5867992,0.28098732,0.66671306,0.30344245,Other/Unclear|Third-Party Sharing
884_naturalnews.com,1,Other/Unclear|User Control & Deletion,4,0.34773886,0.26376197,0.38698542,0.65168446,0.27268186,0.30768004,0.3462329,Other/Unclear
884_naturalnews.com,2,Other/Unclear,4,0.34733778,0.25512156,0.34893087,0.6168465,0.28609383,0.36876902,0.39185286,Other/Unclear
884_naturalnews.com,3,User Control & Deletion,4,0.25007397,0.21372439,0.29433572,0.48594886,0.27562162,0.2777029,0.6891436,User Control & Deletion
884_naturalnews.com,4,Other/Unclear|User Control & Deletion,4,0.36704794,0.29605094,0.32971463,0.57502306,0.33112922,0.37419644,0.55798453,Other/Unclear|User Control & Deletion
891_everydayhealth.com,0,Other/Unclear|Policy Change,0,0.22862898,0.22510797,0.26719728,0.7200929,0.59611267,0.27252787,0.2207918,Other/Unclear|Policy Change
891_everydayhealth.com,1,Other/Unclear,0,0.46467164,0.23693423,0.32559413,0.5411978,0.27438667,0.5725595,0.30884153,Other/Unclear|Third-Party Sharing
891_everydayhealth.com,2,Other/Unclear,0,0.4661056,0.31186453,0.31283182,0.50110334,0.28716135,0.41652694,0.38306028,Other/Unclear
891_everydayhealth.com,3,Other/Unclear,0,0.55869037,0.309503,0.29194918,0.59462345,0.2614553,0.32853708,0.27654192,Data Collection|Other/Unclear
891_everydayhealth.com,4,Other/Unclear|Policy Change,0,0.51491696,0.36394316,0.252279,0.51752883,0.3908279,0.3411086,0.50684017,Data Collection|Other/Unclear|User Control & Deletion
891_everydayhealth.com,5,Other/Unclear,0,0.3918917,0.35893968,0.45336327,0.6021568,0.26319578,0.346605,0.36853945,Other/Unclear
891_everydayhealth.com,6,Other/Unclear,0,0.4058557,0.2938221,0.39870584,0.6610552,0.35974374,0.37842083,0.37622574,Other/Unclear
891_everydayhealth.com,7,Data Collection|Other/Unclear,0,0.7243801,0.37149405,0.28665707,0.39369005,0.25092533,0.22951104,0.27415118,Data Collection
891_everydayhealth.com,8,Data Collection,0,0.732387,0.24017024,0.29000452,0.31910807,0.21313114,0.4753536,0.44537932,Data Collection
891_everydayhealth.com,9,User Control & Deletion,0,0.50128853,0.35086718,0.4219378,0.60906994,0.276282,0.31223184,0.65666366,Data Collection|Other/Unclear|User Control & Deletion
891_everydayhealth.com,10,Data Collection,0,0.7814011,0.26804674,0.23010217,0.4202004,0.20993412,0.38913065,0.33197227,Data Collection
891_everydayhealth.com,11,Data Collection,0,0.7249535,0.28335476,0.34820357,0.3428011,0.2215829,0.48321044,0.30663314,Data Collection
891_everydayhealth.com,12,Data Collection|Other/Unclear,0,0.50942856,0.36064583,0.44101885,0.54892844,0.35468602,0.3269657,0.35265765,Data Collection|Other/Unclear
891_everydayhealth.com,13,Data Collection,0,0.6928721,0.29341075,0.2964592,0.5070207,0.22218539,0.39780992,0.376363,Data Collection|Other/Unclear
891_everydayhealth.com,14,User Control & Deletion,0,0.49987575,0.30625504,0.34496462,0.6386052,0.2343149,0.32153043,0.67552376,Other/Unclear|User Control & Deletion
891_everydayhealth.com,15,Data Collection,0,0.8370066,0.3404956,0.3070357,0.23929071,0.27889556,0.40936625,0.42373976,Data Collection
891_everydayhealth.com,16,Data Collection,0,0.79900765,0.31593204,0.2946108,0.3931813,0.23640834,0.57951754,0.31635404,Data Collection|Third-Party Sharing
891_everydayhealth.com,17,User Control & Deletion,0,0.52844954,0.27443334,0.24691598,0.34588155,0.23918344,0.37707973,0.64491665,Data Collection|User Control & Deletion
891_everydayhealth.com,18,Data Collection,0,0.7881198,0.33382264,0.2573835,0.2984447,0.28325352,0.3852173,0.36633843,Data Collection
891_everydayhealth.com,19,Data Collection|Third-Party Sharing,0,0.7170825,0.27413028,0.35781068,0.33849844,0.26039538,0.46415234,0.20377031,Data Collection
891_everydayhealth.com,20,Data Collection,0,0.6131482,0.19695908,0.23368983,0.43880552,0.26395506,0.65664893,0.295059,Data Collection|Third-Party Sharing
891_everydayhealth.com,21,Data Collection|Third-Party Sharing,0,0.6682978,0.32721332,0.26976585,0.4709539,0.311166,0.5747024,0.2791682,Data Collection|Third-Party Sharing
891_everydayhealth.com,22,Other/Unclear|User Control & Deletion,0,0.30290106,0.28298324,0.3735983,0.6187202,0.28936043,0.3155729,0.7730924,Other/Unclear|User Control & Deletion
891_everydayhealth.com,23,Other/Unclear|Third-Party Sharing|User Control & Deletion,0,0.40779707,0.27458128,0.29934782,0.55372715,0.29708454,0.63032424,0.7754832,Other/Unclear|Third-Party Sharing|User Control & Deletion
891_everydayhealth.com,24,Third-Party Sharing|User Control & Deletion,0,0.3700338,0.25633863,0.27138478,0.48368734,0.28441134,0.7798088,0.50111556,Third-Party Sharing|User Control & Deletion
891_everydayhealth.com,25,Third-Party Sharing,0,0.40205374,0.34803617,0.3503444,0.3479873,0.262287,0.68298316,0.25378963,Third-Party Sharing
891_everydayhealth.com,26,Data Security|Third-Party Sharing,0,0.45150813,0.29302838,0.5778158,0.41215885,0.26569933,0.7668722,0.25043464,Data Security|Third-Party Sharing
891_everydayhealth.com,27,Third-Party Sharing,0,0.37848097,0.32931736,0.28223708,0.5040498,0.25387135,0.70050836,0.22735766,Other/Unclear|Third-Party Sharing
891_everydayhealth.com,28,Data Collection|Other/Unclear|Third-Party Sharing,0,0.45890263,0.2823073,0.40455607,0.5728812,0.34890673,0.68570364,0.30613726,Other/Unclear|Third-Party Sharing
891_everydayhealth.com,29,Other/Unclear,0,0.4841937,0.33699873,0.35634232,0.81690025,0.3209238,0.4076662,0.37564245,Other/Unclear
891_everydayhealth.com,30,Other/Unclear|Third-Party Sharing,0,0.2057747,0.25730798,0.36930364,0.7251279,0.30045336,0.52815133,0.33098745,Other/Unclear|Third-Party Sharing
891_everydayhealth.com,31,Data Collection|Other/Unclear|Third-Party Sharing,0,0.49671355,0.2930331,0.36793205,0.5347352,0.31317085,0.6802651,0.3376393,Other/Unclear|Third-Party Sharing
891_everydayhealth.com,32,Third-Party Sharing,0,0.37996456,0.2638009,0.24052887,0.30328807,0.33949843,0.73529834,0.2702785,Third-Party Sharing
891_everydayhealth.com,33,Other/Unclear|Third-Party Sharing,0,0.41947225,0.35513783,0.4837082,0.5302857,0.30407822,0.68818474,0.47784105,Other/Unclear|Third-Party Sharing
891_everydayhealth.com,34,Data Collection|Other/Unclear,0,0.37898237,0.32059968,0.23085356,0.84450376,0.2370245,0.27232778,0.37316176,Other/Unclear
891_everydayhealth.com,35,User Control & Deletion,0,0.42604154,0.31721425,0.26895124,0.4707556,0.24720927,0.2781739,0.8453748,User Control & Deletion
891_everydayhealth.com,36,Other/Unclear|User Control & Deletion,0,0.33536962,0.34121597,0.28507918,0.54049516,0.23272143,0.41083324,0.79090875,Other/Unclear|User Control & Deletion
891_everydayhealth.com,37,Data Retention|Other/Unclear|Third-Party Sharing|User Control & Deletion,0,0.3363822,0.65774,0.3687373,0.58028847,0.22295201,0.5311063,0.54165447,Data Retention|Other/Unclear|Third-Party Sharing|User Control & Deletion
891_everydayhealth.com,38,Other/Unclear|Third-Party Sharing,0,0.2798531,0.26672548,0.28531796,0.76869416,0.33758894,0.49607024,0.36404455,Other/Unclear
891_everydayhealth.com,39,Other/Unclear,0,0.23127651,0.2572182,0.39146352,0.7836415,0.22349708,0.4972168,0.34546974,Other/Unclear
891_everydayhealth.com,40,Data Security,0,0.27639577,0.30423006,0.7921713,0.37143108,0.23313437,0.28312224,0.28541017,Data Security
891_everydayhealth.com,41,Other/Unclear|Policy Change,0,0.24989268,0.28693706,0.22203538,0.5425081,0.6951153,0.2540107,0.42997018,Other/Unclear|Policy Change
898_uptodate.com,0,Data Collection|Other/Unclear|Third-Party Sharing,4,0.32358003,0.20079465,0.49848014,0.62783736,0.30023357,0.45760214,0.24199244,Other/Unclear
898_uptodate.com,1,Other/Unclear,4,0.26145282,0.24359646,0.34630603,0.78240967,0.36548996,0.2702728,0.23710546,Other/Unclear
898_uptodate.com,2,Data Collection,4,0.7375492,0.36719382,0.2925536,0.34189728,0.24684784,0.35370204,0.40951544,Data Collection
898_uptodate.com,3,Data Collection|User Control & Deletion,4,0.48227262,0.32539043,0.50449157,0.3163446,0.27639213,0.34331205,0.43615896,Data Security
898_uptodate.com,4,Data Collection|Third-Party Sharing,4,0.68825984,0.32975963,0.29678324,0.21925205,0.35090578,0.50989825,0.27779183,Data Collection|Third-Party Sharing
898_uptodate.com,5,Data Collection|Other/Unclear,4,0.61299735,0.31387547,0.2717514,0.41434464,0.22443533,0.41986614,0.26368013,Data Collection
898_uptodate.com,6,Data Collection|Third-Party Sharing,4,0.4748098,0.28003696,0.23903665,0.4395265,0.236934,0.69166243,0.34119615,Third-Party Sharing
898_uptodate.com,7,Data Collection,4,0.5941978,0.30859146,0.26250383,0.40831965,0.236069,0.2984741,0.5036199,Data Collection|User Control & Deletion
898_uptodate.com,8,Policy Change,4,0.24162817,0.32193393,0.24652587,0.62564355,0.705751,0.25336447,0.3965383,Other/Unclear|Policy Change
898_uptodate.com,9,Other/Unclear,4,0.18768057,0.2707808,0.2620878,0.79410344,0.32751626,0.27802265,0.4034949,Other/Unclear
907_earthkam.org,0,Data Security|Other/Unclear,2,0.2767317,0.23576212,0.45712495,0.73188716,0.31453413,0.26221362,0.3243571,Other/Unclear
907_earthkam.org,1,Data Security|Other/Unclear,2,0.26928762,0.24938066,0.4919967,0.793952,0.2972679,0.22609548,0.29111832,Other/Unclear
907_earthkam.org,2,Data Collection|Other/Unclear,2,0.6871713,0.37595198,0.27122694,0.5608001,0.30413806,0.4556573,0.41101098,Data Collection|Other/Unclear
907_earthkam.org,3,Other/Unclear|Third-Party Sharing,2,0.419062,0.29909113,0.2634733,0.56426996,0.21733181,0.56560796,0.3133835,Other/Unclear|Third-Party Sharing
907_earthkam.org,4,Data Collection|Third-Party Sharing,2,0.5716716,0.2835514,0.24390803,0.38432267,0.25897768,0.6235207,0.32716748,Data Collection|Third-Party Sharing
907_earthkam.org,5,Other/Unclear|Third-Party Sharing|User Control & Deletion,2,0.37758622,0.2966684,0.4116492,0.5532642,0.35845646,0.65915537,0.45647603,Other/Unclear|Third-Party Sharing
907_earthkam.org,6,Other/Unclear|User Control & Deletion,2,0.31841922,0.32386726,0.3106274,0.5378276,0.33974218,0.28263277,0.7131604,Other/Unclear|User Control & Deletion
907_earthkam.org,7,Other/Unclear|User Control & Deletion,2,0.29397607,0.34494543,0.34827816,0.7138299,0.25610963,0.2595858,0.80811924,Other/Unclear|User Control & Deletion
907_earthkam.org,8,Data Security|Other/Unclear,2,0.34948838,0.27874416,0.7271833,0.57269377,0.28210217,0.24274051,0.4739346,Data Security|Other/Unclear
907_earthkam.org,9,Data Retention|Data Security,2,0.31875315,0.32704747,0.8835005,0.38850194,0.2770013,0.28990135,0.29813308,Data Security
907_earthkam.org,10,Other/Unclear,2,0.17655678,0.26491687,0.2346306,0.8658474,0.32223734,0.2132593,0.34750715,Other/Unclear
919_uh.edu,0,Other/Unclear,1,0.30382356,0.3151607,0.4210614,0.72394204,0.30640292,0.3628408,0.24679911,Other/Unclear
919_uh.edu,1,Data Collection|Data Retention|Third-Party Sharing,1,0.5858035,0.29224166,0.3479317,0.5837865,0.25602278,0.41469252,0.43944135,Data Collection|Other/Unclear
919_uh.edu,2,Other/Unclear,1,0.64478767,0.3044042,0.29255944,0.47117954,0.3051103,0.3548956,0.28524956,Data Collection
919_uh.edu,3,Data Collection|Third-Party Sharing,1,0.63639134,0.3376622,0.3503117,0.38491997,0.2490591,0.47871917,0.384486,Data Collection
919_uh.edu,4,Data Collection|Data Retention|Third-Party Sharing,1,0.6779719,0.38073796,0.32092112,0.29273653,0.24583611,0.7067289,0.28987923,Data Collection|Third-Party Sharing
919_uh.edu,5,Data Collection|Other/Unclear,1,0.6832176,0.38647646,0.28702262,0.3235808,0.25663278,0.380688,0.28226322,Data Collection
919_uh.edu,6,Other/Unclear,1,0.26027688,0.23389737,0.30919108,0.7147877,0.30960873,0.27493447,0.30253896,Other/Unclear
928_stlouisfed.org,0,Other/Unclear,3,0.35768658,0.24198999,0.30163294,0.7197793,0.32207084,0.29365215,0.28088388,Other/Unclear
928_stlouisfed.org,1,Data Collection|User Control & Deletion,3,0.48512682,0.27911356,0.42430478,0.4820702,0.23406902,0.40271437,0.6336115,User Control & Deletion
928_stlouisfed.org,2,Data Collection|User Control & Deletion,3,0.66827923,0.2806725,0.28975084,0.38695678,0.24029095,0.3742367,0.4227472,Data Collection
928_stlouisfed.org,3,Data Collection,3,0.78726655,0.28683797,0.34616515,0.38421345,0.274683,0.52652615,0.2984009,Data Collection|Third-Party Sharing
928_stlouisfed.org,4,Data Collection|User Control & Deletion,3,0.7916357,0.36026824,0.30865604,0.32603523,0.24133664,0.49660468,0.4032187,Data Collection
928_stlouisfed.org,5,Data Collection|Data Retention,3,0.52577406,0.24442242,0.29048276,0.34869438,0.256981,0.41503653,0.3826704,Data Collection
928_stlouisfed.org,6,Data Collection|Data Security,3,0.39605838,0.2515898,0.601082,0.50859684,0.23626755,0.23596235,0.28885663,Data Security|Other/Unclear
928_stlouisfed.org,7,Data Collection|Other/Unclear,3,0.6892605,0.2928015,0.31262508,0.5978114,0.27956134,0.41553968,0.41251692,Data Collection|Other/Unclear
928_stlouisfed.org,8,Data Collection,3,0.67364246,0.37185797,0.3341008,0.32127285,0.27676174,0.5039188,0.21088547,Data Collection|Third-Party Sharing
928_stlouisfed.org,9,Data Collection,3,0.69068915,0.38642204,0.3664894,0.42441124,0.24466741,0.4365523,0.28695196,Data Collection
928_stlouisfed.org,10,Data Collection|Data Retention|User Control & Deletion,3,0.5834416,0.33969828,0.310087,0.41585585,0.26569262,0.354422,0.49380732,Data Collection
928_stlouisfed.org,11,Third-Party Sharing,3,0.6267823,0.29024768,0.31307647,0.38379836,0.26222512,0.49865517,0.32517824,Data Collection
928_stlouisfed.org,12,Other/Unclear|Third-Party Sharing,3,0.46503544,0.27749676,0.2620258,0.678609,0.26306668,0.4607708,0.45238435,Other/Unclear
928_stlouisfed.org,13,Other/Unclear|Third-Party Sharing,3,0.36634758,0.24444327,0.31159905,0.7339378,0.2919204,0.4035634,0.38193634,Other/Unclear
928_stlouisfed.org,14,User Control & Deletion,3,0.42766017,0.24978356,0.3073944,0.42090118,0.2591428,0.29706004,0.7778531,User Control & Deletion
928_stlouisfed.org,15,Data Collection|Third-Party Sharing,3,0.44985867,0.2846522,0.3709528,0.6034705,0.28219706,0.7226497,0.273462,Other/Unclear|Third-Party Sharing
928_stlouisfed.org,16,Other/Unclear|User Control & Deletion,3,0.37425166,0.26045856,0.28507265,0.51126766,0.25731927,0.4601937,0.42683312,Other/Unclear
928_stlouisfed.org,17,Data Collection|Data Security|Third-Party Sharing,3,0.3809233,0.28662944,0.47067714,0.42346403,0.33926484,0.48727557,0.5236012,User Control & Deletion
928_stlouisfed.org,18,Data Security|Third-Party Sharing,3,0.55574834,0.344286,0.54005533,0.47424778,0.24720085,0.5067785,0.29331085,Data Collection|Data Security|Third-Party Sharing
928_stlouisfed.org,19,Third-Party Sharing,3,0.37471873,0.31894442,0.26370156,0.17263763,0.2439754,0.78348947,0.2598797,Third-Party Sharing
928_stlouisfed.org,20,Other/Unclear|Third-Party Sharing|User Control & Deletion,3,0.435192,0.36579794,0.3170706,0.51402634,0.26959828,0.43460026,0.5907578,Other/Unclear|User Control & Deletion
928_stlouisfed.org,21,Data Collection|Other/Unclear,3,0.4962144,0.24500203,0.35753167,0.57895654,0.2706152,0.33919573,0.33321702,Other/Unclear
928_stlouisfed.org,22,Other/Unclear,3,0.4126217,0.26964086,0.3522008,0.63164806,0.28606632,0.41774878,0.34358948,Other/Unclear
928_stlouisfed.org,23,Other/Unclear,3,0.39372998,0.29044724,0.28506082,0.47438347,0.28390437,0.4090214,0.45439965,
928_stlouisfed.org,24,Other/Unclear,3,0.42152727,0.35249776,0.2869684,0.51762646,0.2441577,0.5066737,0.35808495,Other/Unclear|Third-Party Sharing
928_stlouisfed.org,25,Data Collection|Other/Unclear|Third-Party Sharing,3,0.40827364,0.23429541,0.3071592,0.50362736,0.28128827,0.40961057,0.32313573,Other/Unclear
928_stlouisfed.org,26,Data Collection|Other/Unclear|Third-Party Sharing|User Control & Deletion,3,0.41444805,0.26478434,0.31664518,0.43200085,0.30854705,0.5486668,0.40688664,Third-Party Sharing
928_stlouisfed.org,27,Data Collection|Other/Unclear,3,0.49787447,0.2679956,0.33915967,0.5378622,0.31121996,0.44585478,0.42729557,Other/Unclear
928_stlouisfed.org,28,Other/Unclear,3,0.38399756,0.21874838,0.39500788,0.7716302,0.30564183,0.29093638,0.27764824,Other/Unclear
928_stlouisfed.org,29,Data Security,3,0.22750835,0.30809513,0.7904697,0.3988558,0.2643414,0.27837047,0.28275952,Data Security
928_stlouisfed.org,30,Data Collection|Other/Unclear|User Control & Deletion,3,0.25240022,0.40475821,0.29851916,0.6014019,0.26304233,0.2369115,0.72282684,Other/Unclear|User Control & Deletion
928_stlouisfed.org,31,Other/Unclear,3,0.3691008,0.2501859,0.28156817,0.67300934,0.2982734,0.34547472,0.3485529,Other/Unclear
940_internetbrands.com,0,Other/Unclear,0,0.22295822,0.21332313,0.2865595,0.7608422,0.36391276,0.22685632,0.27001432,Other/Unclear
940_internetbrands.com,1,Other/Unclear,0,0.47563154,0.25629854,0.31892523,0.435878,0.28032598,0.43272647,0.2830538,
940_internetbrands.com,2,Other/Unclear|Policy Change,0,0.20949964,0.1994137,0.3185977,0.809864,0.35409197,0.4040267,0.2533137,Other/Unclear
940_internetbrands.com,3,Other/Unclear|User Control & Deletion,0,0.42385527,0.42553493,0.34002787,0.7209272,0.3440109,0.18740402,0.65547925,Other/Unclear|User Control & Deletion
940_internetbrands.com,4,Data Collection|Other/Unclear,0,0.7502121,0.36527842,0.36384317,0.47930098,0.21242473,0.44727042,0.30149743,Data Collection
940_internetbrands.com,5,Data Collection|Other/Unclear,0,0.6380963,0.28612065,0.2658,0.38831294,0.29399008,0.3436508,0.41564876,Data Collection
940_internetbrands.com,6,Data Collection|Other/Unclear,0,0.5092228,0.26933146,0.42023557,0.29244897,0.26633465,0.40029374,0.2448187,Data Collection
940_internetbrands.com,7,Data Collection,0,0.70059556,0.2346877,0.33657774,0.32308242,0.26321003,0.55451345,0.4167549,Data Collection|Third-Party Sharing
940_internetbrands.com,8,Data Collection|Other/Unclear,0,0.57991683,0.2861256,0.28807965,0.57766116,0.29079276,0.47870657,0.29293638,Data Collection|Other/Unclear
940_internetbrands.com,9,Data Collection|Other/Unclear,0,0.6834448,0.3262817,0.27947634,0.3032385,0.2311216,0.3652286,0.37977484,Data Collection
940_internetbrands.com,10,Data Collection,0,0.5545827,0.26485205,0.42054093,0.37735632,0.24714126,0.3826219,0.30858257,Data Collection
940_internetbrands.com,11,Data Collection,0,0.68981534,0.32087085,0.24531512,0.39166763,0.2619355,0.43679616,0.39657843,Data Collection
940_internetbrands.com,12,Data Collection,0,0.45422298,0.2438494,0.24696349,0.36802506,0.28452697,0.48885995,0.51089174,User Control & Deletion
940_internetbrands.com,13,Data Collection,0,0.50408125,0.2530633,0.25761697,0.37202775,0.25556707,0.55951536,0.37184536,Data Collection|Third-Party Sharing
940_internetbrands.com,14,Other/Unclear|User Control & Deletion,0,0.5731444,0.34247017,0.33927858,0.39030403,0.28392094,0.5281526,0.52046967,Data Collection|Third-Party Sharing|User Control & Deletion
940_internetbrands.com,15,Data Collection,0,0.6219553,0.26507646,0.30531058,0.3916492,0.31186733,0.60613924,0.36355934,Data Collection|Third-Party Sharing
940_internetbrands.com,16,Data Collection|User Control & Deletion,0,0.55185616,0.24743126,0.29248118,0.51274973,0.29161522,0.26361844,0.35177466,Data Collection|Other/Unclear
940_internetbrands.com,17,Data Collection|Other/Unclear,0,0.6999876,0.31386194,0.30845794,0.5416131,0.2953363,0.28271988,0.2585983,Data Collection|Other/Unclear
940_internetbrands.com,18,Data Collection,0,0.663067,0.27064186,0.33205217,0.36614147,0.262375,0.48132947,0.4191495,Data Collection
940_internetbrands.com,19,Data Collection|Policy Change,0,0.6848286,0.3024432,0.21482852,0.37395018,0.5395682,0.28980494,0.37510717,Data Collection|Policy Change
940_internetbrands.com,20,Data Collection,0,0.6505704,0.29958838,0.27020842,0.3188981,0.27449515,0.3135193,0.294871,Data Collection
940_internetbrands.com,21,Data Collection,0,0.48570716,0.28791806,0.31350967,0.46566048,0.28459793,0.46991366,0.32291552,
940_internetbrands.com,22,Data Collection,0,0.4804528,0.3419803,0.2793976,0.45303994,0.24951787,0.44870606,0.34771267,
940_internetbrands.com,23,Data Collection,0,0.38859674,0.2535815,0.32894683,0.4520335,0.28206864,0.30654687,0.36471045,
940_internetbrands.com,24,Data Collection,0,0.6234692,0.30388665,0.37412277,0.39733958,0.31781927,0.28580233,0.35665253,Data Collection
940_internetbrands.com,25,Data Collection,0,0.6898295,0.24230985,0.288055,0.2938045,0.308208,0.3791418,0.36273518,Data Collection
940_internetbrands.com,26,Data Collection,0,0.4981496,0.31627747,0.31383845,0.35829502,0.2788822,0.39235312,0.42791998,
940_internetbrands.com,27,Data Collection,0,0.5451015,0.3427295,0.3065765,0.35784855,0.25947008,0.38104275,0.309213,Data Collection
940_internetbrands.com,28,Data Collection,0,0.6404402,0.26419094,0.25723708,0.46254987,0.28116396,0.4649987,0.30282652,Data Collection
940_internetbrands.com,29,Data Collection,0,0.62745285,0.2821098,0.23111358,0.30378875,0.3231852,0.52829987,0.26032493,Data Collection|Third-Party Sharing
940_internetbrands.com,30,Data Collection,0,0.709861,0.3727233,0.28964946,0.35226274,0.2741979,0.4789399,0.2858832,Data Collection
940_internetbrands.com,31,Data Collection,0,0.518022,0.25633007,0.274623,0.3765496,0.21822119,0.41852984,0.5024576,Data Collection|User Control & Deletion
940_internetbrands.com,32,Data Collection,0,0.39203432,0.32944864,0.3351766,0.40355563,0.26344627,0.41019842,0.41940874,
940_internetbrands.com,33,Data Collection,0,0.42307895,0.27499512,0.3705349,0.38534996,0.29231617,0.45361242,0.3210744,
940_internetbrands.com,34,Data Collection|Third-Party Sharing,0,0.4946032,0.28278774,0.33576035,0.39927855,0.24736439,0.6489967,0.3262499,Third-Party Sharing
940_internetbrands.com,35,Data Collection|Other/Unclear,0,0.7518617,0.31488836,0.30679277,0.45453116,0.25987923,0.5337272,0.3565472,Data Collection|Third-Party Sharing
940_internetbrands.com,36,Third-Party Sharing,0,0.29332477,0.25691217,0.2539408,0.45619893,0.23068528,0.8153843,0.27792555,Third-Party Sharing
940_internetbrands.com,37,Other/Unclear|Third-Party Sharing,0,0.461674,0.2580616,0.46477473,0.3438736,0.26910082,0.6524022,0.2553066,Third-Party Sharing
940_internetbrands.com,38,Third-Party Sharing,0,0.38597172,0.31014755,0.29260138,0.33692098,0.25500944,0.6263895,0.39897743,Third-Party Sharing
940_internetbrands.com,39,Data Collection|Third-Party Sharing,0,0.5016323,0.3236141,0.32899493,0.39810568,0.27798972,0.5600716,0.3173495,Data Collection|Third-Party Sharing
940_internetbrands.com,40,Data Collection|Third-Party Sharing,0,0.30910036,0.25204292,0.29581,0.51971924,0.28514162,0.43178216,0.29600692,Other/Unclear
940_internetbrands.com,41,Data Collection|Third-Party Sharing,0,0.35218036,0.2687485,0.2960281,0.42890784,0.2711555,0.39345914,0.36054903,
940_internetbrands.com,42,Data Collection|Third-Party Sharing,0,0.50707877,0.22752272,0.32961506,0.26976874,0.3252301,0.44224823,0.29715687,Data Collection
940_internetbrands.com,43,Data Collection|Third-Party Sharing,0,0.3306673,0.32000256,0.3068703,0.35736847,0.22143388,0.6161612,0.27452967,Third-Party Sharing
940_internetbrands.com,44,Data Collection|Third-Party Sharing,0,0.4778457,0.32089213,0.37181783,0.35600948,0.2712065,0.5823051,0.27513662,Third-Party Sharing
940_internetbrands.com,45,Data Collection|Third-Party Sharing,0,0.39628673,0.24340412,0.23662065,0.4234061,0.24985339,0.5669005,0.2965135,Third-Party Sharing
940_internetbrands.com,46,Third-Party Sharing,0,0.37785006,0.22602539,0.32521132,0.36502057,0.26341343,0.6856449,0.2554506,Third-Party Sharing
940_internetbrands.com,47,Third-Party Sharing,0,0.3788357,0.26025528,0.2714458,0.353064,0.28954756,0.6724537,0.2771595,Third-Party Sharing
940_internetbrands.com,48,Data Collection|Other/Unclear|Third-Party Sharing,0,0.33557627,0.29989403,0.26024577,0.6346215,0.29323494,0.5348328,0.33432603,Other/Unclear|Third-Party Sharing
940_internetbrands.com,49,Third-Party Sharing,0,0.57813954,0.31290546,0.32603046,0.35658982,0.2895475,0.66169894,0.34239653,Data Collection|Third-Party Sharing
940_internetbrands.com,50,Data Collection,0,0.8223213,0.3549416,0.23780651,0.24194968,0.22157516,0.44649315,0.24127741,Data Collection
940_internetbrands.com,51,Data Collection|Third-Party Sharing,0,0.64970833,0.343331,0.3338631,0.47711816,0.27594927,0.6381685,0.25476995,Data Collection|Third-Party Sharing
940_internetbrands.com,52,Data Collection|Other/Unclear|User Control & Deletion,0,0.6291283,0.25944743,0.33232415,0.43604788,0.2736244,0.43371588,0.5376056,Data Collection|User Control & Deletion
940_internetbrands.com,53,Other/Unclear,0,0.43815285,0.2895831,0.2706044,0.63565826,0.25674364,0.3706409,0.37469146,Other/Unclear
940_internetbrands.com,54,Other/Unclear|Third-Party Sharing|User Control & Deletion,0,0.58998835,0.35126704,0.34950817,0.53291273,0.28864622,0.5866943,0.39785722,Data Collection|Other/Unclear|Third-Party Sharing
940_internetbrands.com,55,Other/Unclear|Third-Party Sharing,0,0.33804157,0.3209399,0.40764597,0.6531174,0.28448576,0.60366493,0.38629952,Other/Unclear|Third-Party Sharing
940_internetbrands.com,56,Other/Unclear|User Control & Deletion,0,0.35752568,0.43468976,0.39166546,0.44844562,0.31190157,0.28261355,0.68978244,User Control & Deletion
940_internetbrands.com,57,Other/Unclear|User Control & Deletion,0,0.48538092,0.32903042,0.36264896,0.52632093,0.276321,0.29083008,0.52390593,Other/Unclear|User Control & Deletion
940_internetbrands.com,58,User Control & Deletion,0,0.35856327,0.33698252,0.25032428,0.4837145,0.30968648,0.30738163,0.70751977,User Control & Deletion
940_internetbrands.com,59,User Control & Deletion,0,0.4167382,0.2627629,0.25789508,0.3894403,0.30761647,0.2919603,0.6748285,User Control & Deletion
940_internetbrands.com,60,User Control & Deletion,0,0.43831617,0.30691862,0.27057377,0.5032624,0.33271363,0.37492985,0.60336095,Other/Unclear|User Control & Deletion
940_internetbrands.com,61,User Control & Deletion,0,0.4850252,0.28344214,0.2420453,0.47389576,0.25927833,0.28793254,0.6766239,User Control & Deletion
940_internetbrands.com,62,User Control & Deletion,0,0.37625533,0.25250337,0.2615648,0.3854208,0.38105136,0.330468,0.62504673,User Control & Deletion
940_internetbrands.com,63,Other/Unclear|User Control & Deletion,0,0.30706424,0.24003504,0.3651188,0.612629,0.29010665,0.31171104,0.59836835,Other/Unclear|User Control & Deletion
940_internetbrands.com,64,Other/Unclear,0,0.38280123,0.28699496,0.22056332,0.6489444,0.231004,0.31782052,0.5132895,Other/Unclear|User Control & Deletion
940_internetbrands.com,65,Data Security,0,0.3215562,0.34078053,0.7994988,0.56771815,0.25035638,0.24000502,0.4595392,Data Security|Other/Unclear
940_internetbrands.com,66,Data Retention|Other/Unclear,0,0.45718908,0.36994168,0.33952436,0.5564469,0.29194218,0.49259394,0.44556636,Other/Unclear
940_internetbrands.com,67,Other/Unclear,0,0.3843153,0.3099057,0.29284623,0.64190996,0.29551297,0.32829335,0.6027327,Other/Unclear|User Control & Deletion
940_internetbrands.com,68,Data Retention,0,0.30954894,0.73187995,0.32798037,0.33990708,0.30039555,0.33833498,0.3455305,Data Retention
940_internetbrands.com,69,Other/Unclear,0,0.57664174,0.24415249,0.27686536,0.34259626,0.2766192,0.45640713,0.33967748,Data Collection
940_internetbrands.com,70,Other/Unclear|User Control & Deletion,0,0.40027446,0.34068394,0.19372275,0.4323116,0.23504063,0.27267668,0.8050353,User Control & Deletion
940_internetbrands.com,71,Other/Unclear|User Control & Deletion,0,0.5351001,0.3133749,0.24947803,0.4380751,0.24491404,0.39015806,0.63375,Data Collection|User Control & Deletion
940_internetbrands.com,72,User Control & Deletion,0,0.45001084,0.2615202,0.18818377,0.4640867,0.22745807,0.36170548,0.75219494,User Control & Deletion
940_internetbrands.com,73,Data Security,0,0.4268627,0.3508805,0.7763313,0.2682478,0.26611644,0.27744696,0.21450727,Data Security
940_internetbrands.com,74,Data Retention|Data Security|Other/Unclear|Third-Party Sharing,0,0.46569678,0.5692779,0.5896867,0.39222834,0.2597335,0.6119022,0.23811011,Data Retention|Data Security|Third-Party Sharing
940_internetbrands.com,75,Data Security|Other/Unclear,0,0.2795012,0.29558614,0.71118987,0.5931812,0.23297866,0.3827544,0.4045936,Data Security|Other/Unclear
940_internetbrands.com,76,Data Security|Other/Unclear,0,0.42951348,0.29800642,0.39507383,0.50471175,0.26763207,0.34294432,0.40636358,Other/Unclear
940_internetbrands.com,77,Data Security|Other/Unclear,0,0.41779092,0.32198063,0.61778265,0.26650384,0.2855677,0.25843462,0.3775402,Data Security
940_internetbrands.com,78,Data Security|Other/Unclear,0,0.28873765,0.28539035,0.4210854,0.41688,0.27212498,0.4345079,0.40232098,
940_internetbrands.com,79,Data Security|Other/Unclear,0,0.38402015,0.26085675,0.427208,0.7009532,0.26184398,0.5469555,0.3650224,Other/Unclear|Third-Party Sharing
940_internetbrands.com,80,Data Security|Other/Unclear,0,0.45717078,0.34047705,0.27995571,0.46477103,0.2706586,0.40434444,0.46710473,
940_internetbrands.com,81,Data Security|Other/Unclear,0,0.52918017,0.29688373,0.3642004,0.48971614,0.3501604,0.35691595,0.53059024,Data Collection|User Control & Deletion
940_internetbrands.com,82,Data Security|Other/Unclear,0,0.28658354,0.31520814,0.24041294,0.48641747,0.26454347,0.50617534,0.42296767,Third-Party Sharing
940_internetbrands.com,83,Data Security|Other/Unclear,0,0.3292234,0.27391714,0.42911628,0.5262078,0.24547629,0.44956926,0.42224154,Other/Unclear
940_internetbrands.com,84,Data Security|Other/Unclear,0,0.46105567,0.2354785,0.3211423,0.37831938,0.24289581,0.50246936,0.4048489,Third-Party Sharing
940_internetbrands.com,85,Other/Unclear,0,0.30570808,0.24290213,0.31923932,0.7713144,0.3013994,0.5843834,0.3630285,Other/Unclear|Third-Party Sharing
940_internetbrands.com,86,Data Collection|Other/Unclear|Third-Party Sharing,0,0.5495251,0.25828952,0.27751425,0.44852945,0.29986438,0.49718696,0.4180087,Data Collection
940_internetbrands.com,87,Data Security|Other/Unclear,0,0.50875413,0.27661014,0.42333212,0.56753546,0.24242908,0.44468704,0.40120867,Data Collection|Other/Unclear
940_internetbrands.com,88,Data Collection|Other/Unclear|Third-Party Sharing,0,0.53746927,0.40844953,0.4528149,0.3984299,0.27487528,0.67369676,0.2703926,Data Collection|Third-Party Sharing
940_internetbrands.com,89,Other/Unclear,0,0.4369292,0.25691375,0.35938552,0.5650159,0.3111432,0.50447714,0.33833432,Other/Unclear|Third-Party Sharing
940_internetbrands.com,90,Other/Unclear,0,0.5033068,0.26511517,0.35850844,0.53826517,0.26116285,0.6055528,0.28737456,Data Collection|Other/Unclear|Third-Party Sharing
940_internetbrands.com,91,Other/Unclear,0,0.23953672,0.24649987,0.3083178,0.7381736,0.42058492,0.3664458,0.41808745,Other/Unclear
940_internetbrands.com,92,Other/Unclear|User Control & Deletion,0,0.31458604,0.21829806,0.360908,0.60610396,0.3182212,0.39655638,0.66376007,Other/Unclear|User Control & Deletion
940_internetbrands.com,93,Data Retention|Other/Unclear|User Control & Deletion,0,0.29208288,0.41082814,0.23763132,0.565171,0.3315539,0.48728362,0.5358053,Other/Unclear|User Control & Deletion
940_internetbrands.com,94,Data Collection|Data Retention|Data Security|Other/Unclear|Third-Party Sharing,0,0.51257885,0.3049464,0.3990166,0.48826867,0.2856309,0.6323577,0.4222549,Data Collection|Third-Party Sharing
940_internetbrands.com,95,Other/Unclear|Policy Change,0,0.41744685,0.29433516,0.31817466,0.8326393,0.26522297,0.3304744,0.302098,Other/Unclear
940_internetbrands.com,96,Other/Unclear,0,0.56523395,0.3671259,0.2980603,0.677813,0.2793201,0.38475525,0.45311126,Data Collection|Other/Unclear
940_internetbrands.com,97,Other/Unclear,0,0.38517028,0.34099385,0.39639413,0.73506373,0.25087804,0.33813727,0.39625943,Other/Unclear
940_internetbrands.com,98,Other/Unclear|Third-Party Sharing,0,0.35295263,0.33842647,0.38628814,0.5365964,0.287092,0.7550531,0.5968879,Other/Unclear|Third-Party Sharing|User Control & Deletion
940_internetbrands.com,99,Other/Unclear,0,0.28419623,0.2977732,0.32814863,0.6285725,0.26632932,0.5297469,0.50027865,Other/Unclear|Third-Party Sharing|User Control & Deletion
940_internetbrands.com,100,Other/Unclear,0,0.3428352,0.3633708,0.32223135,0.7353302,0.26632988,0.2765996,0.4733088,Other/Unclear
940_internetbrands.com,101,Other/Unclear,0,0.24341016,0.258021,0.32722953,0.8439722,0.26213896,0.26830572,0.36276716,Other/Unclear
940_internetbrands.com,102,Policy Change,0,0.29088995,0.3140216,0.29754558,0.4725278,0.7920808,0.26702213,0.47257954,Policy Change
940_internetbrands.com,103,Other/Unclear|Policy Change,0,0.28252575,0.26311472,0.25769103,0.71036696,0.7605923,0.2655169,0.23410207,Other/Unclear|Policy Change
962_lynda.com,0,Other/Unclear,3,0.19063303,0.18506521,0.30651766,0.82513195,0.29811305,0.28305182,0.28370276,Other/Unclear
962_lynda.com,1,Other/Unclear|Policy Change,3,0.32832068,0.23138711,0.26045704,0.596765,0.7458971,0.28290224,0.28283235,Other/Unclear|Policy Change
962_lynda.com,2,Data Collection|Data Security|Other/Unclear,3,0.54514366,0.23018198,0.39399874,0.7570665,0.27779987,0.3334254,0.34864956,Data Collection|Other/Unclear
962_lynda.com,3,Other/Unclear,3,0.24624814,0.25951976,0.6834936,0.8062171,0.28009737,0.29319748,0.33997422,Data Security|Other/Unclear
962_lynda.com,4,Other/Unclear,3,0.41493753,0.2942927,0.603114,0.6819801,0.23492435,0.33068833,0.38284504,Data Security|Other/Unclear
962_lynda.com,5,Data Security|Other/Unclear,3,0.27526185,0.27211314,0.44360295,0.74984145,0.27579397,0.25893354,0.3047147,Other/Unclear
962_lynda.com,6,Other/Unclear,3,0.24747393,0.21824224,0.31265658,0.75814867,0.40666756,0.4097386,0.3245744,Other/Unclear
962_lynda.com,7,Other/Unclear,3,0.3302968,0.35781273,0.419986,0.61110693,0.30210447,0.3695954,0.46043077,Other/Unclear
962_lynda.com,8,Other/Unclear|User Control & Deletion,3,0.30815178,0.2880258,0.26098564,0.61936444,0.50014126,0.23935765,0.44411752,Other/Unclear|Policy Change
962_lynda.com,9,Other/Unclear|User Control & Deletion,3,0.25080508,0.2673459,0.31200576,0.74531704,0.37717018,0.27292317,0.6688669,Other/Unclear|User Control & Deletion
962_lynda.com,10,Data Collection|Data Retention|Data Security|Other/Unclear|Policy Change|Third-Party Sharing|User Control & Deletion,3,0.39685413,0.3037065,0.27379882,0.58477885,0.27748176,0.34036705,0.3439766,Other/Unclear
962_lynda.com,11,Data Collection,3,0.78129977,0.3048653,0.25337744,0.44519004,0.21978387,0.41363624,0.25231144,Data Collection
962_lynda.com,12,Data Collection|Third-Party Sharing,3,0.65587765,0.37319532,0.28854093,0.49515936,0.22657351,0.5453694,0.489045,Data Collection|Third-Party Sharing
962_lynda.com,13,Data Collection,3,0.8175041,0.31579056,0.24842052,0.23391595,0.24646957,0.3197138,0.20734206,Data Collection
962_lynda.com,14,Data Collection|Other/Unclear,3,0.53440607,0.35104248,0.28693417,0.69530416,0.2804374,0.3592631,0.41373596,Data Collection|Other/Unclear
962_lynda.com,15,Data Collection|Third-Party Sharing,3,0.74326503,0.31869704,0.25054866,0.3922311,0.24914612,0.50322425,0.35686707,Data Collection|Third-Party Sharing
962_lynda.com,16,Data Collection,3,0.73451835,0.31134415,0.31494227,0.3734183,0.2692588,0.26872608,0.3856096,Data Collection
962_lynda.com,17,Data Collection|Data Retention|Data Security|Other/Unclear,3,0.3688677,0.37520656,0.51995313,0.6393096,0.2648724,0.47262537,0.36891827,Data Security|Other/Unclear
962_lynda.com,18,Data Collection,3,0.54574543,0.30685103,0.39840746,0.5106961,0.2960354,0.42284897,0.39415273,Data Collection|Other/Unclear
962_lynda.com,19,Data Collection,3,0.51718396,0.32540822,0.29865363,0.49229455,0.26952368,0.39407498,0.34000838,Data Collection
962_lynda.com,20,Data Collection,3,0.43774307,0.2814962,0.46328795,0.52076757,0.26320785,0.3636514,0.32697845,Other/Unclear
962_lynda.com,21,Data Collection|Third-Party Sharing,3,0.36340907,0.28860825,0.55580825,0.40661925,0.31277114,0.53709406,0.29040486,Data Security|Third-Party Sharing
962_lynda.com,22,Data Collection|User Control & Deletion,3,0.76494676,0.29766122,0.21675093,0.3222389,0.2560841,0.49804452,0.34282988,Data Collection
962_lynda.com,23,Data Collection|Policy Change,3,0.48495334,0.24878669,0.3208635,0.31930962,0.6278074,0.3076028,0.21722314,Policy Change
962_lynda.com,24,Data Collection,3,0.510563,0.33449575,0.32827437,0.34916025,0.3237622,0.46148664,0.32519764,Data Collection
962_lynda.com,25,Data Collection|Other/Unclear,3,0.52349293,0.2722559,0.35334128,0.45506662,0.3384838,0.4121212,0.39443263,Data Collection
962_lynda.com,26,Third-Party Sharing,3,0.44515863,0.32159197,0.38400954,0.5154044,0.3493043,0.51456714,0.45574918,Other/Unclear|Third-Party Sharing
962_lynda.com,27,Data Collection|Data Retention,3,0.3968497,0.4910221,0.33950156,0.54884046,0.32215032,0.29315668,0.49821037,Other/Unclear
962_lynda.com,28,Other/Unclear|Third-Party Sharing|User Control & Deletion,3,0.3486675,0.26753616,0.32464936,0.6029279,0.26378897,0.7595942,0.50197494,Other/Unclear|Third-Party Sharing|User Control & Deletion
962_lynda.com,29,Third-Party Sharing,3,0.6653433,0.23896313,0.37046823,0.33774436,0.19886005,0.6659828,0.21594909,Data Collection|Third-Party Sharing
962_lynda.com,30,Third-Party Sharing,3,0.39155838,0.3132632,0.2567819,0.37207934,0.29490218,0.83958447,0.30349195,Third-Party Sharing
962_lynda.com,31,Third-Party Sharing,3,0.34860483,0.23033497,0.30514762,0.41797242,0.272235,0.6308717,0.326537,Third-Party Sharing
962_lynda.com,32,Third-Party Sharing,3,0.6268962,0.19688703,0.27411747,0.31267962,0.23565933,0.76028913,0.24771306,Data Collection|Third-Party Sharing
962_lynda.com,33,Other/Unclear,3,0.37219766,0.25056967,0.29242572,0.65689546,0.24682285,0.66116124,0.5049415,Other/Unclear|Third-Party Sharing|User Control & Deletion
962_lynda.com,34,Other/Unclear|Third-Party Sharing,3,0.4145766,0.38058782,0.33941588,0.634299,0.32566002,0.6701431,0.4263627,Other/Unclear|Third-Party Sharing
962_lynda.com,35,Other/Unclear,3,0.17624167,0.22356114,0.30176458,0.82253945,0.32376587,0.24428572,0.3968636,Other/Unclear
962_lynda.com,36,Other/Unclear|User Control & Deletion,3,0.43645576,0.2895751,0.26402918,0.4826549,0.2445011,0.42494157,0.65930754,User Control & Deletion
962_lynda.com,37,Other/Unclear|User Control & Deletion,3,0.30112964,0.2680051,0.26808816,0.6493288,0.25463486,0.2971501,0.70756245,Other/Unclear|User Control & Deletion
962_lynda.com,38,Data Retention|Other/Unclear|User Control & Deletion,3,0.32213378,0.57654274,0.29942325,0.64252687,0.26773316,0.3100015,0.7411769,Data Retention|Other/Unclear|User Control & Deletion
962_lynda.com,39,Other/Unclear|User Control & Deletion,3,0.43444216,0.3614199,0.26478985,0.48783636,0.24967296,0.34389743,0.74299973,User Control & Deletion
962_lynda.com,40,Other/Unclear|User Control & Deletion,3,0.34884307,0.32165897,0.2794107,0.64191467,0.24821861,0.3134222,0.633782,Other/Unclear|User Control & Deletion
962_lynda.com,41,Data Collection|Data Retention|Other/Unclear|User Control & Deletion,3,0.3467003,0.6639633,0.28473547,0.47844347,0.27216065,0.30564362,0.73851234,Data Retention|User Control & Deletion
962_lynda.com,42,User Control & Deletion,3,0.4708838,0.35592726,0.25072545,0.4915323,0.19855529,0.26735464,0.77693194,User Control & Deletion
962_lynda.com,43,Other/Unclear|User Control & Deletion,3,0.41133806,0.3414022,0.24182554,0.41443393,0.28129402,0.2965152,0.82328355,User Control & Deletion
962_lynda.com,44,Data Collection|Third-Party Sharing|User Control & Deletion,3,0.586529,0.30489832,0.34830898,0.5103546,0.29023707,0.5120325,0.5233785,Data Collection|Other/Unclear|Third-Party Sharing|User Control & Deletion
962_lynda.com,45,Data Collection|Other/Unclear|User Control & Deletion,3,0.4008608,0.35081092,0.26744202,0.60973567,0.2464895,0.41765165,0.6768633,Other/Unclear|User Control & Deletion
962_lynda.com,46,Data Collection|User Control & Deletion,3,0.42462033,0.27173102,0.27639422,0.3896142,0.25638357,0.4159467,0.618894,User Control & Deletion
962_lynda.com,47,Data Collection|Other/Unclear|Third-Party Sharing|User Control & Deletion,3,0.37582293,0.39366505,0.2854359,0.6801699,0.2800577,0.34599936,0.5835891,Other/Unclear|User Control & Deletion
962_lynda.com,48,Data Retention,3,0.47812334,0.65015364,0.3512,0.40614662,0.2935122,0.54813296,0.39051095,Data Retention|Third-Party Sharing
962_lynda.com,49,Data Security,3,0.28645918,0.344283,0.77009034,0.41409883,0.300969,0.29881188,0.2993299,Data Security
962_lynda.com,50,Data Security|User Control & Deletion,3,0.3829837,0.30009148,0.6684871,0.29434672,0.25951043,0.34864134,0.29571378,Data Security
962_lynda.com,51,Data Security,3,0.31387442,0.27790132,0.6945789,0.59358084,0.29231918,0.36574396,0.5232742,Data Security|Other/Unclear|User Control & Deletion
962_lynda.com,52,Data Security|Other/Unclear,3,0.4111943,0.33570415,0.44824797,0.6940833,0.239703,0.34326208,0.3664179,Other/Unclear
962_lynda.com,53,Data Security|Other/Unclear,3,0.22881652,0.2774195,0.71330327,0.50295323,0.2700204,0.3148461,0.30996844,Data Security|Other/Unclear
962_lynda.com,54,Data Collection|Data Security|Other/Unclear,3,0.35836458,0.32642987,0.5078579,0.49783692,0.34132925,0.4560232,0.5946803,Data Security|User Control & Deletion
962_lynda.com,55,Data Collection,3,0.7611759,0.3136199,0.24832435,0.26987576,0.24945334,0.47035906,0.24746402,Data Collection
962_lynda.com,56,Other/Unclear,3,0.5356164,0.22935762,0.3513682,0.54367393,0.23868439,0.34546483,0.42115048,Data Collection|Other/Unclear
962_lynda.com,57,Data Collection,3,0.5809585,0.39923304,0.30515844,0.5644729,0.29366934,0.339164,0.4745464,Data Collection|Other/Unclear
962_lynda.com,58,Data Collection|Other/Unclear|Third-Party Sharing,3,0.36576292,0.3081451,0.35189557,0.5675432,0.280027,0.57279384,0.30787954,Other/Unclear|Third-Party Sharing
962_lynda.com,59,Data Collection|Other/Unclear|User Control & Deletion,3,0.4067618,0.34851396,0.32191452,0.61574316,0.24208158,0.34839132,0.81853473,Other/Unclear|User Control & Deletion
962_lynda.com,60,Data Collection|Other/Unclear,3,0.6154166,0.304542,0.2838723,0.46325028,0.2624773,0.35118878,0.34984747,Data Collection
962_lynda.com,61,Third-Party Sharing|User Control & Deletion,3,0.52457213,0.302106,0.20471272,0.42646772,0.25544497,0.696005,0.62491447,Data Collection|Third-Party Sharing|User Control & Deletion
962_lynda.com,62,Data Collection|Other/Unclear|User Control & Deletion,3,0.672445,0.31078127,0.32857576,0.41263497,0.25336766,0.43552122,0.53084517,Data Collection|User Control & Deletion
962_lynda.com,63,Data Collection,3,0.5955472,0.3802769,0.3159812,0.46281633,0.24220024,0.41291142,0.3278953,Data Collection
962_lynda.com,64,Other/Unclear|Third-Party Sharing,3,0.37049758,0.33967257,0.28140032,0.78567445,0.3042417,0.69186884,0.318102,Other/Unclear|Third-Party Sharing
962_lynda.com,65,Data Collection|Other/Unclear|User Control & Deletion,3,0.27796403,0.2969925,0.22652468,0.75746644,0.25277856,0.33078486,0.48212123,Other/Unclear
962_lynda.com,66,Other/Unclear|Third-Party Sharing|User Control & Deletion,3,0.2843491,0.27618706,0.3260195,0.6166306,0.26416713,0.6692644,0.6711138,Other/Unclear|Third-Party Sharing|User Control & Deletion
962_lynda.com,67,Policy Change,3,0.25083575,0.309318,0.2895164,0.51734287,0.74622416,0.22440736,0.26862538,Other/Unclear|Policy Change
962_lynda.com,68,Policy Change|User Control & Deletion,3,0.33340442,0.24714346,0.30067,0.57998157,0.5247321,0.3058108,0.35855374,Other/Unclear|Policy Change
962_lynda.com,69,Other/Unclear|Policy Change,3,0.4249915,0.25744978,0.30002016,0.62927574,0.43405554,0.29539993,0.33554175,Other/Unclear
962_lynda.com,70,Data Collection|Other/Unclear|Third-Party Sharing|User Control & Deletion,3,0.3048696,0.3032737,0.3758189,0.71207494,0.19530651,0.5744451,0.572936,Other/Unclear|Third-Party Sharing|User Control & Deletion
962_lynda.com,71,Data Collection|Other/Unclear|Third-Party Sharing,3,0.51252365,0.3203347,0.28024188,0.5619158,0.26852804,0.5779831,0.30459818,Data Collection|Other/Unclear|Third-Party Sharing
962_lynda.com,72,Data Collection|Data Retention|Other/Unclear|User Control & Deletion,3,0.54377675,0.5017445,0.30533966,0.6046495,0.3115547,0.33635205,0.6191968,Data Collection|Data Retention|Other/Unclear|User Control & Deletion
962_lynda.com,73,Other/Unclear,3,0.2345915,0.2599123,0.28791952,0.77074313,0.2667819,0.30794185,0.36237812,Other/Unclear
988_solarviews.com,0,Third-Party Sharing,4,0.5188172,0.23084487,0.3216556,0.3864888,0.29297817,0.7052696,0.51336324,Data Collection|Third-Party Sharing|User Control & Deletion
98_neworleansonline.com,0,Other/Unclear,4,0.2402629,0.21577728,0.34676382,0.7910236,0.41082808,0.18300027,0.28515127,Other/Unclear
98_neworleansonline.com,1,Other/Unclear|Policy Change,4,0.29063994,0.2681294,0.24924238,0.7088996,0.6569826,0.29277128,0.26263776,Other/Unclear|Policy Change
98_neworleansonline.com,2,Data Collection|Other/Unclear|User Control & Deletion,4,0.30479863,0.28725135,0.40996805,0.7663348,0.45327052,0.2851747,0.4562026,Other/Unclear
98_neworleansonline.com,3,Other/Unclear,4,0.32007986,0.27052325,0.30203778,0.7908543,0.32381415,0.2683547,0.3870712,Other/Unclear
98_neworleansonline.com,4,Policy Change,4,0.29450172,0.25948748,0.19920309,0.4405932,0.78269476,0.23775914,0.33579904,Policy Change
98_neworleansonline.com,5,Data Collection|Data Security|Other/Unclear|Third-Party Sharing|User Control & Deletion,4,0.3719255,0.256065,0.29136592,0.6907356,0.2695302,0.32525894,0.27605453,Other/Unclear
98_neworleansonline.com,6,Data Collection|Third-Party Sharing|User Control & Deletion,4,0.7644135,0.3006844,0.2617098,0.2998812,0.23049289,0.32735154,0.36630517,Data Collection
98_neworleansonline.com,7,Data Collection,4,0.7459472,0.35577992,0.29243672,0.3237268,0.27195165,0.35124516,0.29758248,Data Collection
98_neworleansonline.com,8,Data Collection|Other/Unclear,4,0.72461134,0.22637519,0.28103602,0.41841504,0.30308393,0.33796912,0.19661446,Data Collection
98_neworleansonline.com,9,Data Collection,4,0.49606562,0.2569942,0.28950295,0.386677,0.25483838,0.3038223,0.32337585,
98_neworleansonline.com,10,Data Collection,4,0.54680425,0.30599135,0.25634226,0.4693985,0.28536388,0.4193744,0.35004896,Data Collection
98_neworleansonline.com,11,Data Collection,4,0.62293255,0.26163846,0.29422256,0.40285686,0.23546256,0.46059713,0.29795155,Data Collection
98_neworleansonline.com,12,Data Collection|Other/Unclear|Policy Change,4,0.7094029,0.30481428,0.24949446,0.30342975,0.38944808,0.2601695,0.34907034,Data Collection
98_neworleansonline.com,13,Data Collection,4,0.53675866,0.258094,0.34822223,0.42221665,0.25770852,0.32286388,0.4094235,Data Collection
98_neworleansonline.com,14,Data Collection,4,0.66593164,0.2869429,0.33385083,0.41938105,0.25477284,0.28498513,0.46615246,Data Collection
98_neworleansonline.com,15,Data Collection,4,0.5038896,0.32055005,0.3690112,0.30753326,0.29400724,0.43690044,0.28911674,Data Collection
98_neworleansonline.com,16,Data Collection,4,0.59832484,0.27449644,0.24914391,0.24574943,0.29747003,0.4084546,0.28603348,Data Collection
98_neworleansonline.com,17,Data Collection|User Control & Deletion,4,0.37868556,0.28692263,0.24524526,0.40262192,0.26766145,0.26776576,0.7562366,User Control & Deletion
98_neworleansonline.com,18,User Control & Deletion,4,0.46706393,0.3181918,0.28781578,0.62884,0.40602306,0.29958633,0.77490985,Other/Unclear|User Control & Deletion
98_neworleansonline.com,19,Other/Unclear|Third-Party Sharing,4,0.41964242,0.33393338,0.35439396,0.5527806,0.22686484,0.4939051,0.2798424,Other/Unclear
98_neworleansonline.com,20,Third-Party Sharing,4,0.41932026,0.23500773,0.40552846,0.32103258,0.23575014,0.7224441,0.2985932,Third-Party Sharing
98_neworleansonline.com,21,Third-Party Sharing,4,0.5015452,0.28417736,0.31994903,0.35869986,0.2680628,0.7046869,0.319761,Data Collection|Third-Party Sharing
98_neworleansonline.com,22,Third-Party Sharing,4,0.5824628,0.26948977,0.29790938,0.30974805,0.2176648,0.52895623,0.32517278,Data Collection|Third-Party Sharing
98_neworleansonline.com,23,Third-Party Sharing,4,0.28038874,0.2814708,0.28956997,0.26846918,0.31261942,0.81392914,0.27516305,Third-Party Sharing
98_neworleansonline.com,24,Data Collection|Third-Party Sharing,4,0.48744088,0.27513212,0.33791184,0.33600676,0.2751999,0.60584486,0.2453169,Third-Party Sharing
98_neworleansonline.com,25,Data Collection|Third-Party Sharing,4,0.75502723,0.4010255,0.29719314,0.36470667,0.27006337,0.61847746,0.24367657,Data Collection|Third-Party Sharing
98_neworleansonline.com,26,Data Collection,4,0.47650623,0.31053403,0.30290052,0.62764275,0.33939603,0.42009896,0.33196816,Other/Unclear
98_neworleansonline.com,27,User Control & Deletion,4,0.36567202,0.33360794,0.33451673,0.47738138,0.2730134,0.2643349,0.6576264,User Control & Deletion
98_neworleansonline.com,28,Data Security,4,0.3002959,0.2569732,0.6272281,0.46582144,0.2705839,0.21524478,0.28673568,Data Security
98_neworleansonline.com,29,Data Security|Other/Unclear,4,0.18582372,0.2781033,0.75783986,0.56481665,0.25044495,0.25325248,0.4092106,Data Security|Other/Unclear
98_neworleansonline.com,30,Other/Unclear,4,0.7191776,0.37475932,0.31369942,0.45283967,0.24814947,0.33652842,0.29097375,Data Collection
98_neworleansonline.com,31,Data Collection,4,0.6921194,0.32532004,0.228597,0.46478266,0.28183007,0.29487833,0.32185966,Data Collection
98_neworleansonline.com,32,Other/Unclear|User Control & Deletion,4,0.42131937,0.33353633,0.28041822,0.53398764,0.2589709,0.26889637,0.6823775,Other/Unclear|User Control & Deletion
98_neworleansonline.com,33,Data Collection|Third-Party Sharing,4,0.66993755,0.2418618,0.26864862,0.46310958,0.2747428,0.5435635,0.3018591,Data Collection|Third-Party Sharing
98_neworleansonline.com,34,Data Collection|Third-Party Sharing,4,0.5999185,0.2657919,0.28140193,0.34369814,0.2940468,0.49246958,0.25390786,Data Collection
98_neworleansonline.com,35,Other/Unclear|Third-Party Sharing,4,0.27500182,0.24602643,0.34704632,0.76156414,0.28537178,0.42540213,0.26053104,Other/Unclear
98_neworleansonline.com,36,Other/Unclear|User Control & Deletion,4,0.26912275,0.36236587,0.26556313,0.768535,0.28481477,0.32621387,0.5047498,Other/Unclear|User Control & Deletion
98_neworleansonline.com,37,Other/Unclear,4,0.5726841,0.2764064,0.30019942,0.7445507,0.24372628,0.2272444,0.2743502,Data Collection|Other/Unclear
98_neworleansonline.com,38,Other/Unclear|User Control & Deletion,4,0.52251244,0.45997155,0.31337622,0.76786834,0.26364145,0.23927289,0.5452751,Data Collection|Other/Unclear|User Control & Deletion
98_neworleansonline.com,39,Other/Unclear,4,0.25914025,0.26915982,0.38076493,0.7586826,0.48761094,0.26302156,0.26871052,Other/Unclear
98_neworleansonline.com,40,Other/Unclear,4,0.25310558,0.27328837,0.2468847,0.82526433,0.30434865,0.23796242,0.38613164,Other/Unclear
