policy_stem,segment_id,gold_labels,fold_id,prob_Data_Collection,prob_Data_Retention,prob_Data_Security,prob_Other_Unclear,prob_Policy_Change,prob_Third_Party_Sharing,prob_User_Control_and_Deletion,predicted_labels_at_0_5
1017_sci-news.com,0,Other/Unclear|Policy Change,3,0.13900508,0.13232973,0.41762385,0.7828859,0.685937,0.17994165,0.3361272,Other/Unclear|Policy Change
1017_sci-news.com,1,Data Collection,3,0.86639756,0.19033353,0.20062909,0.41006893,0.05184631,0.44952065,0.21600193,Data Collection
1017_sci-news.com,2,Data Collection|Data Retention,3,0.38370848,0.33505654,0.1488874,0.531789,0.0864845,0.25352666,0.38174108,Other/Unclear
1017_sci-news.com,3,Data Collection,3,0.6121375,0.07568752,0.32937676,0.4370743,0.08517956,0.38399562,0.22932939,Data Collection
1017_sci-news.com,4,Other/Unclear,3,0.17986156,0.07073342,0.13857697,0.94323045,0.17760015,0.11030137,0.20613438,Other/Unclear
1017_sci-news.com,5,Data Collection,3,0.7364388,0.13109101,0.23917495,0.53833973,0.07508491,0.3258825,0.5594231,Data Collection|Other/Unclear|User Control & Deletion
1017_sci-news.com,6,Data Collection|Other/Unclear,3,0.45084172,0.1389486,0.28847924,0.61712736,0.18059729,0.2889287,0.35086477,Other/Unclear
1017_sci-news.com,7,Other/Unclear|Third-Party Sharing,3,0.20573393,0.14095585,0.2562774,0.8245527,0.09270886,0.4909931,0.52554137,Other/Unclear|User Control & Deletion
1017_sci-news.com,8,User Control & Deletion,3,0.5151148,0.12520273,0.09481928,0.37283227,0.091903456,0.26167592,0.7985831,Data Collection|User Control & Deletion
1017_sci-news.com,9,Policy Change|Third-Party Sharing,3,0.21569966,0.28634238,0.27833512,0.5050069,0.1462457,0.68496853,0.6103665,Other/Unclear|Third-Party Sharing|User Control & Deletion
1017_sci-news.com,10,Other/Unclear|User Control & Deletion,3,0.47688222,0.17489092,0.1645236,0.6591572,0.2283646,0.37751678,0.70811534,Other/Unclear|User Control & Deletion
1017_sci-news.com,11,Other/Unclear|User Control & Deletion,3,0.51063657,0.36823443,0.1392535,0.64886093,0.08997699,0.18010822,0.8075039,Data Collection|Other/Unclear|User Control & Deletion
1017_sci-news.com,12,Other/Unclear,3,0.048809335,0.083941564,0.08935651,0.9485124,0.3428513,0.06959221,0.49308947,Other/Unclear
1034_aol.com,0,Other/Unclear|Policy Change,1,0.06832083,0.0577943,0.11231803,0.9189924,0.9444733,0.07180825,0.08361657,Other/Unclear|Policy Change
1034_aol.com,1,Other/Unclear,1,0.11358315,0.12976061,0.17153661,0.8457814,0.5253093,0.3133838,0.13795424,Other/Unclear|Policy Change
1034_aol.com,2,Other/Unclear,1,0.54814184,0.1503988,0.32798317,0.39985093,0.124859415,0.41087022,0.22710381,Data Collection
1034_aol.com,3,Data Collection,1,0.7301196,0.22454298,0.18800822,0.4060244,0.18320902,0.48460293,0.36541784,Data Collection
1034_aol.com,4,Other/Unclear,1,0.30437243,0.17749485,0.26813015,0.834178,0.2893449,0.2609409,0.24246536,Other/Unclear
1034_aol.com,5,Data Collection|Other/Unclear,1,0.82428515,0.16205658,0.1548143,0.50857574,0.08559368,0.31816,0.20729047,Data Collection|Other/Unclear
1034_aol.com,6,Data Collection|Other/Unclear|User Control & Deletion,1,0.8111136,0.2705091,0.13342936,0.30925062,0.074263856,0.42959735,0.39408705,Data Collection
1034_aol.com,7,Data Collection,1,0.937428,0.13548864,0.118456,0.26488274,0.061870344,0.47033384,0.19024263,Data Collection
1034_aol.com,8,Data Collection|Data Retention,1,0.9117781,0.16461225,0.18248588,0.25599396,0.05143763,0.48752573,0.15085262,Data Collection
1034_aol.com,9,Data Collection|Other/Unclear,1,0.7288575,0.17988937,0.21994485,0.4963471,0.111822076,0.31562433,0.26228786,Data Collection
1034_aol.com,10,Data Collection,1,0.7189561,0.15924391,0.16836175,0.3403971,0.07816959,0.27308524,0.32681814,Data Collection
1034_aol.com,11,Data Collection,1,0.61829257,0.09882255,0.15666822,0.41937754,0.06996025,0.39057204,0.5558393,Data Collection|User Control & Deletion
1034_aol.com,12,Data Collection,1,0.8504479,0.16527633,0.21101923,0.38489646,0.056588307,0.6538826,0.25322744,Data Collection|Third-Party Sharing
1034_aol.com,13,Other/Unclear,1,0.8889835,0.3383224,0.24736151,0.48399332,0.13547756,0.16534449,0.14168283,Data Collection
1034_aol.com,14,Data Collection,1,0.90428746,0.26389888,0.09831737,0.2180664,0.074112825,0.297406,0.45291778,Data Collection
1034_aol.com,15,Data Collection|Other/Unclear,1,0.79893875,0.22840746,0.12219524,0.30620012,0.1308879,0.59021616,0.18818381,Data Collection|Third-Party Sharing
1034_aol.com,16,Data Collection|Other/Unclear,1,0.73850155,0.08281023,0.14483239,0.52297705,0.11626284,0.61392915,0.21162988,Data Collection|Other/Unclear|Third-Party Sharing
1034_aol.com,17,Third-Party Sharing,1,0.41624802,0.11489908,0.16220976,0.38649487,0.09937438,0.82768863,0.27640426,Third-Party Sharing
1034_aol.com,18,Third-Party Sharing,1,0.44548365,0.116616845,0.14769754,0.18796404,0.057527974,0.9377889,0.17474851,Third-Party Sharing
1034_aol.com,19,Third-Party Sharing,1,0.40932533,0.25116858,0.28461727,0.12062525,0.05429835,0.9087813,0.09017847,Third-Party Sharing
1034_aol.com,20,Third-Party Sharing|User Control & Deletion,1,0.21486175,0.13803555,0.12320503,0.25154105,0.21683763,0.7325709,0.39491555,Third-Party Sharing
1034_aol.com,21,Data Security|Other/Unclear|Third-Party Sharing,1,0.27212957,0.16045903,0.5248077,0.512887,0.07399897,0.74872917,0.35153246,Data Security|Other/Unclear|Third-Party Sharing
1034_aol.com,22,Other/Unclear,1,0.44218463,0.103331186,0.20570368,0.40821683,0.08251155,0.7934302,0.21211879,Third-Party Sharing
1034_aol.com,23,Other/Unclear|Third-Party Sharing,1,0.8291504,0.07232016,0.14617859,0.3597785,0.057154763,0.8820334,0.17821772,Data Collection|Third-Party Sharing
1034_aol.com,24,Other/Unclear,1,0.22572696,0.05991979,0.44414368,0.66143537,0.1189313,0.5072363,0.61532944,Other/Unclear|Third-Party Sharing|User Control & Deletion
1034_aol.com,25,Data Collection|Third-Party Sharing,1,0.6283334,0.26213035,0.16367376,0.31487283,0.12925541,0.72208476,0.24421398,Data Collection|Third-Party Sharing
1034_aol.com,26,Other/Unclear,1,0.1485526,0.12989567,0.22911046,0.8246974,0.17486043,0.55503565,0.16325717,Other/Unclear|Third-Party Sharing
1034_aol.com,27,Other/Unclear,1,0.2705025,0.1658827,0.19672129,0.8040669,0.09729523,0.3680394,0.21965554,Other/Unclear
1034_aol.com,28,Other/Unclear,1,0.29958543,0.12930632,0.23146136,0.58143526,0.1804984,0.23777564,0.44728905,Other/Unclear
1034_aol.com,29,User Control & Deletion,1,0.3711935,0.21382746,0.21874481,0.34202066,0.10392634,0.2047856,0.8172107,User Control & Deletion
1034_aol.com,30,Other/Unclear|User Control & Deletion,1,0.5101186,0.17502126,0.2092931,0.52261144,0.07677996,0.3645907,0.6720184,Data Collection|Other/Unclear|User Control & Deletion
1034_aol.com,31,Other/Unclear|User Control & Deletion,1,0.24355091,0.08470053,0.27348572,0.5064381,0.098775595,0.25393894,0.8882147,Other/Unclear|User Control & Deletion
1034_aol.com,32,User Control & Deletion,1,0.72632337,0.15168332,0.1343039,0.34303218,0.060095385,0.53287673,0.3633739,Data Collection|Third-Party Sharing
1034_aol.com,33,Other/Unclear,1,0.43506598,0.11334228,0.17418545,0.4842155,0.10682588,0.21062154,0.5617231,User Control & Deletion
1034_aol.com,34,Data Security,1,0.35290307,0.21540946,0.919329,0.31501764,0.06824215,0.28699288,0.15416077,Data Security
1034_aol.com,35,Other/Unclear,1,0.4747622,0.09868417,0.16758882,0.88616365,0.23992534,0.35193714,0.342919,Other/Unclear
1034_aol.com,36,Other/Unclear,1,0.17770801,0.17832243,0.13316965,0.84287316,0.08884727,0.15333271,0.8288326,Other/Unclear|User Control & Deletion
1034_aol.com,37,Other/Unclear,1,0.23925254,0.08008931,0.24987191,0.7981829,0.16810444,0.13264349,0.2982151,Other/Unclear
1034_aol.com,38,Other/Unclear|User Control & Deletion,1,0.41287246,0.287553,0.24919997,0.6431274,0.12731162,0.39543712,0.3627938,Other/Unclear
1034_aol.com,39,Other/Unclear,1,0.15377846,0.07931416,0.6914475,0.8635728,0.105748326,0.13489488,0.18143249,Data Security|Other/Unclear
1034_aol.com,40,Other/Unclear,1,0.102889694,0.11141348,0.122374065,0.951871,0.25803736,0.07912896,0.31229815,Other/Unclear
1034_aol.com,41,Other/Unclear|Policy Change,1,0.12652363,0.12137381,0.15877959,0.6330375,0.94988966,0.09437646,0.120090015,Other/Unclear|Policy Change
1034_aol.com,42,Policy Change,1,0.15189022,0.1288384,0.16387519,0.5263208,0.9248398,0.14651243,0.26701063,Other/Unclear|Policy Change
1050_honda.com,0,Other/Unclear,4,0.15672098,0.113988586,0.21601628,0.868123,0.3515338,0.11150303,0.16427998,Other/Unclear
1050_honda.com,1,Other/Unclear,4,0.3430043,0.124563836,0.7154812,0.5999561,0.18471825,0.2969791,0.17215815,Data Security|Other/Unclear
1050_honda.com,2,Other/Unclear,4,0.21897237,0.08745046,0.34016013,0.82571864,0.25497323,0.24788935,0.2484838,Other/Unclear
1050_honda.com,3,Data Collection|Other/Unclear|User Control & Deletion,4,0.4601455,0.15546569,0.28839642,0.5076416,0.059662253,0.29687876,0.49363965,Other/Unclear
1050_honda.com,4,Data Collection|Other/Unclear|User Control & Deletion,4,0.62870175,0.13177907,0.28469566,0.45320165,0.06635677,0.26241556,0.4377555,Data Collection
1050_honda.com,5,Data Collection,4,0.7873052,0.32835016,0.27524486,0.3595762,0.06345522,0.32280067,0.54669636,Data Collection|User Control & Deletion
1050_honda.com,6,Data Collection|Data Retention|Other/Unclear,4,0.9515159,0.29298124,0.14838448,0.15521927,0.045468755,0.50854087,0.19300765,Data Collection|Third-Party Sharing
1050_honda.com,7,Data Collection,4,0.86879534,0.23082316,0.19565403,0.2044788,0.06564475,0.3814869,0.27664578,Data Collection
1050_honda.com,8,Data Collection|Data Retention,4,0.90250826,0.4047202,0.19367653,0.25642592,0.06459939,0.2391256,0.12635058,Data Collection
1050_honda.com,9,Data Collection|Third-Party Sharing|User Control & Deletion,4,0.8372015,0.19794953,0.20628847,0.21098152,0.08124061,0.40653822,0.47656482,Data Collection
1050_honda.com,10,Data Collection|Third-Party Sharing|User Control & Deletion,4,0.7375488,0.16029194,0.12432074,0.529209,0.06490012,0.7625376,0.7966602,Data Collection|Other/Unclear|Third-Party Sharing|User Control & Deletion
1050_honda.com,11,Data Collection|Other/Unclear|Third-Party Sharing|User Control & Deletion,4,0.63376033,0.25344816,0.25148523,0.25682402,0.0533206,0.9483164,0.27562812,Data Collection|Third-Party Sharing
1050_honda.com,12,Data Collection|Third-Party Sharing,4,0.59709036,0.23976552,0.24541987,0.5712222,0.062182803,0.64320254,0.59645444,Data Collection|Other/Unclear|Third-Party Sharing|User Control & Deletion
1050_honda.com,13,Other/Unclear|Third-Party Sharing,4,0.2626276,0.130192,0.21470416,0.79888177,0.16962934,0.7234601,0.3174274,Other/Unclear|Third-Party Sharing
1050_honda.com,14,Data Security,4,0.23821227,0.2678577,0.9258935,0.32611912,0.05940173,0.22184102,0.31130546,Data Security
1050_honda.com,15,Other/Unclear,4,0.32926396,0.1310105,0.20978898,0.83111745,0.09436238,0.18083079,0.33835036,Other/Unclear
1050_honda.com,16,Other/Unclear,4,0.12624379,0.13538414,0.44782397,0.87627566,0.110257484,0.36168158,0.20326318,Other/Unclear
1050_honda.com,17,Policy Change,4,0.17050394,0.11147651,0.17775781,0.33030736,0.9284452,0.14164598,0.1979643,Policy Change
1050_honda.com,18,Other/Unclear,4,0.51470655,0.101532444,0.16010055,0.55697083,0.13286678,0.26085067,0.2651479,Data Collection|Other/Unclear
1050_honda.com,19,Other/Unclear,4,0.1545667,0.088820025,0.25958443,0.85173774,0.21603781,0.18646201,0.2659842,Other/Unclear
1050_honda.com,20,Data Collection|Third-Party Sharing,4,0.7050977,0.3282252,0.17534217,0.3557508,0.11565066,0.4523198,0.8691554,Data Collection|User Control & Deletion
1050_honda.com,21,Data Collection,4,0.80510956,0.24157014,0.32914168,0.2553944,0.09956758,0.46567696,0.44013458,Data Collection
1050_honda.com,22,Data Collection|Other/Unclear,4,0.6633978,0.22452314,0.16210675,0.33386827,0.11057264,0.5769868,0.65981966,Data Collection|Third-Party Sharing|User Control & Deletion
1050_honda.com,23,Data Collection|Third-Party Sharing,4,0.61557174,0.35062277,0.12365176,0.38507277,0.075098395,0.5928105,0.7931432,Data Collection|Third-Party Sharing|User Control & Deletion
1050_honda.com,24,Data Collection,4,0.7003508,0.29047838,0.17437498,0.4128208,0.09862142,0.23519918,0.6746862,Data Collection|User Control & Deletion
1050_honda.com,25,Data Collection,4,0.7999994,0.6104652,0.23617777,0.29772606,0.07868566,0.42975622,0.676271,Data Collection|Data Retention|User Control & Deletion
1050_honda.com,26,Data Collection|Third-Party Sharing,4,0.7025867,0.3384139,0.17818613,0.35903883,0.11410107,0.4498998,0.8686663,Data Collection|User Control & Deletion
1050_honda.com,27,Data Collection,4,0.80222225,0.2403043,0.32589364,0.2564256,0.100549646,0.44624415,0.4430498,Data Collection
1050_honda.com,28,Data Collection|Other/Unclear,4,0.6633978,0.22452314,0.16210675,0.33386827,0.11057264,0.5769868,0.65981966,Data Collection|Third-Party Sharing|User Control & Deletion
1050_honda.com,29,Data Collection|Third-Party Sharing,4,0.4539363,0.24301176,0.19041577,0.42006513,0.09108908,0.6333404,0.72044706,Third-Party Sharing|User Control & Deletion
1050_honda.com,30,Data Collection|Other/Unclear,4,0.17062557,0.12532753,0.24733546,0.8702943,0.14817132,0.4106724,0.21585679,Other/Unclear
1050_honda.com,31,Data Collection,4,0.59676987,0.3402065,0.29040453,0.49002,0.07933601,0.28866765,0.7747992,Data Collection|User Control & Deletion
1050_honda.com,32,Data Collection,4,0.6942436,0.26991352,0.14732608,0.43300837,0.07995156,0.24995667,0.6809687,Data Collection|User Control & Deletion
1050_honda.com,33,Data Collection|Other/Unclear|User Control & Deletion,4,0.40578815,0.14033455,0.16976237,0.48517698,0.15262789,0.3139601,0.5468249,User Control & Deletion
1050_honda.com,34,Data Collection|User Control & Deletion,4,0.8246223,0.52091265,0.11356469,0.26651832,0.10123578,0.30201113,0.89524615,Data Collection|Data Retention|User Control & Deletion
1050_honda.com,35,Data Collection,4,0.70194924,0.29622865,0.17926873,0.35658827,0.11481576,0.42137367,0.75412124,Data Collection|User Control & Deletion
1050_honda.com,36,Data Collection|User Control & Deletion,4,0.60062796,0.2370858,0.07521865,0.5187928,0.103893094,0.22138898,0.87823135,Data Collection|Other/Unclear|User Control & Deletion
1050_honda.com,37,Data Collection,4,0.78557974,0.23304072,0.3469611,0.27661416,0.09370277,0.43375838,0.31299105,Data Collection
1050_honda.com,38,Other/Unclear,4,0.15571368,0.119966164,0.315449,0.88513696,0.14001827,0.33384883,0.24957585,Other/Unclear
1050_honda.com,39,Data Collection,4,0.68933576,0.40726903,0.24550207,0.2223742,0.09990878,0.34465146,0.77550477,Data Collection|User Control & Deletion
1050_honda.com,40,Data Collection|User Control & Deletion,4,0.7269686,0.27909404,0.22787265,0.2788864,0.09245481,0.45160672,0.68418217,Data Collection|User Control & Deletion
1050_honda.com,41,Data Collection,4,0.7381888,0.24511299,0.14717276,0.4031195,0.061787207,0.39670828,0.7012478,Data Collection|User Control & Deletion
1050_honda.com,42,User Control & Deletion,4,0.32019204,0.4899611,0.23505852,0.30979997,0.081627145,0.39899018,0.6172973,User Control & Deletion
1050_honda.com,43,Third-Party Sharing|User Control & Deletion,4,0.54806507,0.21591939,0.11125695,0.46884605,0.11194883,0.56334853,0.66394556,Data Collection|Third-Party Sharing|User Control & Deletion
1050_honda.com,44,Data Collection,4,0.6299214,0.41506118,0.27741438,0.43763858,0.09273786,0.31687754,0.6830928,Data Collection|User Control & Deletion
1050_honda.com,45,Data Collection,4,0.6452277,0.40327758,0.24170715,0.44590402,0.078394085,0.2981881,0.7130384,Data Collection|User Control & Deletion
1050_honda.com,46,Data Collection,4,0.6262368,0.41009477,0.27463603,0.4402843,0.09293264,0.31718516,0.68435425,Data Collection|User Control & Deletion
1050_honda.com,47,Data Collection|User Control & Deletion,4,0.69058084,0.48421627,0.14376806,0.32378164,0.09430332,0.2341387,0.8548069,Data Collection|User Control & Deletion
1050_honda.com,48,Data Collection|User Control & Deletion,4,0.8389956,0.22607815,0.25118703,0.23587391,0.0881913,0.44847846,0.48987323,Data Collection
1050_honda.com,49,User Control & Deletion,4,0.15116873,0.1612047,0.16026233,0.4416858,0.16439888,0.20248796,0.8886024,User Control & Deletion
1050_honda.com,50,Data Collection|User Control & Deletion,4,0.8012463,0.22518472,0.10276821,0.19685991,0.13457488,0.18908165,0.54774576,Data Collection|User Control & Deletion
1050_honda.com,51,Data Collection|Data Security|Third-Party Sharing,4,0.7606687,0.29396632,0.6544931,0.22206517,0.07085608,0.42123,0.31295633,Data Collection|Data Security
1050_honda.com,52,Data Collection|Data Retention,4,0.7915367,0.65882176,0.18009964,0.3961226,0.11196934,0.49234673,0.6627016,Data Collection|Data Retention|User Control & Deletion
1050_honda.com,53,Data Collection,4,0.78547436,0.22863685,0.35022226,0.2850407,0.09218687,0.4284389,0.31097168,Data Collection
1050_honda.com,54,Data Collection|User Control & Deletion,4,0.4797044,0.3312471,0.23697247,0.3317153,0.11595964,0.3134437,0.68986636,User Control & Deletion
1050_honda.com,55,Data Collection,4,0.7915367,0.65882176,0.18009964,0.3961226,0.11196934,0.49234673,0.6627016,Data Collection|Data Retention|User Control & Deletion
1050_honda.com,56,Data Collection,4,0.78547436,0.22863685,0.35022226,0.2850407,0.09218687,0.4284389,0.31097168,Data Collection
1050_honda.com,57,Data Collection|User Control & Deletion,4,0.4797044,0.3312471,0.23697247,0.3317153,0.11595964,0.3134437,0.68986636,User Control & Deletion
1050_honda.com,58,Other/Unclear|User Control & Deletion,4,0.41270953,0.14111613,0.15999837,0.5719006,0.081459224,0.34520435,0.51578116,Other/Unclear|User Control & Deletion
1050_honda.com,59,Other/Unclear|User Control & Deletion,4,0.5926313,0.24371883,0.15484992,0.47914484,0.073865086,0.3641839,0.53181106,Data Collection|User Control & Deletion
1050_honda.com,60,Third-Party Sharing,4,0.32203454,0.18600519,0.3396439,0.56622595,0.10168459,0.7174243,0.4471496,Other/Unclear|Third-Party Sharing
1050_honda.com,61,Other/Unclear,4,0.13869137,0.1026876,0.24428962,0.8015588,0.2737933,0.3411661,0.15941937,Other/Unclear
1050_honda.com,62,Data Security|Other/Unclear,4,0.3960869,0.15551545,0.33072165,0.4817483,0.25437194,0.26570168,0.13629277,
1050_honda.com,63,Data Security,4,0.19227992,0.21487737,0.8168033,0.4305668,0.124957465,0.14702344,0.1496349,Data Security
1050_honda.com,64,Data Collection,4,0.6236739,0.22183612,0.27382627,0.34675595,0.05019575,0.35290816,0.21201724,Data Collection
1050_honda.com,65,Third-Party Sharing,4,0.50831616,0.19734775,0.23160383,0.33924696,0.06750591,0.6600797,0.18578787,Data Collection|Third-Party Sharing
1050_honda.com,66,Third-Party Sharing,4,0.4558081,0.16677156,0.21734057,0.42647344,0.06489487,0.84837985,0.17327623,Third-Party Sharing
1050_honda.com,67,Third-Party Sharing,4,0.6132081,0.22856513,0.23621386,0.26593584,0.057737716,0.8847881,0.23277755,Data Collection|Third-Party Sharing
1050_honda.com,68,Policy Change,4,0.12929606,0.14330132,0.23284604,0.5625388,0.9591313,0.14756013,0.1869893,Other/Unclear|Policy Change
1050_honda.com,69,Data Collection,4,0.6161787,0.27279866,0.19159545,0.40917927,0.1243703,0.2655638,0.6413232,Data Collection|User Control & Deletion
1050_honda.com,70,Data Collection,4,0.5467102,0.30297905,0.19639055,0.45548478,0.13605507,0.3024609,0.5032937,Data Collection|User Control & Deletion
1050_honda.com,71,Other/Unclear,4,0.34941497,0.16226071,0.39749116,0.6516845,0.099064074,0.30204293,0.31864083,Other/Unclear
105_amazon.com,0,Other/Unclear,0,0.13347454,0.1669441,0.21513274,0.837595,0.24343686,0.21883006,0.18527149,Other/Unclear
105_amazon.com,1,Other/Unclear|Policy Change,0,0.15617748,0.08792645,0.118527584,0.79830444,0.9061787,0.13705076,0.18937582,Other/Unclear|Policy Change
105_amazon.com,2,Data Collection|Data Security|Other/Unclear|Policy Change|Third-Party Sharing|User Control & Deletion,0,0.22027573,0.13091211,0.47834843,0.8711919,0.22035234,0.30743352,0.22800395,Other/Unclear
105_amazon.com,3,Data Collection,0,0.67485166,0.20974673,0.23034433,0.53222734,0.081249915,0.14808865,0.16085364,Data Collection|Other/Unclear
105_amazon.com,4,Data Collection|Data Retention|User Control & Deletion,0,0.8291698,0.52871305,0.17248724,0.38117397,0.101046875,0.29571706,0.42162043,Data Collection|Data Retention
105_amazon.com,5,Data Collection|Data Retention,0,0.7633741,0.21832559,0.1661823,0.57296515,0.06836858,0.32606262,0.18641534,Data Collection|Other/Unclear
105_amazon.com,6,Data Collection|Third-Party Sharing|User Control & Deletion,0,0.8825524,0.1121642,0.100062944,0.30927855,0.070889704,0.3911407,0.30096817,Data Collection
105_amazon.com,7,Data Collection|Other/Unclear|User Control & Deletion,0,0.58639747,0.1164146,0.15507604,0.6435585,0.100522995,0.24778308,0.7014122,Data Collection|Other/Unclear|User Control & Deletion
105_amazon.com,8,Data Collection|Third-Party Sharing,0,0.7234201,0.15267704,0.13819578,0.49017307,0.14141458,0.1664223,0.24421419,Data Collection
105_amazon.com,9,Data Collection|Third-Party Sharing|User Control & Deletion,0,0.69366336,0.22464678,0.14166321,0.38856354,0.06672952,0.2932968,0.75413847,Data Collection|User Control & Deletion
105_amazon.com,10,Data Collection|Other/Unclear|Third-Party Sharing,0,0.20760317,0.17104381,0.30796537,0.6613121,0.18621904,0.5750289,0.17576729,Other/Unclear|Third-Party Sharing
105_amazon.com,11,Other/Unclear|Third-Party Sharing,0,0.23539364,0.119176336,0.28112713,0.62939036,0.09146328,0.85264176,0.29299897,Other/Unclear|Third-Party Sharing
105_amazon.com,12,Third-Party Sharing,0,0.20115496,0.12074358,0.8847339,0.34115317,0.072672926,0.8636011,0.15543656,Data Security|Third-Party Sharing
105_amazon.com,13,Data Collection|Other/Unclear|Third-Party Sharing|User Control & Deletion,0,0.38874456,0.1394898,0.15642144,0.47939867,0.08886913,0.5560077,0.55340326,Third-Party Sharing|User Control & Deletion
105_amazon.com,14,Data Collection|Policy Change|Third-Party Sharing|User Control & Deletion,0,0.2516475,0.14659394,0.26842344,0.34029135,0.19703527,0.7146167,0.19622907,Third-Party Sharing
105_amazon.com,15,Data Collection|Other/Unclear|Third-Party Sharing,0,0.32809332,0.15832175,0.3121907,0.29846367,0.09222798,0.7504933,0.15915608,Third-Party Sharing
105_amazon.com,16,Third-Party Sharing|User Control & Deletion,0,0.37342024,0.11994186,0.121469036,0.37107837,0.10542754,0.6035852,0.841865,Third-Party Sharing|User Control & Deletion
105_amazon.com,17,Data Security|Third-Party Sharing,0,0.18828206,0.12745754,0.9729021,0.30792856,0.08564801,0.33348322,0.18877947,Data Security
105_amazon.com,18,Other/Unclear|Third-Party Sharing,0,0.23150752,0.06500248,0.27644455,0.8057576,0.09173026,0.73687357,0.22176702,Other/Unclear|Third-Party Sharing
105_amazon.com,19,User Control & Deletion,0,0.46577725,0.31572425,0.3082645,0.49259418,0.14103688,0.38770145,0.40938696,
105_amazon.com,20,User Control & Deletion,0,0.33589056,0.23238875,0.21540926,0.42586407,0.081485406,0.28170058,0.71483225,User Control & Deletion
105_amazon.com,21,Data Retention|User Control & Deletion,0,0.31585345,0.6450873,0.18329683,0.5270368,0.10513596,0.19094853,0.671635,Data Retention|Other/Unclear|User Control & Deletion
105_amazon.com,22,Policy Change|User Control & Deletion,0,0.260548,0.11103255,0.15739666,0.6638263,0.67977846,0.18337947,0.8221992,Other/Unclear|Policy Change|User Control & Deletion
105_amazon.com,23,User Control & Deletion,0,0.4921718,0.096202835,0.18240261,0.52101946,0.097840846,0.48703644,0.68787396,Other/Unclear|User Control & Deletion
105_amazon.com,24,Other/Unclear|User Control & Deletion,0,0.49046472,0.22114012,0.1505717,0.337304,0.08295795,0.22383824,0.85523313,User Control & Deletion
105_amazon.com,25,Other/Unclear,0,0.33469373,0.17334023,0.18569486,0.71828234,0.09230709,0.33162403,0.2608989,Other/Unclear
105_amazon.com,26,Data Security|Other/Unclear,0,0.20958504,0.1265704,0.63895553,0.84263104,0.07927052,0.1847289,0.1773275,Data Security|Other/Unclear
105_amazon.com,27,Data Collection|Data Security|Other/Unclear,0,0.17738324,0.10920995,0.38526922,0.8434187,0.09205173,0.14336206,0.24557038,Other/Unclear
105_amazon.com,28,Data Security|Other/Unclear,0,0.18487076,0.10765056,0.28680572,0.8574493,0.082966484,0.14800227,0.27281415,Other/Unclear
105_amazon.com,29,Other/Unclear|Policy Change|User Control & Deletion,0,0.19452105,0.19129546,0.19626215,0.7069844,0.7012707,0.19122767,0.31707695,Other/Unclear|Policy Change
105_amazon.com,30,Other/Unclear,0,0.40460902,0.13062452,0.26607677,0.54562473,0.1506232,0.29189456,0.27366048,Other/Unclear
105_amazon.com,31,Data Collection,0,0.8328029,0.2441683,0.3022588,0.26531482,0.040792912,0.5027437,0.3106111,Data Collection|Third-Party Sharing
105_amazon.com,32,Data Collection,0,0.9600017,0.2116117,0.102685,0.1291042,0.039062075,0.35440874,0.18947238,Data Collection
105_amazon.com,33,Data Collection|Other/Unclear|User Control & Deletion,0,0.49553356,0.14487398,0.1139393,0.5155978,0.091860004,0.20781378,0.5776461,Other/Unclear|User Control & Deletion
105_amazon.com,34,Data Collection|Third-Party Sharing,0,0.77838224,0.152636,0.243337,0.29442823,0.06947275,0.3830653,0.19622856,Data Collection
105_amazon.com,35,Other/Unclear|Third-Party Sharing,0,0.3450311,0.07500347,0.14188275,0.5947574,0.094673425,0.41438052,0.21805806,Other/Unclear
105_amazon.com,36,User Control & Deletion,0,0.62894744,0.13269722,0.2949566,0.30725148,0.057089806,0.2575926,0.6620074,Data Collection|User Control & Deletion
1070_wnep.com,0,Other/Unclear|Policy Change,2,0.1724581,0.089668475,0.22390094,0.8404883,0.58952564,0.28775442,0.118169926,Other/Unclear|Policy Change
1070_wnep.com,1,Data Collection|Other/Unclear,2,0.21923442,0.15043557,0.40477404,0.87233216,0.26661155,0.11292243,0.22648068,Other/Unclear
1070_wnep.com,2,Data Collection|Other/Unclear,2,0.7743396,0.2508803,0.21399654,0.5922941,0.11110957,0.24328874,0.33547315,Data Collection|Other/Unclear
1070_wnep.com,3,Data Collection,2,0.92714614,0.2486236,0.11435639,0.20388545,0.053827476,0.43463826,0.34243077,Data Collection
1070_wnep.com,4,Data Collection|Data Retention|Third-Party Sharing,2,0.7190906,0.45661372,0.301141,0.47565374,0.10798473,0.5070256,0.39280093,Data Collection|Third-Party Sharing
1070_wnep.com,5,Data Collection,2,0.7781777,0.19112165,0.17833401,0.45231494,0.07045156,0.5211585,0.17080711,Data Collection|Third-Party Sharing
1070_wnep.com,6,Other/Unclear|Third-Party Sharing,2,0.41877937,0.14566466,0.21642901,0.6832105,0.074228205,0.76988006,0.34980327,Other/Unclear|Third-Party Sharing
1070_wnep.com,7,Data Collection,2,0.8777089,0.17382213,0.1455349,0.28651148,0.056215137,0.5181203,0.26263693,Data Collection|Third-Party Sharing
1070_wnep.com,8,Data Collection,2,0.895939,0.21706024,0.13922022,0.28123245,0.09232442,0.5589939,0.15730982,Data Collection|Third-Party Sharing
1070_wnep.com,9,Data Collection|User Control & Deletion,2,0.34736753,0.12765901,0.114309795,0.5027286,0.12489761,0.20812643,0.9409231,Other/Unclear|User Control & Deletion
1070_wnep.com,10,Other/Unclear|Third-Party Sharing|User Control & Deletion,2,0.3992698,0.07828695,0.17638394,0.5276441,0.060641717,0.64667577,0.7660891,Other/Unclear|Third-Party Sharing|User Control & Deletion
1070_wnep.com,11,User Control & Deletion,2,0.2737251,0.15093808,0.21845195,0.5381357,0.094349444,0.285332,0.69392854,Other/Unclear|User Control & Deletion
1070_wnep.com,12,Data Collection|Third-Party Sharing|User Control & Deletion,2,0.8710138,0.13746463,0.13565685,0.22163734,0.056442443,0.4170498,0.4721662,Data Collection
1070_wnep.com,13,Data Collection,2,0.9461002,0.21185182,0.1095238,0.21119387,0.13595267,0.48644653,0.20591807,Data Collection
1070_wnep.com,14,Data Collection|Third-Party Sharing,2,0.49908462,0.24344231,0.30036268,0.63301235,0.21410385,0.71775645,0.11755719,Other/Unclear|Third-Party Sharing
1070_wnep.com,15,Other/Unclear,2,0.25314844,0.20946018,0.2916342,0.4237775,0.17701946,0.67671806,0.26706633,Third-Party Sharing
1070_wnep.com,16,Third-Party Sharing,2,0.25898588,0.14285547,0.1855548,0.31748167,0.12544522,0.87901795,0.24915664,Third-Party Sharing
1070_wnep.com,17,Third-Party Sharing,2,0.42937768,0.17367122,0.30766132,0.18363465,0.098563224,0.89162636,0.15237235,Third-Party Sharing
1070_wnep.com,18,Other/Unclear|Third-Party Sharing,2,0.5806653,0.14522545,0.2581833,0.6005587,0.18612424,0.6007061,0.26488027,Data Collection|Other/Unclear|Third-Party Sharing
1070_wnep.com,19,Third-Party Sharing,2,0.25771546,0.20654844,0.1889744,0.2904327,0.09075828,0.75492656,0.17219557,Third-Party Sharing
1070_wnep.com,20,Third-Party Sharing,2,0.18594155,0.09335614,0.21517909,0.381332,0.07444393,0.9659546,0.23685212,Third-Party Sharing
1070_wnep.com,21,Third-Party Sharing,2,0.3884199,0.14701913,0.3177187,0.18539624,0.109138735,0.76994056,0.15985529,Third-Party Sharing
1070_wnep.com,22,Other/Unclear|User Control & Deletion,2,0.21102382,0.30288923,0.19059578,0.62095094,0.18048377,0.22627524,0.833676,Other/Unclear|User Control & Deletion
1070_wnep.com,23,Data Security,2,0.1312125,0.22874016,0.9541976,0.32316494,0.08032917,0.12487213,0.14517887,Data Security
1070_wnep.com,24,Other/Unclear,2,0.097825736,0.07623939,0.34827352,0.89462394,0.08187087,0.6492699,0.09674381,Other/Unclear|Third-Party Sharing
1070_wnep.com,25,Other/Unclear|Third-Party Sharing,2,0.30725932,0.09841393,0.25405827,0.77175975,0.1234492,0.7082614,0.16374026,Other/Unclear|Third-Party Sharing
1070_wnep.com,26,Other/Unclear,2,0.18394846,0.40860826,0.28699583,0.8528311,0.14660454,0.37892085,0.2800019,Other/Unclear
1070_wnep.com,27,Other/Unclear,2,0.3488812,0.17148463,0.18337238,0.77214056,0.12931521,0.47317985,0.24051505,Other/Unclear
1070_wnep.com,28,Other/Unclear,2,0.09225639,0.11301725,0.13484581,0.9498531,0.28038636,0.07097027,0.3001774,Other/Unclear
1070_wnep.com,29,Other/Unclear,2,0.18439095,0.16464756,0.15492117,0.841638,0.080299586,0.32554942,0.6622206,Other/Unclear|User Control & Deletion
1070_wnep.com,30,Other/Unclear,2,0.053341553,0.07834138,0.23304048,0.8923639,0.24274191,0.508013,0.18515341,Other/Unclear|Third-Party Sharing
1070_wnep.com,31,Policy Change,2,0.06631887,0.10062474,0.08166609,0.3227814,0.9966545,0.08864212,0.23488885,Policy Change
1083_highgearmedia.com,0,Other/Unclear,1,0.10161683,0.07170135,0.18157178,0.8848064,0.42084154,0.11413608,0.13043247,Other/Unclear
1083_highgearmedia.com,1,Other/Unclear,1,0.386676,0.13576068,0.23047718,0.7328197,0.20878564,0.24943623,0.23285757,Other/Unclear
1083_highgearmedia.com,2,Data Collection|Other/Unclear|Third-Party Sharing,1,0.27622688,0.15599446,0.16321906,0.77612215,0.29147276,0.5509205,0.35698262,Other/Unclear|Third-Party Sharing
1083_highgearmedia.com,3,Data Collection|User Control & Deletion,1,0.94336224,0.26736945,0.07708973,0.26258442,0.041880753,0.20381476,0.4393945,Data Collection
1083_highgearmedia.com,4,Data Collection,1,0.9164377,0.34091625,0.123304866,0.17541799,0.066006035,0.4672724,0.13921438,Data Collection
1083_highgearmedia.com,5,Data Collection|Third-Party Sharing,1,0.9104045,0.21605277,0.13014984,0.14502612,0.10523931,0.823103,0.1972772,Data Collection|Third-Party Sharing
1083_highgearmedia.com,6,Data Collection,1,0.79311246,0.200053,0.1383077,0.18899147,0.090613976,0.6459842,0.1701307,Data Collection|Third-Party Sharing
1083_highgearmedia.com,7,Third-Party Sharing,1,0.3575483,0.27752227,0.2529084,0.22049288,0.09526051,0.96687114,0.1447172,Third-Party Sharing
1083_highgearmedia.com,8,Third-Party Sharing,1,0.411372,0.08916663,0.21097153,0.30603528,0.059186283,0.9459263,0.1267536,Third-Party Sharing
1083_highgearmedia.com,9,Third-Party Sharing,1,0.43990028,0.1480308,0.17405193,0.42633086,0.07534662,0.8315591,0.528476,Third-Party Sharing|User Control & Deletion
1083_highgearmedia.com,10,Data Collection|Other/Unclear,1,0.6121554,0.10124958,0.11443766,0.40275097,0.11625809,0.38353753,0.3492314,Data Collection
1083_highgearmedia.com,11,Data Collection|Other/Unclear,1,0.492399,0.45015255,0.098642506,0.35578558,0.14634284,0.41091487,0.7226956,User Control & Deletion
1083_highgearmedia.com,12,User Control & Deletion,1,0.35154337,0.17794974,0.06367307,0.3975538,0.09892793,0.16268964,0.9421689,User Control & Deletion
1083_highgearmedia.com,13,Other/Unclear,1,0.20567627,0.12954114,0.3562448,0.83200395,0.20985115,0.70577943,0.15455502,Other/Unclear|Third-Party Sharing
1083_highgearmedia.com,14,Other/Unclear,1,0.191634,0.22760047,0.4785006,0.83313715,0.15009247,0.5276161,0.35584113,Other/Unclear|Third-Party Sharing
1083_highgearmedia.com,15,Other/Unclear|Third-Party Sharing,1,0.534264,0.27528238,0.31405225,0.49845916,0.1494421,0.7227145,0.30841067,Data Collection|Third-Party Sharing
1083_highgearmedia.com,16,Data Security|Other/Unclear,1,0.37953794,0.097470455,0.34439996,0.42894498,0.08952109,0.5395127,0.50764126,Third-Party Sharing|User Control & Deletion
1083_highgearmedia.com,17,Data Collection|Other/Unclear,1,0.69740707,0.17108789,0.2597534,0.60874933,0.10993011,0.28615907,0.31082773,Data Collection|Other/Unclear
1083_highgearmedia.com,18,Data Collection|Other/Unclear|Third-Party Sharing,1,0.5106054,0.123924114,0.36511013,0.49681178,0.16145697,0.52422833,0.2777039,Data Collection|Third-Party Sharing
1083_highgearmedia.com,19,User Control & Deletion,1,0.6781182,0.1099797,0.15570758,0.5211396,0.095127955,0.3170169,0.7358079,Data Collection|Other/Unclear|User Control & Deletion
1083_highgearmedia.com,20,Data Collection|Third-Party Sharing,1,0.71065843,0.101672105,0.13616578,0.48789075,0.10394969,0.7966679,0.36469662,Data Collection|Third-Party Sharing
1083_highgearmedia.com,21,Other/Unclear|User Control & Deletion,1,0.45235127,0.11793992,0.23995769,0.5945498,0.16083992,0.44528562,0.43843573,Other/Unclear
1083_highgearmedia.com,22,Data Collection|Other/Unclear,1,0.36051577,0.062417425,0.16998312,0.94703853,0.13177721,0.091676176,0.11277751,Other/Unclear
1083_highgearmedia.com,23,Data Security,1,0.13875078,0.1484891,0.96935445,0.45613924,0.05787993,0.115542844,0.1376441,Data Security
1083_highgearmedia.com,24,Policy Change,1,0.16142136,0.20994766,0.14402306,0.3471573,0.96655554,0.16357045,0.2380963,Policy Change
1083_highgearmedia.com,25,Data Retention|Other/Unclear|User Control & Deletion,1,0.28268796,0.5568364,0.21754974,0.61030936,0.3842793,0.3075997,0.7334641,Data Retention|Other/Unclear|User Control & Deletion
1083_highgearmedia.com,26,User Control & Deletion,1,0.29760107,0.240988,0.15288441,0.40780258,0.083227456,0.32413322,0.725067,User Control & Deletion
1083_highgearmedia.com,27,Other/Unclear|Third-Party Sharing|User Control & Deletion,1,0.22078408,0.17877461,0.1414826,0.7328207,0.123046614,0.370621,0.54356635,Other/Unclear|User Control & Deletion
1083_highgearmedia.com,28,Other/Unclear,1,0.27310178,0.11152144,0.15646021,0.8568676,0.17793654,0.26491553,0.4993837,Other/Unclear
1083_highgearmedia.com,29,Other/Unclear,1,0.297896,0.13857539,0.14830647,0.6861461,0.18002944,0.15871635,0.67872703,Other/Unclear|User Control & Deletion
1083_highgearmedia.com,30,Other/Unclear,1,0.1737232,0.075392336,0.113078095,0.76496124,0.22212756,0.20534973,0.37082598,Other/Unclear
1083_highgearmedia.com,31,Other/Unclear,1,0.30563736,0.28028563,0.22410199,0.6245216,0.16562289,0.19278663,0.35279262,Other/Unclear
1089_freep.com,0,Other/Unclear,0,0.15036063,0.13127783,0.3082147,0.8883198,0.6271752,0.115937665,0.10083947,Other/Unclear|Policy Change
1089_freep.com,1,Other/Unclear,0,0.5993839,0.12057508,0.2811883,0.7422337,0.13190061,0.28304762,0.16560304,Data Collection|Other/Unclear
1089_freep.com,2,Other/Unclear|Policy Change,0,0.22165756,0.14161983,0.17760594,0.65141994,0.92330104,0.15098193,0.33536127,Other/Unclear|Policy Change
1089_freep.com,3,Other/Unclear,0,0.17986532,0.13025577,0.12910046,0.85108095,0.06293175,0.31793925,0.63994455,Other/Unclear|User Control & Deletion
1089_freep.com,4,Data Collection|Data Retention,0,0.9458953,0.33498892,0.2587834,0.26806125,0.045679256,0.47582683,0.17201602,Data Collection
1089_freep.com,5,Data Collection,0,0.9372834,0.32625014,0.11051432,0.1729336,0.043938033,0.37902233,0.31159857,Data Collection
1089_freep.com,6,Data Collection,0,0.9670452,0.22652444,0.16307749,0.2022195,0.0496524,0.44497013,0.26654947,Data Collection
1089_freep.com,7,Data Collection|Third-Party Sharing,0,0.5113552,0.22764531,0.37297383,0.5988134,0.08214379,0.8220488,0.16573,Data Collection|Other/Unclear|Third-Party Sharing
1089_freep.com,8,Data Collection,0,0.92670864,0.15553945,0.0999078,0.33366936,0.052285492,0.4797935,0.2904465,Data Collection
1089_freep.com,9,Data Collection,0,0.94647586,0.21660008,0.16628283,0.16835858,0.07141265,0.33378503,0.20931129,Data Collection
1089_freep.com,10,Data Collection,0,0.9468079,0.18845503,0.15829334,0.25467065,0.07139003,0.38579154,0.20000778,Data Collection
1089_freep.com,11,Data Collection,0,0.8719445,0.16937664,0.25071022,0.27536654,0.16165286,0.50278443,0.20949055,Data Collection|Third-Party Sharing
1089_freep.com,12,Data Collection|User Control & Deletion,0,0.65221864,0.21483386,0.19733186,0.32149276,0.069221966,0.343164,0.78465015,Data Collection|User Control & Deletion
1089_freep.com,13,User Control & Deletion,0,0.44414875,0.1161454,0.14287972,0.57492626,0.06775772,0.30196285,0.9275005,Other/Unclear|User Control & Deletion
1089_freep.com,14,Third-Party Sharing,0,0.5754642,0.18645267,0.649826,0.18552506,0.048838854,0.97801036,0.07955236,Data Collection|Data Security|Third-Party Sharing
1089_freep.com,15,User Control & Deletion,0,0.24257906,0.16735733,0.2145043,0.8084303,0.19240586,0.3026344,0.49707493,Other/Unclear
1089_freep.com,16,Other/Unclear|Third-Party Sharing,0,0.3672019,0.118801475,0.20183243,0.66490376,0.111623,0.74743724,0.17612341,Other/Unclear|Third-Party Sharing
1089_freep.com,17,Third-Party Sharing,0,0.8271837,0.106018335,0.18919428,0.29843682,0.050814994,0.94599104,0.12444401,Data Collection|Third-Party Sharing
1089_freep.com,18,Data Collection|Other/Unclear|Third-Party Sharing,0,0.630925,0.1608053,0.29913017,0.6407926,0.12146852,0.6013401,0.21640669,Data Collection|Other/Unclear|Third-Party Sharing
1089_freep.com,19,Other/Unclear,0,0.40921795,0.1727749,0.4073137,0.6667397,0.118964314,0.7601436,0.48512924,Other/Unclear|Third-Party Sharing
1089_freep.com,20,Third-Party Sharing,0,0.3489206,0.21975678,0.17331186,0.17889164,0.080060475,0.92982274,0.13828705,Third-Party Sharing
1089_freep.com,21,Third-Party Sharing,0,0.3546154,0.12766959,0.1818509,0.26341578,0.09194872,0.82324195,0.1752597,Third-Party Sharing
1089_freep.com,22,Data Security|Other/Unclear,0,0.27849367,0.1051663,0.6483717,0.6765351,0.10307776,0.405454,0.41812804,Data Security|Other/Unclear
1089_freep.com,23,Data Collection,0,0.90998626,0.15954235,0.11751437,0.23791112,0.086153775,0.7418122,0.10582727,Data Collection|Third-Party Sharing
1089_freep.com,24,Data Collection|Third-Party Sharing,0,0.80649,0.14267716,0.29087123,0.3481066,0.05837412,0.95320994,0.10966902,Data Collection|Third-Party Sharing
1089_freep.com,25,Data Collection|Third-Party Sharing,0,0.8649385,0.31092483,0.23065326,0.30166692,0.060093906,0.44120565,0.23961577,Data Collection
1089_freep.com,26,Other/Unclear|User Control & Deletion,0,0.1596435,0.05975357,0.21176763,0.8584156,0.13098894,0.47998258,0.9153798,Other/Unclear|User Control & Deletion
1089_freep.com,27,Other/Unclear|Third-Party Sharing,0,0.31001428,0.3074561,0.4423378,0.6233543,0.07762284,0.74734086,0.19061092,Other/Unclear|Third-Party Sharing
1089_freep.com,28,Data Collection|Other/Unclear,0,0.4300887,0.2380297,0.15360644,0.94992363,0.097271025,0.12869953,0.23057686,Other/Unclear
1089_freep.com,29,User Control & Deletion,0,0.3868221,0.19325392,0.12880296,0.30167836,0.3127699,0.18239273,0.84832466,User Control & Deletion
1089_freep.com,30,Data Security,0,0.27991083,0.3387311,0.9297546,0.36286005,0.067306265,0.18967699,0.16325995,Data Security
1089_freep.com,31,Other/Unclear,0,0.28421888,0.103994116,0.3028397,0.7699999,0.13296127,0.57455724,0.18449222,Other/Unclear|Third-Party Sharing
1089_freep.com,32,Other/Unclear,0,0.0774478,0.05740947,0.11764175,0.9296333,0.18580559,0.10764116,0.2711468,Other/Unclear
1099_enthusiastnetwork.com,0,Data Security|Other/Unclear,4,0.25669137,0.12561578,0.32340926,0.782088,0.34424013,0.24230492,0.19972509,Other/Unclear
1099_enthusiastnetwork.com,1,Data Collection,4,0.87991136,0.17033675,0.21277851,0.37842947,0.059532344,0.32582277,0.29501596,Data Collection
1099_enthusiastnetwork.com,2,Data Collection,4,0.7936358,0.23054302,0.46018133,0.21591297,0.052312408,0.4212556,0.37564105,Data Collection
1099_enthusiastnetwork.com,3,Data Collection|Other/Unclear,4,0.7712019,0.14826536,0.12219749,0.39507508,0.09431683,0.21244772,0.13771589,Data Collection
1099_enthusiastnetwork.com,4,Data Collection|Data Retention|Other/Unclear|Third-Party Sharing|User Control & Deletion,4,0.7924355,0.20010796,0.16362554,0.2515611,0.06576592,0.57285804,0.5192444,Data Collection|Third-Party Sharing|User Control & Deletion
1099_enthusiastnetwork.com,5,Other/Unclear,4,0.32381648,0.1489139,0.30238223,0.46054426,0.080708794,0.6616871,0.21429478,Third-Party Sharing
1099_enthusiastnetwork.com,6,Third-Party Sharing,4,0.21941191,0.1898345,0.42064705,0.23158605,0.057718355,0.82919085,0.28034934,Third-Party Sharing
1099_enthusiastnetwork.com,7,Third-Party Sharing,4,0.52477294,0.09179563,0.3791926,0.35460258,0.10279462,0.81772244,0.19477318,Data Collection|Third-Party Sharing
1099_enthusiastnetwork.com,8,Third-Party Sharing,4,0.3701083,0.10908612,0.2645155,0.36656973,0.06507735,0.9153956,0.4427986,Third-Party Sharing
1099_enthusiastnetwork.com,9,Third-Party Sharing,4,0.62005776,0.20724921,0.3801633,0.34530646,0.11858767,0.47207424,0.31416342,Data Collection
1099_enthusiastnetwork.com,10,Third-Party Sharing,4,0.52482045,0.22411117,0.58917964,0.23791234,0.0946889,0.93584985,0.25866613,Data Collection|Data Security|Third-Party Sharing
1099_enthusiastnetwork.com,11,Other/Unclear|Third-Party Sharing,4,0.5529085,0.18414755,0.26105627,0.51693356,0.08487682,0.7699726,0.33352265,Data Collection|Other/Unclear|Third-Party Sharing
1099_enthusiastnetwork.com,12,Third-Party Sharing|User Control & Deletion,4,0.1474779,0.06822195,0.08227251,0.47291192,0.09596547,0.8039876,0.86768955,Third-Party Sharing|User Control & Deletion
1099_enthusiastnetwork.com,13,Other/Unclear|Third-Party Sharing,4,0.3254807,0.16932368,0.3334926,0.7570855,0.07630953,0.7177768,0.25878477,Other/Unclear|Third-Party Sharing
1099_enthusiastnetwork.com,14,Third-Party Sharing,4,0.5287613,0.26906884,0.40238324,0.18711556,0.16238667,0.5983538,0.17193672,Data Collection|Third-Party Sharing
1099_enthusiastnetwork.com,15,Third-Party Sharing,4,0.4455269,0.17216967,0.13046508,0.14688943,0.25343922,0.79059327,0.2254548,Third-Party Sharing
1099_enthusiastnetwork.com,16,Data Collection|Other/Unclear|Third-Party Sharing|User Control & Deletion,4,0.7769359,0.2294541,0.11974596,0.35060942,0.05412369,0.5064488,0.80325526,Data Collection|Third-Party Sharing|User Control & Deletion
1099_enthusiastnetwork.com,17,Third-Party Sharing,4,0.806845,0.11746335,0.17070694,0.40329263,0.07260493,0.8758684,0.22268362,Data Collection|Third-Party Sharing
1099_enthusiastnetwork.com,18,Data Collection|Other/Unclear,4,0.8412142,0.11645896,0.24908394,0.38594905,0.041227832,0.5217557,0.14968137,Data Collection|Third-Party Sharing
1099_enthusiastnetwork.com,19,Data Collection|Other/Unclear,4,0.82093936,0.18146718,0.16948369,0.31854537,0.08090967,0.40578356,0.22955115,Data Collection
1099_enthusiastnetwork.com,20,Data Collection|Other/Unclear|Third-Party Sharing,4,0.5103254,0.091204464,0.21269391,0.5728679,0.098031126,0.9534986,0.37809065,Data Collection|Other/Unclear|Third-Party Sharing
1099_enthusiastnetwork.com,21,Other/Unclear,4,0.33635136,0.14244232,0.16242033,0.44043812,0.10023278,0.17925817,0.8031535,User Control & Deletion
1099_enthusiastnetwork.com,22,User Control & Deletion,4,0.31919137,0.28441316,0.12739113,0.37417603,0.1361437,0.1844504,0.688756,User Control & Deletion
1099_enthusiastnetwork.com,23,Other/Unclear|User Control & Deletion,4,0.24335013,0.24829917,0.18307567,0.5374919,0.12764259,0.20312122,0.7884007,Other/Unclear|User Control & Deletion
1099_enthusiastnetwork.com,24,User Control & Deletion,4,0.30535272,0.12541534,0.18289703,0.4842292,0.1352707,0.21684906,0.700282,User Control & Deletion
1099_enthusiastnetwork.com,25,User Control & Deletion,4,0.12243234,0.13798836,0.15987247,0.6612746,0.09090986,0.77835107,0.81969494,Other/Unclear|Third-Party Sharing|User Control & Deletion
1099_enthusiastnetwork.com,26,Data Retention|Other/Unclear|User Control & Deletion,4,0.24227647,0.53220004,0.22274137,0.58381575,0.061611123,0.5057945,0.89664274,Data Retention|Other/Unclear|Third-Party Sharing|User Control & Deletion
1099_enthusiastnetwork.com,27,Other/Unclear,4,0.09455393,0.18441567,0.23039496,0.831831,0.15149334,0.14778619,0.49492246,Other/Unclear
1099_enthusiastnetwork.com,28,Other/Unclear,4,0.16276738,0.18618038,0.16007133,0.60720396,0.12243302,0.14754735,0.939153,Other/Unclear|User Control & Deletion
1099_enthusiastnetwork.com,29,Data Security|Other/Unclear,4,0.17003591,0.34690043,0.9764326,0.38601282,0.09924736,0.25999278,0.21783873,Data Security
1099_enthusiastnetwork.com,30,Other/Unclear,4,0.5400136,0.0924272,0.25105253,0.85594314,0.1304844,0.15349221,0.13919312,Data Collection|Other/Unclear
1099_enthusiastnetwork.com,31,Other/Unclear,4,0.19925417,0.091444515,0.42866334,0.791976,0.06890093,0.8403937,0.2950103,Other/Unclear|Third-Party Sharing
1099_enthusiastnetwork.com,32,Other/Unclear,4,0.31459156,0.19016679,0.115008324,0.87416613,0.07799914,0.26327163,0.6407841,Other/Unclear|User Control & Deletion
1099_enthusiastnetwork.com,33,Other/Unclear,4,0.33883166,0.26223218,0.26682287,0.75415444,0.14143412,0.25089923,0.22875276,Other/Unclear
1099_enthusiastnetwork.com,34,Policy Change|User Control & Deletion,4,0.18500923,0.12983634,0.25369346,0.7929679,0.7661539,0.23256198,0.5457859,Other/Unclear|Policy Change|User Control & Deletion
1099_enthusiastnetwork.com,35,Policy Change,4,0.16200474,0.17108966,0.34317452,0.5593404,0.65880865,0.21810646,0.18865691,Other/Unclear|Policy Change
1099_enthusiastnetwork.com,36,Other/Unclear,4,0.07564205,0.07651421,0.10971812,0.94210213,0.20752122,0.10811086,0.3646748,Other/Unclear
1099_enthusiastnetwork.com,37,Other/Unclear,4,0.17952083,0.1422245,0.16580257,0.7259908,0.081777565,0.1315189,0.5447949,Other/Unclear|User Control & Deletion
1099_enthusiastnetwork.com,38,Other/Unclear|Policy Change,4,0.17590253,0.14403519,0.1343613,0.70644176,0.6060072,0.15679984,0.27224037,Other/Unclear|Policy Change
1164_acbj.com,0,Other/Unclear,1,0.15756392,0.109055005,0.24597462,0.8441353,0.30985633,0.13435428,0.2022942,Other/Unclear
1164_acbj.com,1,Other/Unclear|Policy Change|User Control & Deletion,1,0.064467065,0.08734785,0.08993098,0.8239681,0.43347347,0.4095765,0.6518263,Other/Unclear|User Control & Deletion
1164_acbj.com,2,Other/Unclear,1,0.25479302,0.1685447,0.17940153,0.7551627,0.20997708,0.19840784,0.110564135,Other/Unclear
1164_acbj.com,3,Other/Unclear,1,0.60885096,0.14209849,0.18696669,0.7004583,0.15886585,0.2775832,0.16472715,Data Collection|Other/Unclear
1164_acbj.com,4,Data Collection,1,0.88259023,0.3349272,0.12717803,0.22780278,0.06873843,0.50890726,0.39917383,Data Collection|Third-Party Sharing
1164_acbj.com,5,Data Collection,1,0.90068316,0.13903023,0.08920121,0.24746615,0.06455184,0.3392522,0.25681862,Data Collection
1164_acbj.com,6,Data Collection|Third-Party Sharing|User Control & Deletion,1,0.7653876,0.18286568,0.17872779,0.35452318,0.10065411,0.8163692,0.40007067,Data Collection|Third-Party Sharing
1164_acbj.com,7,Data Collection,1,0.95154345,0.27249533,0.1045827,0.15785176,0.28800374,0.46865785,0.3621021,Data Collection
1164_acbj.com,8,Third-Party Sharing|User Control & Deletion,1,0.4243871,0.18679619,0.08534432,0.34262478,0.17121582,0.6213685,0.85514665,Third-Party Sharing|User Control & Deletion
1164_acbj.com,9,Data Collection|Other/Unclear|Third-Party Sharing,1,0.80455613,0.30063465,0.67904407,0.39834887,0.066245206,0.9390569,0.22574632,Data Collection|Data Security|Third-Party Sharing
1164_acbj.com,10,Data Collection|Third-Party Sharing,1,0.5323112,0.21741053,0.22424075,0.37701616,0.11414082,0.7520057,0.2709462,Data Collection|Third-Party Sharing
1164_acbj.com,11,Third-Party Sharing,1,0.378036,0.24353793,0.25305492,0.20496804,0.060984127,0.7992722,0.18010184,Third-Party Sharing
1164_acbj.com,12,Data Collection,1,0.8801135,0.19299422,0.12942211,0.26757288,0.07571309,0.388853,0.19641367,Data Collection
1164_acbj.com,13,Data Collection|Third-Party Sharing,1,0.580709,0.13903078,0.21894155,0.29797933,0.14011638,0.7668747,0.13945872,Data Collection|Third-Party Sharing
1164_acbj.com,14,Third-Party Sharing,1,0.25749883,0.11123381,0.12697737,0.21331158,0.17340575,0.8214533,0.13878405,Third-Party Sharing
1164_acbj.com,15,Data Collection|Other/Unclear,1,0.71589786,0.17178294,0.14709109,0.39870876,0.08429048,0.42275104,0.26218817,Data Collection
1164_acbj.com,16,Data Collection|Data Retention|Other/Unclear|Third-Party Sharing,1,0.91759384,0.23331472,0.14486189,0.20713696,0.054573268,0.6524632,0.3185033,Data Collection|Third-Party Sharing
1164_acbj.com,17,User Control & Deletion,1,0.526989,0.1116082,0.12646756,0.59412605,0.07769964,0.35440087,0.7826146,Data Collection|Other/Unclear|User Control & Deletion
1164_acbj.com,18,Data Collection|Other/Unclear,1,0.69904405,0.08202516,0.16611126,0.3838547,0.1003748,0.567077,0.18126984,Data Collection|Third-Party Sharing
1164_acbj.com,19,Other/Unclear|User Control & Deletion,1,0.2426318,0.11814592,0.1288474,0.70948124,0.104938924,0.47162217,0.70977217,Other/Unclear|User Control & Deletion
1164_acbj.com,20,Third-Party Sharing|User Control & Deletion,1,0.55157566,0.08566116,0.15935367,0.50886863,0.1169973,0.70371586,0.54255146,Data Collection|Other/Unclear|Third-Party Sharing|User Control & Deletion
1164_acbj.com,21,Other/Unclear|User Control & Deletion,1,0.18756403,0.22783594,0.18696626,0.75010836,0.17025031,0.32021,0.2042422,Other/Unclear
1164_acbj.com,22,Data Security,1,0.38318172,0.34632808,0.87134403,0.4833798,0.059897855,0.2798735,0.26584873,Data Security
1164_acbj.com,23,Data Security,1,0.51563025,0.41681057,0.43062785,0.37992275,0.05592267,0.48786065,0.4535842,Data Collection
1164_acbj.com,24,Data Security,1,0.44357693,0.17703173,0.5753633,0.4102798,0.14577551,0.41770393,0.23483977,Data Security
1164_acbj.com,25,Other/Unclear,1,0.35413375,0.16055521,0.22704367,0.73954993,0.09403393,0.3580418,0.19472139,Other/Unclear
1164_acbj.com,26,Other/Unclear,1,0.29468971,0.12726912,0.15803508,0.64545,0.10319066,0.5836655,0.52491456,Other/Unclear|Third-Party Sharing|User Control & Deletion
1164_acbj.com,27,Other/Unclear,1,0.22093531,0.10089423,0.14092398,0.74571013,0.2265505,0.25676858,0.23251009,Other/Unclear
1164_acbj.com,28,Other/Unclear,1,0.08149448,0.10954349,0.14897704,0.817008,0.075806566,0.41507778,0.745879,Other/Unclear|User Control & Deletion
1164_acbj.com,29,Other/Unclear,1,0.07850239,0.074408084,0.103404745,0.904252,0.33681342,0.14018032,0.29513484,Other/Unclear
1164_acbj.com,30,User Control & Deletion,1,0.09261946,0.115654215,0.08690234,0.68845063,0.08137246,0.64254504,0.93207365,Other/Unclear|Third-Party Sharing|User Control & Deletion
1164_acbj.com,31,User Control & Deletion,1,0.26997435,0.17877755,0.059311703,0.46791688,0.32293206,0.12393905,0.85514104,User Control & Deletion
1164_acbj.com,32,Other/Unclear,1,0.59393793,0.118352406,0.26929134,0.39677632,0.06643661,0.33414507,0.2515785,Data Collection
1164_acbj.com,33,Other/Unclear,1,0.17457381,0.1805669,0.26273143,0.76795906,0.24412152,0.19000922,0.26444864,Other/Unclear
1164_acbj.com,34,Other/Unclear,1,0.25319412,0.29463944,0.16217083,0.7585738,0.10211155,0.23622939,0.41085628,Other/Unclear
1164_acbj.com,35,Other/Unclear|User Control & Deletion,1,0.19404005,0.16127558,0.1875281,0.7831426,0.32048634,0.24749008,0.5943515,Other/Unclear|User Control & Deletion
1164_acbj.com,36,Other/Unclear,1,0.18841739,0.09796502,0.27886274,0.6722444,0.23333107,0.29846886,0.17420745,Other/Unclear
1164_acbj.com,37,Other/Unclear,1,0.19897209,0.104859054,0.21126874,0.8019935,0.51266193,0.12880133,0.21619393,Other/Unclear|Policy Change
1205_opensecrets.org,0,Other/Unclear,1,0.04023181,0.04614846,0.19537172,0.95180684,0.58743227,0.06368,0.10976857,Other/Unclear|Policy Change
1205_opensecrets.org,1,Other/Unclear,1,0.29481286,0.1981679,0.37713948,0.73037696,0.12694101,0.20270963,0.22671136,Other/Unclear
1205_opensecrets.org,2,Data Collection|Third-Party Sharing|User Control & Deletion,1,0.32523283,0.19166823,0.21699935,0.35217392,0.08161913,0.8572318,0.63697684,Third-Party Sharing|User Control & Deletion
1205_opensecrets.org,3,Data Collection,1,0.43265647,0.29629734,0.12293763,0.63026255,0.12489648,0.22720395,0.6609454,Other/Unclear|User Control & Deletion
1205_opensecrets.org,4,Data Collection|Data Retention|Third-Party Sharing,1,0.79163337,0.31941864,0.21511407,0.4440188,0.053528648,0.69714355,0.36798486,Data Collection|Third-Party Sharing
1205_opensecrets.org,5,Data Collection|Data Retention|Third-Party Sharing,1,0.8236714,0.47491556,0.20406699,0.22165978,0.07847131,0.4720716,0.22569679,Data Collection
1205_opensecrets.org,6,Other/Unclear|Policy Change,1,0.12823352,0.16083723,0.13521777,0.78888315,0.92093587,0.08713281,0.28523067,Other/Unclear|Policy Change
1205_opensecrets.org,7,Other/Unclear,1,0.06762171,0.073313,0.14706607,0.8891529,0.98251283,0.07350217,0.085651845,Other/Unclear|Policy Change
1206_dcccd.edu,0,Data Security|Other/Unclear,4,0.25152612,0.10806745,0.60996616,0.63861984,0.15409842,0.20963667,0.20335913,Data Security|Other/Unclear
1206_dcccd.edu,1,Data Security|Other/Unclear,4,0.21070357,0.08453257,0.46900383,0.754743,0.12112542,0.29287907,0.3619844,Other/Unclear
1206_dcccd.edu,2,Data Collection|Data Retention|Other/Unclear,4,0.2329522,0.1964417,0.28478473,0.6104794,0.13484924,0.44733867,0.30767757,Other/Unclear
1206_dcccd.edu,3,Data Security|Other/Unclear,4,0.19996159,0.13307104,0.26380104,0.7399999,0.1282904,0.27413675,0.4809456,Other/Unclear
1206_dcccd.edu,4,Data Collection|Third-Party Sharing|User Control & Deletion,4,0.63035023,0.1773998,0.14548497,0.41386977,0.11373048,0.43163246,0.4082573,Data Collection
1206_dcccd.edu,5,User Control & Deletion,4,0.3217795,0.22707014,0.26387975,0.6346751,0.15245944,0.44165576,0.6744906,Other/Unclear|User Control & Deletion
1206_dcccd.edu,6,Data Collection|Third-Party Sharing|User Control & Deletion,4,0.54055524,0.36510226,0.20944485,0.50369495,0.069877364,0.54598683,0.44696796,Data Collection|Other/Unclear|Third-Party Sharing
1206_dcccd.edu,7,Data Collection,4,0.80090594,0.283229,0.21507704,0.2881619,0.086108506,0.25092536,0.18348166,Data Collection
1206_dcccd.edu,8,Third-Party Sharing,4,0.69834685,0.13240205,0.14286195,0.33510232,0.10517486,0.49671742,0.225092,Data Collection
1206_dcccd.edu,9,User Control & Deletion,4,0.31899694,0.11453115,0.11462085,0.6771471,0.09862365,0.273589,0.8372856,Other/Unclear|User Control & Deletion
1206_dcccd.edu,10,Data Collection,4,0.8187834,0.3420391,0.1899541,0.30815926,0.07355403,0.3896376,0.2294291,Data Collection
1206_dcccd.edu,11,Data Security|User Control & Deletion,4,0.4969777,0.2445848,0.43392977,0.43711436,0.073012784,0.30330864,0.4333878,
1206_dcccd.edu,12,User Control & Deletion,4,0.4201094,0.18915068,0.16578256,0.54484564,0.08423317,0.2132977,0.61173975,Other/Unclear|User Control & Deletion
1206_dcccd.edu,13,User Control & Deletion,4,0.27550513,0.17886563,0.27156696,0.72426695,0.11685514,0.23257534,0.5684505,Other/Unclear|User Control & Deletion
1206_dcccd.edu,14,Data Security,4,0.15798952,0.12975845,0.9258986,0.45879468,0.082726575,0.15559913,0.14566498,Data Security
1206_dcccd.edu,15,Data Security,4,0.38021362,0.15157881,0.9099587,0.39078754,0.05384206,0.24453707,0.20239805,Data Security
1206_dcccd.edu,16,Other/Unclear,4,0.39157963,0.14916736,0.18095414,0.65438193,0.09493825,0.19463442,0.27476254,Other/Unclear
1221_gwdocs.com,0,Other/Unclear,3,0.010648545,0.019285213,0.14067723,0.9873394,0.8094416,0.029167648,0.045457862,Other/Unclear|Policy Change
1221_gwdocs.com,1,Data Collection|Other/Unclear,3,0.613331,0.21275279,0.3425451,0.5416408,0.06357487,0.38420433,0.7190433,Data Collection|Other/Unclear|User Control & Deletion
1221_gwdocs.com,2,Data Collection,3,0.8324525,0.13094035,0.22879666,0.262115,0.10874847,0.24457324,0.22329699,Data Collection
1221_gwdocs.com,3,Data Collection|Third-Party Sharing,3,0.523361,0.19624197,0.35694706,0.37705,0.08389514,0.73869044,0.5285099,Data Collection|Third-Party Sharing|User Control & Deletion
1221_gwdocs.com,4,Data Security,3,0.2092073,0.1427364,0.95732576,0.3223068,0.070872754,0.12353681,0.11132346,Data Security
1221_gwdocs.com,5,Other/Unclear,3,0.110661946,0.0971563,0.33778122,0.90850127,0.14873588,0.34474918,0.10649268,Other/Unclear
1224_austincc.edu,0,Other/Unclear,2,0.16354808,0.044266902,0.18689601,0.8894787,0.37329704,0.09701899,0.15121347,Other/Unclear
1224_austincc.edu,1,Data Collection|Data Security|Other/Unclear|Third-Party Sharing,2,0.50895447,0.34209284,0.2898246,0.5945992,0.10455292,0.62556535,0.2168005,Data Collection|Other/Unclear|Third-Party Sharing
1224_austincc.edu,2,Data Collection|Third-Party Sharing|User Control & Deletion,2,0.38548794,0.2814879,0.3888326,0.52469987,0.07521808,0.33572254,0.5896459,Other/Unclear|User Control & Deletion
1224_austincc.edu,3,Other/Unclear|User Control & Deletion,2,0.26416266,0.114530444,0.4555775,0.69404954,0.12767299,0.29865992,0.30982217,Other/Unclear
1224_austincc.edu,4,Other/Unclear|Policy Change,2,0.2515972,0.12598336,0.20198007,0.7215696,0.34257942,0.27498192,0.21367878,Other/Unclear
1224_austincc.edu,5,Other/Unclear,2,0.10580706,0.1169033,0.33901033,0.90826917,0.077088214,0.28875467,0.11946308,Other/Unclear
1224_austincc.edu,6,Data Collection,2,0.7412473,0.3741247,0.16762033,0.32547376,0.09146144,0.16131103,0.14022711,Data Collection
1224_austincc.edu,7,Data Collection,2,0.7588496,0.272518,0.22156055,0.3814428,0.07401207,0.34576806,0.15814112,Data Collection
1224_austincc.edu,8,Data Collection|Third-Party Sharing,2,0.49274313,0.64974874,0.3302234,0.40968132,0.08347023,0.7620341,0.3768001,Data Retention|Third-Party Sharing
1224_austincc.edu,9,Data Collection,2,0.76469564,0.11625569,0.15658133,0.28950655,0.046854325,0.47948512,0.21203631,Data Collection
1224_austincc.edu,10,Data Collection|Data Retention,2,0.78045946,0.47882333,0.14906871,0.46018606,0.044870343,0.4030453,0.5579453,Data Collection|User Control & Deletion
1224_austincc.edu,11,Data Collection|Other/Unclear,2,0.79107225,0.20480639,0.2803292,0.3520746,0.07244602,0.27787802,0.1899764,Data Collection
1224_austincc.edu,12,Data Collection,2,0.8420525,0.22870933,0.18506186,0.38923776,0.059351213,0.45155478,0.39080447,Data Collection
1224_austincc.edu,13,Data Collection|Other/Unclear,2,0.89362204,0.3709766,0.1979682,0.3639821,0.05164853,0.5168347,0.3212851,Data Collection|Third-Party Sharing
1224_austincc.edu,14,Data Collection|Other/Unclear|Third-Party Sharing,2,0.61223054,0.15568677,0.20931475,0.46026108,0.06843915,0.791266,0.17381261,Data Collection|Third-Party Sharing
1224_austincc.edu,15,Data Security,2,0.13523425,0.10516961,0.9323334,0.37309796,0.07073782,0.15391529,0.10100286,Data Security
1224_austincc.edu,16,Other/Unclear|User Control & Deletion,2,0.400613,0.33239418,0.2176312,0.5915691,0.08489513,0.2288222,0.37630668,Other/Unclear
1224_austincc.edu,17,Other/Unclear,2,0.19101624,0.15785292,0.5330012,0.79835826,0.095085815,0.5778064,0.28642157,Data Security|Other/Unclear|Third-Party Sharing
1224_austincc.edu,18,Other/Unclear,2,0.18096778,0.10783305,0.22954834,0.73986095,0.15771891,0.19220212,0.3458173,Other/Unclear
1252_cincymuseum.org,0,Other/Unclear,2,0.008840929,0.024210405,0.12266801,0.98845685,0.8112974,0.025314752,0.05060662,Other/Unclear|Policy Change
1252_cincymuseum.org,1,Other/Unclear,2,0.47599787,0.09855016,0.2702084,0.5198094,0.12307323,0.4853588,0.18890399,Other/Unclear
1252_cincymuseum.org,2,Data Security|Other/Unclear|Policy Change,2,0.23465928,0.14133179,0.21962532,0.64306664,0.78892744,0.118560046,0.3026268,Other/Unclear|Policy Change
1252_cincymuseum.org,3,Data Collection,2,0.9264806,0.24535193,0.105027415,0.12834279,0.07473548,0.30957925,0.15638433,Data Collection
1252_cincymuseum.org,4,Data Collection,2,0.7117935,0.23949905,0.10769627,0.26089218,0.07046973,0.27594241,0.8090424,Data Collection|User Control & Deletion
1252_cincymuseum.org,5,Data Collection|Other/Unclear,2,0.93611556,0.16030759,0.19152643,0.33829468,0.058073178,0.27533045,0.11702494,Data Collection
1252_cincymuseum.org,6,Other/Unclear|Third-Party Sharing,2,0.37474447,0.14125757,0.29815528,0.8660799,0.124516346,0.63675886,0.21357703,Other/Unclear|Third-Party Sharing
1252_cincymuseum.org,7,Data Collection|Other/Unclear,2,0.86561066,0.17936562,0.23230013,0.2186519,0.14971629,0.3492535,0.25744718,Data Collection
1252_cincymuseum.org,8,Third-Party Sharing,2,0.5272566,0.16477549,0.18403806,0.40163654,0.08074351,0.66730314,0.22019534,Data Collection|Third-Party Sharing
1252_cincymuseum.org,9,Data Security|Third-Party Sharing,2,0.5712006,0.3075,0.55342287,0.19038206,0.08967097,0.84064174,0.24368466,Data Collection|Data Security|Third-Party Sharing
1252_cincymuseum.org,10,Other/Unclear|Third-Party Sharing,2,0.2395667,0.11724555,0.36455816,0.68798524,0.17563443,0.6241552,0.16662063,Other/Unclear|Third-Party Sharing
1252_cincymuseum.org,11,Other/Unclear|Third-Party Sharing,2,0.45860556,0.16588359,0.22851452,0.3528099,0.123226166,0.5182852,0.6061162,Third-Party Sharing|User Control & Deletion
1252_cincymuseum.org,12,Third-Party Sharing,2,0.32308465,0.1811897,0.27591223,0.1927796,0.08702377,0.9172625,0.13584223,Third-Party Sharing
1252_cincymuseum.org,13,Data Collection|Third-Party Sharing,2,0.80137724,0.20580137,0.46101645,0.18819356,0.073685676,0.7959704,0.27666533,Data Collection|Third-Party Sharing
1252_cincymuseum.org,14,Data Collection|Third-Party Sharing,2,0.60358334,0.10573797,0.17553864,0.25364867,0.08643189,0.6570006,0.19818772,Data Collection|Third-Party Sharing
1252_cincymuseum.org,15,Data Security,2,0.44368765,0.1556684,0.6323834,0.3708926,0.08698055,0.27391323,0.16638036,Data Security
1252_cincymuseum.org,16,Data Security,2,0.22986999,0.17130385,0.9582786,0.21415876,0.0692675,0.2640985,0.10402969,Data Security
1252_cincymuseum.org,17,Other/Unclear,2,0.28433284,0.24865608,0.21669781,0.71406937,0.08184485,0.45848465,0.39304882,Other/Unclear
1252_cincymuseum.org,18,Other/Unclear|User Control & Deletion,2,0.25179115,0.67854136,0.24173462,0.40582898,0.24146967,0.16694275,0.9467485,Data Retention|User Control & Deletion
1252_cincymuseum.org,19,Other/Unclear|Third-Party Sharing|User Control & Deletion,2,0.32884943,0.30768365,0.29232037,0.413815,0.073536195,0.8293816,0.27101138,Third-Party Sharing
1252_cincymuseum.org,20,Other/Unclear|Third-Party Sharing|User Control & Deletion,2,0.087847486,0.11630915,0.24735358,0.862209,0.22679844,0.29888257,0.27689698,Other/Unclear
1252_cincymuseum.org,21,Other/Unclear,2,0.40365592,0.10068927,0.20257203,0.63533145,0.07151942,0.14411078,0.6459669,Other/Unclear|User Control & Deletion
1252_cincymuseum.org,22,Other/Unclear,2,0.23503093,0.22085313,0.20783225,0.75310653,0.19860677,0.2096844,0.25797695,Other/Unclear
1252_cincymuseum.org,23,Other/Unclear|Policy Change,2,0.2504107,0.09875804,0.17858309,0.6082478,0.5938056,0.19805029,0.1532297,Other/Unclear|Policy Change
1252_cincymuseum.org,24,Other/Unclear,2,0.3442088,0.17072456,0.26289508,0.44354376,0.285299,0.2876243,0.20818259,
1261_zacks.com,0,Other/Unclear,0,0.049482472,0.043377146,0.22384039,0.94508386,0.5110809,0.09462659,0.097706474,Other/Unclear|Policy Change
1261_zacks.com,1,Data Collection|Other/Unclear|Third-Party Sharing,0,0.76762325,0.5076419,0.18429455,0.31185466,0.071055114,0.54845864,0.66188854,Data Collection|Data Retention|Third-Party Sharing|User Control & Deletion
1261_zacks.com,2,Data Collection|Other/Unclear|User Control & Deletion,0,0.50729,0.15486693,0.24792483,0.44074714,0.124436155,0.42396772,0.68823874,Data Collection|User Control & Deletion
1261_zacks.com,3,Data Collection|Data Security|Other/Unclear|Third-Party Sharing|User Control & Deletion,0,0.47782,0.2105517,0.23554452,0.5657068,0.0924195,0.6851458,0.72486746,Other/Unclear|Third-Party Sharing|User Control & Deletion
1261_zacks.com,4,Data Collection|Data Security|Other/Unclear|Third-Party Sharing|User Control & Deletion,0,0.4753507,0.17443846,0.26245326,0.57351947,0.07528914,0.6251944,0.709141,Other/Unclear|Third-Party Sharing|User Control & Deletion
1261_zacks.com,5,Data Collection|Third-Party Sharing|User Control & Deletion,0,0.5738936,0.23951188,0.49505988,0.30629304,0.08955633,0.6028292,0.58116275,Data Collection|Third-Party Sharing|User Control & Deletion
1261_zacks.com,6,Third-Party Sharing|User Control & Deletion,0,0.6064562,0.18324079,0.1224888,0.4064084,0.119086474,0.56029683,0.65770876,Data Collection|Third-Party Sharing|User Control & Deletion
1261_zacks.com,7,Data Collection|Third-Party Sharing|User Control & Deletion,0,0.6215906,0.22287112,0.7157247,0.20697677,0.08857445,0.47074786,0.30203712,Data Collection|Data Security
1261_zacks.com,8,Data Collection|User Control & Deletion,0,0.70237684,0.13934578,0.09640693,0.5356063,0.08117834,0.2435902,0.5876704,Data Collection|Other/Unclear|User Control & Deletion
1261_zacks.com,9,Other/Unclear|User Control & Deletion,0,0.41843715,0.2617539,0.14127295,0.51704234,0.11008516,0.5030159,0.8669284,Other/Unclear|Third-Party Sharing|User Control & Deletion
1261_zacks.com,10,Other/Unclear|Third-Party Sharing|User Control & Deletion,0,0.34954178,0.34531677,0.26654163,0.5700631,0.09031545,0.46344224,0.7504695,Other/Unclear|User Control & Deletion
1261_zacks.com,11,Other/Unclear|User Control & Deletion,0,0.22242612,0.24788563,0.23393457,0.8905659,0.114445575,0.14249016,0.6752476,Other/Unclear|User Control & Deletion
1261_zacks.com,12,Other/Unclear,0,0.20895933,0.09491001,0.14028533,0.6394975,0.48904034,0.16999255,0.15839258,Other/Unclear
1264_citizen.org,0,Data Collection|Data Security|Other/Unclear,1,0.2343311,0.10243611,0.45443732,0.88358897,0.23710696,0.16232161,0.15450169,Other/Unclear
1264_citizen.org,1,Data Collection|Data Retention|Third-Party Sharing,1,0.68371516,0.26457033,0.20719583,0.38076982,0.07085024,0.7052283,0.20770068,Data Collection|Third-Party Sharing
1264_citizen.org,2,Data Retention|Other/Unclear|Third-Party Sharing|User Control & Deletion,1,0.52483016,0.38325056,0.25503147,0.40061253,0.105113246,0.68093437,0.4194972,Data Collection|Third-Party Sharing
1264_citizen.org,3,Data Collection|User Control & Deletion,1,0.44752482,0.14296669,0.28695536,0.42992237,0.09402978,0.28796852,0.5067686,User Control & Deletion
1264_citizen.org,4,Data Retention|Other/Unclear|Third-Party Sharing|User Control & Deletion,1,0.42744997,0.32485324,0.3429217,0.46554172,0.08277828,0.5158657,0.51498586,Third-Party Sharing|User Control & Deletion
1264_citizen.org,5,Third-Party Sharing,1,0.4295624,0.33968297,0.5485022,0.31648666,0.07234877,0.88853043,0.19151588,Data Security|Third-Party Sharing
1264_citizen.org,6,Third-Party Sharing|User Control & Deletion,1,0.19871932,0.103074744,0.17990088,0.70826906,0.06582648,0.3289962,0.7818732,Other/Unclear|User Control & Deletion
1264_citizen.org,7,Data Retention|Third-Party Sharing,1,0.3685022,0.36744294,0.44856983,0.4630589,0.08782151,0.48665044,0.31145638,
1264_citizen.org,8,Data Security,1,0.2945011,0.2649827,0.9144704,0.45743325,0.08509528,0.3542322,0.20486434,Data Security
1264_citizen.org,9,Data Retention|Third-Party Sharing,1,0.50366354,0.4894705,0.14509304,0.49916613,0.11690043,0.5310892,0.54481477,Data Collection|Third-Party Sharing|User Control & Deletion
1264_citizen.org,10,Data Collection,1,0.8225255,0.23749964,0.17652881,0.3140977,0.0839068,0.42758554,0.23941143,Data Collection
1264_citizen.org,11,Data Collection,1,0.83242154,0.25762254,0.15615402,0.23659524,0.07561025,0.27347296,0.14554612,Data Collection
1264_citizen.org,12,Other/Unclear|Policy Change,1,0.16118032,0.14660087,0.1400588,0.61338735,0.88561106,0.16066961,0.23451291,Other/Unclear|Policy Change
1264_citizen.org,13,Other/Unclear,1,0.09237984,0.06595174,0.15226606,0.89590424,0.2480218,0.11405938,0.2858223,Other/Unclear
1300_bankofamerica.com,0,Other/Unclear,2,0.19736506,0.056259878,0.1613694,0.7932781,0.32718807,0.15597297,0.19241676,Other/Unclear
1300_bankofamerica.com,1,Other/Unclear,2,0.18037428,0.08186257,0.13487178,0.7892679,0.9270955,0.13795032,0.12846655,Other/Unclear|Policy Change
1300_bankofamerica.com,2,Other/Unclear,2,0.41053352,0.11612749,0.1810565,0.72136515,0.25301322,0.4219124,0.16233881,Other/Unclear
1300_bankofamerica.com,3,Other/Unclear,2,0.35500997,0.14606889,0.2394401,0.774339,0.14678957,0.3334491,0.33667254,Other/Unclear
1300_bankofamerica.com,4,Data Collection|Other/Unclear|Third-Party Sharing,2,0.40933725,0.22117299,0.32364312,0.6113386,0.33068466,0.47072643,0.28765202,Other/Unclear
1300_bankofamerica.com,5,Other/Unclear,2,0.3358312,0.1668948,0.3553332,0.71015763,0.5224789,0.26171517,0.35180402,Other/Unclear|Policy Change
1300_bankofamerica.com,6,Data Collection|Other/Unclear,2,0.79960406,0.1598739,0.25979808,0.36810884,0.051094644,0.3055752,0.23647155,Data Collection
1300_bankofamerica.com,7,Data Collection|Other/Unclear,2,0.7246894,0.15915895,0.3238867,0.51537615,0.1412489,0.28326055,0.11760857,Data Collection|Other/Unclear
1300_bankofamerica.com,8,Data Collection,2,0.5756743,0.18492144,0.16460139,0.29640892,0.1057637,0.24546994,0.32870904,Data Collection
1300_bankofamerica.com,9,Data Collection,2,0.5915442,0.14894076,0.16699427,0.35976496,0.3989588,0.32549694,0.24206705,Data Collection
1300_bankofamerica.com,10,Data Collection,2,0.6075228,0.09032954,0.15401648,0.29758856,0.08646744,0.586642,0.2578111,Data Collection|Third-Party Sharing
1300_bankofamerica.com,11,Data Collection,2,0.66960734,0.10786952,0.13907152,0.33520353,0.09200611,0.22244309,0.33916607,Data Collection
1300_bankofamerica.com,12,Data Collection,2,0.70292443,0.16315503,0.32210597,0.34445515,0.093388155,0.35994616,0.2922705,Data Collection
1300_bankofamerica.com,13,Data Collection,2,0.3665632,0.18284033,0.72233355,0.28837332,0.08220318,0.289105,0.34468743,Data Security
1300_bankofamerica.com,14,Data Collection|Other/Unclear,2,0.7865958,0.13149364,0.25889722,0.46204758,0.07004335,0.5716125,0.3068338,Data Collection|Third-Party Sharing
1300_bankofamerica.com,15,Data Collection|User Control & Deletion,2,0.5727847,0.44424358,0.2903116,0.39741498,0.10260413,0.35804644,0.5603405,Data Collection|User Control & Deletion
1300_bankofamerica.com,16,Data Collection,2,0.7321243,0.11212898,0.17915775,0.27781603,0.07186921,0.46850488,0.3781471,Data Collection
1300_bankofamerica.com,17,Data Collection|Other/Unclear,2,0.7786114,0.21131214,0.20085038,0.41598457,0.09257976,0.38665897,0.20023593,Data Collection
1300_bankofamerica.com,18,Data Collection,2,0.7131082,0.14181633,0.16554308,0.2545,0.083563,0.43047276,0.16656795,Data Collection
1300_bankofamerica.com,19,Data Collection,2,0.32128468,0.21016279,0.25511163,0.42961934,0.11003413,0.5455312,0.15980929,Third-Party Sharing
1300_bankofamerica.com,20,Data Collection,2,0.76470846,0.23619346,0.1899792,0.2996643,0.055422463,0.29244402,0.5585581,Data Collection|User Control & Deletion
1300_bankofamerica.com,21,Other/Unclear,2,0.30299637,0.24894147,0.16035978,0.75192994,0.1393434,0.28566208,0.5472437,Other/Unclear|User Control & Deletion
1300_bankofamerica.com,22,Data Collection|Other/Unclear,2,0.7743439,0.19840473,0.23538889,0.44393614,0.0653738,0.40038404,0.24635324,Data Collection
1300_bankofamerica.com,23,Data Collection|Other/Unclear|Third-Party Sharing,2,0.63787,0.1353008,0.2423278,0.5437575,0.084325224,0.7478362,0.1024484,Data Collection|Other/Unclear|Third-Party Sharing
1300_bankofamerica.com,24,Data Collection,2,0.7549086,0.21837473,0.3745352,0.2888682,0.05986659,0.17881991,0.32286718,Data Collection
1300_bankofamerica.com,25,Data Collection|Other/Unclear,2,0.9179118,0.13752571,0.1767784,0.3040346,0.061674688,0.33350047,0.35039818,Data Collection
1300_bankofamerica.com,26,User Control & Deletion,2,0.57628,0.15488893,0.11159297,0.3811893,0.10960274,0.3242299,0.8838092,Data Collection|User Control & Deletion
1300_bankofamerica.com,27,Data Collection|Other/Unclear,2,0.72327,0.11067044,0.2126191,0.42818642,0.06508899,0.4322993,0.25878084,Data Collection
1300_bankofamerica.com,28,Data Collection|Other/Unclear|User Control & Deletion,2,0.7060395,0.27213436,0.17579283,0.4554023,0.068433866,0.31745857,0.69269747,Data Collection|User Control & Deletion
1300_bankofamerica.com,29,Data Collection|Other/Unclear,2,0.88729554,0.19589958,0.22659883,0.3102068,0.05024629,0.24839942,0.1769739,Data Collection
1300_bankofamerica.com,30,Data Collection,2,0.745945,0.30501994,0.2589903,0.3928305,0.07653075,0.7169295,0.112600304,Data Collection|Third-Party Sharing
1300_bankofamerica.com,31,Other/Unclear|Third-Party Sharing,2,0.45392022,0.19563527,0.16879119,0.47707787,0.06666006,0.81450236,0.37338114,Third-Party Sharing
1300_bankofamerica.com,32,Data Collection,2,0.6873412,0.1995929,0.16122715,0.44724655,0.07079559,0.53150254,0.18064362,Data Collection|Third-Party Sharing
1300_bankofamerica.com,33,Data Collection|Other/Unclear,2,0.61123294,0.088629335,0.25674313,0.36600837,0.1930647,0.40020815,0.1704477,Data Collection
1300_bankofamerica.com,34,Data Collection,2,0.648308,0.096423715,0.13750684,0.46152627,0.08353474,0.54166067,0.24297489,Data Collection|Third-Party Sharing
1300_bankofamerica.com,35,Data Collection,2,0.7100219,0.12968518,0.15758207,0.29790643,0.07787953,0.575147,0.28613693,Data Collection|Third-Party Sharing
1300_bankofamerica.com,36,Data Collection|Data Security|Third-Party Sharing,2,0.7428208,0.22899093,0.27263424,0.32202265,0.061333902,0.70293415,0.24410662,Data Collection|Third-Party Sharing
1300_bankofamerica.com,37,Data Collection|Other/Unclear|User Control & Deletion,2,0.26627174,0.09674294,0.2104317,0.72825223,0.11935268,0.67361814,0.2863995,Other/Unclear|Third-Party Sharing
1300_bankofamerica.com,38,Data Collection|Data Security|Other/Unclear,2,0.22557655,0.11778975,0.3106328,0.69683605,0.07463524,0.8586674,0.38198888,Other/Unclear|Third-Party Sharing
1300_bankofamerica.com,39,Other/Unclear|User Control & Deletion,2,0.29490167,0.11796535,0.11218574,0.61780995,0.08287892,0.30168554,0.6305194,Other/Unclear|User Control & Deletion
1300_bankofamerica.com,40,User Control & Deletion,2,0.4390031,0.087833606,0.17543373,0.4397141,0.07399013,0.25673133,0.70619094,User Control & Deletion
1300_bankofamerica.com,41,Other/Unclear|User Control & Deletion,2,0.5824177,0.22600901,0.1457285,0.44312423,0.09422526,0.4072933,0.5455286,Data Collection|User Control & Deletion
1300_bankofamerica.com,42,Other/Unclear|Third-Party Sharing,2,0.62035704,0.2564941,0.07575463,0.4015085,0.17380345,0.42056176,0.85174835,Data Collection|User Control & Deletion
1300_bankofamerica.com,43,Other/Unclear|User Control & Deletion,2,0.34008038,0.12541892,0.15457736,0.64448893,0.08622693,0.22973399,0.8127355,Other/Unclear|User Control & Deletion
1300_bankofamerica.com,44,Data Security|Other/Unclear|User Control & Deletion,2,0.11380952,0.061447024,0.27857134,0.79377687,0.10951405,0.5101013,0.6208572,Other/Unclear|Third-Party Sharing|User Control & Deletion
1300_bankofamerica.com,45,User Control & Deletion,2,0.18273269,0.07790039,0.092283376,0.5769585,0.059739273,0.2754921,0.9048846,Other/Unclear|User Control & Deletion
1300_bankofamerica.com,46,Other/Unclear|User Control & Deletion,2,0.19578746,0.13562088,0.09003628,0.62281805,0.09945974,0.41573492,0.87118167,Other/Unclear|User Control & Deletion
1300_bankofamerica.com,47,Other/Unclear|User Control & Deletion,2,0.32661992,0.17622131,0.28960398,0.54787034,0.087422594,0.24572988,0.8530456,Other/Unclear|User Control & Deletion
1300_bankofamerica.com,48,Other/Unclear,2,0.5813687,0.23045696,0.24385399,0.521688,0.14892522,0.24433379,0.35359472,Data Collection|Other/Unclear
1300_bankofamerica.com,49,Other/Unclear,2,0.16447937,0.11826651,0.5988455,0.8031212,0.11525146,0.63273656,0.15707546,Data Security|Other/Unclear|Third-Party Sharing
1300_bankofamerica.com,50,Other/Unclear|Third-Party Sharing,2,0.4590805,0.15274408,0.22212058,0.75354,0.19769347,0.48209804,0.3035267,Other/Unclear
1300_bankofamerica.com,51,Data Security|Other/Unclear,2,0.2255467,0.12270657,0.92441714,0.36314696,0.07884507,0.5054819,0.12225924,Data Security|Third-Party Sharing
1300_bankofamerica.com,52,Other/Unclear|Third-Party Sharing,2,0.39061797,0.24637835,0.6792519,0.5815111,0.08206749,0.40344203,0.3021694,Data Security|Other/Unclear
1300_bankofamerica.com,53,Other/Unclear|Third-Party Sharing,2,0.46605644,0.26325405,0.3495528,0.29635867,0.1424297,0.26186937,0.5081858,User Control & Deletion
1300_bankofamerica.com,54,Other/Unclear|User Control & Deletion,2,0.41435778,0.2918229,0.30056357,0.5679184,0.17932652,0.1640808,0.5418257,Other/Unclear|User Control & Deletion
1300_bankofamerica.com,55,Other/Unclear|User Control & Deletion,2,0.36858922,0.073400535,0.2534572,0.9312418,0.10093173,0.1087356,0.17868905,Other/Unclear
1300_bankofamerica.com,56,Other/Unclear|Third-Party Sharing,2,0.5094066,0.25878483,0.41631997,0.5440789,0.0916702,0.589993,0.27515966,Data Collection|Other/Unclear|Third-Party Sharing
1300_bankofamerica.com,57,Other/Unclear|Policy Change,2,0.12839566,0.09509676,0.11171225,0.42546576,0.98830193,0.09884686,0.23392843,Policy Change
1300_bankofamerica.com,58,Other/Unclear,2,0.6142873,0.15870777,0.22792083,0.52839077,0.08071832,0.26952195,0.36030236,Data Collection|Other/Unclear
1300_bankofamerica.com,59,Other/Unclear,2,0.38371998,0.1037718,0.19886063,0.52108335,0.10711242,0.27489394,0.2596426,Other/Unclear
1300_bankofamerica.com,60,Other/Unclear,2,0.36280066,0.09491253,0.2672739,0.5496937,0.10500379,0.31380227,0.28497022,Other/Unclear
1300_bankofamerica.com,61,Other/Unclear,2,0.18587965,0.071226045,0.4882539,0.6272124,0.10791132,0.23585369,0.25788715,Other/Unclear
1300_bankofamerica.com,62,Other/Unclear,2,0.6810045,0.08071646,0.2363475,0.38092232,0.07321312,0.3212376,0.25923133,Data Collection
1300_bankofamerica.com,63,Data Collection,2,0.8172777,0.22661962,0.15329921,0.33189613,0.10239068,0.38989684,0.26566884,Data Collection
1300_bankofamerica.com,64,Other/Unclear|Third-Party Sharing|User Control & Deletion,2,0.46711466,0.19207987,0.18001612,0.4614453,0.10864248,0.36799136,0.8928438,User Control & Deletion
1300_bankofamerica.com,65,Other/Unclear,2,0.40738544,0.12671894,0.1598855,0.44167164,0.08032924,0.34174988,0.8278031,User Control & Deletion
1300_bankofamerica.com,66,Other/Unclear,2,0.15397063,0.031584583,0.19970623,0.8627413,0.27343583,0.202229,0.2369763,Other/Unclear
1300_bankofamerica.com,67,Other/Unclear,2,0.29031128,0.089586355,0.18472388,0.62964433,0.120269656,0.24703394,0.28878424,Other/Unclear
1300_bankofamerica.com,68,Other/Unclear,2,0.21967681,0.076889314,0.21079102,0.7033034,0.25092754,0.22671714,0.23129506,Other/Unclear
1300_bankofamerica.com,69,Other/Unclear,2,0.2318973,0.0860732,0.24149433,0.6649835,0.5058467,0.20866838,0.19717342,Other/Unclear|Policy Change
1300_bankofamerica.com,70,Other/Unclear,2,0.39129314,0.1323995,0.20297062,0.45678222,0.10815736,0.29913995,0.30148375,
1300_bankofamerica.com,71,Other/Unclear,2,0.22370179,0.114281274,0.4550301,0.76642674,0.1597867,0.26804242,0.28759986,Other/Unclear
1300_bankofamerica.com,72,Other/Unclear,2,0.32190266,0.09181466,0.19308974,0.52927214,0.15589458,0.27266577,0.27155396,Other/Unclear
1300_bankofamerica.com,73,Other/Unclear,2,0.11068956,0.053474348,0.1977291,0.57640576,0.07607827,0.22387515,0.83571005,Other/Unclear|User Control & Deletion
1300_bankofamerica.com,74,Data Collection|Other/Unclear|Third-Party Sharing,2,0.7343319,0.18127722,0.17159641,0.34886006,0.14460953,0.40279675,0.62915486,Data Collection|User Control & Deletion
1300_bankofamerica.com,75,Other/Unclear|User Control & Deletion,2,0.62116086,0.21269883,0.13213971,0.3902799,0.09239926,0.3949153,0.53715,Data Collection|User Control & Deletion
1300_bankofamerica.com,76,Data Collection|Other/Unclear,2,0.6867692,0.24120234,0.09001006,0.36338478,0.089077964,0.38754982,0.58806103,Data Collection|User Control & Deletion
1300_bankofamerica.com,77,Other/Unclear,2,0.3290345,0.14874771,0.18986747,0.42600232,0.08491209,0.24192868,0.8966429,User Control & Deletion
1300_bankofamerica.com,78,Other/Unclear|User Control & Deletion,2,0.2121568,0.118200205,0.35530624,0.60415435,0.084173635,0.21349175,0.77576643,Other/Unclear|User Control & Deletion
1300_bankofamerica.com,79,Other/Unclear,2,0.2928389,0.11065856,0.21186058,0.60794276,0.1323916,0.22787184,0.64560676,Other/Unclear|User Control & Deletion
1300_bankofamerica.com,80,Other/Unclear|User Control & Deletion,2,0.55673194,0.10183682,0.109217994,0.3457993,0.076736845,0.22506651,0.5531757,Data Collection|User Control & Deletion
1300_bankofamerica.com,81,Other/Unclear,2,0.1861249,0.08383934,0.24565053,0.60703665,0.09168503,0.23308966,0.61980253,Other/Unclear|User Control & Deletion
1306_chasepaymentech.com,0,Data Security|Other/Unclear,0,0.23945868,0.10439682,0.60480624,0.8250244,0.17522284,0.14186847,0.14697677,Data Security|Other/Unclear
1306_chasepaymentech.com,1,Data Security|Other/Unclear,0,0.24467754,0.102316886,0.68087023,0.8251652,0.21748725,0.124730386,0.15728423,Data Security|Other/Unclear
1306_chasepaymentech.com,2,Data Collection|Data Security|Other/Unclear,0,0.565171,0.2928518,0.6712201,0.4391451,0.05659464,0.6748904,0.20322196,Data Collection|Data Security|Third-Party Sharing
1306_chasepaymentech.com,3,Other/Unclear,0,0.5003946,0.20589708,0.328913,0.50156844,0.09875693,0.3620021,0.25084972,Data Collection|Other/Unclear
1306_chasepaymentech.com,5,Data Collection|Third-Party Sharing,0,0.7131719,0.35576627,0.22623686,0.4179782,0.060358033,0.76529425,0.3478181,Data Collection|Third-Party Sharing
1306_chasepaymentech.com,6,Data Collection|Third-Party Sharing,0,0.6493705,0.23760419,0.31833726,0.18479745,0.077184595,0.8764395,0.24254307,Data Collection|Third-Party Sharing
1306_chasepaymentech.com,7,Data Collection|Data Security|Other/Unclear|Third-Party Sharing,0,0.5053501,0.35460916,0.6043999,0.17348813,0.07885812,0.8963228,0.15843986,Data Collection|Data Security|Third-Party Sharing
1306_chasepaymentech.com,8,Third-Party Sharing,0,0.32048273,0.12610641,0.20957437,0.42213294,0.05925186,0.74695176,0.21142383,Third-Party Sharing
1306_chasepaymentech.com,9,Data Security|Other/Unclear,0,0.18729414,0.21029149,0.95416814,0.41389197,0.081132725,0.3501579,0.117934376,Data Security
1306_chasepaymentech.com,10,Data Security|Other/Unclear,0,0.30291283,0.17082682,0.7566334,0.41638833,0.09198478,0.42963552,0.18390581,Data Security
1306_chasepaymentech.com,11,Data Collection|User Control & Deletion,0,0.41344163,0.14230345,0.1739525,0.80425245,0.30954155,0.24880333,0.8288833,Other/Unclear|User Control & Deletion
1306_chasepaymentech.com,12,Data Collection|Other/Unclear,0,0.68758225,0.19244373,0.174602,0.51134145,0.0812161,0.23936951,0.41889605,Data Collection|Other/Unclear
1306_chasepaymentech.com,13,Data Collection|Data Retention|Other/Unclear,0,0.8248202,0.1920926,0.16243304,0.39093035,0.057471465,0.46024644,0.37256765,Data Collection
1306_chasepaymentech.com,14,Data Collection,0,0.7303382,0.19578172,0.19528688,0.36252716,0.17762342,0.27244386,0.33476272,Data Collection
1306_chasepaymentech.com,15,Data Collection,0,0.8480079,0.3431597,0.27356723,0.24546166,0.09007146,0.4628519,0.2883832,Data Collection
1306_chasepaymentech.com,16,Data Collection|Data Security|Other/Unclear|Third-Party Sharing|User Control & Deletion,0,0.75903773,0.32284033,0.37941366,0.6684167,0.10550893,0.6156206,0.3928287,Data Collection|Other/Unclear|Third-Party Sharing
1306_chasepaymentech.com,17,Other/Unclear|User Control & Deletion,0,0.6957461,0.15644729,0.21057616,0.33788532,0.10890873,0.23719497,0.8873717,Data Collection|User Control & Deletion
1306_chasepaymentech.com,18,Other/Unclear,0,0.18679686,0.111943804,0.29695866,0.81203705,0.083889365,0.7595955,0.15377322,Other/Unclear|Third-Party Sharing
1306_chasepaymentech.com,19,Data Collection|Third-Party Sharing,0,0.8803415,0.27359986,0.16885196,0.33050445,0.04901954,0.8866442,0.21815442,Data Collection|Third-Party Sharing
1306_chasepaymentech.com,20,Other/Unclear,0,0.46048272,0.15679741,0.18954116,0.8742889,0.057304285,0.16155912,0.15606113,Other/Unclear
1306_chasepaymentech.com,21,Other/Unclear,0,0.1976112,0.22015303,0.5515274,0.8728102,0.081614755,0.3071809,0.23740333,Data Security|Other/Unclear
1306_chasepaymentech.com,22,Other/Unclear,0,0.1530195,0.11147662,0.60976946,0.84928894,0.08908557,0.15564214,0.20688394,Data Security|Other/Unclear
1306_chasepaymentech.com,23,Policy Change,0,0.16552918,0.12249344,0.43346438,0.57725275,0.682428,0.30287793,0.24286592,Other/Unclear|Policy Change
1306_chasepaymentech.com,24,Other/Unclear,0,0.116125725,0.13182074,0.20830983,0.8147516,0.15677328,0.13744517,0.2737074,Other/Unclear
1306_chasepaymentech.com,25,Other/Unclear,0,0.18715507,0.095562436,0.12795052,0.74517846,0.59121656,0.14580478,0.18876126,Other/Unclear|Policy Change
135_instagram.com,0,Other/Unclear,0,0.009008383,0.02287165,0.19924967,0.9869963,0.81026703,0.034511175,0.049726203,Other/Unclear|Policy Change
135_instagram.com,1,Other/Unclear|Policy Change,0,0.4083228,0.18092352,0.20627955,0.47800192,0.08247392,0.5376095,0.3506201,Third-Party Sharing
135_instagram.com,2,Other/Unclear|Policy Change|User Control & Deletion,0,0.3684444,0.16031832,0.22913955,0.5302124,0.15219791,0.30753207,0.4340156,Other/Unclear
135_instagram.com,3,Other/Unclear|Policy Change,0,0.17090586,0.086139485,0.15680891,0.81716496,0.58557004,0.1457927,0.19921245,Other/Unclear|Policy Change
135_instagram.com,4,Other/Unclear|Policy Change,0,0.10291916,0.06291824,0.12214042,0.8454883,0.7755551,0.092185,0.12657149,Other/Unclear|Policy Change
135_instagram.com,5,Other/Unclear|Third-Party Sharing|User Control & Deletion,0,0.4411996,0.13722564,0.30865866,0.6652843,0.30296153,0.61618125,0.3930535,Other/Unclear|Third-Party Sharing
135_instagram.com,6,Other/Unclear,0,0.261723,0.16459113,0.22164308,0.7839249,0.45571452,0.117190994,0.27542478,Other/Unclear
135_instagram.com,7,Data Collection|Other/Unclear,0,0.8605298,0.19138911,0.15413709,0.49553195,0.059027627,0.09052214,0.091104336,Data Collection
135_instagram.com,8,Data Collection,0,0.7748514,0.24297501,0.14711052,0.25785398,0.10346926,0.24071042,0.5779891,Data Collection|User Control & Deletion
135_instagram.com,9,Data Collection|Other/Unclear,0,0.560734,0.21275462,0.18644544,0.56608415,0.09813151,0.62305355,0.64926517,Data Collection|Other/Unclear|Third-Party Sharing|User Control & Deletion
135_instagram.com,10,Other/Unclear|User Control & Deletion,0,0.49222583,0.287757,0.28202978,0.5878269,0.06935843,0.24655281,0.69074744,Other/Unclear|User Control & Deletion
135_instagram.com,11,Data Collection|Third-Party Sharing,0,0.84545845,0.28785968,0.20899636,0.29679325,0.0743745,0.64904654,0.15358417,Data Collection|Third-Party Sharing
135_instagram.com,12,Data Collection|Other/Unclear|Third-Party Sharing,0,0.9129178,0.15949002,0.17422603,0.3495551,0.06861876,0.7862096,0.29268655,Data Collection|Third-Party Sharing
135_instagram.com,13,Data Collection,0,0.88629055,0.28790626,0.15755028,0.22952786,0.052864887,0.2731079,0.2707054,Data Collection
135_instagram.com,14,Data Collection|Other/Unclear|Third-Party Sharing,0,0.82322985,0.35453397,0.21065114,0.31596035,0.047183946,0.52015084,0.3643745,Data Collection|Third-Party Sharing
135_instagram.com,15,Other/Unclear|User Control & Deletion,0,0.579467,0.38707677,0.25894436,0.5671707,0.10815355,0.46193457,0.44505084,Data Collection|Other/Unclear
135_instagram.com,16,Data Collection|User Control & Deletion,0,0.8632712,0.20402712,0.13326694,0.26560175,0.12638184,0.527381,0.3729436,Data Collection|Third-Party Sharing
135_instagram.com,17,Third-Party Sharing,0,0.21252957,0.197,0.18465397,0.3517723,0.14276749,0.8833354,0.41500133,Third-Party Sharing
135_instagram.com,18,Other/Unclear,0,0.17533581,0.19562523,0.17608449,0.3147819,0.0615184,0.9323559,0.14156814,Third-Party Sharing
135_instagram.com,19,Third-Party Sharing,0,0.73076445,0.17361693,0.17177905,0.322919,0.06663471,0.73886156,0.21659848,Data Collection|Third-Party Sharing
135_instagram.com,20,Data Security|Third-Party Sharing,0,0.54065335,0.3867735,0.38870108,0.20758736,0.07341701,0.7983707,0.25178683,Data Collection|Third-Party Sharing
135_instagram.com,21,Third-Party Sharing,0,0.40929925,0.14337191,0.14916243,0.30448171,0.0763949,0.92436427,0.31180945,Third-Party Sharing
135_instagram.com,22,Other/Unclear|Third-Party Sharing,0,0.4978632,0.31422836,0.29532838,0.36539865,0.058547545,0.8059397,0.24157383,Third-Party Sharing
135_instagram.com,23,Data Retention|Other/Unclear|Third-Party Sharing|User Control & Deletion,0,0.2935013,0.3962236,0.16414478,0.6123763,0.2728578,0.73138756,0.55829793,Other/Unclear|Third-Party Sharing|User Control & Deletion
135_instagram.com,24,Other/Unclear|Third-Party Sharing,0,0.3682906,0.17921531,0.17117636,0.28169882,0.24571681,0.764866,0.31415015,Third-Party Sharing
135_instagram.com,25,Data Collection|Data Retention|Third-Party Sharing,0,0.34555706,0.3395479,0.2712349,0.20410672,0.06010443,0.7764561,0.18800649,Third-Party Sharing
135_instagram.com,26,Other/Unclear,0,0.4705279,0.45473123,0.4466828,0.54920906,0.11695904,0.28798807,0.23401518,Other/Unclear
135_instagram.com,27,Data Retention|Other/Unclear,0,0.3192867,0.23464195,0.34425473,0.62975293,0.09205689,0.50570935,0.22526874,Other/Unclear|Third-Party Sharing
135_instagram.com,28,Other/Unclear|Third-Party Sharing,0,0.41594034,0.1893866,0.33588666,0.70878917,0.056928337,0.46782738,0.22386636,Other/Unclear
135_instagram.com,29,Other/Unclear|User Control & Deletion,0,0.33574766,0.16497478,0.26174197,0.6310988,0.22699358,0.5944147,0.2674945,Other/Unclear|Third-Party Sharing
135_instagram.com,30,Data Security|Other/Unclear,0,0.30824402,0.39267448,0.90882707,0.32490635,0.06811201,0.21921413,0.29783586,Data Security
135_instagram.com,31,Other/Unclear,0,0.24883181,0.16469665,0.68464273,0.6171783,0.15540059,0.26909122,0.3964549,Data Security|Other/Unclear
135_instagram.com,32,Other/Unclear|User Control & Deletion,0,0.24158902,0.19515462,0.12442942,0.3958743,0.24002542,0.14515248,0.948714,User Control & Deletion
135_instagram.com,33,Data Retention|Other/Unclear,0,0.46279636,0.5490333,0.2878729,0.4396179,0.11308056,0.4010228,0.40154624,Data Retention
135_instagram.com,34,Other/Unclear,0,0.4368744,0.17136805,0.13927831,0.92824,0.06060724,0.14379282,0.24272707,Other/Unclear
135_instagram.com,35,Other/Unclear,0,0.29319665,0.21279542,0.38396612,0.81869084,0.089530535,0.60488737,0.2852621,Other/Unclear|Third-Party Sharing
135_instagram.com,36,Other/Unclear,0,0.37837806,0.31992006,0.1485695,0.59040624,0.16702804,0.18744025,0.6211871,Other/Unclear|User Control & Deletion
135_instagram.com,37,Other/Unclear,0,0.07733864,0.1026938,0.12522565,0.92186904,0.20576835,0.09096605,0.32139924,Other/Unclear
135_instagram.com,38,Policy Change,0,0.11077818,0.14045857,0.1314944,0.44922915,0.96036816,0.13198148,0.29834768,Policy Change
1360_thehill.com,0,Other/Unclear,0,0.564801,0.08832589,0.22858477,0.80484164,0.43863788,0.15827219,0.094570294,Data Collection|Other/Unclear
1360_thehill.com,1,Data Collection,0,0.9381875,0.23311765,0.11172825,0.23025736,0.044926852,0.42460862,0.22243272,Data Collection
1360_thehill.com,2,Data Collection,0,0.76515794,0.20272331,0.24008004,0.59623206,0.06782572,0.41682532,0.6114001,Data Collection|Other/Unclear|User Control & Deletion
1360_thehill.com,3,Data Collection,0,0.9490191,0.22676742,0.1498548,0.23029375,0.035450425,0.42081907,0.2973448,Data Collection
1360_thehill.com,4,Data Collection,0,0.7585888,0.25360784,0.26067662,0.26772562,0.05691853,0.4034227,0.3873878,Data Collection
1360_thehill.com,5,Data Collection,0,0.85061747,0.17713895,0.14915092,0.27152953,0.072244905,0.31750765,0.36092842,Data Collection
1360_thehill.com,6,Data Collection|Third-Party Sharing,0,0.5663661,0.16565661,0.24755366,0.20403945,0.106306545,0.92802507,0.46932158,Data Collection|Third-Party Sharing
1360_thehill.com,7,Data Security|Third-Party Sharing,0,0.57786566,0.25429294,0.83514047,0.3373746,0.102503285,0.7433959,0.25415826,Data Collection|Data Security|Third-Party Sharing
1360_thehill.com,8,Data Collection,0,0.7341648,0.1927932,0.23603997,0.2523361,0.17031495,0.586487,0.2397747,Data Collection|Third-Party Sharing
1360_thehill.com,9,Third-Party Sharing,0,0.26374704,0.24234578,0.21283618,0.19386367,0.07175541,0.8970951,0.17562781,Third-Party Sharing
1360_thehill.com,10,Other/Unclear|Third-Party Sharing,0,0.4521281,0.20805724,0.23558468,0.64007723,0.057531584,0.7804997,0.41797274,Other/Unclear|Third-Party Sharing
1360_thehill.com,11,Data Security,0,0.2214327,0.22842155,0.9638698,0.19315912,0.07346479,0.13404477,0.14030534,Data Security
1360_thehill.com,12,Data Security|Other/Unclear,0,0.11837635,0.1422838,0.9373779,0.49702007,0.06950145,0.24713075,0.2827563,Data Security
1360_thehill.com,13,User Control & Deletion,0,0.11031754,0.21873285,0.12793109,0.5305905,0.20918286,0.43557534,0.95225114,Other/Unclear|User Control & Deletion
1360_thehill.com,14,Data Retention|Other/Unclear|Policy Change,0,0.40549374,0.25236824,0.1086258,0.55899024,0.36037084,0.31453282,0.8013211,Other/Unclear|User Control & Deletion
1360_thehill.com,15,User Control & Deletion,0,0.47412035,0.17831066,0.23036264,0.49688855,0.07726475,0.40178975,0.7668532,User Control & Deletion
1360_thehill.com,16,Other/Unclear,0,0.15445775,0.12451277,0.15520509,0.89869,0.13701086,0.097572714,0.5144016,Other/Unclear|User Control & Deletion
1360_thehill.com,17,Policy Change,0,0.10698601,0.0782406,0.12603267,0.5431915,0.9839953,0.11297242,0.3376432,Other/Unclear|Policy Change
1360_thehill.com,18,Other/Unclear|User Control & Deletion,0,0.15964037,0.11724703,0.154148,0.8568472,0.71455574,0.17276044,0.79814607,Other/Unclear|Policy Change|User Control & Deletion
1361_yahoo.com,0,Other/Unclear,2,0.19932687,0.07662399,0.19702315,0.7492862,0.15404023,0.21345854,0.22945692,Other/Unclear
1361_yahoo.com,1,Other/Unclear,2,0.27422708,0.12742536,0.32055566,0.649617,0.12571995,0.25458235,0.44635543,Other/Unclear
1361_yahoo.com,2,Data Security|Other/Unclear,2,0.122206815,0.057335675,0.4865181,0.81689,0.18089245,0.121725895,0.17826651,Other/Unclear
1361_yahoo.com,3,Data Collection|Other/Unclear,2,0.69126785,0.1860594,0.29428536,0.5007158,0.07753837,0.4826108,0.28943178,Data Collection|Other/Unclear
1361_yahoo.com,4,Other/Unclear,2,0.1204267,0.09470135,0.31529152,0.90044653,0.26752597,0.49334538,0.19403212,Other/Unclear
1361_yahoo.com,5,Data Security|Other/Unclear,2,0.26014295,0.08403732,0.6358599,0.80811524,0.095115654,0.20046236,0.21622396,Data Security|Other/Unclear
1361_yahoo.com,6,Data Collection|Other/Unclear,2,0.8198184,0.16084592,0.1387285,0.33269462,0.084468946,0.48908874,0.22849469,Data Collection
1361_yahoo.com,7,Data Collection,2,0.9025806,0.16411829,0.1788151,0.16469994,0.059783317,0.25095046,0.25215468,Data Collection
1361_yahoo.com,8,Data Collection,2,0.7114326,0.0976503,0.17682545,0.32581455,0.10276292,0.6348885,0.18431342,Data Collection|Third-Party Sharing
1361_yahoo.com,9,Data Collection,2,0.7901709,0.22013737,0.112493135,0.31685698,0.061563935,0.20855029,0.2937283,Data Collection
1361_yahoo.com,10,Data Collection,2,0.7890568,0.18538617,0.12454594,0.27579787,0.07424755,0.4358594,0.22405645,Data Collection
1361_yahoo.com,11,Other/Unclear,2,0.2307156,0.075251736,0.12360389,0.8755593,0.15210563,0.13852684,0.24747302,Other/Unclear
1361_yahoo.com,12,Other/Unclear|Third-Party Sharing,2,0.42967886,0.111825705,0.18630405,0.381605,0.090885274,0.75878876,0.21274614,Third-Party Sharing
1361_yahoo.com,13,Other/Unclear|Third-Party Sharing,2,0.3961117,0.17506708,0.39911243,0.44947165,0.12942871,0.813009,0.28436914,Third-Party Sharing
1361_yahoo.com,14,Other/Unclear,2,0.20579712,0.1877728,0.1867304,0.8189886,0.15086226,0.2504876,0.29264706,Other/Unclear
1361_yahoo.com,15,Third-Party Sharing,2,0.26123878,0.1442249,0.1408769,0.2822369,0.07889215,0.60004145,0.15106736,Third-Party Sharing
1361_yahoo.com,16,Third-Party Sharing,2,0.30013558,0.21726507,0.27432886,0.16537298,0.09310192,0.78220946,0.17476594,Third-Party Sharing
1361_yahoo.com,17,Other/Unclear|Third-Party Sharing,2,0.26260635,0.118525766,0.26621392,0.558176,0.32940906,0.5413652,0.23467419,Other/Unclear|Third-Party Sharing
1361_yahoo.com,18,Other/Unclear|Third-Party Sharing,2,0.52651197,0.15980102,0.25449836,0.46494034,0.07962683,0.79866153,0.2331724,Data Collection|Third-Party Sharing
1361_yahoo.com,19,Other/Unclear|Third-Party Sharing,2,0.33455253,0.10993521,0.26176447,0.61479497,0.10199803,0.67508334,0.25234085,Other/Unclear|Third-Party Sharing
1361_yahoo.com,20,Data Collection|User Control & Deletion,2,0.7728825,0.1809362,0.1810341,0.30213976,0.045882028,0.3248435,0.60679865,Data Collection|User Control & Deletion
1361_yahoo.com,21,Other/Unclear|Third-Party Sharing,2,0.26413408,0.115592055,0.4264458,0.73516494,0.10884071,0.7278393,0.46227524,Other/Unclear|Third-Party Sharing
1361_yahoo.com,22,Data Collection,2,0.6713387,0.11336071,0.2256232,0.4192088,0.07864457,0.47587836,0.2697353,Data Collection
1361_yahoo.com,23,User Control & Deletion,2,0.41712472,0.21086858,0.11492222,0.40479785,0.115376145,0.22051512,0.90840566,User Control & Deletion
1361_yahoo.com,24,Other/Unclear|User Control & Deletion,2,0.207522,0.12237958,0.128539,0.47534236,0.19820644,0.26879102,0.84822536,User Control & Deletion
1361_yahoo.com,25,Other/Unclear|User Control & Deletion,2,0.50353646,0.1963321,0.1121757,0.35689324,0.13530016,0.3464185,0.8412873,Data Collection|User Control & Deletion
1361_yahoo.com,26,Data Retention|User Control & Deletion,2,0.31394136,0.6442258,0.14524747,0.5998436,0.19167906,0.22037677,0.79134357,Data Retention|Other/Unclear|User Control & Deletion
1361_yahoo.com,27,Data Security,2,0.38772154,0.1087488,0.73234737,0.32394066,0.06312712,0.5181816,0.26125768,Data Security|Third-Party Sharing
1361_yahoo.com,28,Data Security,2,0.33830106,0.1279769,0.6205988,0.34989613,0.090505704,0.3600142,0.17835872,Data Security
1361_yahoo.com,29,Data Security|Other/Unclear,2,0.16488703,0.07871892,0.7801187,0.67998785,0.087984756,0.1592965,0.41592586,Data Security|Other/Unclear
1361_yahoo.com,30,Policy Change,2,0.21020919,0.17869136,0.1518447,0.4047799,0.8939411,0.1683119,0.28639376,Policy Change
1361_yahoo.com,31,Other/Unclear,2,0.17734975,0.16271855,0.181358,0.8466458,0.13182627,0.12641995,0.54642504,Other/Unclear|User Control & Deletion
1361_yahoo.com,32,Other/Unclear,2,0.3381382,0.25294194,0.25688162,0.6263815,0.13720009,0.30966628,0.44693092,Other/Unclear
1361_yahoo.com,33,Other/Unclear|Policy Change,2,0.18542609,0.082330815,0.13522466,0.7901061,0.9046356,0.13760792,0.12826794,Other/Unclear|Policy Change
1419_miaminewtimes.com,0,Other/Unclear,1,0.012939128,0.03421682,0.18189716,0.98429763,0.84731776,0.035356127,0.04398639,Other/Unclear|Policy Change
1419_miaminewtimes.com,1,Other/Unclear,1,0.11783301,0.07528837,0.21378483,0.7495037,0.65440446,0.15394644,0.12618013,Other/Unclear|Policy Change
1419_miaminewtimes.com,2,Other/Unclear|User Control & Deletion,1,0.49745294,0.11593762,0.30309385,0.84216636,0.3877834,0.19226962,0.26371512,Other/Unclear
1419_miaminewtimes.com,3,Policy Change|User Control & Deletion,1,0.14108182,0.14656729,0.10740919,0.58209455,0.9837988,0.11863727,0.4826493,Other/Unclear|Policy Change
1419_miaminewtimes.com,4,Data Collection|Other/Unclear,1,0.8087212,0.29416448,0.28644836,0.35762596,0.069456264,0.26392797,0.19167516,Data Collection
1419_miaminewtimes.com,5,Data Collection|Other/Unclear,1,0.78990823,0.21800213,0.25672212,0.2981749,0.057986975,0.40372318,0.2749706,Data Collection
1419_miaminewtimes.com,6,Data Collection,1,0.886525,0.2403526,0.096623674,0.22991067,0.04975948,0.49906644,0.2762813,Data Collection
1419_miaminewtimes.com,7,Other/Unclear|User Control & Deletion,1,0.7327119,0.33167955,0.10124813,0.26325637,0.07628024,0.37432325,0.7510567,Data Collection|User Control & Deletion
1419_miaminewtimes.com,8,Data Collection,1,0.8198856,0.23997855,0.17102505,0.37665454,0.07609319,0.5210076,0.22680709,Data Collection|Third-Party Sharing
1419_miaminewtimes.com,9,Data Collection|Data Retention|Other/Unclear,1,0.59974235,0.36626852,0.1750747,0.26732278,0.048092563,0.5132635,0.19751811,Data Collection|Third-Party Sharing
1419_miaminewtimes.com,10,Data Collection|Other/Unclear,1,0.7847588,0.18709621,0.16248485,0.28149208,0.10467723,0.32203206,0.122067526,Data Collection
1419_miaminewtimes.com,11,Data Collection|Other/Unclear|Third-Party Sharing,1,0.5482863,0.28822607,0.17014019,0.48961893,0.3185193,0.6665746,0.25967622,Data Collection|Third-Party Sharing
1419_miaminewtimes.com,12,Data Collection,1,0.733607,0.21271099,0.11921643,0.41177204,0.10481674,0.29541606,0.62243044,Data Collection|User Control & Deletion
1419_miaminewtimes.com,13,Data Collection,1,0.80724496,0.12217959,0.12892847,0.40354517,0.05327576,0.3794069,0.38212532,Data Collection
1419_miaminewtimes.com,14,Data Collection|Other/Unclear|Third-Party Sharing,1,0.47138754,0.12512146,0.35269195,0.45375785,0.08717479,0.6805877,0.35275656,Third-Party Sharing
1419_miaminewtimes.com,15,Other/Unclear|User Control & Deletion,1,0.31861132,0.07825462,0.29888096,0.5799688,0.07730317,0.3193666,0.76057017,Other/Unclear|User Control & Deletion
1419_miaminewtimes.com,16,Other/Unclear,1,0.34826136,0.15450543,0.06962585,0.3833976,0.09863344,0.18837142,0.86478615,User Control & Deletion
1419_miaminewtimes.com,17,Data Collection,1,0.8005113,0.21361096,0.12894756,0.27696243,0.060899798,0.4059799,0.15800788,Data Collection
1419_miaminewtimes.com,18,Data Collection,1,0.7229146,0.36511537,0.15806642,0.4039122,0.15483323,0.3814953,0.36742872,Data Collection
1419_miaminewtimes.com,19,Data Collection|Other/Unclear|Third-Party Sharing|User Control & Deletion,1,0.76977193,0.3545672,0.19377056,0.3803047,0.11784755,0.52865005,0.29081532,Data Collection|Third-Party Sharing
1419_miaminewtimes.com,20,Data Collection|Other/Unclear,1,0.67862517,0.16521801,0.26762143,0.3169602,0.07323241,0.44971678,0.26236382,Data Collection
1419_miaminewtimes.com,21,Data Collection,1,0.8946864,0.13526702,0.084366694,0.21262878,0.0936876,0.57444817,0.30042386,Data Collection|Third-Party Sharing
1419_miaminewtimes.com,22,Third-Party Sharing,1,0.47286242,0.3198806,0.21302612,0.33924425,0.08305934,0.8481727,0.14689627,Third-Party Sharing
1419_miaminewtimes.com,23,Data Collection|Other/Unclear|Third-Party Sharing|User Control & Deletion,1,0.5742515,0.18043357,0.17737661,0.40650508,0.109107785,0.6691083,0.36235318,Data Collection|Third-Party Sharing
1419_miaminewtimes.com,24,Third-Party Sharing,1,0.18039833,0.17311466,0.8816473,0.26364574,0.069013536,0.87920386,0.16205783,Data Security|Third-Party Sharing
1419_miaminewtimes.com,25,Third-Party Sharing,1,0.30310795,0.11529995,0.13239497,0.32826924,0.19204822,0.679613,0.26988715,Third-Party Sharing
1419_miaminewtimes.com,26,Data Collection|Third-Party Sharing,1,0.64935136,0.15826488,0.18276803,0.24965245,0.092069544,0.6077181,0.13509095,Data Collection|Third-Party Sharing
1419_miaminewtimes.com,27,Third-Party Sharing,1,0.33175206,0.0974962,0.1970721,0.26285663,0.07482435,0.9301381,0.12182478,Third-Party Sharing
1419_miaminewtimes.com,28,Other/Unclear,1,0.20772126,0.16883042,0.16880539,0.81727606,0.29926696,0.2703583,0.2549171,Other/Unclear
1419_miaminewtimes.com,29,User Control & Deletion,1,0.424402,0.07701421,0.12686591,0.46418107,0.051766824,0.2247793,0.82758313,User Control & Deletion
1419_miaminewtimes.com,30,Data Collection|Other/Unclear,1,0.39529732,0.12763429,0.19245347,0.86542636,0.20994247,0.19139537,0.198646,Other/Unclear
1419_miaminewtimes.com,31,Data Security|Other/Unclear,1,0.20541142,0.17240499,0.5052827,0.85061973,0.15670447,0.4353541,0.16999443,Data Security|Other/Unclear
1419_miaminewtimes.com,32,Data Security|Other/Unclear,1,0.38209367,0.18998781,0.8054325,0.26623398,0.17702931,0.2399394,0.2162911,Data Security
1419_miaminewtimes.com,33,User Control & Deletion,1,0.4166694,0.2537104,0.08770226,0.36417425,0.14556426,0.24121039,0.84771127,User Control & Deletion
1419_miaminewtimes.com,34,Other/Unclear,1,0.15751942,0.10644881,0.25680453,0.8324007,0.2749782,0.16120972,0.3562893,Other/Unclear
1468_rockstargames.com,0,Other/Unclear|Policy Change,0,0.17284146,0.089091495,0.11919124,0.7756003,0.9136693,0.13123636,0.1321086,Other/Unclear|Policy Change
1468_rockstargames.com,1,Other/Unclear,0,0.4303396,0.09514814,0.45888293,0.6855322,0.1696452,0.37458634,0.08921116,Other/Unclear
1468_rockstargames.com,2,Other/Unclear|Policy Change,0,0.2598964,0.25964954,0.29934418,0.8215765,0.28732544,0.2816662,0.33005682,Other/Unclear
1468_rockstargames.com,3,Data Security|Other/Unclear,0,0.11127679,0.114568174,0.74996275,0.92364025,0.13530673,0.19161598,0.24929291,Data Security|Other/Unclear
1468_rockstargames.com,4,Other/Unclear,0,0.35106796,0.19787465,0.40759638,0.8643633,0.19062628,0.30932024,0.18256514,Other/Unclear
1468_rockstargames.com,5,Other/Unclear,0,0.20360403,0.21354865,0.46749467,0.83307666,0.17484055,0.1429092,0.1730353,Other/Unclear
1468_rockstargames.com,6,Data Security|Other/Unclear,0,0.23634088,0.07064789,0.46921834,0.7444916,0.30484298,0.31760216,0.12816691,Other/Unclear
1468_rockstargames.com,7,Other/Unclear,0,0.15551478,0.11634643,0.65337384,0.82418,0.08943284,0.17350073,0.1857862,Data Security|Other/Unclear
1468_rockstargames.com,8,Data Collection|Data Security|Other/Unclear|Third-Party Sharing,0,0.20047925,0.13904501,0.6333723,0.80967367,0.13120465,0.7371538,0.15731741,Data Security|Other/Unclear|Third-Party Sharing
1468_rockstargames.com,9,Other/Unclear|Third-Party Sharing,0,0.26810858,0.12579633,0.40100265,0.69886947,0.17954428,0.80773866,0.21252786,Other/Unclear|Third-Party Sharing
1468_rockstargames.com,10,Third-Party Sharing,0,0.50221837,0.24688023,0.39172027,0.30690363,0.0489946,0.881901,0.2696615,Data Collection|Third-Party Sharing
1468_rockstargames.com,11,Policy Change,0,0.113744244,0.1895831,0.16048795,0.33809042,0.9831848,0.15595363,0.37635618,Policy Change
1468_rockstargames.com,12,Data Collection,0,0.9308249,0.10556804,0.092955805,0.23630778,0.04989492,0.4265109,0.37597945,Data Collection
1468_rockstargames.com,13,Other/Unclear,0,0.6047849,0.11888743,0.22739051,0.48730174,0.06449849,0.40256858,0.12266131,Data Collection
1468_rockstargames.com,14,Data Collection,0,0.8630716,0.18941255,0.25392035,0.2828335,0.0964311,0.4597299,0.2526444,Data Collection
1468_rockstargames.com,15,Data Collection,0,0.93677074,0.30143073,0.14465241,0.22906424,0.047446042,0.373807,0.23700508,Data Collection
1468_rockstargames.com,16,Data Collection,0,0.74034405,0.188072,0.14316574,0.3475084,0.06908302,0.67334294,0.415519,Data Collection|Third-Party Sharing
1468_rockstargames.com,17,Data Collection|Data Retention,0,0.60107195,0.37310225,0.24540995,0.45092812,0.09326342,0.4809017,0.52786565,Data Collection|User Control & Deletion
1468_rockstargames.com,18,Data Collection,0,0.7486328,0.23033178,0.20797777,0.36858052,0.095022894,0.5450371,0.5257502,Data Collection|Third-Party Sharing|User Control & Deletion
1468_rockstargames.com,19,Data Collection,0,0.8632893,0.16920686,0.16799311,0.32505614,0.08679622,0.3690926,0.26405606,Data Collection
1468_rockstargames.com,20,Data Collection,0,0.64410776,0.25006855,0.19361348,0.37064236,0.06210228,0.7581185,0.3277222,Data Collection|Third-Party Sharing
1468_rockstargames.com,21,Other/Unclear|Third-Party Sharing,0,0.54598826,0.35788092,0.32215008,0.67378384,0.07178327,0.7660518,0.4369887,Data Collection|Other/Unclear|Third-Party Sharing
1468_rockstargames.com,22,Data Collection|Data Retention|Other/Unclear,0,0.79611593,0.64046246,0.23927861,0.5158008,0.045303248,0.38772392,0.422406,Data Collection|Data Retention|Other/Unclear
1468_rockstargames.com,23,Other/Unclear|User Control & Deletion,0,0.5940691,0.32945922,0.14494394,0.444216,0.063788734,0.3259028,0.896428,Data Collection|User Control & Deletion
1468_rockstargames.com,24,Data Collection|Other/Unclear|Third-Party Sharing,0,0.33005378,0.27453065,0.28266752,0.741144,0.1510166,0.4901381,0.31916758,Other/Unclear
1468_rockstargames.com,25,Other/Unclear,0,0.2597612,0.1296153,0.33879828,0.79861194,0.137204,0.26110545,0.15647139,Other/Unclear
1468_rockstargames.com,26,Data Collection|User Control & Deletion,0,0.7309436,0.17444585,0.17714363,0.3011116,0.07473658,0.39914736,0.5035516,Data Collection|User Control & Deletion
1468_rockstargames.com,27,Data Collection,0,0.8620127,0.19368121,0.1597076,0.42633206,0.055871684,0.51170534,0.29768708,Data Collection|Third-Party Sharing
1468_rockstargames.com,28,Data Collection|User Control & Deletion,0,0.8497252,0.26290938,0.17400175,0.37685105,0.048412044,0.33116522,0.6035425,Data Collection|User Control & Deletion
1468_rockstargames.com,29,Data Collection,0,0.8436418,0.19268951,0.18595399,0.44366157,0.05049117,0.35522708,0.68305796,Data Collection|User Control & Deletion
1468_rockstargames.com,30,Data Collection,0,0.5653981,0.11150257,0.1784683,0.5438279,0.05811347,0.46283922,0.26005304,Data Collection|Other/Unclear
1468_rockstargames.com,31,Data Collection,0,0.8205532,0.4261642,0.21061203,0.32240808,0.053306334,0.34497076,0.30052912,Data Collection
1468_rockstargames.com,32,Data Collection,0,0.85916275,0.31304657,0.1613325,0.2477482,0.06100153,0.45529568,0.17907315,Data Collection
1468_rockstargames.com,33,Third-Party Sharing,0,0.92069906,0.145962,0.16774905,0.18684986,0.04227967,0.821214,0.21021837,Data Collection|Third-Party Sharing
1468_rockstargames.com,34,Third-Party Sharing,0,0.150942,0.09799,0.38143885,0.8134996,0.13647732,0.80948997,0.5507565,Other/Unclear|Third-Party Sharing|User Control & Deletion
1468_rockstargames.com,35,User Control & Deletion,0,0.18454362,0.076714575,0.18538561,0.6655671,0.10135452,0.46495518,0.85483503,Other/Unclear|User Control & Deletion
1468_rockstargames.com,36,Data Collection,0,0.8505148,0.3411276,0.26937342,0.23329943,0.08932987,0.3643569,0.19201426,Data Collection
1468_rockstargames.com,37,Data Collection|Other/Unclear|Third-Party Sharing|User Control & Deletion,0,0.6356844,0.16073358,0.24581902,0.5283306,0.081003055,0.4262233,0.27530524,Data Collection|Other/Unclear
1468_rockstargames.com,38,Other/Unclear,0,0.6236653,0.09102226,0.18887882,0.48802036,0.099237435,0.38188165,0.3506465,Data Collection
1468_rockstargames.com,39,Other/Unclear|Third-Party Sharing,0,0.7763696,0.2898794,0.20589584,0.38938203,0.08002377,0.6712807,0.2587086,Data Collection|Third-Party Sharing
1468_rockstargames.com,40,Other/Unclear|Third-Party Sharing,0,0.76165885,0.20097491,0.1342425,0.37419075,0.0711504,0.50886077,0.31227884,Data Collection|Third-Party Sharing
1468_rockstargames.com,41,Data Collection|Other/Unclear,0,0.5009193,0.12765096,0.10809878,0.5425065,0.11609671,0.56558937,0.55435604,Data Collection|Other/Unclear|Third-Party Sharing|User Control & Deletion
1468_rockstargames.com,42,Other/Unclear|Third-Party Sharing,0,0.67965037,0.11803352,0.13783236,0.58007985,0.09982135,0.71385646,0.23820964,Data Collection|Other/Unclear|Third-Party Sharing
1468_rockstargames.com,43,Third-Party Sharing,0,0.35134354,0.18882847,0.4698129,0.4543058,0.1187342,0.83670896,0.267972,Third-Party Sharing
1468_rockstargames.com,44,Other/Unclear|Third-Party Sharing,0,0.31321567,0.23203066,0.15784453,0.4022832,0.10151934,0.89371973,0.31408307,Third-Party Sharing
1468_rockstargames.com,45,Third-Party Sharing,0,0.18371962,0.15617546,0.25709727,0.1358681,0.05320243,0.9605631,0.10995915,Third-Party Sharing
1468_rockstargames.com,46,Other/Unclear|User Control & Deletion,0,0.501055,0.22797146,0.19101204,0.5686477,0.09381003,0.3088763,0.6497006,Data Collection|Other/Unclear|User Control & Deletion
1468_rockstargames.com,47,User Control & Deletion,0,0.44112474,0.1483734,0.11062695,0.41693372,0.11312293,0.33136585,0.93242157,User Control & Deletion
1468_rockstargames.com,48,Other/Unclear|User Control & Deletion,0,0.4175089,0.36020884,0.26439446,0.5300286,0.105880335,0.20013472,0.9075293,Other/Unclear|User Control & Deletion
1468_rockstargames.com,49,Data Collection|User Control & Deletion,0,0.3239493,0.19108532,0.19868487,0.6752596,0.0904704,0.66073996,0.82229555,Other/Unclear|Third-Party Sharing|User Control & Deletion
1468_rockstargames.com,50,Other/Unclear|User Control & Deletion,0,0.24428847,0.13032787,0.12479442,0.7881187,0.07999686,0.177671,0.720527,Other/Unclear|User Control & Deletion
1468_rockstargames.com,51,Data Retention|User Control & Deletion,0,0.41809288,0.93334955,0.28531444,0.40033132,0.08707597,0.31430537,0.7374407,Data Retention|User Control & Deletion
1468_rockstargames.com,52,Other/Unclear|User Control & Deletion,0,0.2901564,0.5399351,0.25856695,0.43540257,0.13328639,0.17871134,0.6546858,Data Retention|User Control & Deletion
1468_rockstargames.com,53,Other/Unclear,0,0.105632186,0.118705094,0.5286513,0.89711666,0.118138306,0.39243197,0.20275983,Data Security|Other/Unclear
1468_rockstargames.com,54,Other/Unclear,0,0.39215717,0.16407199,0.2046455,0.8651662,0.08441141,0.14253414,0.21445088,Other/Unclear
1468_rockstargames.com,55,Data Security,0,0.14496954,0.30731782,0.9775577,0.36754072,0.06401436,0.16724749,0.19244689,Data Security
1468_rockstargames.com,56,Other/Unclear,0,0.103466295,0.053301543,0.1300725,0.90297353,0.13490108,0.078997046,0.35807362,Other/Unclear
1468_rockstargames.com,57,Other/Unclear,0,0.083207235,0.11551932,0.20392905,0.8780436,0.09608229,0.42658737,0.42682767,Other/Unclear
1468_rockstargames.com,58,Other/Unclear,0,0.31962284,0.28210717,0.40607226,0.65652466,0.07443694,0.4637947,0.25713655,Other/Unclear
1468_rockstargames.com,59,Other/Unclear,0,0.41015163,0.09471871,0.25946733,0.6146165,0.27066225,0.5873309,0.27179503,Other/Unclear|Third-Party Sharing
1468_rockstargames.com,60,Other/Unclear,0,0.4225611,0.08704134,0.24001704,0.61058724,0.10217857,0.6780854,0.3676233,Other/Unclear|Third-Party Sharing
1468_rockstargames.com,61,Other/Unclear,0,0.120414265,0.092811644,0.2325927,0.8968775,0.19879147,0.08966057,0.3186664,Other/Unclear
1470_steampowered.com,0,Other/Unclear,0,0.41020325,0.06230639,0.23779182,0.7312719,0.2738899,0.20112039,0.16426809,Other/Unclear
1470_steampowered.com,1,Other/Unclear|Policy Change,0,0.07993601,0.1334366,0.17828299,0.7630199,0.90995896,0.12243168,0.23755436,Other/Unclear|Policy Change
1470_steampowered.com,2,Data Collection|Third-Party Sharing,0,0.50759083,0.24952689,0.1518524,0.3762798,0.093998305,0.8785434,0.39198074,Data Collection|Third-Party Sharing
1470_steampowered.com,3,Data Collection|Other/Unclear,0,0.8196899,0.3652513,0.343722,0.26905268,0.053879276,0.515449,0.37065327,Data Collection|Third-Party Sharing
1470_steampowered.com,4,Data Collection|Third-Party Sharing,0,0.73622984,0.29197305,0.34450024,0.31529403,0.056294184,0.68525046,0.2277893,Data Collection|Third-Party Sharing
1470_steampowered.com,5,Data Collection|Third-Party Sharing,0,0.65408343,0.17692193,0.11364326,0.35188466,0.08647748,0.8161965,0.7504767,Data Collection|Third-Party Sharing|User Control & Deletion
1470_steampowered.com,6,Data Collection|Other/Unclear|Third-Party Sharing,0,0.5732985,0.4770685,0.22787629,0.46800146,0.08812032,0.57716304,0.42943355,Data Collection|Third-Party Sharing
1470_steampowered.com,7,Other/Unclear|Third-Party Sharing,0,0.31345913,0.10978012,0.22766979,0.8156263,0.0674117,0.69989115,0.20709783,Other/Unclear|Third-Party Sharing
1470_steampowered.com,8,Third-Party Sharing,0,0.37592244,0.23785414,0.18924728,0.22615731,0.07938036,0.9472077,0.26132506,Third-Party Sharing
1470_steampowered.com,9,Other/Unclear,0,0.38059866,0.12310778,0.13966976,0.9035488,0.0565262,0.1458328,0.3008392,Other/Unclear
1470_steampowered.com,10,Data Collection|Third-Party Sharing,0,0.8831557,0.38638097,0.16559553,0.25954407,0.056637462,0.59791094,0.3827182,Data Collection|Third-Party Sharing
1470_steampowered.com,11,User Control & Deletion,0,0.35226426,0.10092735,0.16332553,0.53287333,0.09006769,0.2972243,0.6943567,Other/Unclear|User Control & Deletion
1470_steampowered.com,12,Data Collection|Other/Unclear,0,0.6207907,0.23792496,0.32267195,0.4228118,0.08117388,0.5870798,0.2677737,Data Collection|Third-Party Sharing
1470_steampowered.com,13,Data Collection|Other/Unclear,0,0.74871355,0.4135045,0.25904667,0.44403133,0.06626255,0.5811038,0.31629452,Data Collection|Third-Party Sharing
1470_steampowered.com,14,Other/Unclear|Third-Party Sharing,0,0.45000744,0.37109533,0.3468859,0.6009746,0.057710364,0.76482934,0.26946747,Other/Unclear|Third-Party Sharing
1470_steampowered.com,15,User Control & Deletion,0,0.302199,0.15842022,0.10805428,0.47042847,0.10312181,0.30830428,0.8638881,User Control & Deletion
1470_steampowered.com,16,Data Security|Other/Unclear,0,0.2480256,0.20196311,0.7822971,0.7083212,0.057250284,0.33561346,0.3108633,Data Security|Other/Unclear
1470_steampowered.com,17,User Control & Deletion,0,0.31960595,0.2963127,0.20616494,0.6473692,0.1273413,0.23232445,0.765593,Other/Unclear|User Control & Deletion
1470_steampowered.com,18,Other/Unclear,0,0.050753113,0.056167897,0.102202944,0.93914557,0.2004729,0.10843793,0.33986413,Other/Unclear
1470_steampowered.com,19,Other/Unclear|Policy Change,0,0.25260496,0.1026121,0.14116837,0.65898764,0.4453233,0.1727768,0.18318732,Other/Unclear
1498_ticketmaster.com,0,Other/Unclear|Policy Change,1,0.07260365,0.05120685,0.16641243,0.8966163,0.8942967,0.07860531,0.12209324,Other/Unclear|Policy Change
1498_ticketmaster.com,1,Other/Unclear,1,0.32490999,0.10570159,0.22156668,0.80727714,0.30263248,0.19087923,0.20717248,Other/Unclear
1498_ticketmaster.com,2,Data Collection,1,0.8595217,0.17523684,0.11795822,0.33415177,0.071365595,0.3128883,0.21167567,Data Collection
1498_ticketmaster.com,3,Data Collection,1,0.77812225,0.20088467,0.44359893,0.21477033,0.05559446,0.36750785,0.138167,Data Collection
1498_ticketmaster.com,4,Data Collection,1,0.56105065,0.24194264,0.17735712,0.47258708,0.10361774,0.73031235,0.19452097,Data Collection|Third-Party Sharing
1498_ticketmaster.com,5,Data Collection,1,0.8034407,0.13763902,0.0886783,0.21111469,0.07901656,0.46882045,0.17491885,Data Collection
1498_ticketmaster.com,6,Data Collection,1,0.8365486,0.1381009,0.14184526,0.29937464,0.088523254,0.25564656,0.33362338,Data Collection
1498_ticketmaster.com,7,Data Collection,1,0.7490197,0.2133682,0.13004299,0.49235305,0.101891175,0.3027071,0.28548986,Data Collection
1498_ticketmaster.com,8,Data Collection,1,0.7371257,0.09070017,0.12475875,0.532134,0.10885603,0.36916307,0.38299108,Data Collection|Other/Unclear
1498_ticketmaster.com,9,Data Collection,1,0.7395112,0.31459627,0.13025178,0.39815122,0.089063816,0.6711337,0.2715039,Data Collection|Third-Party Sharing
1498_ticketmaster.com,10,Data Collection,1,0.80177265,0.36048043,0.18043835,0.26503965,0.0895638,0.38791168,0.3036863,Data Collection
1498_ticketmaster.com,11,Data Collection,1,0.8431583,0.15176335,0.1320741,0.19137684,0.11453305,0.27134383,0.20522757,Data Collection
1498_ticketmaster.com,12,Data Collection,1,0.79296327,0.1361744,0.16832663,0.2694866,0.09779141,0.5484692,0.15487114,Data Collection|Third-Party Sharing
1498_ticketmaster.com,13,Data Collection|Data Security,1,0.59479326,0.1396317,0.5765304,0.25457016,0.07992324,0.4767218,0.091919675,Data Collection|Data Security
1498_ticketmaster.com,14,Data Collection,1,0.80073434,0.12330596,0.11222574,0.27193442,0.13704795,0.4358109,0.4823057,Data Collection
1498_ticketmaster.com,15,Data Collection,1,0.7160449,0.2013014,0.11105681,0.35345846,0.28713346,0.24761584,0.3313743,Data Collection
1498_ticketmaster.com,16,Data Collection,1,0.5914513,0.20382507,0.21217754,0.25104097,0.09002347,0.4891219,0.20246066,Data Collection
1498_ticketmaster.com,17,Third-Party Sharing,1,0.1647026,0.11089201,0.17066678,0.38693368,0.075941816,0.9181064,0.17295821,Third-Party Sharing
1498_ticketmaster.com,18,Third-Party Sharing,1,0.25397184,0.17458989,0.3470326,0.3609632,0.06561048,0.8613978,0.16262835,Third-Party Sharing
1498_ticketmaster.com,19,Third-Party Sharing,1,0.2684905,0.16762218,0.23624395,0.58212274,0.16857189,0.85610414,0.26568,Other/Unclear|Third-Party Sharing
1498_ticketmaster.com,20,Third-Party Sharing,1,0.39632893,0.21476385,0.22504278,0.19088489,0.0897196,0.8684252,0.16451241,Third-Party Sharing
1498_ticketmaster.com,21,Third-Party Sharing,1,0.26268575,0.18031247,0.22691399,0.26155984,0.10744343,0.86607957,0.18153498,Third-Party Sharing
1498_ticketmaster.com,22,Third-Party Sharing,1,0.22834131,0.21980369,0.1836955,0.43483612,0.22379047,0.7225303,0.30897915,Third-Party Sharing
1498_ticketmaster.com,23,User Control & Deletion,1,0.44283265,0.20154727,0.08934592,0.4513005,0.11008797,0.20385808,0.94228333,User Control & Deletion
1498_ticketmaster.com,24,Data Retention|User Control & Deletion,1,0.3048697,0.46979153,0.20769109,0.45457914,0.26437795,0.1507415,0.855568,User Control & Deletion
1498_ticketmaster.com,25,User Control & Deletion,1,0.42807835,0.087824516,0.16284451,0.60961276,0.12805061,0.35624504,0.6113491,Other/Unclear|User Control & Deletion
1498_ticketmaster.com,26,User Control & Deletion,1,0.3562098,0.10811487,0.15215787,0.5022952,0.07809607,0.1897777,0.69523245,Other/Unclear|User Control & Deletion
1498_ticketmaster.com,27,Other/Unclear,1,0.18812263,0.181741,0.18893702,0.75260067,0.080430076,0.46201164,0.7137356,Other/Unclear|User Control & Deletion
1498_ticketmaster.com,28,Other/Unclear,1,0.29276192,0.21086371,0.20485638,0.7306786,0.089915216,0.164599,0.7158533,Other/Unclear|User Control & Deletion
1498_ticketmaster.com,29,Other/Unclear,1,0.3376584,0.1734381,0.09787312,0.88923115,0.10849394,0.106338225,0.5404162,Other/Unclear|User Control & Deletion
1498_ticketmaster.com,30,Other/Unclear,1,0.32995084,0.08227435,0.19645049,0.7237427,0.1403844,0.2705505,0.37203115,Other/Unclear
1498_ticketmaster.com,31,Data Security,1,0.2798045,0.252527,0.8419945,0.4406367,0.10222397,0.17815259,0.23438892,Data Security
1498_ticketmaster.com,32,Data Security|Other/Unclear,1,0.30000305,0.15518364,0.50993913,0.65805906,0.09366809,0.26554394,0.15486696,Data Security|Other/Unclear
1498_ticketmaster.com,33,Data Security|Other/Unclear,1,0.23628801,0.13386576,0.5822898,0.7821549,0.23457958,0.19567385,0.14359902,Data Security|Other/Unclear
1498_ticketmaster.com,34,Data Retention,1,0.44886568,0.5578264,0.31374872,0.235121,0.08318592,0.59632,0.22958712,Data Retention|Third-Party Sharing
1498_ticketmaster.com,35,Data Security|Other/Unclear,1,0.2544819,0.28761494,0.17927293,0.7813646,0.11610467,0.31636134,0.23564342,Other/Unclear
1498_ticketmaster.com,36,Other/Unclear,1,0.15315984,0.081334025,0.6818704,0.85824287,0.10855488,0.14354724,0.2084048,Data Security|Other/Unclear
1498_ticketmaster.com,37,Other/Unclear|Third-Party Sharing,1,0.09205957,0.081586406,0.19626448,0.9487951,0.17839357,0.5876393,0.15865295,Other/Unclear|Third-Party Sharing
1498_ticketmaster.com,38,Other/Unclear,1,0.103296354,0.10826993,0.2507084,0.9148779,0.09193135,0.15567647,0.6257563,Other/Unclear|User Control & Deletion
1498_ticketmaster.com,39,Policy Change,1,0.17890273,0.19573313,0.21957518,0.3625902,0.9421281,0.21354207,0.21717052,Policy Change
1539_geocaching.com,0,Other/Unclear|Policy Change,2,0.07655308,0.057197817,0.112309,0.9198995,0.94252586,0.078400224,0.08504226,Other/Unclear|Policy Change
1539_geocaching.com,1,Data Security|Other/Unclear,2,0.24833457,0.07257383,0.25280124,0.8082652,0.20878571,0.20406151,0.19622223,Other/Unclear
1539_geocaching.com,2,Other/Unclear,2,0.48926383,0.17188992,0.15259683,0.81098026,0.09634538,0.17175673,0.6046971,Other/Unclear|User Control & Deletion
1539_geocaching.com,3,Other/Unclear|Policy Change,2,0.14217004,0.090102926,0.26371118,0.81895655,0.47553095,0.18952608,0.53312594,Other/Unclear|User Control & Deletion
1539_geocaching.com,4,Data Collection,2,0.90924424,0.45529696,0.19332503,0.17560855,0.04567733,0.61215305,0.39657223,Data Collection|Third-Party Sharing
1539_geocaching.com,5,Data Collection,2,0.8661728,0.30419374,0.115796514,0.23829281,0.09211054,0.20711364,0.4157621,Data Collection
1539_geocaching.com,6,Data Collection,2,0.75910026,0.15566367,0.19780667,0.43446884,0.089651346,0.434573,0.28746393,Data Collection
1539_geocaching.com,7,Data Collection,2,0.8127323,0.20695756,0.2792784,0.29773238,0.1688993,0.6355563,0.27104568,Data Collection|Third-Party Sharing
1539_geocaching.com,8,Third-Party Sharing,2,0.64068997,0.3862113,0.18023281,0.34333858,0.05319931,0.93810415,0.35402927,Data Collection|Third-Party Sharing
1539_geocaching.com,9,Other/Unclear|Third-Party Sharing,2,0.6232116,0.21724032,0.19461009,0.35664073,0.14986473,0.80807143,0.2851163,Data Collection|Third-Party Sharing
1539_geocaching.com,10,Data Security|Third-Party Sharing,2,0.18560338,0.18654002,0.9121843,0.2188149,0.13710716,0.9123524,0.12833472,Data Security|Third-Party Sharing
1539_geocaching.com,11,Third-Party Sharing,2,0.35713884,0.22262183,0.17859781,0.17211522,0.0733392,0.91326916,0.13342293,Third-Party Sharing
1539_geocaching.com,12,Other/Unclear|Third-Party Sharing,2,0.24472843,0.20740469,0.30092472,0.5309263,0.3337729,0.61215997,0.31575334,Other/Unclear|Third-Party Sharing
1539_geocaching.com,13,Data Security|Other/Unclear,2,0.13228598,0.21527264,0.98232955,0.31169116,0.08358463,0.3227459,0.21093208,Data Security
1539_geocaching.com,14,Other/Unclear|User Control & Deletion,2,0.30044672,0.34585536,0.12014115,0.39144206,0.158052,0.14383714,0.98317903,User Control & Deletion
1539_geocaching.com,15,Data Collection,2,0.8919552,0.17174299,0.17709236,0.36236235,0.062156267,0.34833843,0.37794828,Data Collection
1539_geocaching.com,16,Data Collection,2,0.8028464,0.27163145,0.25112584,0.28393295,0.10398237,0.18823658,0.1523863,Data Collection
1539_geocaching.com,17,Data Collection|Third-Party Sharing,2,0.722759,0.23047711,0.22129276,0.42527235,0.05977307,0.5543422,0.2537993,Data Collection|Third-Party Sharing
1539_geocaching.com,18,Third-Party Sharing,2,0.6320198,0.10475437,0.15549348,0.42339423,0.07746723,0.78431374,0.17959392,Data Collection|Third-Party Sharing
1539_geocaching.com,19,User Control & Deletion,2,0.52429265,0.47881436,0.14027227,0.40972233,0.11835519,0.3178948,0.8654328,Data Collection|User Control & Deletion
1539_geocaching.com,20,Other/Unclear|Policy Change|Third-Party Sharing,2,0.17408589,0.054702472,0.18844184,0.6689632,0.2526063,0.76400375,0.50911146,Other/Unclear|Third-Party Sharing|User Control & Deletion
1539_geocaching.com,21,Other/Unclear|User Control & Deletion,2,0.21203282,0.44417953,0.25545055,0.72062165,0.13400891,0.13022384,0.7343754,Other/Unclear|User Control & Deletion
1539_geocaching.com,22,Other/Unclear,2,0.45156357,0.31708944,0.21539834,0.8519834,0.15806946,0.1320899,0.52627814,Other/Unclear|User Control & Deletion
1539_geocaching.com,23,Other/Unclear,2,0.17753331,0.2725557,0.2935497,0.81401277,0.08689327,0.2957333,0.49940887,Other/Unclear
1539_geocaching.com,24,Other/Unclear,2,0.15097436,0.22969565,0.39148074,0.7580708,0.39336598,0.20666167,0.19984591,Other/Unclear
1539_geocaching.com,25,Other/Unclear|Third-Party Sharing,2,0.3909793,0.107492544,0.15570731,0.7635815,0.122173324,0.37903848,0.1810859,Other/Unclear
1539_geocaching.com,26,Policy Change,2,0.09387927,0.09299115,0.15989584,0.5170447,0.99135584,0.09105888,0.2422419,Other/Unclear|Policy Change
1582_msn.com,0,Other/Unclear|Policy Change,4,0.15085295,0.08233235,0.12582368,0.8256881,0.93055207,0.11186968,0.12148105,Other/Unclear|Policy Change
1582_msn.com,1,Other/Unclear,4,0.2145061,0.05441847,0.31971076,0.89487946,0.27735865,0.18599519,0.1486384,Other/Unclear
1582_msn.com,2,Data Collection,4,0.80597496,0.18596072,0.15505105,0.31527054,0.07582489,0.34123075,0.5549166,Data Collection|User Control & Deletion
1582_msn.com,3,Data Collection|Third-Party Sharing,4,0.64856744,0.11054554,0.26107594,0.34292078,0.06466104,0.6247332,0.17354783,Data Collection|Third-Party Sharing
1582_msn.com,4,Data Collection,4,0.9243975,0.17226937,0.17425908,0.23231636,0.065970495,0.33077013,0.15608798,Data Collection
1582_msn.com,5,Data Collection,4,0.74688244,0.14713328,0.12596542,0.3461742,0.11993454,0.18580571,0.2802744,Data Collection
1582_msn.com,6,Data Collection|Data Retention|Data Security,4,0.7625439,0.5484465,0.25237957,0.3862009,0.08509093,0.30146614,0.26721302,Data Collection|Data Retention
1582_msn.com,7,Data Collection|Third-Party Sharing,4,0.71623933,0.1445261,0.2132983,0.25792065,0.08330456,0.44997782,0.22038555,Data Collection
1582_msn.com,8,Data Collection,4,0.8695911,0.14402387,0.2615887,0.17089616,0.13295726,0.19065829,0.12289224,Data Collection
1582_msn.com,9,Data Collection|Other/Unclear,4,0.8817668,0.278967,0.3778239,0.09848046,0.07073203,0.5004013,0.1326766,Data Collection|Third-Party Sharing
1582_msn.com,10,Data Collection|Third-Party Sharing,4,0.648602,0.2554824,0.17302863,0.3215509,0.13355537,0.57668656,0.30177048,Data Collection|Third-Party Sharing
1582_msn.com,11,Third-Party Sharing,4,0.29393673,0.121807724,0.5692156,0.08905184,0.045045666,0.8978209,0.13085943,Data Security|Third-Party Sharing
1582_msn.com,12,Third-Party Sharing,4,0.49524724,0.16084595,0.16895245,0.32588395,0.088333674,0.54358286,0.32013726,Third-Party Sharing
1582_msn.com,13,Data Collection|Other/Unclear|Third-Party Sharing|User Control & Deletion,4,0.5442447,0.30976072,0.15650052,0.5327032,0.104401976,0.3219887,0.7603075,Data Collection|Other/Unclear|User Control & Deletion
1582_msn.com,14,Data Collection|User Control & Deletion,4,0.7487864,0.1636056,0.17400923,0.26273954,0.078478195,0.24878335,0.60398334,Data Collection|User Control & Deletion
1582_msn.com,15,Data Collection|Data Retention|User Control & Deletion,4,0.61220104,0.2892748,0.16626306,0.47113404,0.12071234,0.2554099,0.5971961,Data Collection|User Control & Deletion
1582_msn.com,16,Other/Unclear|Third-Party Sharing,4,0.6166299,0.19752717,0.34959257,0.42380333,0.0794367,0.39711803,0.2685134,Data Collection
1582_msn.com,17,Data Collection|Data Security,4,0.6433417,0.31679928,0.29442984,0.32591394,0.15609491,0.45034918,0.3213932,Data Collection
1582_msn.com,18,Data Collection|Other/Unclear|Third-Party Sharing,4,0.80628055,0.19416624,0.21023184,0.21748413,0.07638838,0.38016143,0.32751977,Data Collection
1582_msn.com,19,Data Collection,4,0.78518665,0.17480049,0.20288648,0.26064977,0.12326152,0.36838794,0.38136676,Data Collection
1582_msn.com,20,Data Collection|Third-Party Sharing,4,0.67418957,0.25853235,0.19686165,0.35584068,0.09603779,0.4217041,0.5417496,Data Collection|User Control & Deletion
1582_msn.com,21,Other/Unclear,4,0.39187694,0.1693138,0.1833387,0.79117584,0.19740295,0.19248146,0.36631644,Other/Unclear
1582_msn.com,22,Other/Unclear,4,0.44249582,0.4418842,0.20633398,0.6042915,0.11523593,0.33886737,0.31346056,Other/Unclear
1582_msn.com,23,Other/Unclear,4,0.15175514,0.10726055,0.14450932,0.724144,0.4032479,0.22356553,0.53049415,Other/Unclear|User Control & Deletion
1582_msn.com,24,Data Collection,4,0.7965678,0.16000816,0.1913388,0.27151132,0.13812804,0.55152756,0.3465068,Data Collection|Third-Party Sharing
1582_msn.com,25,Other/Unclear|User Control & Deletion,4,0.19898991,0.05717855,0.1635299,0.7528596,0.1003737,0.17533226,0.8159252,Other/Unclear|User Control & Deletion
1582_msn.com,26,User Control & Deletion,4,0.41360405,0.118103124,0.12878723,0.4800405,0.11467584,0.16452427,0.8283698,User Control & Deletion
1582_msn.com,27,Other/Unclear,4,0.67847264,0.40511972,0.46106184,0.43641967,0.065204844,0.40220875,0.24413185,Data Collection
1582_msn.com,28,Data Collection|Third-Party Sharing,4,0.8136857,0.38578537,0.42509562,0.17778607,0.061474167,0.35985246,0.32061014,Data Collection
1582_msn.com,29,Data Collection|User Control & Deletion,4,0.5093537,0.1491503,0.09654265,0.4280365,0.06790124,0.22060359,0.86497194,Data Collection|User Control & Deletion
1582_msn.com,30,Other/Unclear|User Control & Deletion,4,0.5105592,0.13395944,0.1448491,0.70493966,0.12879477,0.16771843,0.37941596,Data Collection|Other/Unclear
1582_msn.com,31,Other/Unclear,4,0.28155094,0.1469127,0.46998864,0.55215394,0.3536354,0.1234961,0.14754614,Other/Unclear
1610_post-gazette.com,0,Other/Unclear|Policy Change,1,0.15985782,0.08194085,0.13392574,0.78630614,0.9200806,0.1252848,0.12829848,Other/Unclear|Policy Change
1610_post-gazette.com,1,Data Collection|Data Security|Other/Unclear,1,0.40766466,0.16929993,0.47122908,0.7532771,0.48862502,0.17854261,0.1399993,Other/Unclear
1610_post-gazette.com,2,Policy Change|User Control & Deletion,1,0.20054908,0.18719003,0.17413515,0.5165236,0.9630973,0.17190723,0.34590918,Other/Unclear|Policy Change
1610_post-gazette.com,3,Data Collection,1,0.81754494,0.16323888,0.17494936,0.3761854,0.06934738,0.38779983,0.19996263,Data Collection
1610_post-gazette.com,4,Data Collection,1,0.71953857,0.23791783,0.24709801,0.2932907,0.055018116,0.37705487,0.3263544,Data Collection
1610_post-gazette.com,5,Data Collection,1,0.6983607,0.34036952,0.14678302,0.44611976,0.09492614,0.41341507,0.30438513,Data Collection
1610_post-gazette.com,6,Data Collection|Other/Unclear|User Control & Deletion,1,0.5251369,0.19283986,0.2934392,0.52217937,0.18919145,0.37061206,0.49370232,Data Collection|Other/Unclear
1610_post-gazette.com,7,Data Collection|Other/Unclear|User Control & Deletion,1,0.64118165,0.21415159,0.17632595,0.34111863,0.07745515,0.3860057,0.562578,Data Collection|User Control & Deletion
1610_post-gazette.com,8,Data Collection,1,0.8388756,0.18977092,0.09739396,0.22189987,0.06474251,0.30491662,0.14976022,Data Collection
1610_post-gazette.com,9,Data Collection|Other/Unclear,1,0.8343181,0.1321146,0.1275798,0.46436685,0.13048072,0.21855958,0.25300688,Data Collection
1610_post-gazette.com,10,Data Collection|Data Security|Third-Party Sharing,1,0.48219317,0.2860117,0.6596253,0.37066823,0.088984594,0.69254786,0.2339312,Data Security|Third-Party Sharing
1610_post-gazette.com,11,Data Collection,1,0.92092025,0.30549955,0.08897312,0.32741466,0.0872112,0.27748483,0.21637414,Data Collection
1610_post-gazette.com,12,Data Collection|Third-Party Sharing,1,0.6468633,0.20107487,0.3373904,0.6671285,0.05964896,0.6551813,0.30422258,Data Collection|Other/Unclear|Third-Party Sharing
1610_post-gazette.com,13,Data Collection|Third-Party Sharing,1,0.8585491,0.14981472,0.12187844,0.19809052,0.07314219,0.8805309,0.16798663,Data Collection|Third-Party Sharing
1610_post-gazette.com,14,Data Collection|Third-Party Sharing,1,0.68042094,0.18657231,0.11045899,0.19192432,0.051039074,0.7836754,0.22687903,Data Collection|Third-Party Sharing
1610_post-gazette.com,15,Data Collection|Data Security|Third-Party Sharing,1,0.46257272,0.28170696,0.5433329,0.24946207,0.056737117,0.84900135,0.18898949,Data Security|Third-Party Sharing
1610_post-gazette.com,16,Data Collection|Third-Party Sharing,1,0.42206123,0.16323243,0.20995916,0.24725868,0.082475826,0.66219896,0.12608403,Third-Party Sharing
1610_post-gazette.com,17,Data Collection|Third-Party Sharing|User Control & Deletion,1,0.25726852,0.07348534,0.16239576,0.47563332,0.07555369,0.65722406,0.83717966,Third-Party Sharing|User Control & Deletion
1610_post-gazette.com,18,Other/Unclear|User Control & Deletion,1,0.22921501,0.21842346,0.2254136,0.59185994,0.08559641,0.17770022,0.83328897,Other/Unclear|User Control & Deletion
1610_post-gazette.com,19,Data Collection|Other/Unclear,1,0.9032513,0.26603335,0.15370674,0.35423866,0.07544923,0.3374664,0.28192756,Data Collection
1610_post-gazette.com,20,Other/Unclear|Third-Party Sharing,1,0.28081083,0.10771829,0.12619878,0.61828834,0.11146612,0.6407336,0.56734085,Other/Unclear|Third-Party Sharing|User Control & Deletion
1610_post-gazette.com,21,User Control & Deletion,1,0.4381958,0.11962265,0.20553106,0.4208271,0.09887984,0.29554012,0.904712,User Control & Deletion
1610_post-gazette.com,22,Data Security,1,0.18524577,0.16399236,0.96178216,0.42756552,0.063300945,0.18143801,0.104695566,Data Security
1610_post-gazette.com,23,Data Security|Other/Unclear,1,0.22052951,0.14000688,0.4299491,0.7768278,0.11802731,0.5504559,0.113381416,Other/Unclear|Third-Party Sharing
1610_post-gazette.com,24,Data Collection|Other/Unclear,1,0.5010981,0.15961242,0.4259196,0.76129955,0.19272625,0.2029084,0.15164381,Data Collection|Other/Unclear
1610_post-gazette.com,25,Other/Unclear,1,0.31609228,0.19045195,0.20209703,0.75053173,0.23328614,0.24088898,0.2783894,Other/Unclear
1610_post-gazette.com,26,Other/Unclear|User Control & Deletion,1,0.3492968,0.13091224,0.21465304,0.75931424,0.12883988,0.29666898,0.33633658,Other/Unclear
1610_post-gazette.com,27,Other/Unclear,1,0.44851398,0.27184948,0.2857375,0.6935596,0.1295578,0.28904167,0.4609132,Other/Unclear
1618_sltrib.com,0,Other/Unclear,0,0.30856636,0.12174587,0.24597669,0.8609278,0.1763788,0.29088968,0.14917167,Other/Unclear
1618_sltrib.com,1,Policy Change,0,0.13408017,0.11488745,0.11886419,0.4169663,0.97149575,0.09387358,0.19746737,Policy Change
1618_sltrib.com,2,Data Collection,0,0.9124647,0.15652226,0.15307735,0.20649455,0.050901912,0.3225075,0.19153744,Data Collection
1618_sltrib.com,3,Data Collection|User Control & Deletion,0,0.7389686,0.20887294,0.18929581,0.24216026,0.12083737,0.2284525,0.80253494,Data Collection|User Control & Deletion
1618_sltrib.com,4,Data Collection,0,0.8466107,0.1706451,0.26259875,0.17718776,0.06681943,0.46581018,0.20226148,Data Collection
1618_sltrib.com,5,Data Collection,0,0.7579449,0.15840662,0.10112508,0.42616278,0.10483983,0.20362069,0.27420488,Data Collection
1618_sltrib.com,6,Data Collection,0,0.734402,0.16921662,0.16505422,0.44647175,0.086028576,0.55333483,0.3140585,Data Collection|Third-Party Sharing
1618_sltrib.com,7,Data Collection|Third-Party Sharing,0,0.7276265,0.352115,0.30822363,0.36646453,0.068440996,0.47401044,0.22577718,Data Collection
1618_sltrib.com,8,Third-Party Sharing,0,0.4225522,0.15742734,0.3093544,0.61610544,0.08945164,0.70634645,0.34188116,Other/Unclear|Third-Party Sharing
1618_sltrib.com,9,Data Collection|Data Retention|Other/Unclear,0,0.68205965,0.83046794,0.19397701,0.2963281,0.090943776,0.28789023,0.21234941,Data Collection|Data Retention
1618_sltrib.com,10,Data Collection|Third-Party Sharing,0,0.49032748,0.24452727,0.2801927,0.14065327,0.094909064,0.8365024,0.10793072,Third-Party Sharing
1618_sltrib.com,11,Data Collection,0,0.84453636,0.2055512,0.26090363,0.28919506,0.08480707,0.17577352,0.25402737,Data Collection
1618_sltrib.com,12,Data Collection|Other/Unclear|Third-Party Sharing|User Control & Deletion,0,0.76948977,0.082064115,0.11082421,0.60310614,0.055819497,0.69696474,0.42196217,Data Collection|Other/Unclear|Third-Party Sharing
1618_sltrib.com,13,Data Collection,0,0.91041774,0.20607662,0.14714722,0.21466286,0.046233684,0.16570272,0.11796321,Data Collection
1618_sltrib.com,14,Data Collection|Other/Unclear|Third-Party Sharing|User Control & Deletion,0,0.7746005,0.13361374,0.14369746,0.28282565,0.07230853,0.82410496,0.2866878,Data Collection|Third-Party Sharing
1618_sltrib.com,15,Data Collection|Other/Unclear,0,0.80227447,0.20172445,0.13943511,0.27361846,0.08693342,0.31596297,0.23287423,Data Collection
1618_sltrib.com,16,Data Collection|Third-Party Sharing,0,0.7360134,0.07307231,0.13334444,0.28646377,0.07398207,0.8060828,0.1471636,Data Collection|Third-Party Sharing
1618_sltrib.com,17,Other/Unclear|Third-Party Sharing|User Control & Deletion,0,0.7461225,0.072089,0.180007,0.33527973,0.07885994,0.84576696,0.1858261,Data Collection|Third-Party Sharing
1618_sltrib.com,18,Other/Unclear|Third-Party Sharing|User Control & Deletion,0,0.71160513,0.07009417,0.12334942,0.42742273,0.08688647,0.54536515,0.31106576,Data Collection|Third-Party Sharing
1618_sltrib.com,19,Data Collection,0,0.7494079,0.12896988,0.14962974,0.23561364,0.09358168,0.67653996,0.2955016,Data Collection|Third-Party Sharing
1618_sltrib.com,20,Other/Unclear|Third-Party Sharing,0,0.3321389,0.13443454,0.18963726,0.6495498,0.18224692,0.5730346,0.26775488,Other/Unclear|Third-Party Sharing
1618_sltrib.com,21,Third-Party Sharing,0,0.409303,0.08552886,0.14598656,0.3506099,0.095681645,0.651203,0.18429875,Third-Party Sharing
1618_sltrib.com,22,User Control & Deletion,0,0.47641417,0.19185649,0.15233177,0.5280564,0.073646165,0.31397995,0.78507084,Other/Unclear|User Control & Deletion
1618_sltrib.com,23,Other/Unclear|User Control & Deletion,0,0.43653032,0.11564795,0.12892956,0.6544018,0.085505195,0.5407917,0.6912747,Other/Unclear|Third-Party Sharing|User Control & Deletion
1618_sltrib.com,24,Other/Unclear|User Control & Deletion,0,0.15285392,0.118975654,0.090443246,0.7283919,0.11370465,0.549201,0.9146784,Other/Unclear|Third-Party Sharing|User Control & Deletion
1618_sltrib.com,25,Other/Unclear,0,0.23892838,0.14567508,0.09776937,0.63020575,0.098107494,0.51650834,0.8508269,Other/Unclear|Third-Party Sharing|User Control & Deletion
1618_sltrib.com,26,Other/Unclear|User Control & Deletion,0,0.22360514,0.11339818,0.07197244,0.7774414,0.15323529,0.20250031,0.9035313,Other/Unclear|User Control & Deletion
1618_sltrib.com,27,Other/Unclear,0,0.24878278,0.119794145,0.08536762,0.5887949,0.09006943,0.25560963,0.90874517,Other/Unclear|User Control & Deletion
1618_sltrib.com,28,Other/Unclear,0,0.3995804,0.14395778,0.092143916,0.5974432,0.44666827,0.30553463,0.61917007,Other/Unclear|User Control & Deletion
1618_sltrib.com,29,Other/Unclear|User Control & Deletion,0,0.2579867,0.17762984,0.104491636,0.7010518,0.16485092,0.16021946,0.78285915,Other/Unclear|User Control & Deletion
1618_sltrib.com,30,Data Security,0,0.23967637,0.2134114,0.87821966,0.37280414,0.14819856,0.19761607,0.13096304,Data Security
1618_sltrib.com,31,Other/Unclear,0,0.101934046,0.11082679,0.13300431,0.8867652,0.095533706,0.24885009,0.38895196,Other/Unclear
1618_sltrib.com,32,Other/Unclear,0,0.5217211,0.2553789,0.10699685,0.5958228,0.06526913,0.25992697,0.3568365,Data Collection|Other/Unclear
1618_sltrib.com,33,Other/Unclear,0,0.10084056,0.09093936,0.14804593,0.9118563,0.30007052,0.1535008,0.28260854,Other/Unclear
1618_sltrib.com,34,Other/Unclear,0,0.3700332,0.07719152,0.12065737,0.9236395,0.1304685,0.18788242,0.08345015,Other/Unclear
1618_sltrib.com,35,Data Collection|Other/Unclear,0,0.8363093,0.24961083,0.21310058,0.658927,0.085746236,0.41240188,0.24768999,Data Collection|Other/Unclear
1618_sltrib.com,36,Data Collection|Data Retention|Data Security|Other/Unclear|Third-Party Sharing,0,0.7274826,0.83432305,0.7166611,0.64907485,0.11923551,0.48852888,0.29985622,Data Collection|Data Retention|Data Security|Other/Unclear
1618_sltrib.com,37,Other/Unclear|Third-Party Sharing|User Control & Deletion,0,0.32915893,0.37047562,0.32751486,0.51100683,0.0746466,0.8969588,0.32232475,Other/Unclear|Third-Party Sharing
1618_sltrib.com,38,Other/Unclear|Third-Party Sharing,0,0.33551687,0.15148738,0.15042935,0.7230517,0.18904816,0.1992778,0.51271105,Other/Unclear|User Control & Deletion
1618_sltrib.com,39,Other/Unclear|User Control & Deletion,0,0.523793,0.38790926,0.23341803,0.6145498,0.071485944,0.21279219,0.46197444,Data Collection|Other/Unclear
1618_sltrib.com,40,Other/Unclear|User Control & Deletion,0,0.30795392,0.14262623,0.22600025,0.509719,0.099394515,0.27491745,0.41325665,Other/Unclear
1618_sltrib.com,41,Other/Unclear|User Control & Deletion,0,0.28295666,0.38587746,0.18646845,0.5147615,0.08401627,0.26442695,0.53677016,Other/Unclear|User Control & Deletion
1618_sltrib.com,42,Other/Unclear|User Control & Deletion,0,0.4282128,0.33782154,0.17362173,0.62625283,0.05461467,0.1967341,0.5235059,Other/Unclear|User Control & Deletion
1618_sltrib.com,43,Other/Unclear,0,0.3574517,0.2943405,0.35804826,0.65596694,0.063082784,0.21196099,0.26396626,Other/Unclear
1618_sltrib.com,44,Other/Unclear|Policy Change,0,0.08063038,0.084026374,0.12198583,0.8183308,0.8763653,0.10802769,0.25247592,Other/Unclear|Policy Change
1636_sidearmsports.com,0,Other/Unclear,4,0.04310044,0.05911098,0.14341862,0.9381077,0.4213197,0.09353464,0.09756378,Other/Unclear
1636_sidearmsports.com,1,Other/Unclear,4,0.23036812,0.10213587,0.26995316,0.840588,0.45961344,0.22375017,0.09667353,Other/Unclear
1636_sidearmsports.com,2,Other/Unclear,4,0.17206459,0.1860926,0.40303493,0.8889961,0.071609214,0.22588488,0.09089921,Other/Unclear
1636_sidearmsports.com,3,Data Collection|Third-Party Sharing,4,0.91438144,0.26680753,0.24548358,0.25269866,0.036684595,0.56451154,0.12086769,Data Collection|Third-Party Sharing
1636_sidearmsports.com,4,Data Collection,4,0.7414317,0.12879612,0.19949928,0.3026718,0.06281791,0.2319991,0.28106746,Data Collection
1636_sidearmsports.com,5,Data Collection|Data Security|Third-Party Sharing,4,0.8050581,0.27024287,0.42188746,0.24612635,0.039096594,0.86108476,0.16255356,Data Collection|Third-Party Sharing
1636_sidearmsports.com,6,Third-Party Sharing|User Control & Deletion,4,0.47834307,0.29473794,0.250327,0.72531927,0.05340563,0.74278635,0.29093087,Other/Unclear|Third-Party Sharing
1636_sidearmsports.com,7,Data Collection|Other/Unclear|Third-Party Sharing,4,0.36388737,0.3096787,0.25391304,0.69243073,0.09735079,0.716766,0.310066,Other/Unclear|Third-Party Sharing
1636_sidearmsports.com,8,Data Collection|Other/Unclear,4,0.38825879,0.22222184,0.18026397,0.74916106,0.12229415,0.56814724,0.24445884,Other/Unclear|Third-Party Sharing
1636_sidearmsports.com,9,Data Collection|Other/Unclear|Third-Party Sharing,4,0.28884748,0.16431995,0.45930538,0.8007795,0.11628001,0.68695164,0.2655031,Other/Unclear|Third-Party Sharing
1636_sidearmsports.com,10,Data Collection|Other/Unclear|Third-Party Sharing,4,0.7143034,0.12566958,0.18275973,0.5639916,0.13147347,0.5897053,0.35970125,Data Collection|Other/Unclear|Third-Party Sharing
1636_sidearmsports.com,11,Data Collection|Third-Party Sharing,4,0.8146814,0.1317919,0.27318695,0.40300572,0.099975064,0.68193126,0.2514996,Data Collection|Third-Party Sharing
1636_sidearmsports.com,12,Data Collection|Other/Unclear,4,0.7645963,0.111786276,0.24019001,0.52100074,0.08110395,0.33991396,0.17849931,Data Collection|Other/Unclear
1636_sidearmsports.com,13,Data Collection,4,0.8571417,0.12337405,0.14422704,0.22537172,0.040364433,0.20741785,0.14901151,Data Collection
1636_sidearmsports.com,14,Data Collection|Other/Unclear,4,0.77825165,0.16249709,0.14514385,0.4929688,0.06714301,0.29637304,0.5727427,Data Collection|User Control & Deletion
1636_sidearmsports.com,15,Third-Party Sharing,4,0.55821294,0.11154793,0.19812554,0.34368306,0.05539379,0.75458676,0.1701262,Data Collection|Third-Party Sharing
1636_sidearmsports.com,16,Data Collection|Other/Unclear|Third-Party Sharing,4,0.5164835,0.16984323,0.30144373,0.6596227,0.117628515,0.7592519,0.24231185,Data Collection|Other/Unclear|Third-Party Sharing
1636_sidearmsports.com,17,Data Collection,4,0.8800877,0.23350678,0.13466965,0.23166822,0.05841818,0.21187632,0.18282822,Data Collection
1636_sidearmsports.com,18,Data Collection,4,0.71479344,0.16195618,0.17180684,0.29147992,0.08613633,0.22541113,0.22390914,Data Collection
1636_sidearmsports.com,19,Data Collection|Data Retention,4,0.7345872,0.24658377,0.1986204,0.3642384,0.09591197,0.25495875,0.73858386,Data Collection|User Control & Deletion
1636_sidearmsports.com,20,Data Collection|Other/Unclear,4,0.5620999,0.09165496,0.15374546,0.55266505,0.08557489,0.49074253,0.29829988,Data Collection|Other/Unclear
1636_sidearmsports.com,21,Third-Party Sharing,4,0.60724807,0.10230038,0.1518918,0.39812165,0.04923935,0.88047266,0.19610412,Data Collection|Third-Party Sharing
1636_sidearmsports.com,22,Other/Unclear,4,0.2610093,0.22430688,0.45526075,0.70520294,0.09518377,0.66964906,0.37487406,Other/Unclear|Third-Party Sharing
1636_sidearmsports.com,23,Other/Unclear|User Control & Deletion,4,0.25383243,0.16474113,0.2870182,0.622789,0.08904667,0.4209646,0.6051189,Other/Unclear|User Control & Deletion
1636_sidearmsports.com,24,Data Collection,4,0.9059832,0.17472139,0.12235275,0.2704954,0.09396839,0.21075399,0.28789642,Data Collection
1636_sidearmsports.com,25,Data Collection,4,0.76941884,0.17325273,0.2030618,0.24801855,0.10433137,0.5715213,0.16428639,Data Collection|Third-Party Sharing
1636_sidearmsports.com,26,Data Collection,4,0.88168764,0.16355029,0.16050005,0.18792279,0.08256544,0.2646475,0.27285573,Data Collection
1636_sidearmsports.com,27,Data Collection|Third-Party Sharing,4,0.7360258,0.14167503,0.20450868,0.42269692,0.09179436,0.796117,0.25639915,Data Collection|Third-Party Sharing
1636_sidearmsports.com,28,Data Collection|Other/Unclear,4,0.46919987,0.12486699,0.17308344,0.660142,0.12469653,0.18580486,0.35833424,Other/Unclear
1636_sidearmsports.com,29,Third-Party Sharing,4,0.4158768,0.25052103,0.1853932,0.4202149,0.08947473,0.8388225,0.39626473,Third-Party Sharing
1636_sidearmsports.com,30,Other/Unclear|Third-Party Sharing,4,0.3139794,0.14297009,0.18587777,0.43668008,0.173636,0.5837762,0.15154193,Third-Party Sharing
1636_sidearmsports.com,31,Third-Party Sharing,4,0.3033137,0.12643184,0.18544176,0.33257002,0.12919337,0.8100811,0.21168093,Third-Party Sharing
1636_sidearmsports.com,32,Third-Party Sharing,4,0.24061435,0.106517665,0.17678139,0.4061073,0.06659169,0.90663296,0.14833435,Third-Party Sharing
1636_sidearmsports.com,33,Data Security|Third-Party Sharing,4,0.26949278,0.23617645,0.8605516,0.5082378,0.08959777,0.90782017,0.16098788,Data Security|Other/Unclear|Third-Party Sharing
1636_sidearmsports.com,34,Other/Unclear|Third-Party Sharing,4,0.20173411,0.22391711,0.15891963,0.46105346,0.12814516,0.83368206,0.35543054,Third-Party Sharing
1636_sidearmsports.com,35,Data Collection|Other/Unclear|Third-Party Sharing|User Control & Deletion,4,0.27974406,0.26970318,0.18838325,0.7403079,0.118256524,0.60389,0.70199335,Other/Unclear|Third-Party Sharing|User Control & Deletion
1636_sidearmsports.com,36,Data Collection|Other/Unclear|Policy Change,4,0.561722,0.16230828,0.19970466,0.49376082,0.3807042,0.2287141,0.456781,Data Collection
1636_sidearmsports.com,37,User Control & Deletion,4,0.28167057,0.16914186,0.15750088,0.60221046,0.07120459,0.16273938,0.820811,Other/Unclear|User Control & Deletion
1636_sidearmsports.com,38,Data Collection|User Control & Deletion,4,0.48814884,0.13617313,0.1145216,0.3322637,0.10314092,0.28790048,0.72232515,User Control & Deletion
1636_sidearmsports.com,39,Data Collection|Third-Party Sharing,4,0.9064418,0.30634025,0.13949136,0.19894709,0.07694743,0.7173638,0.20215656,Data Collection|Third-Party Sharing
1636_sidearmsports.com,40,Data Collection|Other/Unclear|Third-Party Sharing|User Control & Deletion,4,0.6156887,0.20545912,0.13049886,0.3673163,0.051065527,0.506254,0.42140463,Data Collection|Third-Party Sharing
1636_sidearmsports.com,41,Data Collection|Data Security|Other/Unclear,4,0.5310348,0.25895268,0.30262813,0.63691044,0.06743172,0.5731142,0.3549738,Data Collection|Other/Unclear|Third-Party Sharing
1636_sidearmsports.com,42,Data Collection|Data Retention|Third-Party Sharing,4,0.6473019,0.6846574,0.23752482,0.5454401,0.10033834,0.6984419,0.38236573,Data Collection|Data Retention|Other/Unclear|Third-Party Sharing
1636_sidearmsports.com,43,User Control & Deletion,4,0.18110569,0.23550296,0.21095064,0.4809585,0.1757023,0.16449805,0.85445154,User Control & Deletion
1636_sidearmsports.com,44,Data Security|Other/Unclear,4,0.1576654,0.2021912,0.8920572,0.24582012,0.0737908,0.17576662,0.18432884,Data Security
1636_sidearmsports.com,45,Third-Party Sharing,4,0.28741518,0.17265765,0.2815102,0.11856161,0.061556466,0.91612476,0.11127439,Third-Party Sharing
1636_sidearmsports.com,46,Data Collection|Other/Unclear,4,0.47929278,0.14278248,0.1647745,0.855572,0.076056644,0.1433991,0.113305725,Other/Unclear
1636_sidearmsports.com,47,Data Collection|Data Security|Other/Unclear|Third-Party Sharing,4,0.5885893,0.1894054,0.16426988,0.7609319,0.08499277,0.28669134,0.28259984,Data Collection|Other/Unclear
1636_sidearmsports.com,48,Data Collection|Other/Unclear,4,0.66768354,0.59877545,0.25302494,0.83750945,0.125681,0.20105146,0.4989807,Data Collection|Data Retention|Other/Unclear
1636_sidearmsports.com,49,Other/Unclear|Policy Change,4,0.18761897,0.21154097,0.28642866,0.64644146,0.71805495,0.26644474,0.3915899,Other/Unclear|Policy Change
1636_sidearmsports.com,50,Other/Unclear|User Control & Deletion,4,0.053846024,0.08094701,0.12654011,0.8329428,0.08392258,0.4521502,0.89765584,Other/Unclear|User Control & Deletion
1636_sidearmsports.com,51,Policy Change,4,0.13681471,0.15444121,0.12651613,0.36947402,0.95965034,0.14946555,0.22204763,Policy Change
164_adweek.com,0,Data Collection|Other/Unclear|Policy Change,3,0.27980635,0.11111297,0.20188178,0.8484495,0.55965316,0.15262347,0.22694084,Other/Unclear|Policy Change
164_adweek.com,1,Data Collection,3,0.8623796,0.2975495,0.14056396,0.32708517,0.07022005,0.38031292,0.15003026,Data Collection
164_adweek.com,2,Data Collection|Other/Unclear|User Control & Deletion,3,0.8209854,0.17389347,0.16251716,0.30468038,0.060343057,0.35941893,0.3071375,Data Collection
164_adweek.com,3,Data Collection,3,0.83118385,0.12086627,0.10734922,0.34592575,0.06910159,0.46405914,0.19070299,Data Collection
164_adweek.com,4,Data Collection|Third-Party Sharing|User Control & Deletion,3,0.63186765,0.09253685,0.14951344,0.24000917,0.09093805,0.8275986,0.32878792,Data Collection|Third-Party Sharing
164_adweek.com,5,Data Collection,3,0.9453348,0.43978262,0.09258508,0.24989907,0.036424305,0.4927821,0.4137489,Data Collection
164_adweek.com,6,Data Collection|User Control & Deletion,3,0.8379494,0.20352215,0.1683165,0.25848082,0.063184515,0.43057376,0.36098254,Data Collection
164_adweek.com,7,Other/Unclear|Third-Party Sharing,3,0.38676763,0.2309848,0.18149555,0.43034267,0.047026794,0.9149731,0.3483222,Third-Party Sharing
164_adweek.com,8,Data Security|Third-Party Sharing,3,0.29531837,0.17035794,0.71532977,0.27865836,0.1216276,0.84329134,0.29297176,Data Security|Third-Party Sharing
164_adweek.com,9,Other/Unclear|Third-Party Sharing|User Control & Deletion,3,0.28098944,0.13309993,0.15249492,0.30787024,0.06276206,0.84986913,0.59290856,Third-Party Sharing|User Control & Deletion
164_adweek.com,10,Third-Party Sharing,3,0.26469988,0.1385762,0.2629623,0.1081614,0.04597209,0.94467884,0.15023361,Third-Party Sharing
164_adweek.com,11,Data Security,3,0.15363368,0.1576104,0.8768042,0.50454533,0.08980826,0.21269049,0.32216328,Data Security|Other/Unclear
164_adweek.com,12,Data Retention|Other/Unclear,3,0.24676377,0.3959444,0.30626225,0.62524366,0.18450361,0.37550777,0.22798763,Other/Unclear
164_adweek.com,13,Data Collection|Other/Unclear,3,0.38676336,0.113118075,0.14235623,0.94260365,0.12034207,0.091415256,0.22115348,Other/Unclear
164_adweek.com,14,Other/Unclear|User Control & Deletion,3,0.15860014,0.3277012,0.18705876,0.67860115,0.18084511,0.1343569,0.84624267,Other/Unclear|User Control & Deletion
164_adweek.com,15,Other/Unclear,3,0.16250111,0.06920657,0.10855994,0.86840254,0.16250528,0.09337695,0.38862363,Other/Unclear
164_adweek.com,16,Policy Change,3,0.06383842,0.09208199,0.11902277,0.6134985,0.98951817,0.116804436,0.24896327,Other/Unclear|Policy Change
1666_wsmv.com,0,Other/Unclear,3,0.15477872,0.06279951,0.18311189,0.84568036,0.39789093,0.13386042,0.10552196,Other/Unclear
1666_wsmv.com,1,Data Security|Other/Unclear,3,0.57532376,0.099498935,0.56294125,0.4827344,0.1072429,0.30170858,0.12920983,Data Collection|Data Security
1666_wsmv.com,2,Data Collection|Other/Unclear|Third-Party Sharing,3,0.5676371,0.17517602,0.2097946,0.70723426,0.22106059,0.4689791,0.30904135,Data Collection|Other/Unclear
1666_wsmv.com,3,Other/Unclear|Policy Change,3,0.14419611,0.16819078,0.2576991,0.8234559,0.60808724,0.15638489,0.35218412,Other/Unclear|Policy Change
1666_wsmv.com,4,Data Collection,3,0.64811283,0.16170818,0.20008023,0.391497,0.11748697,0.16324686,0.13278061,Data Collection
1666_wsmv.com,5,Data Collection|Other/Unclear,3,0.91616315,0.34118143,0.13783416,0.22153477,0.035660323,0.466188,0.17465886,Data Collection
1666_wsmv.com,6,Data Collection|Third-Party Sharing,3,0.8000059,0.21768485,0.16693923,0.22556557,0.06884607,0.71392965,0.18158741,Data Collection|Third-Party Sharing
1666_wsmv.com,7,Data Collection|Other/Unclear|Third-Party Sharing,3,0.7993977,0.19901682,0.16234589,0.3844484,0.08424153,0.584315,0.28840446,Data Collection|Third-Party Sharing
1666_wsmv.com,8,Data Collection|Other/Unclear|User Control & Deletion,3,0.62886906,0.17125992,0.20578575,0.5207283,0.093355246,0.27896014,0.49966618,Data Collection|Other/Unclear
1666_wsmv.com,9,Data Collection|Other/Unclear|Third-Party Sharing|User Control & Deletion,3,0.8070653,0.12545606,0.06635593,0.2915601,0.06935184,0.66052186,0.39219755,Data Collection|Third-Party Sharing
1666_wsmv.com,10,Other/Unclear|User Control & Deletion,3,0.3963189,0.10793497,0.12296888,0.73361456,0.110862926,0.27328813,0.69455636,Other/Unclear|User Control & Deletion
1666_wsmv.com,11,Data Collection|Third-Party Sharing,3,0.8841273,0.27435505,0.22011477,0.17832918,0.05569966,0.42280486,0.3903436,Data Collection
1666_wsmv.com,12,Data Collection,3,0.77093387,0.52441674,0.1943063,0.32870978,0.10008774,0.48115504,0.47403976,Data Collection|Data Retention
1666_wsmv.com,13,Other/Unclear,3,0.46103406,0.16362855,0.17849508,0.8430736,0.17379335,0.13883595,0.2764964,Other/Unclear
1666_wsmv.com,14,Other/Unclear,3,0.4284082,0.3511618,0.19232087,0.63155586,0.09777322,0.762845,0.3528179,Other/Unclear|Third-Party Sharing
1666_wsmv.com,15,Other/Unclear,3,0.42846024,0.21327038,0.44061,0.7438747,0.14239363,0.564359,0.34392676,Other/Unclear|Third-Party Sharing
1666_wsmv.com,16,Data Collection|Third-Party Sharing,3,0.7220816,0.207665,0.1939765,0.4235299,0.090726934,0.7444082,0.2074654,Data Collection|Third-Party Sharing
1666_wsmv.com,17,Other/Unclear,3,0.44064498,0.13410458,0.17578776,0.7229314,0.090593204,0.48716438,0.117002346,Other/Unclear
1666_wsmv.com,18,Data Collection|Other/Unclear|Third-Party Sharing|User Control & Deletion,3,0.4060741,0.24030946,0.21470535,0.46916118,0.13477062,0.7793742,0.7200255,Third-Party Sharing|User Control & Deletion
1666_wsmv.com,19,Other/Unclear|User Control & Deletion,3,0.29715404,0.1891678,0.32065427,0.59070927,0.13335592,0.29758635,0.5181324,Other/Unclear|User Control & Deletion
1666_wsmv.com,20,Third-Party Sharing,3,0.5167557,0.12236847,0.15160057,0.25112477,0.10368467,0.87597686,0.20718335,Data Collection|Third-Party Sharing
1666_wsmv.com,21,Data Collection,3,0.6726138,0.13322432,0.29147068,0.3977542,0.09538068,0.5727489,0.33776683,Data Collection|Third-Party Sharing
1666_wsmv.com,22,Data Collection|Third-Party Sharing,3,0.49227372,0.31774235,0.26464793,0.43761408,0.09227571,0.7885101,0.30400786,Third-Party Sharing
1666_wsmv.com,23,Data Collection|Third-Party Sharing,3,0.75740665,0.12555258,0.18068504,0.18154712,0.044535343,0.77229476,0.24045336,Data Collection|Third-Party Sharing
1666_wsmv.com,24,Other/Unclear|Third-Party Sharing,3,0.47963217,0.38340268,0.2513486,0.31096238,0.15638526,0.7771964,0.24340038,Third-Party Sharing
1666_wsmv.com,25,Other/Unclear|Policy Change,3,0.34513292,0.19089244,0.2338929,0.6844983,0.15963572,0.6237543,0.20652778,Other/Unclear|Third-Party Sharing
1666_wsmv.com,26,Data Security|Other/Unclear,3,0.11214404,0.1748369,0.8040702,0.6989847,0.12075126,0.14113653,0.22117378,Data Security|Other/Unclear
1666_wsmv.com,27,Data Retention|Other/Unclear|User Control & Deletion,3,0.399685,0.6305706,0.28822607,0.58381593,0.16884933,0.45244414,0.7438576,Data Retention|Other/Unclear|User Control & Deletion
1666_wsmv.com,28,Other/Unclear|Third-Party Sharing,3,0.5820264,0.07583102,0.14728944,0.33487672,0.12066205,0.85918117,0.35733217,Data Collection|Third-Party Sharing
1666_wsmv.com,29,Other/Unclear,3,0.07139675,0.057822116,0.17899261,0.9388327,0.35924673,0.09319869,0.22411701,Other/Unclear
1666_wsmv.com,30,Other/Unclear|Policy Change,3,0.19925357,0.07412125,0.13429245,0.66356826,0.79978776,0.13652985,0.17125362,Other/Unclear|Policy Change
1673_tulsaworld.com,0,Other/Unclear,1,0.023849316,0.06403499,0.22446246,0.97823954,0.63948995,0.08223724,0.09929845,Other/Unclear|Policy Change
1673_tulsaworld.com,1,Other/Unclear,1,0.09151341,0.12132298,0.1945603,0.9094785,0.294224,0.3836675,0.47472087,Other/Unclear
1673_tulsaworld.com,2,Other/Unclear,1,0.4343762,0.11290985,0.4657522,0.57847995,0.19882147,0.25956684,0.26358086,Other/Unclear
1673_tulsaworld.com,3,Other/Unclear|User Control & Deletion,1,0.1577293,0.10352772,0.26001033,0.86487794,0.68539107,0.24306582,0.6963058,Other/Unclear|Policy Change|User Control & Deletion
1673_tulsaworld.com,4,Policy Change,1,0.077710696,0.14029244,0.16045922,0.46882114,0.98565686,0.13578802,0.22442856,Policy Change
1673_tulsaworld.com,5,Other/Unclear,1,0.30018863,0.11060595,0.47962302,0.64799637,0.11474598,0.18677208,0.32352075,Other/Unclear
1673_tulsaworld.com,6,Data Collection,1,0.78380805,0.28628212,0.23936947,0.42315122,0.12070548,0.34587857,0.20134926,Data Collection
1673_tulsaworld.com,7,Third-Party Sharing,1,0.31230795,0.13511944,0.27524337,0.4116673,0.15630291,0.88318115,0.19996221,Third-Party Sharing
1673_tulsaworld.com,8,Third-Party Sharing,1,0.36513507,0.23805547,0.2110786,0.43876705,0.12830965,0.49548444,0.22078496,
1673_tulsaworld.com,9,Third-Party Sharing,1,0.29368055,0.17275058,0.26720303,0.45057753,0.1091073,0.669174,0.24002276,Third-Party Sharing
1673_tulsaworld.com,10,Data Security|Third-Party Sharing,1,0.6222814,0.22151777,0.4350606,0.43089876,0.0945971,0.4778452,0.33840555,Data Collection
1673_tulsaworld.com,11,Data Collection,1,0.8612056,0.14966309,0.15626994,0.40938362,0.07604896,0.14905821,0.21369141,Data Collection
1673_tulsaworld.com,12,Data Collection,1,0.8408868,0.18976226,0.16410324,0.2962751,0.050964907,0.3486171,0.37612194,Data Collection
1673_tulsaworld.com,13,Data Collection|Third-Party Sharing,1,0.76461357,0.14145641,0.14012933,0.2832948,0.072297625,0.8135852,0.17383158,Data Collection|Third-Party Sharing
1673_tulsaworld.com,14,Data Collection|Other/Unclear,1,0.7922803,0.23098922,0.32135212,0.3461336,0.25010562,0.3421148,0.3187646,Data Collection
1673_tulsaworld.com,15,Data Collection,1,0.46184814,0.6806219,0.15673691,0.5128784,0.099815205,0.2607445,0.558611,Data Retention|Other/Unclear|User Control & Deletion
1673_tulsaworld.com,16,Data Collection|Other/Unclear|Third-Party Sharing,1,0.8492396,0.16780551,0.11811543,0.16872753,0.04903537,0.8118538,0.122789174,Data Collection|Third-Party Sharing
1673_tulsaworld.com,17,Data Collection|Other/Unclear,1,0.7510087,0.19683161,0.2666422,0.5306038,0.0654437,0.31763792,0.4348498,Data Collection|Other/Unclear
1673_tulsaworld.com,18,Other/Unclear|Third-Party Sharing,1,0.35073614,0.12096973,0.21958208,0.6637135,0.10415903,0.88185495,0.28851908,Other/Unclear|Third-Party Sharing
1673_tulsaworld.com,19,User Control & Deletion,1,0.53771263,0.27269968,0.142085,0.46631312,0.09298447,0.31391406,0.9174279,Data Collection|User Control & Deletion
1673_tulsaworld.com,20,Data Collection|Third-Party Sharing,1,0.78015643,0.21440142,0.17874473,0.2824342,0.09322167,0.56778276,0.16188906,Data Collection|Third-Party Sharing
1673_tulsaworld.com,21,Data Collection,1,0.7112518,0.16449203,0.1577305,0.26574865,0.14826587,0.341397,0.19988029,Data Collection
1673_tulsaworld.com,22,Data Collection,1,0.6267329,0.22593962,0.3149248,0.5847392,0.1046463,0.31602177,0.17750324,Data Collection|Other/Unclear
1673_tulsaworld.com,23,Data Collection|Third-Party Sharing,1,0.7740202,0.18885012,0.18762104,0.29247543,0.08661896,0.7286174,0.26617044,Data Collection|Third-Party Sharing
1673_tulsaworld.com,24,Data Collection|User Control & Deletion,1,0.7585051,0.16283219,0.10727259,0.3785866,0.070379905,0.4531539,0.4427443,Data Collection
1673_tulsaworld.com,25,Data Collection|Third-Party Sharing|User Control & Deletion,1,0.80473256,0.1954689,0.26475063,0.25517088,0.114287384,0.68558294,0.2932727,Data Collection|Third-Party Sharing
1673_tulsaworld.com,26,Data Collection|Other/Unclear|Third-Party Sharing,1,0.33468395,0.30050194,0.6946837,0.39468032,0.04741871,0.9756834,0.16091137,Data Security|Third-Party Sharing
1673_tulsaworld.com,27,Data Collection,1,0.60974073,0.11071344,0.1921344,0.58773816,0.08998701,0.35355192,0.36628172,Data Collection|Other/Unclear
1673_tulsaworld.com,28,Data Collection|Data Security|Third-Party Sharing,1,0.8057761,0.51347363,0.29634494,0.22544831,0.095150925,0.8040279,0.37245107,Data Collection|Data Retention|Third-Party Sharing
1673_tulsaworld.com,29,Data Collection,1,0.7592429,0.14637399,0.15604629,0.34164396,0.07526178,0.4215327,0.36746505,Data Collection
1673_tulsaworld.com,30,Data Collection|Third-Party Sharing,1,0.63587844,0.08349804,0.16911688,0.44613415,0.09201677,0.34037095,0.37298194,Data Collection
1673_tulsaworld.com,31,Other/Unclear|Third-Party Sharing,1,0.6051266,0.26003698,0.29007697,0.3457946,0.08971091,0.8369208,0.47181737,Data Collection|Third-Party Sharing
1673_tulsaworld.com,32,Third-Party Sharing,1,0.36237887,0.22334495,0.22615774,0.27634794,0.10411081,0.79658353,0.20668235,Third-Party Sharing
1673_tulsaworld.com,33,Data Collection|Other/Unclear|User Control & Deletion,1,0.5556852,0.16396932,0.25252312,0.59950924,0.15735896,0.21838452,0.1639164,Data Collection|Other/Unclear
1673_tulsaworld.com,34,Other/Unclear|User Control & Deletion,1,0.250188,0.212902,0.28543624,0.83073807,0.3890914,0.4853208,0.3015349,Other/Unclear
1673_tulsaworld.com,35,Other/Unclear|Third-Party Sharing,1,0.19884524,0.33408746,0.24532491,0.85605586,0.10965917,0.7096372,0.42104948,Other/Unclear|Third-Party Sharing
1673_tulsaworld.com,36,Other/Unclear|Third-Party Sharing,1,0.28674495,0.14349797,0.33574408,0.90785843,0.36825696,0.46328324,0.1655555,Other/Unclear
1673_tulsaworld.com,37,Data Security|Other/Unclear,1,0.26357594,0.17296106,0.26811376,0.67613333,0.098366715,0.24996328,0.38441318,Other/Unclear
1673_tulsaworld.com,38,User Control & Deletion,1,0.20897853,0.124494776,0.1265354,0.59349763,0.14105874,0.14685957,0.9573496,Other/Unclear|User Control & Deletion
1673_tulsaworld.com,39,User Control & Deletion,1,0.3736209,0.15713209,0.13011444,0.44947612,0.09523421,0.18551712,0.92008793,User Control & Deletion
1673_tulsaworld.com,40,Other/Unclear|User Control & Deletion,1,0.50044096,0.10927045,0.08664291,0.4101778,0.07113222,0.26004672,0.7901316,Data Collection|User Control & Deletion
1673_tulsaworld.com,41,Policy Change|User Control & Deletion,1,0.48642182,0.27220404,0.21443409,0.52485514,0.1333524,0.29393995,0.6993283,Other/Unclear|User Control & Deletion
1673_tulsaworld.com,42,Data Security,1,0.42524514,0.20384245,0.8381846,0.25697798,0.07375824,0.23577993,0.14719899,Data Security
1673_tulsaworld.com,43,Data Security,1,0.12522891,0.13952592,0.95638496,0.59872645,0.08236065,0.4200869,0.14197385,Data Security|Other/Unclear
1673_tulsaworld.com,44,Other/Unclear|User Control & Deletion,1,0.58223027,0.43541723,0.15214007,0.3405132,0.061099354,0.26447377,0.6599477,Data Collection|User Control & Deletion
1673_tulsaworld.com,45,Other/Unclear|Third-Party Sharing,1,0.3708456,0.085268945,0.16619605,0.72348547,0.37544355,0.25454065,0.30671504,Other/Unclear
1673_tulsaworld.com,46,Other/Unclear,1,0.05378971,0.06795765,0.1356438,0.9701013,0.24020293,0.08341264,0.5446856,Other/Unclear|User Control & Deletion
1673_tulsaworld.com,47,Other/Unclear,1,0.25428334,0.12828064,0.3929151,0.5849748,0.13565959,0.29338264,0.27227226,Other/Unclear
1683_dailynews.com,0,Other/Unclear,3,0.20785087,0.107841276,0.18931246,0.8812583,0.20138438,0.3851744,0.17035587,Other/Unclear
1683_dailynews.com,1,Policy Change,3,0.12077828,0.08811221,0.11627663,0.42267892,0.9639491,0.09449517,0.23684062,Policy Change
1683_dailynews.com,2,Data Collection,3,0.88896793,0.15078773,0.16360381,0.23711474,0.056957114,0.31914008,0.21701662,Data Collection
1683_dailynews.com,3,Data Collection|User Control & Deletion,3,0.70272017,0.29858765,0.1635255,0.26535937,0.116647094,0.23889375,0.8449808,Data Collection|User Control & Deletion
1683_dailynews.com,4,Data Collection,3,0.8306071,0.2151395,0.27003202,0.18617952,0.065603144,0.4669726,0.26210088,Data Collection
1683_dailynews.com,5,Data Collection,3,0.7456662,0.15453997,0.1102945,0.4144701,0.082183264,0.17361605,0.35856903,Data Collection
1683_dailynews.com,6,Data Collection|Other/Unclear|Third-Party Sharing,3,0.66152674,0.16475041,0.23579314,0.27004516,0.050518103,0.7368755,0.3092508,Data Collection|Third-Party Sharing
1683_dailynews.com,7,Data Collection|Data Retention,3,0.6609424,0.8297068,0.2202689,0.49173176,0.10085393,0.30885014,0.25241476,Data Collection|Data Retention
1683_dailynews.com,8,Data Collection|Third-Party Sharing,3,0.44449404,0.20019904,0.29760167,0.17430447,0.097577624,0.85626596,0.14835224,Third-Party Sharing
1683_dailynews.com,9,Data Collection,3,0.8335046,0.14283724,0.21437606,0.26447493,0.0790921,0.19128977,0.28172112,Data Collection
1683_dailynews.com,10,Data Collection|Other/Unclear|Third-Party Sharing,3,0.7118918,0.10479069,0.09225408,0.62198806,0.060798053,0.719662,0.7291908,Data Collection|Other/Unclear|Third-Party Sharing|User Control & Deletion
1683_dailynews.com,11,Data Collection,3,0.9140758,0.15389417,0.13600686,0.19464186,0.042868894,0.19194598,0.15751816,Data Collection
1683_dailynews.com,12,Other/Unclear,3,0.5154361,0.15387379,0.24637374,0.50168675,0.072817415,0.36975032,0.27239388,Data Collection|Other/Unclear
1683_dailynews.com,13,Data Collection|Third-Party Sharing,3,0.75199485,0.15083075,0.13688758,0.4293277,0.08746505,0.80030555,0.55993676,Data Collection|Third-Party Sharing|User Control & Deletion
1683_dailynews.com,14,Data Collection,3,0.79164696,0.19878665,0.1727813,0.44205347,0.08528692,0.22627695,0.3196072,Data Collection
1683_dailynews.com,15,Data Collection|Third-Party Sharing,3,0.7164034,0.090274744,0.13509093,0.32598794,0.0762994,0.7369604,0.20160045,Data Collection|Third-Party Sharing
1683_dailynews.com,16,Data Collection|Third-Party Sharing,3,0.4805923,0.09084201,0.118016995,0.5443581,0.080682375,0.8350404,0.6661458,Other/Unclear|Third-Party Sharing|User Control & Deletion
1683_dailynews.com,17,Data Collection|Third-Party Sharing,3,0.29916435,0.103737496,0.12407327,0.5289241,0.1725219,0.83032423,0.2991144,Other/Unclear|Third-Party Sharing
1683_dailynews.com,18,Data Collection|Other/Unclear|User Control & Deletion,3,0.24757871,0.1599894,0.12635,0.5915551,0.07152826,0.47765106,0.87876225,Other/Unclear|User Control & Deletion
1683_dailynews.com,19,Other/Unclear|Third-Party Sharing|User Control & Deletion,3,0.11956105,0.120899625,0.0807195,0.75747216,0.12717341,0.39927432,0.9117307,Other/Unclear|User Control & Deletion
1683_dailynews.com,20,Other/Unclear|User Control & Deletion,3,0.1833572,0.09509983,0.065719515,0.7791218,0.15737115,0.1337671,0.91712934,Other/Unclear|User Control & Deletion
1683_dailynews.com,21,Other/Unclear,3,0.28600225,0.21906456,0.083784595,0.6730364,0.375946,0.27618375,0.6849378,Other/Unclear|User Control & Deletion
1683_dailynews.com,22,Other/Unclear|User Control & Deletion,3,0.20759773,0.15118091,0.0929461,0.71452963,0.1528182,0.14145522,0.79906493,Other/Unclear|User Control & Deletion
1683_dailynews.com,23,Data Security,3,0.21019775,0.22212368,0.84126073,0.48129943,0.15045686,0.21883878,0.18257973,Data Security
1683_dailynews.com,24,Other/Unclear,3,0.12756148,0.13569969,0.080795206,0.8805523,0.059493348,0.22208586,0.32434338,Other/Unclear
1683_dailynews.com,25,Other/Unclear|Third-Party Sharing,3,0.45015183,0.18398224,0.14005022,0.63152796,0.08958748,0.482215,0.33466014,Other/Unclear
1683_dailynews.com,26,Other/Unclear,3,0.084665656,0.073821634,0.1420933,0.9238937,0.3183493,0.135135,0.25526682,Other/Unclear
1683_dailynews.com,27,Data Collection|Other/Unclear,3,0.18471335,0.07843168,0.09387309,0.94436604,0.1981753,0.23504758,0.08673644,Other/Unclear
1683_dailynews.com,28,Data Collection|Other/Unclear,3,0.81661576,0.20773159,0.21250835,0.6309863,0.06790154,0.41227254,0.25066653,Data Collection|Other/Unclear
1683_dailynews.com,29,Data Collection|Data Retention|Data Security|Other/Unclear|Third-Party Sharing,3,0.60545087,0.7799835,0.6055583,0.68359286,0.07249632,0.83063704,0.49019787,Data Collection|Data Retention|Data Security|Other/Unclear|Third-Party Sharing
1683_dailynews.com,30,Other/Unclear|User Control & Deletion,3,0.26306334,0.31256235,0.13862139,0.77885914,0.09846994,0.2928574,0.80904573,Other/Unclear|User Control & Deletion
1683_dailynews.com,31,Other/Unclear,3,0.34341848,0.29725793,0.3829868,0.7040417,0.07533035,0.24316402,0.2889039,Other/Unclear
1683_dailynews.com,32,Other/Unclear|Policy Change,3,0.06681654,0.067519054,0.11365788,0.83018786,0.8704588,0.09686079,0.25980738,Other/Unclear|Policy Change
1694_lids.com,0,Other/Unclear,2,0.008840929,0.024210405,0.12266801,0.98845685,0.8112974,0.025314752,0.05060662,Other/Unclear|Policy Change
1694_lids.com,1,Other/Unclear|Policy Change,2,0.14905526,0.07374625,0.11445526,0.834282,0.971976,0.10876456,0.104191765,Other/Unclear|Policy Change
1694_lids.com,2,Other/Unclear,2,0.24397895,0.08927894,0.3944194,0.68350995,0.18198805,0.17216834,0.26881674,Other/Unclear
1694_lids.com,3,Data Collection|Third-Party Sharing,2,0.5963988,0.22228736,0.21919246,0.4695167,0.081413925,0.70154417,0.1788701,Data Collection|Third-Party Sharing
1694_lids.com,4,Policy Change,2,0.13428149,0.10283193,0.16132466,0.399604,0.97251475,0.17470159,0.20959629,Policy Change
1694_lids.com,5,Other/Unclear,2,0.08699379,0.06911853,0.12580535,0.887348,0.41229865,0.12531419,0.2075723,Other/Unclear
1694_lids.com,6,Data Collection,2,0.90200925,0.3179098,0.20649923,0.27604675,0.055978805,0.43431944,0.18283896,Data Collection
1694_lids.com,7,Data Collection,2,0.8025599,0.23506294,0.11350201,0.24592194,0.063747235,0.4125505,0.11536923,Data Collection
1694_lids.com,8,Data Collection,2,0.7992662,0.69359845,0.24250846,0.4316592,0.13380678,0.29156682,0.22144146,Data Collection|Data Retention
1694_lids.com,9,Data Collection,2,0.876615,0.40815327,0.1290007,0.20728767,0.06510146,0.27252558,0.12140943,Data Collection
1694_lids.com,10,Data Collection|Third-Party Sharing,2,0.80752766,0.15431586,0.17240883,0.3877753,0.060357798,0.5358574,0.40191987,Data Collection|Third-Party Sharing
1694_lids.com,11,Other/Unclear,2,0.3328646,0.1538386,0.11285294,0.77398014,0.07616112,0.15404733,0.45313296,Other/Unclear
1694_lids.com,12,Data Collection|Third-Party Sharing,2,0.758792,0.09942245,0.21748622,0.39595625,0.065926544,0.638999,0.1513264,Data Collection|Third-Party Sharing
1694_lids.com,13,Data Collection|Other/Unclear,2,0.6829052,0.17646047,0.2426329,0.44781023,0.12167241,0.2409401,0.40344167,Data Collection
1694_lids.com,14,Data Collection,2,0.8000906,0.18721637,0.19056554,0.27855948,0.09214203,0.35213107,0.30163857,Data Collection
1694_lids.com,15,Data Security|Other/Unclear|User Control & Deletion,2,0.48354548,0.40553433,0.6126562,0.4765556,0.10801007,0.29830828,0.28455976,Data Security
1694_lids.com,16,Data Collection,2,0.8790243,0.32717678,0.24390109,0.27578446,0.087982416,0.41996208,0.4512323,Data Collection
1694_lids.com,17,Other/Unclear,2,0.26284522,0.15471858,0.2053696,0.863851,0.13618669,0.119655795,0.337066,Other/Unclear
1694_lids.com,18,Third-Party Sharing,2,0.4638725,0.1991122,0.38207623,0.22535877,0.072346374,0.8938958,0.09940375,Third-Party Sharing
1694_lids.com,19,Other/Unclear|Third-Party Sharing,2,0.34932137,0.11377108,0.7281788,0.28779614,0.080043554,0.6982771,0.17477834,Data Security|Third-Party Sharing
1694_lids.com,20,Data Security|Third-Party Sharing,2,0.25738502,0.20352389,0.7502076,0.38325727,0.088301755,0.7853014,0.21234578,Data Security|Third-Party Sharing
1694_lids.com,21,Other/Unclear|Third-Party Sharing,2,0.6212492,0.21106632,0.36858836,0.42518753,0.10287253,0.67495346,0.39690545,Data Collection|Third-Party Sharing
1694_lids.com,22,Data Security,2,0.2633958,0.14106806,0.7881058,0.4204925,0.08450011,0.20193213,0.18142518,Data Security
1694_lids.com,23,Data Security|Third-Party Sharing,2,0.25856894,0.11510022,0.9361564,0.19350465,0.099769026,0.5139056,0.15826398,Data Security|Third-Party Sharing
1694_lids.com,24,Data Security,2,0.30337912,0.095607005,0.9422577,0.3353013,0.092652515,0.36555222,0.29028887,Data Security
1694_lids.com,25,Data Security|Other/Unclear,2,0.46534762,0.32123294,0.52390337,0.42682314,0.080725394,0.4416604,0.6057402,Data Security|User Control & Deletion
1694_lids.com,26,User Control & Deletion,2,0.24605575,0.42112148,0.22152825,0.3855804,0.0943157,0.16568272,0.8363864,User Control & Deletion
1694_lids.com,27,User Control & Deletion,2,0.27741402,0.309103,0.1729996,0.5630149,0.14524858,0.1336358,0.7942035,Other/Unclear|User Control & Deletion
1694_lids.com,28,User Control & Deletion,2,0.20271629,0.09900585,0.22774495,0.3689091,0.2036093,0.18900481,0.8148551,User Control & Deletion
1694_lids.com,29,User Control & Deletion,2,0.37513152,0.1567737,0.13713893,0.56229657,0.15484406,0.1696223,0.77084,Other/Unclear|User Control & Deletion
1694_lids.com,30,Other/Unclear|User Control & Deletion,2,0.67080855,0.48954973,0.16614637,0.41510445,0.07652142,0.21048471,0.7898435,Data Collection|User Control & Deletion
1694_lids.com,31,User Control & Deletion,2,0.33894596,0.114148974,0.15619926,0.44658205,0.17419344,0.2062588,0.3017465,
1694_lids.com,32,Other/Unclear|User Control & Deletion,2,0.34972072,0.22781186,0.21065134,0.7293418,0.2418914,0.18990333,0.44388655,Other/Unclear
1694_lids.com,33,Data Collection|Other/Unclear,2,0.28207397,0.12367393,0.28109097,0.8341102,0.16590916,0.17031354,0.16476719,Other/Unclear
1694_lids.com,34,Other/Unclear,2,0.38568702,0.13523774,0.17772892,0.65874445,0.117877446,0.31416878,0.25050715,Other/Unclear
1694_lids.com,35,Other/Unclear,2,0.17301749,0.12793341,0.5092791,0.85746276,0.16066442,0.56056696,0.34996086,Data Security|Other/Unclear|Third-Party Sharing
1694_lids.com,36,Other/Unclear,2,0.10659251,0.101885214,0.15405531,0.852049,0.11242501,0.28997216,0.44157007,Other/Unclear
1694_lids.com,37,Other/Unclear,2,0.20325948,0.08715648,0.1767774,0.8333465,0.19378768,0.13579541,0.35570252,Other/Unclear
1703_sports-reference.com,0,Other/Unclear,3,0.12611248,0.048122343,0.20554481,0.8734228,0.2753618,0.14397877,0.15728362,Other/Unclear
1703_sports-reference.com,1,Other/Unclear,3,0.41123092,0.09380813,0.2791916,0.5286566,0.11384602,0.27506143,0.21091391,Other/Unclear
1703_sports-reference.com,2,Data Collection|Other/Unclear,3,0.37466267,0.11637009,0.22205667,0.7919732,0.17237824,0.31186455,0.3023676,Other/Unclear
1703_sports-reference.com,3,Data Collection,3,0.85560966,0.18996099,0.17701077,0.31206298,0.05294308,0.29162705,0.27912277,Data Collection
1703_sports-reference.com,4,Data Collection|User Control & Deletion,3,0.69355875,0.1311608,0.17913657,0.31258038,0.08757568,0.416436,0.3705828,Data Collection
1703_sports-reference.com,5,Data Collection,3,0.8327068,0.25205505,0.13285959,0.29280642,0.060970776,0.31368876,0.26012185,Data Collection
1703_sports-reference.com,6,Data Collection,3,0.7023913,0.18355338,0.18918753,0.28204075,0.054099917,0.48987532,0.25382218,Data Collection
1703_sports-reference.com,7,Data Retention|Data Security|Other/Unclear|Third-Party Sharing,3,0.19765022,0.15666057,0.46678394,0.7873621,0.23401882,0.53567845,0.25194338,Other/Unclear|Third-Party Sharing
1703_sports-reference.com,8,Other/Unclear|Third-Party Sharing,3,0.4370368,0.16547178,0.19462588,0.64460814,0.15897153,0.29877976,0.27474645,Other/Unclear
1703_sports-reference.com,9,Other/Unclear,3,0.35265186,0.1905782,0.20969476,0.6553083,0.11745721,0.32053205,0.369043,Other/Unclear
1703_sports-reference.com,10,Data Collection,3,0.8740329,0.24065506,0.13687065,0.28398806,0.058175124,0.45565063,0.21015413,Data Collection
1703_sports-reference.com,11,Data Collection|Other/Unclear|User Control & Deletion,3,0.43853617,0.25935787,0.20503362,0.52151746,0.091791265,0.43916667,0.42832282,Other/Unclear
1703_sports-reference.com,12,Data Collection|Policy Change,3,0.41544953,0.11790354,0.14369357,0.5515482,0.610979,0.30646133,0.25464705,Other/Unclear|Policy Change
1703_sports-reference.com,13,Third-Party Sharing,3,0.27531764,0.1032936,0.24905649,0.5024911,0.09000348,0.76443386,0.2859107,Other/Unclear|Third-Party Sharing
1703_sports-reference.com,14,Third-Party Sharing,3,0.34871525,0.21268345,0.30019954,0.34156296,0.07899707,0.9025766,0.20107055,Third-Party Sharing
1703_sports-reference.com,15,Data Security|Other/Unclear,3,0.21641512,0.29138425,0.4817993,0.7380607,0.066982254,0.76468956,0.23618382,Other/Unclear|Third-Party Sharing
1703_sports-reference.com,16,Data Security|Other/Unclear|Third-Party Sharing,3,0.23895033,0.1309404,0.27425176,0.81564564,0.07975484,0.7492174,0.13263251,Other/Unclear|Third-Party Sharing
1703_sports-reference.com,17,Data Security|Other/Unclear,3,0.13405453,0.32030663,0.94718695,0.5430345,0.108172014,0.2693295,0.25970817,Data Security|Other/Unclear
1703_sports-reference.com,18,Other/Unclear|User Control & Deletion,3,0.46662608,0.32091612,0.12424214,0.3940322,0.08819639,0.46033826,0.8098862,User Control & Deletion
1703_sports-reference.com,19,Other/Unclear|User Control & Deletion,3,0.26535133,0.2776554,0.2802363,0.44890007,0.18996795,0.2332948,0.7285278,User Control & Deletion
1703_sports-reference.com,20,Other/Unclear|Policy Change,3,0.10254976,0.082067385,0.14555863,0.61434925,0.98171574,0.09942753,0.25431865,Other/Unclear|Policy Change
1708_foxsports.com,0,Other/Unclear,3,0.08585526,0.048999593,0.11993194,0.8685327,0.8365153,0.089362085,0.10939674,Other/Unclear|Policy Change
1708_foxsports.com,1,Other/Unclear,3,0.32356188,0.088886835,0.19981459,0.8790414,0.26997522,0.23783717,0.13565186,Other/Unclear
1708_foxsports.com,2,Other/Unclear,3,0.20750123,0.12640046,0.2471217,0.7250402,0.612354,0.33919427,0.47293612,Other/Unclear|Policy Change
1708_foxsports.com,3,Data Collection|Other/Unclear,3,0.49856475,0.1390613,0.13157396,0.85122854,0.22564837,0.18202788,0.1706589,Other/Unclear
1708_foxsports.com,4,Other/Unclear,3,0.4459093,0.13885437,0.34811684,0.7341735,0.169367,0.3325147,0.31169957,Other/Unclear
1708_foxsports.com,5,Data Collection,3,0.87276185,0.19472803,0.1896104,0.31632552,0.048951503,0.27508762,0.28157496,Data Collection
1708_foxsports.com,6,Data Collection|Third-Party Sharing,3,0.61802,0.3602843,0.23179157,0.5885268,0.0759638,0.6016485,0.34059656,Data Collection|Other/Unclear|Third-Party Sharing
1708_foxsports.com,7,Data Collection,3,0.740758,0.6543324,0.16926512,0.49308214,0.069182806,0.6451954,0.3400013,Data Collection|Data Retention|Third-Party Sharing
1708_foxsports.com,8,Data Collection|Third-Party Sharing,3,0.8988885,0.21175133,0.2411575,0.12619694,0.038884323,0.4544275,0.23376617,Data Collection
1708_foxsports.com,9,Data Collection|Data Security|Other/Unclear|Third-Party Sharing,3,0.86959517,0.42317617,0.15598635,0.35546905,0.052766178,0.70935625,0.415353,Data Collection|Third-Party Sharing
1708_foxsports.com,10,Other/Unclear|Third-Party Sharing|User Control & Deletion,3,0.33962843,0.06514021,0.17679,0.5736097,0.09513861,0.8394892,0.42579186,Other/Unclear|Third-Party Sharing
1708_foxsports.com,11,Data Security|Other/Unclear|User Control & Deletion,3,0.34078673,0.11874466,0.23644823,0.59740627,0.09326304,0.25741604,0.86761755,Other/Unclear|User Control & Deletion
1708_foxsports.com,12,Data Collection|Third-Party Sharing,3,0.803816,0.21724276,0.14767355,0.33580312,0.06854051,0.51644284,0.1422434,Data Collection|Third-Party Sharing
1708_foxsports.com,13,Other/Unclear,3,0.29804108,0.12931588,0.16422114,0.8119572,0.13887726,0.2520871,0.2998762,Other/Unclear
1708_foxsports.com,14,Other/Unclear|Policy Change,3,0.23922785,0.10028746,0.19542693,0.76208174,0.31773853,0.17496559,0.3918553,Other/Unclear
1708_foxsports.com,15,Policy Change,3,0.06114611,0.058911998,0.1206784,0.7180256,0.9777416,0.076487035,0.15655528,Other/Unclear|Policy Change
1708_foxsports.com,16,Other/Unclear,3,0.21224639,0.23431511,0.2544698,0.8457353,0.14972065,0.22538416,0.35726556,Other/Unclear
1708_foxsports.com,17,Other/Unclear|User Control & Deletion,3,0.23054384,0.09723217,0.14830326,0.7923651,0.13220413,0.4247634,0.1771596,Other/Unclear
1708_foxsports.com,18,Data Security|Other/Unclear|User Control & Deletion,3,0.34070116,0.18851121,0.3205676,0.6706298,0.061489593,0.6479456,0.17535883,Other/Unclear|Third-Party Sharing
1708_foxsports.com,19,Data Collection|Other/Unclear|Third-Party Sharing,3,0.5253361,0.3196355,0.25273898,0.710617,0.162371,0.29294047,0.26503712,Data Collection|Other/Unclear
1708_foxsports.com,20,Data Collection,3,0.9356017,0.12482182,0.11757486,0.1377392,0.07446628,0.52641934,0.21200876,Data Collection|Third-Party Sharing
1708_foxsports.com,21,Third-Party Sharing,3,0.57715935,0.13500941,0.33079898,0.28638825,0.08793756,0.8260631,0.23603109,Data Collection|Third-Party Sharing
1708_foxsports.com,22,Third-Party Sharing,3,0.6079787,0.13072106,0.17879911,0.19021694,0.03834748,0.8719684,0.26421747,Data Collection|Third-Party Sharing
1708_foxsports.com,23,Other/Unclear|Third-Party Sharing,3,0.5314701,0.30055726,0.13506745,0.6151554,0.105019435,0.69532424,0.64578736,Data Collection|Other/Unclear|Third-Party Sharing|User Control & Deletion
1708_foxsports.com,24,Other/Unclear|Third-Party Sharing,3,0.38974506,0.12473075,0.15698397,0.6170711,0.0991741,0.9158576,0.1992892,Other/Unclear|Third-Party Sharing
1708_foxsports.com,25,Data Collection|Other/Unclear|Third-Party Sharing,3,0.6919319,0.09286053,0.14967775,0.32272723,0.08614069,0.7336881,0.36974034,Data Collection|Third-Party Sharing
1708_foxsports.com,26,Data Collection|User Control & Deletion,3,0.30940673,0.23126152,0.062193863,0.4520567,0.19813725,0.11367911,0.9528773,User Control & Deletion
1708_foxsports.com,27,Other/Unclear|Third-Party Sharing,3,0.08943839,0.10283151,0.19391945,0.7596908,0.30062947,0.72837806,0.34260887,Other/Unclear|Third-Party Sharing
1708_foxsports.com,28,Third-Party Sharing,3,0.3069614,0.12482296,0.18505166,0.34346735,0.09283223,0.8215094,0.40602636,Third-Party Sharing
1708_foxsports.com,29,Data Collection|Third-Party Sharing,3,0.30690473,0.13113542,0.43856755,0.21092108,0.09386879,0.81519455,0.12505585,Third-Party Sharing
1708_foxsports.com,30,Third-Party Sharing,3,0.23569378,0.09412448,0.24447319,0.3502118,0.12422527,0.85682,0.24897502,Third-Party Sharing
1708_foxsports.com,31,Data Collection|Third-Party Sharing,3,0.60500324,0.28777292,0.23736401,0.41611424,0.057244904,0.8140378,0.17157386,Data Collection|Third-Party Sharing
1708_foxsports.com,32,Data Security,3,0.20094866,0.15996501,0.81184244,0.3689392,0.06631786,0.20553671,0.19082065,Data Security
1708_foxsports.com,33,User Control & Deletion,3,0.338812,0.286713,0.17650437,0.48018184,0.10102746,0.20730399,0.8034806,User Control & Deletion
1708_foxsports.com,34,Other/Unclear|User Control & Deletion,3,0.24807009,0.36540753,0.12647566,0.6099662,0.07249252,0.56250703,0.75470454,Other/Unclear|Third-Party Sharing|User Control & Deletion
1708_foxsports.com,35,Data Retention,3,0.19064662,0.9388749,0.29024395,0.39099997,0.18951884,0.30857804,0.29154417,Data Retention
1708_foxsports.com,36,Data Retention|Other/Unclear,3,0.43730846,0.6383285,0.26284474,0.3797905,0.089936696,0.499972,0.5587463,Data Retention|User Control & Deletion
1708_foxsports.com,37,Data Security|Other/Unclear,3,0.53673834,0.21762569,0.39215004,0.44962904,0.06743606,0.420652,0.2527296,Data Collection
1708_foxsports.com,38,Other/Unclear,3,0.09077119,0.17851551,0.11258004,0.9426347,0.3420285,0.07238387,0.3208456,Other/Unclear
1713_latinpost.com,0,Other/Unclear,1,0.10287699,0.07013644,0.16144189,0.8726676,0.88297033,0.10637327,0.12172647,Other/Unclear|Policy Change
1713_latinpost.com,1,Other/Unclear,1,0.14208694,0.09437641,0.47242385,0.85958815,0.42733544,0.17239055,0.24946284,Other/Unclear
1713_latinpost.com,2,Data Collection|Other/Unclear,1,0.5486836,0.23930776,0.25137705,0.59636605,0.3294551,0.5021128,0.20251484,Data Collection|Other/Unclear|Third-Party Sharing
1713_latinpost.com,3,Other/Unclear|User Control & Deletion,1,0.35529158,0.21116027,0.18505879,0.75610024,0.4230993,0.23634648,0.5116164,Other/Unclear|User Control & Deletion
1713_latinpost.com,4,Other/Unclear,1,0.39761415,0.23669398,0.3374898,0.73753905,0.3228121,0.3489629,0.35528132,Other/Unclear
1713_latinpost.com,5,Other/Unclear|Third-Party Sharing,1,0.35395065,0.2762998,0.47922412,0.69552135,0.18796533,0.40312088,0.26990315,Other/Unclear
1713_latinpost.com,6,Data Collection|Other/Unclear,1,0.765248,0.1710429,0.20070171,0.50658107,0.054109838,0.35911435,0.21376131,Data Collection|Other/Unclear
1713_latinpost.com,7,Data Collection,1,0.8986024,0.3435938,0.13688965,0.20078161,0.06402649,0.3707037,0.2985495,Data Collection
1713_latinpost.com,8,Data Collection|Data Security,1,0.90846205,0.2646309,0.23642917,0.11156244,0.059825312,0.5754512,0.4166427,Data Collection|Third-Party Sharing
1713_latinpost.com,9,Data Collection|Other/Unclear|User Control & Deletion,1,0.776152,0.16329251,0.09351956,0.37836957,0.13470143,0.4602832,0.4100698,Data Collection
1713_latinpost.com,10,Data Collection|Third-Party Sharing,1,0.8891227,0.15976575,0.13816746,0.27858552,0.05738623,0.59756994,0.15891752,Data Collection|Third-Party Sharing
1713_latinpost.com,11,Data Collection|Other/Unclear,1,0.94124085,0.1433653,0.15845226,0.19105177,0.048139833,0.5910163,0.18534496,Data Collection|Third-Party Sharing
1713_latinpost.com,12,Data Collection|Other/Unclear,1,0.7121282,0.11736079,0.1413036,0.28651786,0.14196786,0.42493343,0.43361673,Data Collection
1713_latinpost.com,13,Other/Unclear|Third-Party Sharing,1,0.53518456,0.12021221,0.21921462,0.2818965,0.08068986,0.83674264,0.1959524,Data Collection|Third-Party Sharing
1713_latinpost.com,14,Data Security|Third-Party Sharing|User Control & Deletion,1,0.3300875,0.15736431,0.3787829,0.4782901,0.07091267,0.8865849,0.55767894,Third-Party Sharing|User Control & Deletion
1713_latinpost.com,15,Third-Party Sharing,1,0.16724716,0.1225013,0.22822148,0.45636916,0.25989148,0.7943747,0.12275316,Third-Party Sharing
1713_latinpost.com,16,Data Collection|Third-Party Sharing,1,0.7303394,0.14342721,0.2729946,0.4852543,0.08269309,0.38752854,0.187147,Data Collection
1713_latinpost.com,17,Data Collection|Third-Party Sharing,1,0.5532362,0.14424405,0.16775668,0.49924996,0.08788472,0.78478175,0.311999,Data Collection|Third-Party Sharing
1713_latinpost.com,18,Data Collection|Third-Party Sharing,1,0.5892534,0.2094917,0.3055556,0.39409354,0.07928871,0.29062378,0.30309343,Data Collection
1713_latinpost.com,19,Data Collection|Third-Party Sharing,1,0.44079345,0.1891588,0.19298883,0.40018532,0.15595622,0.3951105,0.40952653,
1713_latinpost.com,20,Data Collection|Third-Party Sharing,1,0.6137175,0.15812972,0.12027209,0.3905419,0.10508048,0.49194682,0.28786224,Data Collection
1713_latinpost.com,21,Data Collection|Third-Party Sharing,1,0.4065253,0.25452188,0.2305579,0.642083,0.09279081,0.2580416,0.22576235,Other/Unclear
1713_latinpost.com,22,Data Collection|Third-Party Sharing,1,0.45947623,0.1794208,0.11649434,0.3403362,0.55509233,0.18966067,0.24558042,Policy Change
1713_latinpost.com,23,Data Collection|Third-Party Sharing,1,0.6588691,0.1457248,0.18583205,0.28437415,0.11725002,0.44731867,0.17191681,Data Collection
1713_latinpost.com,24,Data Collection|Third-Party Sharing,1,0.6856559,0.1374311,0.13550341,0.29449558,0.12061882,0.21759884,0.26307297,Data Collection
1713_latinpost.com,25,Data Collection|Third-Party Sharing,1,0.5378409,0.21117415,0.19102608,0.3231954,0.12583034,0.2181397,0.38503525,Data Collection
1713_latinpost.com,26,Data Collection|Third-Party Sharing,1,0.44214547,0.14852256,0.26432988,0.3692614,0.12541135,0.2519193,0.19265889,
1713_latinpost.com,27,Data Collection|Third-Party Sharing,1,0.5240805,0.13048153,0.26840016,0.4589346,0.08728543,0.34281522,0.28071257,Data Collection
1713_latinpost.com,28,Data Collection|Third-Party Sharing,1,0.88874996,0.16660658,0.13263603,0.2321438,0.075680956,0.66336066,0.15334377,Data Collection|Third-Party Sharing
1713_latinpost.com,29,Other/Unclear|Third-Party Sharing|User Control & Deletion,1,0.14118436,0.10040353,0.41432709,0.91210204,0.14793125,0.80521107,0.35724345,Other/Unclear|Third-Party Sharing
1713_latinpost.com,30,Other/Unclear|User Control & Deletion,1,0.34016111,0.15545496,0.10964509,0.54235566,0.06317116,0.16343412,0.9446608,Other/Unclear|User Control & Deletion
1713_latinpost.com,31,Other/Unclear|User Control & Deletion,1,0.34394434,0.10511359,0.11797773,0.5874293,0.064393945,0.22746928,0.9075275,Other/Unclear|User Control & Deletion
1713_latinpost.com,32,Other/Unclear|User Control & Deletion,1,0.40044722,0.09140311,0.20187746,0.62656754,0.07827736,0.31391382,0.5437387,Other/Unclear|User Control & Deletion
1713_latinpost.com,33,Data Collection|Other/Unclear|Third-Party Sharing|User Control & Deletion,1,0.32390648,0.2530536,0.14924861,0.5433118,0.08928247,0.49079078,0.59629625,Other/Unclear|User Control & Deletion
1713_latinpost.com,34,Other/Unclear|User Control & Deletion,1,0.27177092,0.0842368,0.32967693,0.60830027,0.07712767,0.82597905,0.3366413,Other/Unclear|Third-Party Sharing
1713_latinpost.com,35,Third-Party Sharing,1,0.71057147,0.097846694,0.18732202,0.3221961,0.06959987,0.7331752,0.15998214,Data Collection|Third-Party Sharing
1713_latinpost.com,36,Other/Unclear|User Control & Deletion,1,0.16030066,0.0818434,0.34223774,0.7375745,0.059883423,0.7099935,0.76790375,Other/Unclear|Third-Party Sharing|User Control & Deletion
1713_latinpost.com,37,Third-Party Sharing,1,0.19797778,0.073956735,0.4020708,0.5808181,0.108334444,0.8037303,0.52570003,Other/Unclear|Third-Party Sharing|User Control & Deletion
1713_latinpost.com,38,Other/Unclear|User Control & Deletion,1,0.5512099,0.22056705,0.14609191,0.50956887,0.078997284,0.40419355,0.8626994,Data Collection|Other/Unclear|User Control & Deletion
1713_latinpost.com,39,Other/Unclear|User Control & Deletion,1,0.41313255,0.10262479,0.2973182,0.75369513,0.083555214,0.20202947,0.6248858,Other/Unclear|User Control & Deletion
1713_latinpost.com,40,Other/Unclear|User Control & Deletion,1,0.45117483,0.111798935,0.22568823,0.4876837,0.12172258,0.3586646,0.3260221,
1713_latinpost.com,41,Other/Unclear|User Control & Deletion,1,0.60004383,0.12523298,0.20476824,0.45529133,0.06628507,0.3408971,0.85060745,Data Collection|User Control & Deletion
1713_latinpost.com,42,Other/Unclear|User Control & Deletion,1,0.6682687,0.16142325,0.21833387,0.35923484,0.071913674,0.25036615,0.7777638,Data Collection|User Control & Deletion
1713_latinpost.com,43,Data Security|Other/Unclear,1,0.27228713,0.07692333,0.60306543,0.8126692,0.11748255,0.22038788,0.31479764,Data Security|Other/Unclear
1713_latinpost.com,44,Other/Unclear|User Control & Deletion,1,0.46245658,0.16759743,0.20726058,0.46162158,0.08202911,0.42822602,0.64318174,User Control & Deletion
1713_latinpost.com,45,Other/Unclear|User Control & Deletion,1,0.36316922,0.10982263,0.2975938,0.75464934,0.09117344,0.5963313,0.74317956,Other/Unclear|Third-Party Sharing|User Control & Deletion
1713_latinpost.com,46,Data Collection|Third-Party Sharing|User Control & Deletion,1,0.8479661,0.21764217,0.105343446,0.33773133,0.14404432,0.56357247,0.3087773,Data Collection|Third-Party Sharing
1713_latinpost.com,47,Data Security|Other/Unclear,1,0.4493057,0.19492704,0.39103714,0.5888561,0.061262056,0.4708216,0.3098929,Other/Unclear
1713_latinpost.com,48,Other/Unclear,1,0.44031048,0.24537045,0.34092203,0.5641814,0.13853422,0.43101087,0.35444787,Other/Unclear
1713_latinpost.com,49,User Control & Deletion,1,0.4407475,0.17710313,0.18427828,0.5325485,0.16306108,0.39906362,0.42416742,Other/Unclear
1713_latinpost.com,50,Data Collection|Other/Unclear|User Control & Deletion,1,0.5237773,0.2669947,0.20097123,0.45322657,0.12590344,0.28337783,0.6497782,Data Collection|User Control & Deletion
1713_latinpost.com,51,Data Collection|Other/Unclear|User Control & Deletion,1,0.5616183,0.24815467,0.22270316,0.5436285,0.23251352,0.290004,0.62402844,Data Collection|Other/Unclear|User Control & Deletion
1713_latinpost.com,52,Data Collection|Other/Unclear|User Control & Deletion,1,0.5430942,0.24402186,0.2468872,0.5157721,0.14824179,0.32384977,0.5609796,Data Collection|Other/Unclear|User Control & Deletion
1713_latinpost.com,53,Other/Unclear|User Control & Deletion,1,0.4653105,0.18273458,0.1264048,0.51916677,0.14957249,0.32642362,0.669355,Other/Unclear|User Control & Deletion
1713_latinpost.com,54,User Control & Deletion,1,0.4460682,0.3151752,0.26780865,0.52927965,0.18154135,0.355012,0.7373604,Other/Unclear|User Control & Deletion
1713_latinpost.com,55,Data Collection|Other/Unclear|Policy Change,1,0.31923342,0.16214697,0.20768277,0.52747566,0.41049987,0.40653446,0.32369772,Other/Unclear
1713_latinpost.com,56,Data Collection|Data Security|Policy Change|Third-Party Sharing,1,0.4725472,0.3229476,0.424697,0.47083482,0.09137371,0.9133495,0.31275102,Third-Party Sharing
1713_latinpost.com,57,Third-Party Sharing,1,0.21519902,0.09311899,0.2710241,0.6153497,0.16822772,0.8441015,0.4309123,Other/Unclear|Third-Party Sharing
1713_latinpost.com,58,Third-Party Sharing,1,0.27848497,0.1446532,0.13727804,0.36668608,0.059124667,0.61366594,0.76826406,Third-Party Sharing|User Control & Deletion
1713_latinpost.com,59,Other/Unclear|Third-Party Sharing,1,0.4912475,0.22648036,0.26528096,0.41935888,0.11970622,0.6285429,0.24651165,Third-Party Sharing
1713_latinpost.com,60,Other/Unclear|Third-Party Sharing|User Control & Deletion,1,0.46325767,0.17150593,0.12751873,0.5986096,0.10327334,0.7985336,0.38622263,Other/Unclear|Third-Party Sharing
1713_latinpost.com,61,Third-Party Sharing,1,0.3952893,0.258971,0.57372725,0.35669369,0.07200031,0.8781315,0.27015647,Data Security|Third-Party Sharing
1713_latinpost.com,62,Third-Party Sharing,1,0.2770292,0.15978548,0.28531367,0.47350836,0.063984565,0.7618472,0.34302357,Third-Party Sharing
1713_latinpost.com,63,Third-Party Sharing,1,0.28657433,0.14677179,0.11206052,0.354961,0.08282991,0.67837775,0.22631468,Third-Party Sharing
1713_latinpost.com,64,Third-Party Sharing,1,0.2870419,0.119201615,0.14035518,0.6586808,0.47581047,0.33801785,0.24193868,Other/Unclear
1713_latinpost.com,65,Third-Party Sharing,1,0.53078926,0.2934731,0.19217114,0.25784293,0.10036498,0.5581015,0.18053058,Data Collection|Third-Party Sharing
1713_latinpost.com,66,Other/Unclear|Third-Party Sharing,1,0.12730199,0.15998119,0.23869027,0.8002586,0.108523935,0.8127278,0.58396703,Other/Unclear|Third-Party Sharing|User Control & Deletion
1713_latinpost.com,67,Third-Party Sharing,1,0.21348733,0.25222343,0.27084854,0.33601356,0.2394192,0.79945153,0.14398547,Third-Party Sharing
1713_latinpost.com,68,Third-Party Sharing,1,0.15606959,0.12184416,0.18000998,0.4914467,0.09979561,0.7261793,0.17416891,Third-Party Sharing
1713_latinpost.com,69,Third-Party Sharing,1,0.17521702,0.11307671,0.2802707,0.59743685,0.14200008,0.94784105,0.24461432,Other/Unclear|Third-Party Sharing
1713_latinpost.com,70,User Control & Deletion,1,0.54287887,0.7028285,0.20509686,0.26948708,0.121642865,0.31603834,0.7910247,Data Collection|Data Retention|User Control & Deletion
1713_latinpost.com,71,User Control & Deletion,1,0.29428717,0.11872696,0.1166339,0.4785702,0.12033356,0.15258214,0.7305765,User Control & Deletion
1713_latinpost.com,72,Data Retention|Other/Unclear|User Control & Deletion,1,0.47288394,0.39115852,0.18996082,0.738819,0.098363556,0.20270059,0.3100754,Other/Unclear
1713_latinpost.com,73,Policy Change|User Control & Deletion,1,0.33117533,0.25259247,0.37037516,0.46953255,0.068213,0.37851033,0.4637262,
1713_latinpost.com,74,Other/Unclear|User Control & Deletion,1,0.31961644,0.1914893,0.122768,0.76702034,0.11000933,0.2695267,0.40200433,Other/Unclear
1713_latinpost.com,75,Other/Unclear|User Control & Deletion,1,0.57423514,0.5911056,0.19668458,0.6553608,0.13487935,0.24478987,0.58275974,Data Collection|Data Retention|Other/Unclear|User Control & Deletion
1713_latinpost.com,76,Data Security,1,0.2210637,0.2791647,0.962053,0.3842288,0.06511472,0.3388443,0.21702962,Data Security
1713_latinpost.com,77,Data Security|Other/Unclear,1,0.5230713,0.29779366,0.62960994,0.5649832,0.079839855,0.21817069,0.46757463,Data Collection|Data Security|Other/Unclear
1713_latinpost.com,78,Other/Unclear|User Control & Deletion,1,0.23795736,0.16295561,0.1758645,0.7024682,0.061058167,0.5352724,0.66490245,Other/Unclear|Third-Party Sharing|User Control & Deletion
1713_latinpost.com,79,Other/Unclear|User Control & Deletion,1,0.13451946,0.086475946,0.10283711,0.88170964,0.14674123,0.1517798,0.6786486,Other/Unclear|User Control & Deletion
1713_latinpost.com,80,Other/Unclear,1,0.3406269,0.21945849,0.20655188,0.79740113,0.0940003,0.14527458,0.5067509,Other/Unclear|User Control & Deletion
1713_latinpost.com,81,Policy Change,1,0.12647685,0.1466762,0.12593241,0.63187695,0.9726833,0.16393365,0.22585207,Other/Unclear|Policy Change
1713_latinpost.com,82,Other/Unclear,1,0.32004395,0.42427167,0.4336102,0.61484265,0.17665115,0.31621796,0.47261873,Other/Unclear
1713_latinpost.com,83,Data Security|Other/Unclear,1,0.54528713,0.35365975,0.31580153,0.41232646,0.14752375,0.37840486,0.41431662,Data Collection
1713_latinpost.com,84,Data Security|Other/Unclear|Third-Party Sharing,1,0.34938392,0.28921735,0.3896244,0.6295507,0.11412356,0.62149686,0.536421,Other/Unclear|Third-Party Sharing|User Control & Deletion
1713_latinpost.com,85,Other/Unclear,1,0.13175884,0.12063799,0.11579192,0.91111314,0.23123717,0.17897472,0.44342768,Other/Unclear
1713_latinpost.com,86,Other/Unclear,1,0.2390621,0.16436288,0.2653995,0.7861484,0.35630113,0.19991621,0.12763451,Other/Unclear
1713_latinpost.com,87,Other/Unclear,1,0.22959812,0.18227844,0.18609695,0.769296,0.59999275,0.26981354,0.34104422,Other/Unclear|Policy Change
1713_latinpost.com,88,Other/Unclear,1,0.14017078,0.0967515,0.2390804,0.73146003,0.84145576,0.12507921,0.14477074,Other/Unclear|Policy Change
186_abcnews.com,0,Other/Unclear,4,0.40502277,0.120724045,0.28576356,0.70794636,0.17161375,0.25070176,0.17005032,Other/Unclear
186_abcnews.com,1,Data Security|Other/Unclear,4,0.14931369,0.102014035,0.49117675,0.8467338,0.21871836,0.25835735,0.19493705,Other/Unclear
186_abcnews.com,2,Other/Unclear|Policy Change,4,0.07575739,0.06639699,0.12797482,0.89645463,0.8616609,0.08641937,0.12134884,Other/Unclear|Policy Change
186_abcnews.com,3,Other/Unclear,4,0.2609869,0.20569864,0.34525427,0.6791878,0.40911087,0.3819435,0.19936761,Other/Unclear
186_abcnews.com,4,Data Collection|Other/Unclear,4,0.82813615,0.16626003,0.1198459,0.39614323,0.0797834,0.26725668,0.09350311,Data Collection
186_abcnews.com,5,Data Collection,4,0.7712725,0.37640417,0.13660765,0.3981294,0.073650196,0.15280764,0.29407248,Data Collection
186_abcnews.com,6,Data Collection,4,0.76810277,0.2182304,0.23354375,0.33111468,0.044005934,0.29249537,0.2461978,Data Collection
186_abcnews.com,7,Data Collection,4,0.6080781,0.21199639,0.30279848,0.49063006,0.08579062,0.35991257,0.17566372,Data Collection
186_abcnews.com,8,Data Collection,4,0.5617914,0.2443687,0.18322138,0.3838833,0.10864213,0.48668015,0.19968987,Data Collection
186_abcnews.com,9,Data Collection,4,0.66243726,0.23376507,0.24288222,0.3767617,0.057886917,0.4990451,0.28108868,Data Collection
186_abcnews.com,10,Data Collection,4,0.7758063,0.27050957,0.17975236,0.26113707,0.058089964,0.34709942,0.16358401,Data Collection
186_abcnews.com,11,Data Collection,4,0.771616,0.20923202,0.28760028,0.33797318,0.054060094,0.34933347,0.16797785,Data Collection
186_abcnews.com,12,Data Collection|Other/Unclear|Third-Party Sharing,4,0.63840944,0.28598484,0.2143558,0.70221317,0.116779886,0.4530376,0.1750342,Data Collection|Other/Unclear
186_abcnews.com,13,Data Collection|Other/Unclear,4,0.7307337,0.108327545,0.18120551,0.50487286,0.0513326,0.29208416,0.27899805,Data Collection|Other/Unclear
186_abcnews.com,14,Data Collection,4,0.37724078,0.29307443,0.22344035,0.42365706,0.0835011,0.70646834,0.31939963,Third-Party Sharing
186_abcnews.com,15,Data Collection|Other/Unclear|Policy Change|Third-Party Sharing,4,0.66225284,0.22397485,0.29447263,0.34659722,0.13920295,0.56786835,0.2727644,Data Collection|Third-Party Sharing
186_abcnews.com,16,Third-Party Sharing,4,0.45432407,0.12595664,0.29835266,0.3200036,0.05176809,0.9434546,0.34649035,Third-Party Sharing
186_abcnews.com,17,Other/Unclear|Third-Party Sharing,4,0.34488857,0.14619717,0.43357855,0.2745696,0.06786092,0.9559242,0.14415315,Third-Party Sharing
186_abcnews.com,18,User Control & Deletion,4,0.41992584,0.28870812,0.15937178,0.30431715,0.09871349,0.40904418,0.82422024,User Control & Deletion
186_abcnews.com,19,Data Collection|Other/Unclear|User Control & Deletion,4,0.3740045,0.30541676,0.14693725,0.4759665,0.067860864,0.25392324,0.7997017,User Control & Deletion
186_abcnews.com,20,Data Collection|Other/Unclear,4,0.6298494,0.14040464,0.35740358,0.7527273,0.10570791,0.24126187,0.16925181,Data Collection|Other/Unclear
186_abcnews.com,21,Data Collection|Other/Unclear|Third-Party Sharing,4,0.47181183,0.14516982,0.2183207,0.53489095,0.09422162,0.40691215,0.077769525,Other/Unclear
186_abcnews.com,22,Other/Unclear,4,0.5820991,0.14941429,0.19935083,0.6830729,0.07824879,0.36530614,0.34358987,Data Collection|Other/Unclear
186_abcnews.com,23,Data Collection|Other/Unclear,4,0.5565311,0.25136372,0.3149151,0.5889071,0.0781226,0.23909101,0.20667018,Data Collection|Other/Unclear
186_abcnews.com,24,Other/Unclear|User Control & Deletion,4,0.26980978,0.22785632,0.35236356,0.66610354,0.10401167,0.1981633,0.5906163,Other/Unclear|User Control & Deletion
186_abcnews.com,25,Other/Unclear,4,0.12508163,0.09803264,0.23079434,0.9166806,0.18474817,0.10678515,0.16685176,Other/Unclear
186_abcnews.com,26,Data Retention|Data Security,4,0.116289996,0.6009074,0.87980276,0.32497665,0.18131877,0.19011685,0.19821675,Data Retention|Data Security
186_abcnews.com,27,Data Security|Other/Unclear,4,0.1674922,0.16534701,0.6853044,0.72466415,0.13270754,0.37872046,0.20190263,Data Security|Other/Unclear
186_abcnews.com,28,Policy Change,4,0.17763844,0.20678794,0.18908612,0.32399768,0.914211,0.25936285,0.23105699,Policy Change
186_abcnews.com,29,Other/Unclear,4,0.16374384,0.17050911,0.24251597,0.9127532,0.119661,0.23233043,0.15563875,Other/Unclear
186_abcnews.com,30,Other/Unclear|User Control & Deletion,4,0.107405774,0.124542624,0.11878945,0.8138708,0.09884303,0.32846755,0.6342532,Other/Unclear|User Control & Deletion
186_abcnews.com,31,Other/Unclear,4,0.5539989,0.13482486,0.17001846,0.54256594,0.064203545,0.41189635,0.16941243,Data Collection|Other/Unclear
186_abcnews.com,32,Other/Unclear,4,0.52377206,0.1586165,0.19139999,0.6153781,0.07066123,0.39424178,0.18642917,Data Collection|Other/Unclear
186_abcnews.com,33,Other/Unclear,4,0.4040107,0.17620207,0.3258352,0.6054588,0.0718874,0.69114864,0.19058752,Other/Unclear|Third-Party Sharing
186_abcnews.com,34,Other/Unclear,4,0.18330352,0.11786671,0.1986426,0.90571225,0.1787175,0.18494883,0.26671067,Other/Unclear
186_abcnews.com,35,Other/Unclear,4,0.3598451,0.16848199,0.35278246,0.76849777,0.07188989,0.2769878,0.19898987,Other/Unclear
186_abcnews.com,36,Other/Unclear,4,0.4006817,0.2978762,0.5481432,0.5190508,0.072276354,0.6040348,0.275484,Data Security|Other/Unclear|Third-Party Sharing
186_abcnews.com,37,Data Collection|Other/Unclear,4,0.8587756,0.2616654,0.17619102,0.36256096,0.053739235,0.36513796,0.13966103,Data Collection
186_abcnews.com,38,Other/Unclear,4,0.19343232,0.12654263,0.20118898,0.5168487,0.10894034,0.5793998,0.22979678,Other/Unclear|Third-Party Sharing
186_abcnews.com,39,Other/Unclear|Policy Change,4,0.40386343,0.18033664,0.13270177,0.53001094,0.52710027,0.2633007,0.2409527,Other/Unclear|Policy Change
186_abcnews.com,40,Other/Unclear,4,0.20813751,0.14349541,0.15365988,0.67765117,0.13684265,0.24276051,0.2591852,Other/Unclear
186_abcnews.com,41,Other/Unclear,4,0.69276386,0.21044095,0.22085613,0.57512164,0.066914305,0.45715702,0.22052017,Data Collection|Other/Unclear
186_abcnews.com,42,Data Collection|Third-Party Sharing|User Control & Deletion,4,0.50457054,0.2194149,0.2981027,0.6369595,0.07736539,0.6110847,0.36556616,Data Collection|Other/Unclear|Third-Party Sharing
186_abcnews.com,43,Other/Unclear,4,0.3538128,0.0643543,0.23591192,0.55914474,0.097622074,0.5025248,0.16610977,Other/Unclear|Third-Party Sharing
186_abcnews.com,44,Other/Unclear,4,0.21187,0.1145597,0.15994373,0.82280946,0.1360539,0.083829425,0.19491966,Other/Unclear
186_abcnews.com,45,Other/Unclear,4,0.34089467,0.086482674,0.12873669,0.6343709,0.10179351,0.18900467,0.35328847,Other/Unclear
186_abcnews.com,46,Data Security|Other/Unclear,4,0.11262689,0.14398016,0.5570602,0.8741377,0.16362475,0.12545113,0.2041345,Data Security|Other/Unclear
200_washingtonpost.com,0,Other/Unclear,2,0.2667958,0.09722793,0.16902487,0.6929319,0.27231914,0.22265787,0.17263801,Other/Unclear
200_washingtonpost.com,1,Other/Unclear,2,0.2299828,0.08270671,0.38547516,0.84552747,0.21061428,0.251041,0.13082635,Other/Unclear
200_washingtonpost.com,2,Other/Unclear,2,0.041778974,0.10944583,0.4675647,0.7989835,0.6646265,0.14766824,0.2091505,Other/Unclear|Policy Change
200_washingtonpost.com,3,Data Collection,2,0.8958527,0.12972601,0.13667928,0.36481312,0.0601358,0.47353673,0.12761204,Data Collection
200_washingtonpost.com,4,Other/Unclear,2,0.7029206,0.117971875,0.24357146,0.39481747,0.063387096,0.19780214,0.35936013,Data Collection
200_washingtonpost.com,5,Data Collection,2,0.9465098,0.26001692,0.21612406,0.09876117,0.052550584,0.37146848,0.21440303,Data Collection
200_washingtonpost.com,6,Data Collection,2,0.8554553,0.1998662,0.11754041,0.37775856,0.06306535,0.5646407,0.26866794,Data Collection|Third-Party Sharing
200_washingtonpost.com,7,Data Collection,2,0.9149054,0.17229173,0.13898279,0.27457464,0.060764145,0.31746623,0.31413126,Data Collection
200_washingtonpost.com,8,Data Collection,2,0.8091668,0.13898808,0.10091377,0.3287723,0.05476644,0.58866274,0.21905705,Data Collection|Third-Party Sharing
200_washingtonpost.com,9,Data Collection|User Control & Deletion,2,0.8472801,0.16754445,0.11095119,0.31072345,0.08585298,0.33004984,0.5223594,Data Collection|User Control & Deletion
200_washingtonpost.com,10,Data Collection,2,0.785413,0.097162016,0.16216275,0.26584658,0.112593755,0.35259002,0.3749258,Data Collection
200_washingtonpost.com,11,Data Collection|Other/Unclear|User Control & Deletion,2,0.5394965,0.11908456,0.08539051,0.37991542,0.10051206,0.41993093,0.6718102,Data Collection|User Control & Deletion
200_washingtonpost.com,12,Data Collection,2,0.648332,0.102970906,0.13938734,0.36113968,0.07047272,0.7177965,0.4422185,Data Collection|Third-Party Sharing
200_washingtonpost.com,13,Data Collection,2,0.81321675,0.11982674,0.16507079,0.2717832,0.12837963,0.4535672,0.113799684,Data Collection
200_washingtonpost.com,14,Data Collection,2,0.4439996,0.13917023,0.34660643,0.19200385,0.10233156,0.7604884,0.09171656,Third-Party Sharing
200_washingtonpost.com,15,Data Collection,2,0.41288504,0.17878036,0.1821462,0.37414825,0.115775764,0.57890874,0.40268865,Third-Party Sharing
200_washingtonpost.com,16,Other/Unclear,2,0.29912543,0.12080419,0.16430637,0.4285412,0.077825874,0.6044743,0.14092468,Third-Party Sharing
200_washingtonpost.com,17,Third-Party Sharing,2,0.19738282,0.10802336,0.20188975,0.3569395,0.0837352,0.8559922,0.11886006,Third-Party Sharing
200_washingtonpost.com,18,Other/Unclear|Third-Party Sharing,2,0.36419284,0.19875026,0.23676248,0.5611726,0.06592891,0.86563075,0.25758505,Other/Unclear|Third-Party Sharing
200_washingtonpost.com,19,Third-Party Sharing,2,0.29172754,0.2541544,0.37009,0.18527544,0.044312898,0.91599494,0.16182557,Third-Party Sharing
200_washingtonpost.com,20,Third-Party Sharing,2,0.33788985,0.246471,0.25664294,0.12073038,0.06432417,0.88719946,0.083183296,Third-Party Sharing
200_washingtonpost.com,21,Other/Unclear|Third-Party Sharing|User Control & Deletion,2,0.39346308,0.23298103,0.16065168,0.61101204,0.16490723,0.5593481,0.5107725,Other/Unclear|Third-Party Sharing|User Control & Deletion
200_washingtonpost.com,22,Data Collection|Third-Party Sharing,2,0.6390148,0.1129617,0.10977315,0.5323703,0.0650782,0.77543813,0.2374012,Data Collection|Other/Unclear|Third-Party Sharing
200_washingtonpost.com,23,Third-Party Sharing,2,0.2153264,0.110407844,0.16931023,0.2441719,0.12933084,0.92730176,0.17693508,Third-Party Sharing
200_washingtonpost.com,24,Third-Party Sharing,2,0.12878394,0.0826973,0.11546076,0.47637722,0.15622607,0.8170163,0.46513438,Third-Party Sharing
200_washingtonpost.com,25,Third-Party Sharing,2,0.46130627,0.20193683,0.20083955,0.38059002,0.086584404,0.6731608,0.17835301,Third-Party Sharing
200_washingtonpost.com,26,Other/Unclear,2,0.14990474,0.11248278,0.47983852,0.87140334,0.116758674,0.692642,0.1220653,Other/Unclear|Third-Party Sharing
200_washingtonpost.com,27,User Control & Deletion,2,0.30097276,0.24255344,0.17195177,0.40059814,0.12359305,0.1736377,0.87413186,User Control & Deletion
200_washingtonpost.com,28,Data Collection|Other/Unclear|User Control & Deletion,2,0.3132439,0.14439088,0.09726689,0.46041355,0.08238812,0.19891407,0.87153536,User Control & Deletion
200_washingtonpost.com,29,User Control & Deletion,2,0.33171657,0.097346246,0.15913795,0.56671613,0.08599015,0.50967336,0.73340684,Other/Unclear|Third-Party Sharing|User Control & Deletion
200_washingtonpost.com,30,Data Security,2,0.18903671,0.20638798,0.95464903,0.31206515,0.08671093,0.12570092,0.16128384,Data Security
200_washingtonpost.com,31,Other/Unclear,2,0.39428782,0.21998502,0.13128304,0.8881103,0.2009973,0.18145967,0.22007363,Other/Unclear
200_washingtonpost.com,32,Other/Unclear,2,0.24552517,0.21807954,0.12590311,0.8167943,0.075822614,0.46964988,0.61520207,Other/Unclear|User Control & Deletion
200_washingtonpost.com,33,Other/Unclear,2,0.22839971,0.15152897,0.2786265,0.8205055,0.11396962,0.37699464,0.48379493,Other/Unclear
200_washingtonpost.com,34,Data Collection|Other/Unclear,2,0.32040608,0.26061675,0.25936145,0.80202687,0.15443037,0.3815849,0.42920056,Other/Unclear
200_washingtonpost.com,35,Policy Change,2,0.12214819,0.083596826,0.14795919,0.40830564,0.9847308,0.13334984,0.13594253,Policy Change
200_washingtonpost.com,36,Data Collection|Third-Party Sharing,2,0.84820735,0.1043205,0.09817777,0.33099642,0.0732775,0.57056504,0.24444492,Data Collection|Third-Party Sharing
200_washingtonpost.com,37,Data Collection|Other/Unclear|Third-Party Sharing,2,0.8403361,0.18376806,0.18695603,0.34899873,0.05554761,0.5820659,0.4403481,Data Collection|Third-Party Sharing
200_washingtonpost.com,38,Data Collection|User Control & Deletion,2,0.50640714,0.13297825,0.21118458,0.42708483,0.09427362,0.26965374,0.8762937,Data Collection|User Control & Deletion
200_washingtonpost.com,39,Data Collection|Third-Party Sharing,2,0.85039127,0.19756198,0.13332865,0.35050365,0.060960535,0.58071446,0.24511108,Data Collection|Third-Party Sharing
200_washingtonpost.com,40,Data Collection|Third-Party Sharing,2,0.66527563,0.25715593,0.18958859,0.45703518,0.055837505,0.53581583,0.67790794,Data Collection|Third-Party Sharing|User Control & Deletion
200_washingtonpost.com,41,Data Collection|Third-Party Sharing,2,0.4911528,0.10301938,0.13444786,0.5082115,0.06546612,0.55687034,0.61367536,Other/Unclear|Third-Party Sharing|User Control & Deletion
200_washingtonpost.com,42,User Control & Deletion,2,0.1477809,0.08548611,0.17555223,0.6402125,0.06555342,0.4382846,0.7972541,Other/Unclear|User Control & Deletion
207_reference.com,0,Other/Unclear|Policy Change,4,0.05027213,0.050953522,0.15742134,0.9343873,0.8912162,0.058046322,0.12437533,Other/Unclear|Policy Change
207_reference.com,1,Data Collection|Other/Unclear|Third-Party Sharing,4,0.7467578,0.13167684,0.20623578,0.5616374,0.07194374,0.42102426,0.30872202,Data Collection|Other/Unclear
207_reference.com,2,Other/Unclear|Policy Change,4,0.1650787,0.1335992,0.0902147,0.78096074,0.7284904,0.1187626,0.20344448,Other/Unclear|Policy Change
207_reference.com,3,Data Collection,4,0.9221509,0.37200293,0.121670656,0.22763276,0.066740476,0.15348308,0.18466517,Data Collection
207_reference.com,4,Data Collection|Other/Unclear|Third-Party Sharing|User Control & Deletion,4,0.8464666,0.43405294,0.098494716,0.28504345,0.09031246,0.3783416,0.8703627,Data Collection|User Control & Deletion
207_reference.com,5,Data Collection,4,0.9010623,0.23983236,0.24853009,0.16781527,0.11794158,0.35880455,0.20367883,Data Collection
207_reference.com,6,Data Collection|Other/Unclear,4,0.7134684,0.3142971,0.074386455,0.35019207,0.078710765,0.1751457,0.856388,Data Collection|User Control & Deletion
207_reference.com,7,Data Collection,4,0.74152416,0.17420366,0.18063104,0.47269234,0.09178367,0.16939904,0.46073905,Data Collection
207_reference.com,8,Data Collection,4,0.74203545,0.21418718,0.5727242,0.18792441,0.07198673,0.3631093,0.16456345,Data Collection|Data Security
207_reference.com,9,Third-Party Sharing,4,0.3376084,0.18559857,0.38082045,0.47649586,0.106549226,0.71806026,0.21348195,Third-Party Sharing
207_reference.com,10,Third-Party Sharing,4,0.6418387,0.2561161,0.40012035,0.2867721,0.07943631,0.76042867,0.10773568,Data Collection|Third-Party Sharing
207_reference.com,11,Third-Party Sharing,4,0.7906068,0.10672228,0.23350523,0.41284359,0.07806474,0.6099589,0.2513161,Data Collection|Third-Party Sharing
207_reference.com,12,Third-Party Sharing,4,0.5050731,0.092149064,0.20279738,0.43105626,0.078771055,0.5900036,0.61095613,Data Collection|Third-Party Sharing|User Control & Deletion
207_reference.com,13,Third-Party Sharing,4,0.6898282,0.19989415,0.30191603,0.46569407,0.057581976,0.7483533,0.2648841,Data Collection|Third-Party Sharing
207_reference.com,14,Third-Party Sharing,4,0.6478915,0.15780465,0.14846776,0.27277845,0.079319164,0.5910748,0.14265104,Data Collection|Third-Party Sharing
207_reference.com,15,Third-Party Sharing,4,0.375138,0.20289186,0.12430545,0.15213373,0.05634614,0.8930491,0.18140635,Third-Party Sharing
207_reference.com,16,Data Collection|Third-Party Sharing,4,0.7884243,0.27454424,0.32421762,0.42366207,0.07848606,0.4197321,0.23853675,Data Collection
207_reference.com,17,Data Collection|Third-Party Sharing,4,0.75614685,0.19766933,0.20470811,0.47406086,0.08941563,0.45738745,0.34183696,Data Collection
207_reference.com,18,User Control & Deletion,4,0.29945868,0.07719154,0.13732609,0.6130919,0.07587276,0.35793015,0.9358109,Other/Unclear|User Control & Deletion
207_reference.com,19,Data Collection|Third-Party Sharing,4,0.8086142,0.122338526,0.1295661,0.39631987,0.08342956,0.47721922,0.17413372,Data Collection
207_reference.com,20,Data Collection|Third-Party Sharing,4,0.71854717,0.18490914,0.17891274,0.47654265,0.11040346,0.3526732,0.34754565,Data Collection
207_reference.com,21,Other/Unclear|User Control & Deletion,4,0.32768083,0.12139597,0.23055087,0.68662935,0.107039556,0.43107206,0.45233935,Other/Unclear
207_reference.com,22,Other/Unclear,4,0.48831835,0.14110315,0.26057667,0.5424607,0.13519667,0.21908371,0.45865372,Other/Unclear
207_reference.com,23,Data Collection|Other/Unclear,4,0.7570973,0.14024453,0.14780381,0.63809556,0.105989695,0.16089971,0.1457587,Data Collection|Other/Unclear
207_reference.com,24,Other/Unclear,4,0.7068825,0.41422978,0.21623743,0.5666548,0.07929294,0.22174497,0.3239096,Data Collection|Other/Unclear
207_reference.com,25,Data Security|Other/Unclear,4,0.38608116,0.19641596,0.26884252,0.49398515,0.121971466,0.27987838,0.27979907,
207_reference.com,26,Data Security|Other/Unclear,4,0.53668183,0.29018962,0.4390618,0.46393296,0.0982147,0.33249202,0.41211793,Data Collection
207_reference.com,27,Other/Unclear,4,0.68281806,0.653402,0.15551051,0.7504377,0.090774454,0.18655899,0.32335678,Data Collection|Data Retention|Other/Unclear
207_reference.com,28,Data Security|Other/Unclear,4,0.58386487,0.40938687,0.23332334,0.595731,0.10849968,0.21629648,0.4210469,Data Collection|Other/Unclear
207_reference.com,29,Other/Unclear,4,0.20236519,0.34270933,0.2796061,0.8668912,0.29096916,0.12860005,0.35671514,Other/Unclear
207_reference.com,30,Other/Unclear,4,0.20920572,0.14320737,0.203038,0.72868913,0.07607815,0.61147624,0.3887825,Other/Unclear|Third-Party Sharing
207_reference.com,31,Other/Unclear|Third-Party Sharing,4,0.14417392,0.1260017,0.2725928,0.6710063,0.13002278,0.7342167,0.53749824,Other/Unclear|Third-Party Sharing|User Control & Deletion
207_reference.com,32,Data Retention|Other/Unclear|User Control & Deletion,4,0.20389318,0.36481717,0.13672642,0.5493328,0.24045573,0.42157584,0.76234776,Other/Unclear|User Control & Deletion
207_reference.com,33,Other/Unclear|User Control & Deletion,4,0.13676335,0.09725852,0.12233648,0.7454554,0.1500402,0.46688193,0.6906526,Other/Unclear|User Control & Deletion
20_theatlantic.com,0,Other/Unclear,2,0.2236265,0.1203123,0.49447712,0.7807191,0.22799271,0.17972936,0.171911,Other/Unclear
20_theatlantic.com,1,Other/Unclear,2,0.09209709,0.11260404,0.3171525,0.9315396,0.14918119,0.55698985,0.13240407,Other/Unclear|Third-Party Sharing
20_theatlantic.com,2,Other/Unclear|Policy Change,2,0.2526574,0.20753938,0.16276415,0.56229997,0.9125359,0.19953962,0.6535564,Other/Unclear|Policy Change|User Control & Deletion
20_theatlantic.com,3,Data Collection,2,0.8919084,0.21973014,0.17517136,0.3125727,0.0582651,0.43026355,0.19835706,Data Collection
20_theatlantic.com,4,Data Collection|Other/Unclear,2,0.79910696,0.2467767,0.18931748,0.25183195,0.039264422,0.55919385,0.51818836,Data Collection|Third-Party Sharing|User Control & Deletion
20_theatlantic.com,5,Data Collection,2,0.94946384,0.25160038,0.12394655,0.13684116,0.04117198,0.3888414,0.13508211,Data Collection
20_theatlantic.com,6,Data Collection|Third-Party Sharing,2,0.76612216,0.36097145,0.13039352,0.3646023,0.07195467,0.7080192,0.38806978,Data Collection|Third-Party Sharing
20_theatlantic.com,7,Data Collection,2,0.8119054,0.43519333,0.16683573,0.28319484,0.08238584,0.35506094,0.2515154,Data Collection
20_theatlantic.com,8,Data Collection,2,0.75328827,0.2945476,0.12521194,0.4128704,0.058733366,0.2316525,0.75579745,Data Collection|User Control & Deletion
20_theatlantic.com,9,Data Collection|Third-Party Sharing,2,0.8268057,0.21936098,0.15591657,0.36292106,0.04225954,0.69720566,0.25601992,Data Collection|Third-Party Sharing
20_theatlantic.com,10,Third-Party Sharing,2,0.8222263,0.09000304,0.17922005,0.26368707,0.04153806,0.92225504,0.25904548,Data Collection|Third-Party Sharing
20_theatlantic.com,11,Other/Unclear|Third-Party Sharing,2,0.25647953,0.12416237,0.15428816,0.65065485,0.12108273,0.7903023,0.41683787,Other/Unclear|Third-Party Sharing
20_theatlantic.com,12,Other/Unclear,2,0.2517374,0.137346,0.22444215,0.7899653,0.20109953,0.22537866,0.3870405,Other/Unclear
20_theatlantic.com,13,Data Collection,2,0.92952496,0.19501139,0.112417415,0.23174375,0.3385001,0.5311424,0.18997657,Data Collection|Third-Party Sharing
20_theatlantic.com,14,Data Collection|Third-Party Sharing,2,0.59924984,0.22054859,0.1675864,0.5194351,0.104156144,0.3499302,0.20568651,Data Collection|Other/Unclear
20_theatlantic.com,15,Third-Party Sharing,2,0.24559121,0.40933892,0.23435982,0.62987095,0.25565693,0.6256351,0.4359496,Other/Unclear|Third-Party Sharing
20_theatlantic.com,16,Data Security|Third-Party Sharing,2,0.2670904,0.25507012,0.8880134,0.35474426,0.071036264,0.88316715,0.23053004,Data Security|Third-Party Sharing
20_theatlantic.com,17,Other/Unclear|Third-Party Sharing,2,0.39712834,0.14638443,0.22267702,0.5385383,0.09467265,0.7608373,0.6341035,Other/Unclear|Third-Party Sharing|User Control & Deletion
20_theatlantic.com,18,Third-Party Sharing,2,0.09385101,0.09300205,0.21314514,0.49185917,0.2978798,0.6635943,0.25264105,Third-Party Sharing
20_theatlantic.com,19,Third-Party Sharing,2,0.33860514,0.22081509,0.27618825,0.122444645,0.07634065,0.94906765,0.11075493,Third-Party Sharing
20_theatlantic.com,20,Third-Party Sharing,2,0.62731665,0.21996701,0.20287679,0.25840536,0.0922327,0.91041994,0.17383103,Data Collection|Third-Party Sharing
20_theatlantic.com,21,Other/Unclear|User Control & Deletion,2,0.18780077,0.11522293,0.21475928,0.5630659,0.092620164,0.2751537,0.7487118,Other/Unclear|User Control & Deletion
20_theatlantic.com,22,Data Collection|User Control & Deletion,2,0.48512596,0.18082361,0.1782011,0.50726974,0.11143468,0.38678297,0.70167136,Other/Unclear|User Control & Deletion
20_theatlantic.com,23,Other/Unclear|Third-Party Sharing|User Control & Deletion,2,0.23576131,0.16089804,0.16123033,0.5860417,0.043608136,0.6572868,0.7264051,Other/Unclear|Third-Party Sharing|User Control & Deletion
20_theatlantic.com,24,User Control & Deletion,2,0.2231744,0.095485024,0.14820978,0.53805983,0.06526494,0.4417842,0.9007254,Other/Unclear|User Control & Deletion
20_theatlantic.com,25,User Control & Deletion,2,0.32076204,0.123190165,0.11606077,0.54491895,0.08796042,0.17028049,0.82465243,Other/Unclear|User Control & Deletion
20_theatlantic.com,26,Other/Unclear,2,0.20042644,0.1387107,0.37934026,0.78571975,0.24276993,0.3242263,0.1992194,Other/Unclear
20_theatlantic.com,27,Other/Unclear,2,0.16994019,0.23007339,0.19866687,0.8566656,0.17910782,0.29342073,0.37699437,Other/Unclear
20_theatlantic.com,28,Data Security,2,0.13996527,0.15435864,0.97715616,0.45026135,0.05293812,0.23663048,0.29723087,Data Security
20_theatlantic.com,29,Data Retention,2,0.42232823,0.8217876,0.57506025,0.45604965,0.120497145,0.42178905,0.25410005,Data Retention|Data Security
20_theatlantic.com,30,Data Collection|Other/Unclear,2,0.63853604,0.23481269,0.17706394,0.56428057,0.27618113,0.53995395,0.34372264,Data Collection|Other/Unclear|Third-Party Sharing
20_theatlantic.com,31,Data Collection|Other/Unclear,2,0.28589854,0.1551403,0.18323258,0.9395525,0.15850377,0.09273726,0.31710604,Other/Unclear
20_theatlantic.com,32,Other/Unclear,2,0.14825565,0.14979489,0.19174752,0.87498343,0.0971024,0.27473694,0.6157152,Other/Unclear|User Control & Deletion
20_theatlantic.com,33,User Control & Deletion,2,0.09356216,0.25725815,0.13691948,0.7494347,0.2556149,0.090199985,0.74450594,Other/Unclear|User Control & Deletion
20_theatlantic.com,34,Other/Unclear,2,0.2565133,0.095450245,0.21548454,0.74332774,0.11484002,0.22328065,0.24470863,Other/Unclear
20_theatlantic.com,35,User Control & Deletion,2,0.4978408,0.56745183,0.18109924,0.2037777,0.21656677,0.5850686,0.70055354,Data Retention|Third-Party Sharing|User Control & Deletion
21_imdb.com,0,Other/Unclear,3,0.111366354,0.037319478,0.13085358,0.87730825,0.66779774,0.11886853,0.13827406,Other/Unclear|Policy Change
21_imdb.com,1,Other/Unclear|Policy Change,3,0.15338202,0.11487098,0.13085285,0.7250963,0.8942836,0.15299697,0.23409094,Other/Unclear|Policy Change
21_imdb.com,2,Other/Unclear,3,0.630695,0.18859938,0.62374806,0.61281765,0.21971636,0.38596025,0.41275743,Data Collection|Data Security|Other/Unclear
21_imdb.com,3,Other/Unclear,3,0.1323934,0.09311057,0.23330787,0.7998981,0.8477365,0.21115774,0.4377506,Other/Unclear|Policy Change
21_imdb.com,4,Data Collection|Other/Unclear,3,0.70144963,0.1202251,0.19555774,0.39213294,0.096456245,0.13639072,0.18425427,Data Collection
21_imdb.com,5,Data Collection|Other/Unclear,3,0.83872277,0.85196656,0.16155753,0.24098428,0.124602206,0.34364963,0.6740344,Data Collection|Data Retention|User Control & Deletion
21_imdb.com,6,Data Collection|Other/Unclear,3,0.8460478,0.809828,0.12395346,0.30982876,0.0708563,0.3372144,0.22689357,Data Collection|Data Retention
21_imdb.com,7,Data Collection|Other/Unclear|User Control & Deletion,3,0.666074,0.14794491,0.17629771,0.53364587,0.11346695,0.29724893,0.72742933,Data Collection|Other/Unclear|User Control & Deletion
21_imdb.com,8,Data Collection|Other/Unclear,3,0.8821077,0.09926402,0.102394864,0.20622166,0.068226695,0.56648827,0.5746068,Data Collection|Third-Party Sharing|User Control & Deletion
21_imdb.com,9,Data Collection|Other/Unclear,3,0.7010848,0.2613572,0.14983393,0.2644686,0.17761676,0.37051812,0.33100742,Data Collection
21_imdb.com,10,Data Collection|Other/Unclear,3,0.8342991,0.11417651,0.17370519,0.34774894,0.06990459,0.41072437,0.39485887,Data Collection
21_imdb.com,11,User Control & Deletion,3,0.5015476,0.14719501,0.13036682,0.45728463,0.0910369,0.2840795,0.75768507,Data Collection|User Control & Deletion
21_imdb.com,12,Data Collection|Third-Party Sharing,3,0.78355575,0.09505685,0.18912445,0.30262542,0.053035643,0.70541596,0.15578078,Data Collection|Third-Party Sharing
21_imdb.com,13,Third-Party Sharing,3,0.5215272,0.16192098,0.3653918,0.5401279,0.11590364,0.79200536,0.23859766,Data Collection|Other/Unclear|Third-Party Sharing
21_imdb.com,14,Other/Unclear|Third-Party Sharing,3,0.3151208,0.15912299,0.28337035,0.5835832,0.10741687,0.7531479,0.29544723,Other/Unclear|Third-Party Sharing
21_imdb.com,15,Data Security|Third-Party Sharing,3,0.23608339,0.17608988,0.76780576,0.3425795,0.08628993,0.7782486,0.23131345,Data Security|Third-Party Sharing
21_imdb.com,16,Third-Party Sharing,3,0.6454278,0.22055766,0.17519154,0.57895577,0.10253489,0.5735014,0.6940184,Data Collection|Other/Unclear|Third-Party Sharing|User Control & Deletion
21_imdb.com,17,Third-Party Sharing,3,0.45173603,0.1897378,0.26944155,0.32136187,0.4218304,0.81484354,0.3587821,Third-Party Sharing
21_imdb.com,18,Third-Party Sharing,3,0.5413174,0.121258155,0.29268193,0.41372073,0.13700984,0.7900925,0.13568516,Data Collection|Third-Party Sharing
21_imdb.com,19,Other/Unclear|Third-Party Sharing|User Control & Deletion,3,0.2676837,0.06651669,0.20570147,0.52038705,0.12584314,0.87463427,0.6762638,Other/Unclear|Third-Party Sharing|User Control & Deletion
21_imdb.com,20,Other/Unclear|Third-Party Sharing,3,0.4294225,0.06635489,0.21180026,0.7069387,0.102916405,0.8263945,0.43727326,Other/Unclear|Third-Party Sharing
21_imdb.com,21,Data Collection|Other/Unclear|Third-Party Sharing,3,0.40049317,0.10813781,0.2408816,0.60062224,0.09932914,0.75277704,0.56158864,Other/Unclear|Third-Party Sharing|User Control & Deletion
21_imdb.com,22,Data Security,3,0.2784037,0.10850156,0.82475954,0.375812,0.07954731,0.32817933,0.28431058,Data Security
21_imdb.com,23,Data Security|Other/Unclear,3,0.2818932,0.11182285,0.8488745,0.32320696,0.09113543,0.24283767,0.29724938,Data Security
21_imdb.com,24,User Control & Deletion,3,0.36361277,0.14601107,0.2958842,0.39871466,0.11714236,0.2394192,0.73397976,User Control & Deletion
21_imdb.com,25,Data Retention|Other/Unclear|User Control & Deletion,3,0.513574,0.6916,0.15264212,0.3212413,0.121954724,0.16486672,0.7211084,Data Collection|Data Retention|User Control & Deletion
21_imdb.com,26,Other/Unclear|Policy Change|User Control & Deletion,3,0.33401632,0.16228315,0.15335383,0.51481575,0.65262926,0.18801829,0.86875725,Other/Unclear|Policy Change|User Control & Deletion
21_imdb.com,27,User Control & Deletion,3,0.46121177,0.10361292,0.19522116,0.44118822,0.10693712,0.42260414,0.7548069,User Control & Deletion
21_imdb.com,28,User Control & Deletion,3,0.49963704,0.15681559,0.12700783,0.45262682,0.092246234,0.2863112,0.7661623,User Control & Deletion
21_imdb.com,29,Other/Unclear,3,0.29525378,0.08673216,0.11584538,0.91325694,0.10612815,0.108255915,0.33468124,Other/Unclear
21_imdb.com,30,Other/Unclear,3,0.26514125,0.09078032,0.7741264,0.8441142,0.12112757,0.19820768,0.20028703,Data Security|Other/Unclear
21_imdb.com,31,Other/Unclear,3,0.35975695,0.10832984,0.78562266,0.8447128,0.1415659,0.16687477,0.3038864,Data Security|Other/Unclear
21_imdb.com,32,Other/Unclear,3,0.22381006,0.11458369,0.77996695,0.8674563,0.10265069,0.13501026,0.336456,Data Security|Other/Unclear
21_imdb.com,33,Other/Unclear,3,0.34772533,0.15515877,0.25116232,0.67931175,0.54960346,0.25491974,0.40200576,Other/Unclear|Policy Change
21_imdb.com,34,Other/Unclear,3,0.28359994,0.17926927,0.33045205,0.7442664,0.25400862,0.19918008,0.39988104,Other/Unclear
21_imdb.com,35,Other/Unclear|Policy Change,3,0.38455102,0.1852923,0.2588008,0.6421322,0.82723224,0.25176463,0.6103338,Other/Unclear|Policy Change|User Control & Deletion
228_gawker.com,0,Other/Unclear,3,0.19705398,0.1273119,0.2580115,0.8152339,0.5728364,0.14744835,0.28720883,Other/Unclear|Policy Change
228_gawker.com,1,Data Collection|Third-Party Sharing,3,0.52219737,0.13323812,0.14326961,0.5467842,0.08856233,0.54115736,0.23515508,Data Collection|Other/Unclear|Third-Party Sharing
228_gawker.com,2,Data Collection|Third-Party Sharing,3,0.7659447,0.33566156,0.15794998,0.29363307,0.09503422,0.68421525,0.6661817,Data Collection|Third-Party Sharing|User Control & Deletion
228_gawker.com,3,Data Collection|Third-Party Sharing,3,0.7907591,0.61528647,0.16312802,0.28616294,0.07114889,0.68532616,0.70632106,Data Collection|Data Retention|Third-Party Sharing|User Control & Deletion
228_gawker.com,4,Data Collection|Third-Party Sharing,3,0.76172894,0.2970291,0.18960588,0.33677587,0.051334944,0.34088925,0.6874643,Data Collection|User Control & Deletion
228_gawker.com,5,Other/Unclear|Third-Party Sharing,3,0.21036927,0.13888136,0.2902022,0.9107269,0.09679608,0.6318092,0.17004853,Other/Unclear|Third-Party Sharing
228_gawker.com,6,Other/Unclear|Third-Party Sharing,3,0.47774196,0.13416713,0.16735217,0.576857,0.14456652,0.5303069,0.33737928,Other/Unclear|Third-Party Sharing
228_gawker.com,7,Data Collection,3,0.8384992,0.30771643,0.22432974,0.38045245,0.059008423,0.19961002,0.22568429,Data Collection
228_gawker.com,8,Data Collection,3,0.7277869,0.15965289,0.14356503,0.41066065,0.12309331,0.31069598,0.3291492,Data Collection
228_gawker.com,9,Other/Unclear,3,0.39312255,0.15228555,0.14548956,0.7370159,0.13858806,0.29026926,0.29049283,Other/Unclear
228_gawker.com,10,Data Collection|Data Security|Third-Party Sharing,3,0.59535456,0.3160714,0.34846345,0.4308931,0.13234156,0.860138,0.33158588,Data Collection|Third-Party Sharing
228_gawker.com,11,Other/Unclear|Third-Party Sharing,3,0.34320852,0.14915346,0.32173926,0.56306213,0.0649148,0.69293433,0.3686622,Other/Unclear|Third-Party Sharing
228_gawker.com,12,Other/Unclear|Third-Party Sharing,3,0.6809702,0.14859901,0.18051067,0.38623676,0.10679384,0.6774564,0.21927905,Data Collection|Third-Party Sharing
228_gawker.com,13,Third-Party Sharing,3,0.256256,0.13442189,0.1894328,0.59586924,0.06675109,0.71286285,0.34521917,Other/Unclear|Third-Party Sharing
228_gawker.com,14,Other/Unclear|User Control & Deletion,3,0.20000726,0.098059535,0.23134007,0.70252806,0.10443795,0.5911319,0.60012305,Other/Unclear|Third-Party Sharing|User Control & Deletion
228_gawker.com,15,Other/Unclear|User Control & Deletion,3,0.15970011,0.06731137,0.11856016,0.765733,0.14358139,0.3586326,0.776249,Other/Unclear|User Control & Deletion
228_gawker.com,16,User Control & Deletion,3,0.08052023,0.048641663,0.24574797,0.7773457,0.094175585,0.42976412,0.75135416,Other/Unclear|User Control & Deletion
228_gawker.com,17,Third-Party Sharing,3,0.320166,0.11191045,0.1701843,0.33002383,0.15290166,0.7819989,0.21829277,Third-Party Sharing
228_gawker.com,18,Data Collection|Other/Unclear|Third-Party Sharing,3,0.42699978,0.16629341,0.20621133,0.67338234,0.1595295,0.82086086,0.5595537,Other/Unclear|Third-Party Sharing|User Control & Deletion
228_gawker.com,19,Third-Party Sharing,3,0.31554556,0.2657931,0.3103427,0.2481278,0.15997337,0.7491268,0.17305063,Third-Party Sharing
228_gawker.com,20,Data Retention|Data Security,3,0.286991,0.56310415,0.9593179,0.37289193,0.059659306,0.36254224,0.19619192,Data Retention|Data Security
228_gawker.com,21,Data Security|Other/Unclear,3,0.24409492,0.13675912,0.3105116,0.63884115,0.16681875,0.20977184,0.4447402,Other/Unclear
228_gawker.com,22,Policy Change,3,0.16121429,0.14413232,0.2487906,0.5901692,0.86886036,0.15690854,0.17071159,Other/Unclear|Policy Change
228_gawker.com,23,Other/Unclear,3,0.09081328,0.114048876,0.122302555,0.87651616,0.23284,0.13236631,0.35244894,Other/Unclear
228_gawker.com,24,Other/Unclear|Policy Change,3,0.06594972,0.084223226,0.13403891,0.8638233,0.9052483,0.07136235,0.1460202,Other/Unclear|Policy Change
26_nytimes.com,0,Other/Unclear|Policy Change,3,0.05750398,0.05384422,0.09487161,0.9357375,0.9656748,0.0638135,0.081650436,Other/Unclear|Policy Change
26_nytimes.com,1,Other/Unclear,3,0.27814052,0.11985043,0.21625398,0.75466514,0.25245884,0.2543375,0.18289213,Other/Unclear
26_nytimes.com,2,Other/Unclear,3,0.16043738,0.0800109,0.27141842,0.8741074,0.23614831,0.20563939,0.18904145,Other/Unclear
26_nytimes.com,3,Other/Unclear,3,0.18539819,0.06487167,0.17393711,0.7674527,0.20378919,0.23457935,0.22080752,Other/Unclear
26_nytimes.com,4,Other/Unclear,3,0.14981656,0.16520546,0.33591104,0.90462255,0.07008697,0.30195588,0.099652134,Other/Unclear
26_nytimes.com,5,Other/Unclear,3,0.16316324,0.099682555,0.1876929,0.7827173,0.3463138,0.10267372,0.32809168,Other/Unclear
26_nytimes.com,6,Data Security|Other/Unclear,3,0.16248591,0.08660422,0.7875593,0.79355264,0.20757072,0.16699077,0.21830228,Data Security|Other/Unclear
26_nytimes.com,7,Other/Unclear,3,0.18136318,0.14477032,0.4324519,0.821627,0.11605124,0.16541328,0.46329352,Other/Unclear
26_nytimes.com,8,Other/Unclear,3,0.47797334,0.16449085,0.6859948,0.78318995,0.08230954,0.21823804,0.18453585,Data Security|Other/Unclear
26_nytimes.com,9,Data Collection|Third-Party Sharing,3,0.8553172,0.24409157,0.24606176,0.3012946,0.0476505,0.5518032,0.19636916,Data Collection|Third-Party Sharing
26_nytimes.com,10,Other/Unclear,3,0.4636437,0.21954052,0.28676963,0.3658111,0.055498753,0.7029862,0.3509737,Third-Party Sharing
26_nytimes.com,11,Data Collection,3,0.75328743,0.1169569,0.20527317,0.28459454,0.06145019,0.22551367,0.27547866,Data Collection
26_nytimes.com,12,Data Collection|Third-Party Sharing|User Control & Deletion,3,0.53178763,0.3135515,0.16076995,0.6527902,0.14065121,0.23256786,0.62995124,Data Collection|Other/Unclear|User Control & Deletion
26_nytimes.com,13,Data Collection|Other/Unclear|Third-Party Sharing,3,0.679737,0.1988556,0.13787247,0.45542526,0.079046324,0.47405216,0.28628418,Data Collection
26_nytimes.com,14,User Control & Deletion,3,0.32328224,0.12490213,0.19533356,0.6730067,0.12806493,0.3204051,0.6578944,Other/Unclear|User Control & Deletion
26_nytimes.com,15,Data Collection|Third-Party Sharing,3,0.7814025,0.52640826,0.79961,0.17615493,0.056085385,0.76295364,0.11909396,Data Collection|Data Retention|Data Security|Third-Party Sharing
26_nytimes.com,16,Other/Unclear|Third-Party Sharing,3,0.316375,0.2766058,0.24174985,0.7198488,0.06063785,0.7453457,0.579942,Other/Unclear|Third-Party Sharing|User Control & Deletion
26_nytimes.com,17,Other/Unclear|Third-Party Sharing,3,0.33664155,0.36099535,0.24446486,0.7390095,0.09730269,0.6206685,0.41961145,Other/Unclear|Third-Party Sharing
26_nytimes.com,18,Other/Unclear|Third-Party Sharing,3,0.2479276,0.084082544,0.1965288,0.7513653,0.16296247,0.70960635,0.20275708,Other/Unclear|Third-Party Sharing
26_nytimes.com,19,Data Collection|Other/Unclear|Third-Party Sharing,3,0.6364334,0.11142997,0.2163951,0.5862826,0.11612376,0.5144516,0.41420197,Data Collection|Other/Unclear|Third-Party Sharing
26_nytimes.com,20,Data Collection|Third-Party Sharing,3,0.787808,0.14856048,0.2109994,0.4002333,0.08412472,0.6578527,0.25862807,Data Collection|Third-Party Sharing
26_nytimes.com,21,Data Collection|Other/Unclear,3,0.4680617,0.06900441,0.25025573,0.5607254,0.13286789,0.36153525,0.33963394,Other/Unclear
26_nytimes.com,22,Data Collection|Other/Unclear|Third-Party Sharing,3,0.60174525,0.1625715,0.20426297,0.3092298,0.12501082,0.66643435,0.25628734,Data Collection|Third-Party Sharing
26_nytimes.com,23,Data Collection|Other/Unclear,3,0.8026941,0.10616513,0.21230909,0.51884496,0.07518627,0.33355555,0.19661218,Data Collection|Other/Unclear
26_nytimes.com,24,Data Collection,3,0.8764419,0.09061829,0.12483927,0.18863527,0.043629497,0.23045813,0.1771008,Data Collection
26_nytimes.com,25,Data Collection|Other/Unclear|User Control & Deletion,3,0.7769633,0.19381095,0.12554264,0.60315484,0.064461485,0.24462068,0.42484254,Data Collection|Other/Unclear
26_nytimes.com,26,Other/Unclear|Third-Party Sharing,3,0.41969714,0.08722282,0.14988078,0.39546084,0.06952288,0.83490145,0.36477742,Third-Party Sharing
26_nytimes.com,27,Data Collection,3,0.8872828,0.37235844,0.16327246,0.17621513,0.049824677,0.27698302,0.16768393,Data Collection
26_nytimes.com,28,Data Collection|Other/Unclear,3,0.8439815,0.124927185,0.16444178,0.38081396,0.06808481,0.40059265,0.28540736,Data Collection
26_nytimes.com,29,Data Collection|Third-Party Sharing,3,0.71995974,0.17360666,0.23744628,0.32824987,0.055616844,0.5359183,0.19393785,Data Collection|Third-Party Sharing
26_nytimes.com,30,Data Collection|User Control & Deletion,3,0.76275665,0.79224133,0.2068449,0.3720907,0.10260741,0.2850612,0.59276277,Data Collection|Data Retention|User Control & Deletion
26_nytimes.com,31,Other/Unclear,3,0.6978374,0.16204967,0.19718395,0.47830537,0.10595962,0.30734885,0.3105252,Data Collection
26_nytimes.com,32,Third-Party Sharing,3,0.5014597,0.10047849,0.12624301,0.4497252,0.079899676,0.8065455,0.26741624,Data Collection|Third-Party Sharing
26_nytimes.com,33,Other/Unclear|Third-Party Sharing,3,0.68080497,0.083029896,0.113270715,0.29212713,0.068578824,0.7670924,0.2655658,Data Collection|Third-Party Sharing
26_nytimes.com,34,Other/Unclear,3,0.22061831,0.20823194,0.30347204,0.7299754,0.092258915,0.6983675,0.405095,Other/Unclear|Third-Party Sharing
26_nytimes.com,35,Other/Unclear|Third-Party Sharing,3,0.37866738,0.11195774,0.092701726,0.57022536,0.18063854,0.5361989,0.63232136,Other/Unclear|Third-Party Sharing|User Control & Deletion
26_nytimes.com,36,User Control & Deletion,3,0.16951029,0.11421732,0.0795972,0.66242397,0.14798172,0.4452805,0.9246056,Other/Unclear|User Control & Deletion
26_nytimes.com,37,Other/Unclear,3,0.20920965,0.1917631,0.26238194,0.6705372,0.12538424,0.39330286,0.74082804,Other/Unclear|User Control & Deletion
26_nytimes.com,38,Data Collection,3,0.8869096,0.19960973,0.12974977,0.22416453,0.08803199,0.2587056,0.25043952,Data Collection
26_nytimes.com,39,Data Collection|Third-Party Sharing,3,0.78600454,0.15066975,0.20674446,0.25971723,0.090669,0.45342922,0.16562593,Data Collection
26_nytimes.com,40,Data Collection,3,0.86256504,0.16001894,0.18834749,0.20935158,0.07479062,0.29802036,0.28300545,Data Collection
26_nytimes.com,41,Data Collection|Other/Unclear|Third-Party Sharing,3,0.6844483,0.14819665,0.24109933,0.35787916,0.06890799,0.7747943,0.28118566,Data Collection|Third-Party Sharing
26_nytimes.com,42,Data Collection|Other/Unclear,3,0.49512053,0.104363635,0.16845827,0.62674874,0.13630451,0.16568796,0.38696957,Other/Unclear
26_nytimes.com,43,Third-Party Sharing,3,0.47219095,0.24144995,0.22788393,0.41344872,0.11506266,0.7741005,0.45277265,Third-Party Sharing
26_nytimes.com,44,Third-Party Sharing,3,0.2838324,0.11750332,0.17208914,0.3345977,0.12639683,0.81070906,0.21132942,Third-Party Sharing
26_nytimes.com,45,Third-Party Sharing,3,0.22427171,0.109531924,0.19913645,0.56334376,0.12038737,0.77704173,0.17263879,Other/Unclear|Third-Party Sharing
26_nytimes.com,46,Other/Unclear|Third-Party Sharing,3,0.39861384,0.2291596,0.11758696,0.58442116,0.047307856,0.46329328,0.801509,Other/Unclear|User Control & Deletion
26_nytimes.com,47,Other/Unclear|Third-Party Sharing,3,0.48246902,0.13935752,0.18527904,0.1958228,0.10512187,0.85164666,0.18739335,Third-Party Sharing
26_nytimes.com,48,Data Security|Other/Unclear|Third-Party Sharing,3,0.19719721,0.18177451,0.86256236,0.39256388,0.087457635,0.90856636,0.16145928,Data Security|Third-Party Sharing
26_nytimes.com,49,Other/Unclear|Third-Party Sharing,3,0.25472742,0.1449039,0.18036734,0.43759412,0.099176034,0.8609921,0.40822744,Third-Party Sharing
26_nytimes.com,50,Other/Unclear|Third-Party Sharing|User Control & Deletion,3,0.37338796,0.22929552,0.14765538,0.5719106,0.12627922,0.4093581,0.93528897,Other/Unclear|User Control & Deletion
26_nytimes.com,51,Other/Unclear|User Control & Deletion,3,0.2629884,0.15433465,0.12916696,0.42519832,0.10225884,0.116131715,0.8832463,User Control & Deletion
26_nytimes.com,52,Data Collection|Third-Party Sharing,3,0.8134985,0.2872037,0.19962238,0.24097659,0.067575514,0.84966767,0.2647789,Data Collection|Third-Party Sharing
26_nytimes.com,53,Data Collection|Other/Unclear,3,0.7570039,0.25353143,0.27482206,0.44053137,0.098869234,0.22129364,0.3984888,Data Collection
26_nytimes.com,54,Data Collection|Data Retention|Third-Party Sharing,3,0.5085123,0.77042985,0.21952479,0.49490726,0.08697148,0.74390274,0.58291656,Data Collection|Data Retention|Third-Party Sharing|User Control & Deletion
26_nytimes.com,55,Other/Unclear|User Control & Deletion,3,0.24376948,0.11683088,0.16080973,0.51522595,0.12627819,0.1479397,0.74655694,Other/Unclear|User Control & Deletion
26_nytimes.com,56,User Control & Deletion,3,0.2632162,0.16627567,0.16909492,0.4134795,0.09657234,0.20005012,0.8121161,User Control & Deletion
26_nytimes.com,57,User Control & Deletion,3,0.47329417,0.14679712,0.17971574,0.5478694,0.092169955,0.24709776,0.55151933,Other/Unclear|User Control & Deletion
26_nytimes.com,58,User Control & Deletion,3,0.2178374,0.107421115,0.10837302,0.491026,0.1644217,0.10553948,0.9403033,User Control & Deletion
26_nytimes.com,59,Other/Unclear|User Control & Deletion,3,0.4640692,0.18398272,0.09777597,0.5662551,0.07345226,0.19771266,0.658989,Other/Unclear|User Control & Deletion
26_nytimes.com,60,Other/Unclear|User Control & Deletion,3,0.20210524,0.18607701,0.14326017,0.6965336,0.100794755,0.4178136,0.8366874,Other/Unclear|User Control & Deletion
26_nytimes.com,61,Data Security,3,0.1311043,0.17577393,0.933694,0.37044758,0.06503804,0.13285297,0.1387727,Data Security
26_nytimes.com,62,Third-Party Sharing,3,0.2766474,0.16389498,0.35517225,0.13913369,0.073213875,0.8998995,0.1403554,Third-Party Sharing
26_nytimes.com,63,Other/Unclear,3,0.41307738,0.128918,0.1773877,0.89279526,0.09046727,0.14930418,0.14222495,Other/Unclear
26_nytimes.com,64,Data Collection|Other/Unclear|Third-Party Sharing|User Control & Deletion,3,0.47715974,0.25497636,0.37344238,0.70029473,0.08996136,0.5224591,0.37755015,Other/Unclear|Third-Party Sharing
26_nytimes.com,65,Other/Unclear,3,0.20853174,0.08770113,0.22551486,0.7987075,0.14256777,0.14638314,0.24355,Other/Unclear
26_nytimes.com,66,Other/Unclear|User Control & Deletion,3,0.043603264,0.08060124,0.10991482,0.81531143,0.068201825,0.43915248,0.9027429,Other/Unclear|User Control & Deletion
26_nytimes.com,67,Policy Change,3,0.12371541,0.11611385,0.14308478,0.36510223,0.9614352,0.13583274,0.20557708,Policy Change
303_reddit.com,0,Other/Unclear,3,0.081972644,0.06306108,0.34901538,0.90953124,0.4456182,0.084735736,0.15429063,Other/Unclear
303_reddit.com,1,Other/Unclear,3,0.3911698,0.112458505,0.48929605,0.80079687,0.25528282,0.15607543,0.26784635,Other/Unclear
303_reddit.com,2,Other/Unclear|User Control & Deletion,3,0.19914214,0.10115185,0.24370682,0.8197439,0.57327217,0.23686366,0.60042715,Other/Unclear|Policy Change|User Control & Deletion
303_reddit.com,3,Data Collection|Other/Unclear|Third-Party Sharing,3,0.6005909,0.28814223,0.22077054,0.47515863,0.106225245,0.5081157,0.41472843,Data Collection|Third-Party Sharing
303_reddit.com,4,Data Collection|Third-Party Sharing,3,0.35829604,0.23676649,0.35774088,0.5816751,0.13065726,0.365569,0.3615901,Other/Unclear
303_reddit.com,5,Data Collection|Data Retention,3,0.86917174,0.511818,0.22649138,0.24326138,0.05293597,0.18880105,0.3298012,Data Collection|Data Retention
303_reddit.com,6,Data Collection|Data Retention|Third-Party Sharing|User Control & Deletion,3,0.32250738,0.5113938,0.36666805,0.66559225,0.16822328,0.3007688,0.5478103,Data Retention|Other/Unclear|User Control & Deletion
303_reddit.com,7,Data Collection|Data Retention|Third-Party Sharing,3,0.44166687,0.34316888,0.430668,0.54741114,0.079617195,0.57986045,0.3996537,Other/Unclear|Third-Party Sharing
303_reddit.com,8,Data Collection|Data Retention,3,0.5142682,0.25104928,0.33405158,0.6735548,0.087924585,0.28008753,0.27882463,Data Collection|Other/Unclear
303_reddit.com,9,Data Collection|Other/Unclear|Third-Party Sharing,3,0.54356337,0.5864016,0.4327879,0.5712831,0.107111916,0.4934901,0.4487499,Data Collection|Data Retention|Other/Unclear
303_reddit.com,10,Data Collection|Data Retention,3,0.8762134,0.661387,0.29230317,0.26096207,0.06906824,0.17993191,0.3671623,Data Collection|Data Retention
303_reddit.com,11,Data Collection|Data Retention,3,0.71670026,0.21284847,0.24099156,0.4439069,0.09521386,0.24544512,0.25065392,Data Collection
303_reddit.com,12,Data Collection,3,0.7182362,0.2004232,0.1139408,0.2541069,0.122253515,0.2706586,0.58118194,Data Collection|User Control & Deletion
303_reddit.com,13,Data Collection|Data Retention,3,0.73015577,0.3714658,0.53782165,0.25739124,0.062211458,0.48628068,0.17459494,Data Collection|Data Security
303_reddit.com,14,Third-Party Sharing,3,0.45154604,0.43027166,0.5237799,0.4275963,0.14422736,0.8998195,0.4140819,Data Security|Third-Party Sharing
303_reddit.com,15,Third-Party Sharing,3,0.2999594,0.16609988,0.20180911,0.60404325,0.07815849,0.62083215,0.26969022,Other/Unclear|Third-Party Sharing
303_reddit.com,16,Data Collection|Data Retention|Third-Party Sharing,3,0.31833506,0.3252187,0.33180767,0.23906842,0.19451627,0.7883728,0.24938348,Third-Party Sharing
303_reddit.com,17,Data Collection|Third-Party Sharing,3,0.4163053,0.20733343,0.31619132,0.13070293,0.04738607,0.8467181,0.12285887,Third-Party Sharing
303_reddit.com,18,Data Collection|Third-Party Sharing,3,0.77066624,0.18190055,0.2076245,0.40854412,0.063540325,0.58270013,0.37156865,Data Collection|Third-Party Sharing
303_reddit.com,19,Other/Unclear|Third-Party Sharing,3,0.38422123,0.18408553,0.14012289,0.7048725,0.06907616,0.37533778,0.1813982,Other/Unclear
303_reddit.com,20,Data Collection|Third-Party Sharing,3,0.25179324,0.105672814,0.12496344,0.5225014,0.08667178,0.47304115,0.73036444,Other/Unclear|User Control & Deletion
303_reddit.com,21,Data Collection,3,0.46543628,0.11043277,0.19917561,0.5213957,0.11291356,0.31276447,0.40599722,Other/Unclear
303_reddit.com,22,Data Collection,3,0.55256236,0.45688432,0.26617593,0.4023198,0.0882288,0.29045266,0.46139976,Data Collection
303_reddit.com,23,Data Collection|Third-Party Sharing,3,0.67779386,0.11114008,0.19387484,0.5812665,0.101738885,0.43370736,0.27861848,Data Collection|Other/Unclear
303_reddit.com,24,Data Collection,3,0.60987264,0.27141866,0.21818301,0.56745386,0.16033337,0.27511773,0.4351309,Data Collection|Other/Unclear
303_reddit.com,25,Data Collection|Data Retention|Third-Party Sharing,3,0.8506409,0.43084583,0.24764928,0.4549527,0.05957161,0.30997804,0.24809228,Data Collection
303_reddit.com,26,Data Collection|User Control & Deletion,3,0.38450757,0.14253747,0.12646438,0.5694235,0.1198694,0.26892638,0.6711195,Other/Unclear|User Control & Deletion
303_reddit.com,27,Third-Party Sharing,3,0.48942354,0.13602836,0.22132772,0.57765794,0.09043376,0.36833876,0.24046977,Other/Unclear
303_reddit.com,28,Other/Unclear|Third-Party Sharing,3,0.46742168,0.06954368,0.24171056,0.27573994,0.11044462,0.6946071,0.23432606,Third-Party Sharing
303_reddit.com,29,Other/Unclear|Third-Party Sharing,3,0.29218245,0.1534538,0.16648301,0.6871371,0.20975024,0.35219684,0.2613011,Other/Unclear
303_reddit.com,30,Third-Party Sharing,3,0.699188,0.24075823,0.1466109,0.42373922,0.07874858,0.50108695,0.3427912,Data Collection|Third-Party Sharing
303_reddit.com,31,Data Retention|Other/Unclear|Third-Party Sharing|User Control & Deletion,3,0.43052438,0.5928544,0.19701385,0.6436017,0.12921879,0.5449898,0.7578831,Data Retention|Other/Unclear|Third-Party Sharing|User Control & Deletion
303_reddit.com,32,Third-Party Sharing,3,0.35552403,0.19567412,0.48049664,0.53157693,0.07003449,0.61969244,0.40294713,Other/Unclear|Third-Party Sharing
303_reddit.com,33,Third-Party Sharing,3,0.6429425,0.26217827,0.20165989,0.3312658,0.0999767,0.52316344,0.8175867,Data Collection|Third-Party Sharing|User Control & Deletion
303_reddit.com,34,Data Security,3,0.14533962,0.29986864,0.9545729,0.4921275,0.08998881,0.20273137,0.21503682,Data Security
303_reddit.com,35,Other/Unclear,3,0.2823355,0.21320914,0.34683365,0.7933064,0.08278865,0.17015877,0.117888734,Other/Unclear
303_reddit.com,36,Other/Unclear,3,0.16776164,0.09711468,0.51884794,0.86245984,0.10400311,0.13311271,0.20669563,Data Security|Other/Unclear
303_reddit.com,37,Other/Unclear,3,0.20232685,0.09239778,0.6413782,0.8523667,0.17197911,0.16249229,0.19619629,Data Security|Other/Unclear
303_reddit.com,38,Other/Unclear,3,0.20961235,0.105730526,0.72498643,0.8615488,0.11354272,0.16081436,0.38004673,Data Security|Other/Unclear
303_reddit.com,39,Other/Unclear,3,0.1721801,0.10871995,0.21971953,0.9067152,0.11233489,0.09176316,0.32766837,Other/Unclear
303_reddit.com,40,Other/Unclear|User Control & Deletion,3,0.2206972,0.16435017,0.36100668,0.7364579,0.18754457,0.33016053,0.567699,Other/Unclear|User Control & Deletion
303_reddit.com,41,Other/Unclear,3,0.39537153,0.081248336,0.3078858,0.6876505,0.21561839,0.20210895,0.16174455,Other/Unclear
303_reddit.com,42,Data Collection,3,0.53468317,0.1998799,0.18368737,0.6688803,0.18892989,0.19603297,0.19771007,Data Collection|Other/Unclear
303_reddit.com,43,Data Collection|Data Retention,3,0.9318261,0.39667213,0.19884348,0.19152169,0.04056508,0.29704383,0.22476444,Data Collection
303_reddit.com,44,Data Collection|Third-Party Sharing,3,0.5822129,0.12631685,0.1864131,0.34401208,0.069532976,0.6157975,0.30147055,Data Collection|Third-Party Sharing
303_reddit.com,45,Data Collection|Other/Unclear,3,0.542399,0.247482,0.18726407,0.68942654,0.088642724,0.39584312,0.6175191,Data Collection|Other/Unclear|User Control & Deletion
303_reddit.com,46,Data Collection|User Control & Deletion,3,0.21574719,0.12785831,0.16397099,0.53720325,0.0745807,0.21259916,0.80530876,Other/Unclear|User Control & Deletion
303_reddit.com,47,Data Collection|Third-Party Sharing,3,0.41971764,0.17784473,0.30094957,0.6948721,0.13514996,0.32672966,0.27659342,Other/Unclear
303_reddit.com,48,Other/Unclear,3,0.5720782,0.11880307,0.11351829,0.43887317,0.08509522,0.23962103,0.76182413,Data Collection|User Control & Deletion
303_reddit.com,49,Data Retention|User Control & Deletion,3,0.6040124,0.45666876,0.25901082,0.5815411,0.14808099,0.218265,0.69441783,Data Collection|Other/Unclear|User Control & Deletion
303_reddit.com,50,Third-Party Sharing,3,0.50477856,0.15746649,0.16244374,0.4938429,0.11414424,0.5805288,0.3684181,Data Collection|Third-Party Sharing
303_reddit.com,51,Other/Unclear,3,0.17830001,0.123337954,0.25320515,0.874321,0.307348,0.2598198,0.19887783,Other/Unclear
303_reddit.com,52,Policy Change,3,0.1454877,0.13416483,0.18902785,0.47644243,0.90146947,0.21382484,0.27390635,Policy Change
303_reddit.com,53,Other/Unclear,3,0.17306806,0.093685634,0.11950785,0.8479666,0.19138351,0.11537173,0.17093228,Other/Unclear
320_timeinc.com,0,Other/Unclear,3,0.1456817,0.09390356,0.3145819,0.88326794,0.29401457,0.07200519,0.17582011,Other/Unclear
320_timeinc.com,1,Other/Unclear,3,0.19429114,0.08354195,0.33313647,0.8348848,0.18888222,0.17043021,0.22001798,Other/Unclear
320_timeinc.com,2,Other/Unclear,3,0.252624,0.15135235,0.3753868,0.7975796,0.3820383,0.2210443,0.27236566,Other/Unclear
320_timeinc.com,3,Data Collection,3,0.90952736,0.22360207,0.22476934,0.32470316,0.043476857,0.48336554,0.31840974,Data Collection
320_timeinc.com,4,Data Collection,3,0.7926504,0.11634362,0.17897934,0.29803753,0.054907747,0.3832314,0.26600018,Data Collection
320_timeinc.com,5,Data Collection,3,0.83262837,0.28284407,0.14745116,0.342888,0.05267134,0.29320374,0.39088547,Data Collection
320_timeinc.com,6,Data Collection,3,0.9276582,0.23183392,0.13587987,0.16809948,0.03989323,0.3545209,0.19303252,Data Collection
320_timeinc.com,7,Data Collection,3,0.79691243,0.17962635,0.18306887,0.3027037,0.08117753,0.4096786,0.10747438,Data Collection
320_timeinc.com,8,Data Collection|Third-Party Sharing,3,0.6541671,0.16752681,0.24537246,0.30116203,0.07323038,0.8420503,0.20123728,Data Collection|Third-Party Sharing
320_timeinc.com,9,Data Collection|Other/Unclear|Third-Party Sharing,3,0.34802517,0.08473813,0.19250344,0.5773326,0.10429952,0.67446727,0.26299268,Other/Unclear|Third-Party Sharing
320_timeinc.com,10,Third-Party Sharing,3,0.5676969,0.3941609,0.2461114,0.30791962,0.088367075,0.45035386,0.38363844,Data Collection
320_timeinc.com,11,Data Collection,3,0.78262305,0.34621066,0.09939978,0.25150317,0.22330186,0.24696311,0.3032678,Data Collection
320_timeinc.com,12,Data Collection|Third-Party Sharing,3,0.57321167,0.19851726,0.08839735,0.42548484,0.10313757,0.3728913,0.5485751,Data Collection|User Control & Deletion
320_timeinc.com,13,Data Collection,3,0.7622146,0.16312847,0.30482578,0.33798125,0.13276613,0.41656587,0.19167851,Data Collection
320_timeinc.com,14,Data Collection,3,0.9227955,0.17258063,0.14891069,0.1790395,0.04285336,0.39699665,0.1458983,Data Collection
320_timeinc.com,15,Third-Party Sharing,3,0.3586956,0.26867697,0.18494426,0.2941905,0.07505221,0.8186233,0.30543035,Third-Party Sharing
320_timeinc.com,16,Data Security|Third-Party Sharing,3,0.25428393,0.3921725,0.73713017,0.48227522,0.21830747,0.45000604,0.273915,Data Security
320_timeinc.com,17,Third-Party Sharing,3,0.4198101,0.19530307,0.4624067,0.2408809,0.10109792,0.79801506,0.21992488,Third-Party Sharing
320_timeinc.com,18,Third-Party Sharing,3,0.2972749,0.16461024,0.1601513,0.42069033,0.137726,0.7695098,0.29183623,Third-Party Sharing
320_timeinc.com,19,Data Security,3,0.32219443,0.16980325,0.57921135,0.5609132,0.07420707,0.42284077,0.27949196,Data Security|Other/Unclear
320_timeinc.com,20,User Control & Deletion,3,0.114131436,0.13177198,0.10798308,0.52966785,0.19614768,0.5874192,0.9097562,Other/Unclear|Third-Party Sharing|User Control & Deletion
320_timeinc.com,21,User Control & Deletion,3,0.11198711,0.19372903,0.09329285,0.5237499,0.23161623,0.57947266,0.9331728,Other/Unclear|Third-Party Sharing|User Control & Deletion
320_timeinc.com,22,Data Collection|Third-Party Sharing|User Control & Deletion,3,0.3453634,0.1048879,0.20916697,0.47450083,0.11994223,0.47303313,0.8325865,User Control & Deletion
320_timeinc.com,23,Other/Unclear|User Control & Deletion,3,0.06250645,0.11376844,0.085170306,0.86390865,0.075309366,0.37124,0.741352,Other/Unclear|User Control & Deletion
320_timeinc.com,24,Other/Unclear,3,0.35618633,0.17288566,0.28810668,0.719579,0.09916445,0.7428554,0.27662447,Other/Unclear|Third-Party Sharing
320_timeinc.com,25,Data Collection|Other/Unclear|Third-Party Sharing,3,0.60632056,0.29997644,0.15784109,0.52453834,0.07819541,0.7155672,0.29444718,Data Collection|Other/Unclear|Third-Party Sharing
320_timeinc.com,26,Other/Unclear|Third-Party Sharing,3,0.674726,0.13432343,0.115684465,0.45782036,0.09859764,0.57592875,0.19252296,Data Collection|Third-Party Sharing
320_timeinc.com,27,Other/Unclear|User Control & Deletion,3,0.43179125,0.08238691,0.33288205,0.5960587,0.10231301,0.3137866,0.48741993,Other/Unclear
320_timeinc.com,28,Data Collection,3,0.94142604,0.37593785,0.12911913,0.24635883,0.044194307,0.5593164,0.38672101,Data Collection|Third-Party Sharing
320_timeinc.com,29,Data Collection,3,0.93034446,0.15516284,0.11121215,0.18517917,0.07439401,0.5337003,0.14572163,Data Collection|Third-Party Sharing
320_timeinc.com,30,Data Collection|User Control & Deletion,3,0.48414698,0.20359668,0.06972599,0.52926236,0.069930725,0.29892066,0.92481375,Other/Unclear|User Control & Deletion
320_timeinc.com,31,Data Collection|User Control & Deletion,3,0.5742919,0.11857339,0.1826651,0.5550385,0.06590439,0.3278576,0.6572862,Data Collection|Other/Unclear|User Control & Deletion
320_timeinc.com,32,Data Collection,3,0.8743246,0.25355506,0.13513872,0.39427656,0.04722155,0.5533081,0.28462368,Data Collection|Third-Party Sharing
320_timeinc.com,33,Data Collection|Other/Unclear,3,0.77374446,0.12600754,0.11568228,0.37120274,0.057560407,0.47726625,0.2840782,Data Collection
320_timeinc.com,34,Data Collection,3,0.79687726,0.121261366,0.08394521,0.36294603,0.09310573,0.4265587,0.18974464,Data Collection
320_timeinc.com,35,Data Collection|Third-Party Sharing,3,0.7254857,0.16959628,0.20637989,0.4456288,0.060812205,0.73308575,0.21615198,Data Collection|Third-Party Sharing
320_timeinc.com,36,Data Security,3,0.2441786,0.22692838,0.93624693,0.44838712,0.07185537,0.16197495,0.18630208,Data Security
320_timeinc.com,37,Data Collection|Other/Unclear|User Control & Deletion,3,0.37728596,0.26418078,0.6279823,0.44640866,0.12042691,0.20263673,0.29640526,Data Security
320_timeinc.com,38,Data Collection|Data Retention|User Control & Deletion,3,0.23244937,0.61009324,0.19623366,0.4937072,0.14679153,0.36389816,0.8277827,Data Retention|User Control & Deletion
320_timeinc.com,39,Data Retention|User Control & Deletion,3,0.36873966,0.8039484,0.33154184,0.50495607,0.08125484,0.34629068,0.63530666,Data Retention|Other/Unclear|User Control & Deletion
320_timeinc.com,40,Other/Unclear,3,0.37412688,0.06648858,0.15549456,0.85975003,0.2244793,0.18541656,0.23617099,Other/Unclear
320_timeinc.com,41,Policy Change,3,0.17586008,0.1186203,0.12987727,0.6762333,0.93832207,0.1488894,0.11141545,Other/Unclear|Policy Change
320_timeinc.com,42,Other/Unclear,3,0.13325389,0.11216184,0.16078584,0.8807718,0.24621387,0.11415716,0.46404672,Other/Unclear
320_timeinc.com,43,Other/Unclear|Policy Change,3,0.054793917,0.055503517,0.1644057,0.9079765,0.902583,0.077310935,0.10042883,Other/Unclear|Policy Change
325_ocregister.com,0,Other/Unclear,4,0.27753568,0.13831514,0.1462023,0.5143306,0.2032791,0.498635,0.2116805,Other/Unclear
325_ocregister.com,1,Other/Unclear|Third-Party Sharing,4,0.20697364,0.13165514,0.25073558,0.74284285,0.18774907,0.42093012,0.65245324,Other/Unclear|User Control & Deletion
325_ocregister.com,2,Data Collection|Other/Unclear,4,0.31884128,0.11786687,0.4593911,0.84857446,0.38396955,0.1842477,0.24016602,Other/Unclear
325_ocregister.com,3,Other/Unclear|User Control & Deletion,4,0.19345482,0.13233882,0.11196573,0.7979548,0.15540826,0.122211345,0.7381098,Other/Unclear|User Control & Deletion
325_ocregister.com,4,User Control & Deletion,4,0.12456017,0.17064957,0.1241496,0.67663187,0.0995014,0.17688988,0.784082,Other/Unclear|User Control & Deletion
325_ocregister.com,5,Data Collection,4,0.94779193,0.32906428,0.17466219,0.14131561,0.049942862,0.53808725,0.3064517,Data Collection|Third-Party Sharing
325_ocregister.com,6,Data Collection,4,0.9143784,0.15705436,0.1495452,0.28342357,0.05352332,0.44948396,0.13522546,Data Collection
325_ocregister.com,7,Data Collection|Third-Party Sharing,4,0.79268616,0.22595707,0.21729851,0.20070332,0.059460353,0.5423625,0.47294122,Data Collection|Third-Party Sharing
325_ocregister.com,8,Third-Party Sharing,4,0.3268258,0.1795753,0.23724788,0.47143942,0.2179953,0.9133359,0.1976957,Third-Party Sharing
325_ocregister.com,9,Data Collection,4,0.9198712,0.09130612,0.18916447,0.12983094,0.054743335,0.5020014,0.23207498,Data Collection|Third-Party Sharing
325_ocregister.com,10,Data Collection|Third-Party Sharing,4,0.7946676,0.19773157,0.16762647,0.17791104,0.059079744,0.81042343,0.2112919,Data Collection|Third-Party Sharing
325_ocregister.com,11,Third-Party Sharing,4,0.25958943,0.106948815,0.24558932,0.28026885,0.0763207,0.9268263,0.16177335,Third-Party Sharing
325_ocregister.com,12,Data Security|Third-Party Sharing,4,0.26730865,0.18050782,0.8589774,0.27564877,0.11019868,0.66672343,0.1662725,Data Security|Third-Party Sharing
325_ocregister.com,13,Other/Unclear|Third-Party Sharing,4,0.69496655,0.05056576,0.162412,0.47921428,0.08225138,0.86815673,0.38124534,Data Collection|Third-Party Sharing
325_ocregister.com,14,Third-Party Sharing,4,0.23945828,0.22455606,0.2084683,0.23382077,0.06640203,0.9182372,0.24839965,Third-Party Sharing
325_ocregister.com,15,Data Security,4,0.21715133,0.08662041,0.95584553,0.35703987,0.058527995,0.21905676,0.17968242,Data Security
325_ocregister.com,16,Other/Unclear,4,0.12013692,0.103286035,0.41531235,0.8876346,0.18133661,0.41866207,0.20029427,Other/Unclear
325_ocregister.com,17,Other/Unclear|Third-Party Sharing,4,0.51995355,0.18474069,0.23734707,0.67330885,0.05109094,0.64184994,0.24266891,Data Collection|Other/Unclear|Third-Party Sharing
325_ocregister.com,18,Data Collection|Other/Unclear,4,0.42319646,0.20820707,0.14778459,0.94210356,0.20905842,0.087755404,0.22396743,Other/Unclear
325_ocregister.com,19,Policy Change,4,0.17570019,0.11431525,0.12082313,0.45566535,0.8335838,0.18561806,0.38777614,Policy Change
32_voxmedia.com,0,Other/Unclear,4,0.036283102,0.06304664,0.11748869,0.960714,0.56418294,0.074481696,0.0904742,Other/Unclear|Policy Change
32_voxmedia.com,1,Other/Unclear|Policy Change,4,0.06998477,0.0663917,0.18836875,0.9017517,0.7755073,0.13525628,0.09733125,Other/Unclear|Policy Change
32_voxmedia.com,2,Other/Unclear,4,0.24860497,0.13468139,0.3290578,0.7481232,0.16750647,0.18759045,0.19998068,Other/Unclear
32_voxmedia.com,3,Data Security|Other/Unclear|User Control & Deletion,4,0.46642438,0.15841423,0.23656555,0.8180934,0.29899138,0.25913367,0.18219484,Other/Unclear
32_voxmedia.com,4,Data Collection,4,0.81188554,0.2189023,0.13343297,0.21835364,0.15265419,0.21288967,0.17313637,Data Collection
32_voxmedia.com,5,Data Collection,4,0.70572764,0.17930277,0.26111168,0.33861607,0.10853966,0.55064905,0.17569888,Data Collection|Third-Party Sharing
32_voxmedia.com,6,Data Collection|Third-Party Sharing|User Control & Deletion,4,0.85105854,0.3427267,0.06625593,0.25778806,0.13228539,0.3108436,0.44837138,Data Collection
32_voxmedia.com,7,Third-Party Sharing|User Control & Deletion,4,0.14409588,0.1708968,0.25661647,0.58314604,0.2812956,0.7886998,0.24213634,Other/Unclear|Third-Party Sharing
32_voxmedia.com,8,Third-Party Sharing,4,0.45857036,0.16562232,0.2542766,0.26870143,0.2102361,0.8800805,0.25929666,Third-Party Sharing
32_voxmedia.com,9,Third-Party Sharing,4,0.35949624,0.34687126,0.19529667,0.24106222,0.1728736,0.8484862,0.26461002,Third-Party Sharing
32_voxmedia.com,10,Data Security|Other/Unclear|Third-Party Sharing,4,0.42064682,0.26453537,0.64709437,0.27377388,0.11263861,0.8788746,0.17376754,Data Security|Third-Party Sharing
32_voxmedia.com,11,Third-Party Sharing,4,0.16609655,0.19639874,0.28239474,0.22521478,0.21474536,0.87315345,0.12969324,Third-Party Sharing
32_voxmedia.com,12,Third-Party Sharing|User Control & Deletion,4,0.58914644,0.2902513,0.20583616,0.5359668,0.11833595,0.6929877,0.51897717,Data Collection|Other/Unclear|Third-Party Sharing|User Control & Deletion
32_voxmedia.com,13,Data Collection|Other/Unclear|User Control & Deletion,4,0.75472426,0.22679162,0.19957931,0.28768533,0.06302342,0.2850267,0.6897943,Data Collection|User Control & Deletion
32_voxmedia.com,14,Data Collection,4,0.90970606,0.18844354,0.11883889,0.20273964,0.06908359,0.36599025,0.2761482,Data Collection
32_voxmedia.com,15,Data Collection,4,0.7827798,0.17273648,0.12456146,0.3346141,0.13057145,0.2832009,0.18414037,Data Collection
32_voxmedia.com,16,Data Collection|Third-Party Sharing,4,0.8254655,0.12678857,0.23735733,0.2636086,0.09418187,0.8108172,0.18400815,Data Collection|Third-Party Sharing
32_voxmedia.com,17,Data Collection|Third-Party Sharing,4,0.772902,0.12663235,0.2141204,0.18398571,0.09436364,0.7033262,0.19614425,Data Collection|Third-Party Sharing
32_voxmedia.com,18,Other/Unclear|Third-Party Sharing,4,0.8143799,0.12058407,0.25421253,0.42176053,0.15583824,0.87180215,0.28014243,Data Collection|Third-Party Sharing
32_voxmedia.com,19,Data Collection|Other/Unclear|Third-Party Sharing,4,0.59690565,0.14182033,0.22266443,0.35456124,0.10812139,0.79821134,0.28444368,Data Collection|Third-Party Sharing
32_voxmedia.com,20,Other/Unclear|Third-Party Sharing|User Control & Deletion,4,0.26110068,0.069838844,0.22526154,0.5584132,0.07992239,0.5218726,0.76716644,Other/Unclear|Third-Party Sharing|User Control & Deletion
32_voxmedia.com,21,Data Collection|Third-Party Sharing,4,0.78768843,0.2572633,0.21126999,0.1641906,0.14541563,0.7183967,0.38734606,Data Collection|Third-Party Sharing
32_voxmedia.com,22,Data Collection|Other/Unclear|User Control & Deletion,4,0.25130314,0.31666753,0.12219106,0.56491286,0.33079296,0.29119498,0.83710104,Other/Unclear|User Control & Deletion
32_voxmedia.com,23,Data Retention|User Control & Deletion,4,0.2820423,0.8164696,0.19786167,0.5573164,0.11652923,0.32646692,0.9088717,Data Retention|Other/Unclear|User Control & Deletion
32_voxmedia.com,24,Data Security|Other/Unclear,4,0.12835476,0.15561956,0.97216386,0.2567287,0.05547634,0.102352075,0.15461217,Data Security
32_voxmedia.com,25,Other/Unclear|Third-Party Sharing,4,0.13908231,0.080595054,0.4148414,0.8772109,0.21964706,0.28914222,0.15179646,Other/Unclear
32_voxmedia.com,26,Other/Unclear,4,0.5488642,0.085811116,0.13745527,0.93537414,0.12772405,0.093967125,0.12098328,Data Collection|Other/Unclear
32_voxmedia.com,27,Policy Change,4,0.16943671,0.16140598,0.095686786,0.4083554,0.96024686,0.14324817,0.2719094,Policy Change
32_voxmedia.com,28,Other/Unclear,4,0.062612556,0.09590001,0.09841231,0.95420784,0.24698192,0.06766352,0.30469346,Other/Unclear
331_tgifridays.com,0,Other/Unclear,0,0.2071735,0.112326354,0.27626678,0.6993552,0.20259543,0.19446057,0.41167164,Other/Unclear
331_tgifridays.com,1,Data Collection|Data Security,0,0.74892676,0.25380322,0.23430744,0.34470436,0.09179788,0.38579085,0.26357472,Data Collection
331_tgifridays.com,2,Other/Unclear|User Control & Deletion,0,0.5031313,0.29753467,0.12794948,0.3052123,0.13227978,0.26830733,0.7779856,Data Collection|User Control & Deletion
331_tgifridays.com,3,Other/Unclear,0,0.33354145,0.09817672,0.5443195,0.8539273,0.099911585,0.22577348,0.33204034,Data Security|Other/Unclear
331_tgifridays.com,4,Data Collection|Other/Unclear,0,0.775317,0.18734646,0.16000551,0.53332794,0.16760351,0.38596082,0.28630745,Data Collection|Other/Unclear
331_tgifridays.com,5,Data Collection,0,0.79444057,0.22435938,0.22928591,0.32370225,0.10194841,0.26914337,0.2169643,Data Collection
331_tgifridays.com,6,Other/Unclear|Third-Party Sharing,0,0.46161294,0.18785203,0.31567717,0.3987209,0.101224996,0.46641272,0.38857254,
331_tgifridays.com,7,Data Collection|User Control & Deletion,0,0.42273942,0.34581372,0.34645084,0.6208957,0.12990634,0.3243066,0.33795094,Other/Unclear
331_tgifridays.com,8,Data Collection|Data Security|Third-Party Sharing,0,0.49781194,0.46670476,0.61284924,0.39736632,0.10590091,0.7048742,0.22522275,Data Security|Third-Party Sharing
331_tgifridays.com,9,Data Collection|Data Security|Third-Party Sharing,0,0.3829106,0.22824062,0.52986896,0.35353327,0.09714736,0.7343744,0.26321405,Data Security|Third-Party Sharing
331_tgifridays.com,10,Third-Party Sharing,0,0.3912511,0.262362,0.3331712,0.3199878,0.0945121,0.76314294,0.29169923,Third-Party Sharing
331_tgifridays.com,11,Third-Party Sharing,0,0.4283803,0.27234098,0.18786438,0.2420604,0.12322866,0.68139946,0.23326406,Third-Party Sharing
331_tgifridays.com,12,Other/Unclear|Third-Party Sharing,0,0.30364677,0.12319377,0.32495725,0.6720736,0.18487355,0.59128255,0.2846373,Other/Unclear|Third-Party Sharing
331_tgifridays.com,13,Other/Unclear,0,0.19903047,0.21771058,0.49576172,0.82227254,0.13962784,0.367853,0.3035388,Other/Unclear
331_tgifridays.com,14,Data Collection|Other/Unclear|User Control & Deletion,0,0.42059383,0.23562312,0.12803747,0.6816981,0.12463693,0.24636741,0.9051823,Other/Unclear|User Control & Deletion
331_tgifridays.com,15,Data Security,0,0.17902936,0.21364452,0.9603254,0.39696586,0.087671675,0.36182666,0.13669421,Data Security
331_tgifridays.com,16,Policy Change,0,0.23357199,0.14182898,0.1586503,0.50104356,0.84690464,0.24520789,0.53370106,Other/Unclear|Policy Change|User Control & Deletion
33_nbcuniversal.com,0,Other/Unclear,1,0.07023148,0.055138376,0.118903235,0.9255188,0.8739165,0.07123998,0.08462851,Other/Unclear|Policy Change
33_nbcuniversal.com,1,Other/Unclear,1,0.11720188,0.064275265,0.19819894,0.87113893,0.2637659,0.2769523,0.20979181,Other/Unclear
33_nbcuniversal.com,2,Other/Unclear,1,0.49414018,0.08842041,0.29105914,0.6923913,0.18766734,0.13932472,0.27284658,Other/Unclear
33_nbcuniversal.com,3,Other/Unclear,1,0.48056188,0.13871978,0.3182347,0.71929526,0.21239823,0.15774123,0.16124448,Other/Unclear
33_nbcuniversal.com,4,Data Collection|Data Retention|Other/Unclear|User Control & Deletion,1,0.29472286,0.12665226,0.23579691,0.724888,0.3540146,0.20282455,0.42508924,Other/Unclear
33_nbcuniversal.com,5,Data Collection|Other/Unclear,1,0.8448376,0.17617519,0.21190862,0.2661733,0.103207745,0.29860777,0.21418802,Data Collection
33_nbcuniversal.com,6,Data Collection,1,0.8967624,0.19529729,0.26741087,0.33472496,0.0554944,0.28511384,0.17496908,Data Collection
33_nbcuniversal.com,7,Data Collection|Other/Unclear,1,0.60626745,0.16076615,0.2395927,0.63442,0.10874454,0.24186704,0.17033899,Data Collection|Other/Unclear
33_nbcuniversal.com,8,Data Collection,1,0.794127,0.18666457,0.09788109,0.28725544,0.058389097,0.1987168,0.42599934,Data Collection
33_nbcuniversal.com,9,Data Collection,1,0.7195451,0.099146396,0.2750027,0.24441057,0.05327682,0.4346595,0.20298268,Data Collection
33_nbcuniversal.com,10,Data Collection|Other/Unclear,1,0.49064097,0.18846647,0.22624467,0.49395603,0.09547585,0.5307093,0.29056156,Third-Party Sharing
33_nbcuniversal.com,11,Data Collection,1,0.7264702,0.19185589,0.14244641,0.26399267,0.06367495,0.2923928,0.3974079,Data Collection
33_nbcuniversal.com,12,Data Collection,1,0.8077864,0.09662884,0.15695503,0.2953925,0.05994164,0.3625749,0.1503364,Data Collection
33_nbcuniversal.com,13,Data Collection,1,0.7278538,0.24202251,0.13746367,0.49630514,0.07019992,0.5062201,0.64123243,Data Collection|Third-Party Sharing|User Control & Deletion
33_nbcuniversal.com,14,Data Collection|Data Retention|Third-Party Sharing,1,0.51028574,0.21036795,0.18779999,0.5465012,0.12054908,0.7977294,0.45252356,Data Collection|Other/Unclear|Third-Party Sharing
33_nbcuniversal.com,15,Data Collection,1,0.7768864,0.16149676,0.27428737,0.45835388,0.04800664,0.52725977,0.34784707,Data Collection|Third-Party Sharing
33_nbcuniversal.com,16,Other/Unclear,1,0.81596935,0.2791336,0.32341814,0.3696951,0.19620709,0.23495732,0.15547265,Data Collection
33_nbcuniversal.com,17,Data Collection,1,0.60838777,0.09908262,0.14328705,0.46407863,0.12721546,0.20956755,0.20889638,Data Collection
33_nbcuniversal.com,18,Data Collection,1,0.44423488,0.1925651,0.12128823,0.5421151,0.10552119,0.1690364,0.46346456,Other/Unclear
33_nbcuniversal.com,19,Data Collection,1,0.3961768,0.07927574,0.1467544,0.5865006,0.098978534,0.29691416,0.5049151,Other/Unclear|User Control & Deletion
33_nbcuniversal.com,20,Data Collection,1,0.54719454,0.17568864,0.15997006,0.48392633,0.08295024,0.18552095,0.33748496,Data Collection
33_nbcuniversal.com,21,Data Collection,1,0.7507253,0.097724766,0.08523635,0.30364835,0.13181427,0.32383046,0.53884023,Data Collection|User Control & Deletion
33_nbcuniversal.com,22,Data Collection,1,0.45490944,0.17034133,0.25719392,0.48448887,0.09016058,0.18674564,0.24332772,
33_nbcuniversal.com,23,Data Collection,1,0.46353847,0.075598165,0.18004447,0.40378633,0.093574226,0.2833462,0.15366772,
33_nbcuniversal.com,24,Data Collection,1,0.35456026,0.06520459,0.33680958,0.3385768,0.08885106,0.3869928,0.15899391,
33_nbcuniversal.com,25,Data Collection,1,0.47489265,0.12798978,0.1483709,0.49035043,0.2202128,0.3485629,0.20264988,
33_nbcuniversal.com,26,Data Collection,1,0.75484914,0.15842645,0.1792717,0.4929511,0.111696355,0.2944601,0.24615508,Data Collection
33_nbcuniversal.com,27,Data Collection,1,0.5657156,0.1246286,0.1983781,0.4492563,0.093689695,0.23651898,0.3108644,Data Collection
33_nbcuniversal.com,28,Data Collection,1,0.69002783,0.16228797,0.17328772,0.47765803,0.076709576,0.6014678,0.5086377,Data Collection|Third-Party Sharing|User Control & Deletion
33_nbcuniversal.com,29,Data Collection,1,0.7266924,0.316517,0.1612641,0.39382342,0.0914355,0.41679934,0.4102091,Data Collection
33_nbcuniversal.com,30,Data Collection,1,0.43361056,0.1361342,0.19638985,0.5375851,0.106811,0.33956504,0.29492286,Other/Unclear
33_nbcuniversal.com,31,Data Collection|Other/Unclear,1,0.69906956,0.2775466,0.17467518,0.41748476,0.11870869,0.32420257,0.2046944,Data Collection
33_nbcuniversal.com,32,Data Collection|Other/Unclear|Third-Party Sharing,1,0.7538792,0.287747,0.11176237,0.46344241,0.1001273,0.66990197,0.5592798,Data Collection|Third-Party Sharing|User Control & Deletion
33_nbcuniversal.com,33,Other/Unclear|Third-Party Sharing,1,0.2619294,0.16816856,0.26654038,0.55579215,0.057197295,0.88311213,0.31559944,Other/Unclear|Third-Party Sharing
33_nbcuniversal.com,34,Data Security|Other/Unclear|Third-Party Sharing,1,0.21724986,0.27369407,0.9435922,0.28221393,0.0674513,0.9177684,0.11331608,Data Security|Third-Party Sharing
33_nbcuniversal.com,35,Other/Unclear|Third-Party Sharing,1,0.49519104,0.17490348,0.12816477,0.5293928,0.15592095,0.36229292,0.59349054,Other/Unclear|User Control & Deletion
33_nbcuniversal.com,36,Third-Party Sharing,1,0.3864129,0.1673519,0.22440702,0.50996673,0.06469549,0.69752395,0.28822187,Other/Unclear|Third-Party Sharing
33_nbcuniversal.com,37,Third-Party Sharing,1,0.544811,0.090772815,0.28856474,0.45712915,0.08915532,0.5457765,0.18448232,Data Collection|Third-Party Sharing
33_nbcuniversal.com,38,Other/Unclear|Third-Party Sharing|User Control & Deletion,1,0.5391907,0.06339482,0.23447628,0.65692484,0.117294654,0.88718855,0.26758,Data Collection|Other/Unclear|Third-Party Sharing
33_nbcuniversal.com,39,Third-Party Sharing,1,0.4381069,0.1371194,0.44557613,0.20379156,0.058061946,0.8689973,0.09624167,Third-Party Sharing
33_nbcuniversal.com,40,Third-Party Sharing,1,0.26918256,0.1520611,0.19160423,0.3062964,0.16868629,0.7501936,0.39335552,Third-Party Sharing
33_nbcuniversal.com,41,Data Collection|Other/Unclear,1,0.4467415,0.19877084,0.14472726,0.9170827,0.14315408,0.15111312,0.385412,Other/Unclear
33_nbcuniversal.com,42,Other/Unclear,1,0.33651173,0.14121138,0.15139894,0.74116695,0.17221208,0.2657083,0.31597644,Other/Unclear
33_nbcuniversal.com,43,Other/Unclear,1,0.26080933,0.3589335,0.22585751,0.6583929,0.12899712,0.37278545,0.4513962,Other/Unclear
33_nbcuniversal.com,44,Data Security|Other/Unclear,1,0.25092804,0.2672356,0.9232404,0.38697138,0.07010369,0.37835214,0.19585378,Data Security
33_nbcuniversal.com,45,Data Security|Other/Unclear,1,0.20444511,0.1388437,0.8274992,0.5232958,0.13199408,0.29116216,0.31969616,Data Security|Other/Unclear
33_nbcuniversal.com,46,User Control & Deletion,1,0.31213635,0.07652578,0.14253813,0.5216958,0.08722892,0.30885482,0.8993183,Other/Unclear|User Control & Deletion
33_nbcuniversal.com,47,Other/Unclear|User Control & Deletion,1,0.30629218,0.07884673,0.13660012,0.5770412,0.092493564,0.20778848,0.6817679,Other/Unclear|User Control & Deletion
33_nbcuniversal.com,48,User Control & Deletion,1,0.6243299,0.08098694,0.1895114,0.46604678,0.09376779,0.38734815,0.34851372,Data Collection
33_nbcuniversal.com,49,User Control & Deletion,1,0.40856054,0.13245064,0.37627387,0.43030605,0.096860535,0.30695957,0.6545224,User Control & Deletion
33_nbcuniversal.com,50,Data Security|Other/Unclear|User Control & Deletion,1,0.23334283,0.14676502,0.7995843,0.62816286,0.07341075,0.17702259,0.36394817,Data Security|Other/Unclear
33_nbcuniversal.com,51,Data Retention|User Control & Deletion,1,0.4023896,0.7694749,0.28601816,0.5406149,0.12732078,0.30904943,0.60829663,Data Retention|Other/Unclear|User Control & Deletion
33_nbcuniversal.com,52,Other/Unclear|Third-Party Sharing,1,0.21915853,0.36338633,0.5471741,0.5688508,0.11506215,0.5059931,0.19095306,Data Security|Other/Unclear|Third-Party Sharing
33_nbcuniversal.com,53,Other/Unclear,1,0.27310285,0.3680934,0.19137186,0.800182,0.06541081,0.25247914,0.1470326,Other/Unclear
33_nbcuniversal.com,54,Other/Unclear,1,0.45084527,0.118531786,0.30174255,0.5815804,0.07937539,0.34087625,0.39950562,Other/Unclear
33_nbcuniversal.com,55,Other/Unclear|User Control & Deletion,1,0.4845412,0.07710484,0.15676783,0.483335,0.11740106,0.38586143,0.62296015,User Control & Deletion
33_nbcuniversal.com,56,Other/Unclear,1,0.47085333,0.0648345,0.30132177,0.7736254,0.12716606,0.24978623,0.34872553,Other/Unclear
33_nbcuniversal.com,57,Other/Unclear,1,0.2310895,0.22936627,0.19151507,0.86200106,0.084175386,0.22336373,0.51082224,Other/Unclear|User Control & Deletion
33_nbcuniversal.com,58,Other/Unclear,1,0.17990518,0.10640996,0.18759623,0.84295714,0.22546084,0.17544578,0.26727432,Other/Unclear
33_nbcuniversal.com,59,Data Security|Other/Unclear,1,0.30104828,0.17581788,0.18166013,0.87195563,0.1383356,0.7222462,0.32294613,Other/Unclear|Third-Party Sharing
33_nbcuniversal.com,60,Data Security|Other/Unclear,1,0.14498436,0.06530414,0.34976953,0.82343256,0.23340194,0.23795876,0.22236027,Other/Unclear
33_nbcuniversal.com,61,Policy Change,1,0.24513362,0.10641173,0.14430201,0.44665354,0.8777442,0.31545514,0.21894982,Policy Change
33_nbcuniversal.com,62,Other/Unclear|Policy Change,1,0.13999374,0.09672603,0.13162057,0.6090616,0.97965777,0.15571988,0.35248587,Other/Unclear|Policy Change
33_nbcuniversal.com,63,Other/Unclear,1,0.079140745,0.13033806,0.22052315,0.91973823,0.251168,0.09284888,0.31840757,Other/Unclear
33_nbcuniversal.com,64,Other/Unclear,1,0.1274538,0.1202464,0.16410555,0.9034098,0.12669379,0.1254517,0.42188224,Other/Unclear
359_vikings.com,0,Other/Unclear,2,0.038090106,0.040201753,0.14813326,0.94766504,0.55079764,0.059206825,0.07794549,Other/Unclear|Policy Change
359_vikings.com,1,Other/Unclear,2,0.25720242,0.10978035,0.16792427,0.6373689,0.49592775,0.19892319,0.25176677,Other/Unclear
359_vikings.com,2,Other/Unclear,2,0.32667688,0.16369323,0.27068675,0.749393,0.2822229,0.4750747,0.16484089,Other/Unclear
359_vikings.com,3,Other/Unclear,2,0.2643956,0.14587773,0.26667973,0.7066822,0.12334217,0.24103469,0.20908386,Other/Unclear
359_vikings.com,4,Data Security|Other/Unclear,2,0.13742772,0.12290559,0.7140072,0.9129673,0.16677904,0.17577617,0.22937395,Data Security|Other/Unclear
359_vikings.com,5,Data Collection|Other/Unclear,2,0.564924,0.25765285,0.21386334,0.5852633,0.12738553,0.3699467,0.17826778,Data Collection|Other/Unclear
359_vikings.com,6,Other/Unclear,2,0.13871998,0.15392151,0.21245533,0.92085457,0.51142615,0.17948337,0.13097611,Other/Unclear|Policy Change
359_vikings.com,7,Data Collection|Other/Unclear,2,0.73670936,0.34802088,0.16843897,0.5641348,0.110188745,0.27323028,0.08396881,Data Collection|Other/Unclear
359_vikings.com,8,Data Collection,2,0.9237849,0.1903291,0.19765422,0.14365944,0.045316316,0.36898708,0.28925225,Data Collection
359_vikings.com,9,Data Collection|Other/Unclear,2,0.8071314,0.4553009,0.13437124,0.27083284,0.070734955,0.28979477,0.21587683,Data Collection
359_vikings.com,10,Data Collection|Other/Unclear|User Control & Deletion,2,0.75257236,0.39987448,0.15763812,0.35705748,0.09525671,0.2382695,0.5799215,Data Collection|User Control & Deletion
359_vikings.com,11,Data Collection|Other/Unclear,2,0.80912477,0.19899888,0.15144035,0.53092796,0.07706448,0.380109,0.17888294,Data Collection|Other/Unclear
359_vikings.com,12,Data Collection,2,0.7811431,0.23214033,0.13833004,0.19881058,0.07113307,0.46686578,0.798456,Data Collection|User Control & Deletion
359_vikings.com,13,Data Collection|Data Retention|Other/Unclear,2,0.83868104,0.6933432,0.18073314,0.17590475,0.1341406,0.28068715,0.43716598,Data Collection|Data Retention
359_vikings.com,14,Other/Unclear|User Control & Deletion,2,0.40915945,0.6241733,0.18225966,0.7370557,0.087666355,0.16544627,0.6498249,Data Retention|Other/Unclear|User Control & Deletion
359_vikings.com,15,Data Collection|Other/Unclear|User Control & Deletion,2,0.47608238,0.13343683,0.13181233,0.448326,0.10637595,0.5597744,0.7264529,Third-Party Sharing|User Control & Deletion
359_vikings.com,16,Data Collection|Other/Unclear|Third-Party Sharing|User Control & Deletion,2,0.6321308,0.3259979,0.16683371,0.51629215,0.14508459,0.7197717,0.44170535,Data Collection|Other/Unclear|Third-Party Sharing
359_vikings.com,17,Data Collection|User Control & Deletion,2,0.67262524,0.20846422,0.17533644,0.239558,0.18221265,0.5111915,0.54029566,Data Collection|Third-Party Sharing|User Control & Deletion
359_vikings.com,18,Data Collection,2,0.85407776,0.21283573,0.14442219,0.40831187,0.04593266,0.37251565,0.66186184,Data Collection|User Control & Deletion
359_vikings.com,19,Other/Unclear|Third-Party Sharing,2,0.4703176,0.16234785,0.39132348,0.61990565,0.093001045,0.74399424,0.29836464,Other/Unclear|Third-Party Sharing
359_vikings.com,20,Data Collection|Other/Unclear,2,0.74381006,0.18699782,0.20677201,0.43109325,0.07582757,0.4813597,0.19480655,Data Collection
359_vikings.com,21,Data Collection|Other/Unclear|Third-Party Sharing,2,0.903256,0.24994764,0.10568848,0.26153544,0.04580172,0.49090147,0.1842315,Data Collection
359_vikings.com,22,Data Collection|Data Security,2,0.8565462,0.41713038,0.22989762,0.16305862,0.07743959,0.42028928,0.26469168,Data Collection
359_vikings.com,23,Data Collection,2,0.80066895,0.25277743,0.14249706,0.41706726,0.15973315,0.5988806,0.2489963,Data Collection|Third-Party Sharing
359_vikings.com,24,Other/Unclear|Third-Party Sharing,2,0.28345352,0.265343,0.14652008,0.4949546,0.053106666,0.7520432,0.53731024,Third-Party Sharing|User Control & Deletion
359_vikings.com,25,Data Security|Third-Party Sharing,2,0.30628684,0.12907586,0.7879866,0.3080982,0.066553995,0.7411394,0.26404464,Data Security|Third-Party Sharing
359_vikings.com,26,Data Security|Other/Unclear,2,0.17091402,0.10435256,0.24484932,0.7883988,0.1664276,0.5001082,0.36822468,Other/Unclear|Third-Party Sharing
359_vikings.com,27,Third-Party Sharing,2,0.49776885,0.21348804,0.33303052,0.37457022,0.060835827,0.82643944,0.26743802,Third-Party Sharing
359_vikings.com,28,Other/Unclear|Third-Party Sharing|User Control & Deletion,2,0.50962794,0.20739065,0.113441266,0.463995,0.09939577,0.46399108,0.8776461,Data Collection|User Control & Deletion
359_vikings.com,29,Data Collection|Policy Change|Third-Party Sharing|User Control & Deletion,2,0.30219916,0.09835885,0.15562174,0.4814935,0.1520419,0.8889965,0.39587235,Third-Party Sharing
359_vikings.com,30,Third-Party Sharing,2,0.21230203,0.14191803,0.24883991,0.2516684,0.15372942,0.8680053,0.17075044,Third-Party Sharing
359_vikings.com,31,Other/Unclear|Third-Party Sharing,2,0.26331672,0.13791533,0.24421912,0.82719535,0.12294781,0.6144033,0.19647294,Other/Unclear|Third-Party Sharing
359_vikings.com,32,Data Security,2,0.23836732,0.2247923,0.9313213,0.36949563,0.1104626,0.31562388,0.1719361,Data Security
359_vikings.com,33,Other/Unclear,2,0.23166694,0.100984074,0.1980029,0.9312583,0.17234494,0.1639136,0.18300131,Other/Unclear
359_vikings.com,34,Other/Unclear,2,0.4728961,0.07288778,0.33432195,0.62708217,0.08494393,0.20622517,0.24306744,Other/Unclear
359_vikings.com,35,Other/Unclear|Policy Change,2,0.2171534,0.33271706,0.18096922,0.5372104,0.843773,0.2383351,0.5839303,Other/Unclear|Policy Change|User Control & Deletion
359_vikings.com,36,Other/Unclear|User Control & Deletion,2,0.32854614,0.35846677,0.22819048,0.48414144,0.19460827,0.1984422,0.9180585,User Control & Deletion
359_vikings.com,37,Data Retention|Other/Unclear|User Control & Deletion,2,0.5444059,0.95284766,0.21775468,0.25347432,0.10363488,0.25390804,0.69264674,Data Collection|Data Retention|User Control & Deletion
359_vikings.com,38,Other/Unclear|User Control & Deletion,2,0.1759078,0.16457129,0.23718908,0.75089073,0.1683564,0.4441729,0.5272099,Other/Unclear|User Control & Deletion
359_vikings.com,39,Other/Unclear,2,0.11615125,0.17498615,0.17413779,0.8791899,0.10709562,0.2647343,0.78121084,Other/Unclear|User Control & Deletion
359_vikings.com,40,Other/Unclear,2,0.03430637,0.04503781,0.13071816,0.9718609,0.48196223,0.07602868,0.10643791,Other/Unclear
414_washingtonian.com,0,Data Collection,1,0.5247878,0.13660958,0.14824273,0.6968798,0.4423908,0.23169649,0.25031093,Data Collection|Other/Unclear
414_washingtonian.com,1,Data Collection,1,0.86049205,0.2375416,0.16969165,0.35926422,0.060625162,0.32962584,0.47056583,Data Collection
414_washingtonian.com,2,Data Collection,1,0.819299,0.12314515,0.1590107,0.3385031,0.08723055,0.12687214,0.15625751,Data Collection
414_washingtonian.com,3,Data Collection|User Control & Deletion,1,0.7984844,0.32381192,0.22094604,0.26639152,0.052560393,0.2290615,0.6195635,Data Collection|User Control & Deletion
414_washingtonian.com,4,Data Collection|Other/Unclear|Third-Party Sharing,1,0.7964875,0.271136,0.18820116,0.35355157,0.06302328,0.7446232,0.19825922,Data Collection|Third-Party Sharing
414_washingtonian.com,5,Data Collection|Other/Unclear|Third-Party Sharing,1,0.84733975,0.24514951,0.1156724,0.29471263,0.06738078,0.7764449,0.10568581,Data Collection|Third-Party Sharing
414_washingtonian.com,6,Data Collection|Third-Party Sharing,1,0.5728736,0.15234646,0.1235143,0.30320206,0.21578072,0.6133442,0.25644752,Data Collection|Third-Party Sharing
414_washingtonian.com,7,Data Collection|Third-Party Sharing,1,0.598752,0.41495857,0.49386936,0.4055031,0.054633964,0.6497539,0.19494468,Data Collection|Third-Party Sharing
414_washingtonian.com,8,Third-Party Sharing,1,0.56572455,0.19460534,0.12823555,0.23112422,0.059637193,0.84638155,0.54920226,Data Collection|Third-Party Sharing|User Control & Deletion
414_washingtonian.com,9,Other/Unclear|Third-Party Sharing,1,0.39281425,0.16484903,0.14328909,0.1720251,0.0909332,0.9252029,0.192856,Third-Party Sharing
414_washingtonian.com,10,Other/Unclear|User Control & Deletion,1,0.4461873,0.34339103,0.12699604,0.43672526,0.14257073,0.14366779,0.9555156,User Control & Deletion
414_washingtonian.com,11,Other/Unclear|User Control & Deletion,1,0.16806638,0.16830918,0.14834307,0.7761716,0.23135784,0.124701865,0.6372081,Other/Unclear|User Control & Deletion
414_washingtonian.com,12,Data Security,1,0.31685364,0.17301054,0.8892762,0.229459,0.05583756,0.1789883,0.16557746,Data Security
414_washingtonian.com,13,Other/Unclear|Third-Party Sharing,1,0.18560767,0.07726332,0.32618028,0.7663576,0.15802608,0.7783125,0.18305698,Other/Unclear|Third-Party Sharing
414_washingtonian.com,14,Data Collection|Other/Unclear,1,0.7181241,0.14670323,0.15669097,0.32019362,0.08141682,0.5513237,0.17245376,Data Collection|Third-Party Sharing
414_washingtonian.com,15,Other/Unclear|Third-Party Sharing|User Control & Deletion,1,0.23760961,0.05216458,0.1625877,0.86445713,0.06878084,0.4831179,0.7161538,Other/Unclear|User Control & Deletion
414_washingtonian.com,16,Other/Unclear,1,0.38743997,0.21750416,0.1174945,0.832633,0.18569864,0.23993444,0.36884156,Other/Unclear
414_washingtonian.com,17,Other/Unclear,1,0.20651741,0.131168,0.23227945,0.8356608,0.1538152,0.17778176,0.43596315,Other/Unclear
414_washingtonian.com,18,Other/Unclear|Policy Change,1,0.15118402,0.16474314,0.15913095,0.35598072,0.9867659,0.10943658,0.20937806,Policy Change
414_washingtonian.com,19,Other/Unclear,1,0.18826938,0.24738288,0.243326,0.8514934,0.23373556,0.29702356,0.23259479,Other/Unclear
414_washingtonian.com,20,Other/Unclear,1,0.604278,0.13349284,0.15384655,0.36324644,0.14884943,0.4325798,0.299641,Data Collection
414_washingtonian.com,21,Other/Unclear,1,0.18525843,0.14418577,0.17461242,0.8282359,0.07313405,0.48653495,0.60306954,Other/Unclear|User Control & Deletion
414_washingtonian.com,22,Other/Unclear|Policy Change,1,0.121456206,0.08375275,0.1942325,0.6886025,0.8593146,0.12619826,0.10627873,Other/Unclear|Policy Change
456_boardgamegeek.com,0,Other/Unclear,3,0.082573,0.046727177,0.32365713,0.93030065,0.31628832,0.09382534,0.16208467,Other/Unclear
456_boardgamegeek.com,1,Third-Party Sharing,3,0.40886918,0.1731465,0.21400858,0.51082915,0.055966776,0.76725286,0.39766276,Other/Unclear|Third-Party Sharing
456_boardgamegeek.com,2,Data Collection,3,0.82724756,0.15989389,0.15968336,0.39932048,0.050488215,0.5106411,0.20365806,Data Collection|Third-Party Sharing
456_boardgamegeek.com,3,Data Collection,3,0.8421981,0.20236376,0.12805313,0.31808335,0.074564,0.20727395,0.33323702,Data Collection
456_boardgamegeek.com,4,Data Collection,3,0.58171517,0.08510859,0.23390043,0.37250423,0.077869765,0.35404888,0.25281096,Data Collection
456_boardgamegeek.com,5,Data Collection,3,0.77528906,0.2716085,0.15350994,0.32732645,0.06183603,0.20743501,0.31154272,Data Collection
456_boardgamegeek.com,6,Data Collection,3,0.7864204,0.17712899,0.13986063,0.26690304,0.07706481,0.33865336,0.2313568,Data Collection
456_boardgamegeek.com,7,Third-Party Sharing,3,0.6893614,0.096065775,0.15450384,0.39087942,0.06398139,0.6164966,0.53170216,Data Collection|Third-Party Sharing|User Control & Deletion
456_boardgamegeek.com,8,Policy Change,3,0.3334194,0.17560045,0.300407,0.6506723,0.7632088,0.2940041,0.26139826,Other/Unclear|Policy Change
456_boardgamegeek.com,9,Third-Party Sharing,3,0.2883517,0.20027706,0.19961688,0.20462114,0.13210396,0.720897,0.18008712,Third-Party Sharing
503_buffalowildwings.com,0,Other/Unclear,1,0.2786864,0.09507513,0.37374955,0.82871777,0.2111808,0.23917025,0.17007734,Other/Unclear
503_buffalowildwings.com,1,Other/Unclear,1,0.5623047,0.13296668,0.20817606,0.5646745,0.1817592,0.40089428,0.20487948,Data Collection|Other/Unclear
503_buffalowildwings.com,2,Data Collection|Data Retention|User Control & Deletion,1,0.9221427,0.47637612,0.15735324,0.18361007,0.053495683,0.41566527,0.42917696,Data Collection
503_buffalowildwings.com,3,Data Collection,1,0.809452,0.1528628,0.18922684,0.5140885,0.08889572,0.34095106,0.44817114,Data Collection|Other/Unclear
503_buffalowildwings.com,4,Other/Unclear|User Control & Deletion,1,0.59469587,0.23802538,0.19937178,0.45214126,0.055775773,0.31571656,0.74725235,Data Collection|User Control & Deletion
503_buffalowildwings.com,5,Data Collection|Other/Unclear,1,0.77981067,0.21848784,0.092663765,0.47603416,0.14975141,0.7637223,0.19330095,Data Collection|Third-Party Sharing
503_buffalowildwings.com,6,Data Collection|Data Retention|Other/Unclear|User Control & Deletion,1,0.82221055,0.44278565,0.14942476,0.31253558,0.08332319,0.28002873,0.805639,Data Collection|User Control & Deletion
503_buffalowildwings.com,7,Other/Unclear|Third-Party Sharing,1,0.25762093,0.29175663,0.20597252,0.6637429,0.12829174,0.4736578,0.8796916,Other/Unclear|User Control & Deletion
503_buffalowildwings.com,8,Data Security|Third-Party Sharing,1,0.42756793,0.26811585,0.32814047,0.3134254,0.09279331,0.96229565,0.31090704,Third-Party Sharing
503_buffalowildwings.com,9,Third-Party Sharing,1,0.20761594,0.13609478,0.21056412,0.15009703,0.10726007,0.93833846,0.13965729,Third-Party Sharing
503_buffalowildwings.com,10,Data Security|Other/Unclear|Third-Party Sharing,1,0.37986195,0.15262224,0.1975788,0.8333257,0.15196182,0.5627664,0.2019528,Other/Unclear|Third-Party Sharing
503_buffalowildwings.com,11,Data Collection|Data Security|User Control & Deletion,1,0.62479734,0.42926842,0.65989286,0.26864928,0.11274516,0.4305277,0.5576417,Data Collection|Data Security|User Control & Deletion
503_buffalowildwings.com,12,Data Security,1,0.35588816,0.17890798,0.80770266,0.36311862,0.076151446,0.2657406,0.3999434,Data Security
503_buffalowildwings.com,13,Other/Unclear,1,0.27662313,0.08365097,0.23348427,0.89071846,0.1173434,0.16885114,0.27058032,Other/Unclear
503_buffalowildwings.com,14,Other/Unclear|Third-Party Sharing,1,0.14436446,0.16028787,0.15961245,0.84171677,0.06802352,0.3361836,0.46487552,Other/Unclear
503_buffalowildwings.com,15,Other/Unclear,1,0.26830843,0.19295254,0.24550425,0.78927755,0.10967927,0.19408622,0.37834367,Other/Unclear
503_buffalowildwings.com,16,Policy Change,1,0.28542247,0.22601555,0.13043591,0.3664763,0.9313537,0.18318373,0.15707935,Policy Change
503_buffalowildwings.com,17,Other/Unclear,1,0.087925844,0.075026885,0.17228381,0.8468462,0.9561537,0.092780024,0.09585837,Other/Unclear|Policy Change
503_buffalowildwings.com,18,Other/Unclear,1,0.21740411,0.1596006,0.21310782,0.66096807,0.5911461,0.20467103,0.12472718,Other/Unclear|Policy Change
503_buffalowildwings.com,19,Other/Unclear,1,0.05536378,0.097517714,0.123061985,0.94178694,0.20547548,0.08292081,0.27519342,Other/Unclear
517_kaleidahealth.org,0,Other/Unclear,2,0.24262084,0.10798993,0.25803944,0.75481594,0.32212108,0.19912985,0.43918383,Other/Unclear
517_kaleidahealth.org,1,Data Security|Other/Unclear,2,0.28776574,0.2365806,0.50352526,0.500418,0.34382358,0.2766708,0.41834006,Data Security|Other/Unclear
517_kaleidahealth.org,2,Other/Unclear,2,0.10325603,0.09275196,0.1258909,0.8912784,0.20271757,0.11805306,0.30730253,Other/Unclear
517_kaleidahealth.org,3,Other/Unclear,2,0.16752422,0.1396098,0.42877162,0.7959462,0.29422632,0.43045682,0.28830543,Other/Unclear
517_kaleidahealth.org,4,Data Collection|Third-Party Sharing|User Control & Deletion,2,0.6234421,0.3269435,0.38487428,0.38885227,0.20819603,0.6386242,0.42689553,Data Collection|Third-Party Sharing
517_kaleidahealth.org,5,Data Collection|Other/Unclear|Third-Party Sharing|User Control & Deletion,2,0.32051942,0.23825908,0.33272395,0.59142774,0.13166736,0.37130037,0.5355209,Other/Unclear|User Control & Deletion
517_kaleidahealth.org,6,Data Collection|Third-Party Sharing,2,0.47172543,0.26010132,0.42014474,0.54218435,0.17270309,0.7240515,0.33919886,Other/Unclear|Third-Party Sharing
517_kaleidahealth.org,7,Data Collection|Third-Party Sharing|User Control & Deletion,2,0.3607506,0.27326006,0.25928184,0.55020875,0.15279137,0.55526245,0.5003021,Other/Unclear|Third-Party Sharing|User Control & Deletion
517_kaleidahealth.org,8,Data Collection|Third-Party Sharing,2,0.32511497,0.21043782,0.28615817,0.499648,0.10921411,0.7785554,0.2635275,Third-Party Sharing
517_kaleidahealth.org,9,Data Collection|Third-Party Sharing,2,0.32737818,0.22288217,0.39116123,0.5406576,0.20478225,0.48687792,0.35883582,Other/Unclear
517_kaleidahealth.org,10,Data Collection|Third-Party Sharing|User Control & Deletion,2,0.41683283,0.24756822,0.29922262,0.41558728,0.24535011,0.7225113,0.380422,Third-Party Sharing
517_kaleidahealth.org,11,Other/Unclear,2,0.21732451,0.32081962,0.37798914,0.75736624,0.16812064,0.35736987,0.38020936,Other/Unclear
517_kaleidahealth.org,12,Other/Unclear,2,0.32802767,0.11701021,0.27898064,0.73809224,0.18275659,0.2280654,0.18532525,Other/Unclear
517_kaleidahealth.org,13,Other/Unclear|User Control & Deletion,2,0.2185741,0.29860914,0.16034488,0.664757,0.4153005,0.16654837,0.78066707,Other/Unclear|User Control & Deletion
517_kaleidahealth.org,14,Other/Unclear|Policy Change,2,0.17911705,0.2258565,0.21832919,0.5336073,0.79682446,0.2165908,0.58811295,Other/Unclear|Policy Change|User Control & Deletion
517_kaleidahealth.org,15,Other/Unclear,2,0.21442932,0.19021146,0.37547502,0.734308,0.14876647,0.25692457,0.36740988,Other/Unclear
517_kaleidahealth.org,16,Data Collection,2,0.80542225,0.17664967,0.32795584,0.45435908,0.06634329,0.27925292,0.22098424,Data Collection
517_kaleidahealth.org,17,Data Collection|Third-Party Sharing,2,0.5882199,0.31490946,0.395424,0.47036475,0.098218456,0.83396316,0.24986498,Data Collection|Third-Party Sharing
517_kaleidahealth.org,18,Third-Party Sharing,2,0.2887095,0.19858517,0.32995325,0.45783404,0.09535231,0.7380169,0.28008506,Third-Party Sharing
517_kaleidahealth.org,19,Data Collection|Third-Party Sharing,2,0.485198,0.23869012,0.38666332,0.33853677,0.085184515,0.8693797,0.21571805,Third-Party Sharing
517_kaleidahealth.org,20,Data Collection|Third-Party Sharing,2,0.4957401,0.2758116,0.46129727,0.30409947,0.08275298,0.8007946,0.20802863,Third-Party Sharing
517_kaleidahealth.org,21,Data Collection,2,0.68204314,0.14689602,0.28451243,0.3677447,0.11356646,0.54465497,0.2498249,Data Collection|Third-Party Sharing
517_kaleidahealth.org,22,Data Collection|Third-Party Sharing|User Control & Deletion,2,0.53148556,0.1284691,0.15363406,0.29918346,0.098988526,0.5473574,0.5377212,Data Collection|Third-Party Sharing|User Control & Deletion
517_kaleidahealth.org,23,Data Security|Third-Party Sharing,2,0.3715404,0.2630557,0.5279785,0.33911932,0.08387761,0.8752545,0.17669672,Data Security|Third-Party Sharing
517_kaleidahealth.org,24,Other/Unclear|Third-Party Sharing|User Control & Deletion,2,0.2727253,0.23963593,0.270845,0.48834231,0.18247035,0.5238751,0.57203925,Third-Party Sharing|User Control & Deletion
517_kaleidahealth.org,25,Data Collection|Third-Party Sharing,2,0.51944643,0.3785878,0.34709612,0.29556164,0.21177776,0.6643027,0.4593048,Data Collection|Third-Party Sharing
517_kaleidahealth.org,26,Data Collection|Third-Party Sharing,2,0.5170741,0.41104218,0.22851409,0.44021767,0.13330191,0.5703579,0.58687854,Data Collection|Third-Party Sharing|User Control & Deletion
517_kaleidahealth.org,27,Third-Party Sharing,2,0.2675104,0.19593887,0.35637164,0.48091677,0.087757684,0.7653578,0.362366,Third-Party Sharing
517_kaleidahealth.org,28,Other/Unclear|User Control & Deletion,2,0.4191634,0.23121053,0.25918093,0.43010944,0.24385598,0.41266653,0.5470341,User Control & Deletion
517_kaleidahealth.org,29,Data Collection|Third-Party Sharing,2,0.63827956,0.16023716,0.36567798,0.3601319,0.089419544,0.7050887,0.25828174,Data Collection|Third-Party Sharing
517_kaleidahealth.org,30,Other/Unclear|User Control & Deletion,2,0.45747715,0.39268127,0.49010396,0.4214907,0.16010396,0.524865,0.5327022,Third-Party Sharing|User Control & Deletion
517_kaleidahealth.org,31,Data Collection|Third-Party Sharing,2,0.3563441,0.2486896,0.25568694,0.38895312,0.15788893,0.46032366,0.44181925,
517_kaleidahealth.org,32,Data Collection|Third-Party Sharing|User Control & Deletion,2,0.42119592,0.15623333,0.2418542,0.42874184,0.19564004,0.44979534,0.45738602,
517_kaleidahealth.org,33,Data Collection|Third-Party Sharing,2,0.4195789,0.31182617,0.32196775,0.2626684,0.1989268,0.7024145,0.24717186,Third-Party Sharing
517_kaleidahealth.org,34,Third-Party Sharing,2,0.3931555,0.22148988,0.40836853,0.33534327,0.05720635,0.8618746,0.30626643,Third-Party Sharing
517_kaleidahealth.org,35,Third-Party Sharing,2,0.41694152,0.32197568,0.36743182,0.37963593,0.11335264,0.6177073,0.37356904,Third-Party Sharing
517_kaleidahealth.org,36,Third-Party Sharing,2,0.45647338,0.15425517,0.48552772,0.45943594,0.09271031,0.49725768,0.24049415,
517_kaleidahealth.org,37,Third-Party Sharing,2,0.511902,0.27024198,0.30989,0.39215434,0.08635468,0.6309527,0.2347792,Data Collection|Third-Party Sharing
517_kaleidahealth.org,38,Third-Party Sharing,2,0.3248811,0.25891072,0.31088805,0.49139324,0.122475706,0.6312428,0.23045276,Third-Party Sharing
517_kaleidahealth.org,39,Third-Party Sharing,2,0.31063136,0.3208171,0.38660327,0.3686348,0.085159145,0.71402115,0.33755362,Third-Party Sharing
517_kaleidahealth.org,40,Data Collection|Third-Party Sharing,2,0.4840194,0.29232073,0.3124112,0.2256126,0.10605558,0.81388104,0.25697067,Third-Party Sharing
517_kaleidahealth.org,41,Third-Party Sharing,2,0.27922156,0.18210277,0.5693208,0.6313966,0.09538379,0.4026522,0.20281689,Data Security|Other/Unclear
517_kaleidahealth.org,42,Other/Unclear|Third-Party Sharing,2,0.45751613,0.1781499,0.4103432,0.3527473,0.07759128,0.6521033,0.33934566,Third-Party Sharing
517_kaleidahealth.org,43,Third-Party Sharing,2,0.36172155,0.25920644,0.5503552,0.28298163,0.082470916,0.64509535,0.2176871,Data Security|Third-Party Sharing
517_kaleidahealth.org,44,Third-Party Sharing,2,0.44761443,0.21185304,0.4440531,0.4813817,0.079177536,0.4808028,0.21566962,
517_kaleidahealth.org,45,Third-Party Sharing,2,0.41061926,0.25251517,0.30831215,0.30001014,0.0845853,0.7142041,0.29588497,Third-Party Sharing
517_kaleidahealth.org,46,Third-Party Sharing,2,0.37614012,0.27839124,0.44045419,0.46658817,0.10898561,0.71408314,0.21073766,Third-Party Sharing
517_kaleidahealth.org,47,Data Collection|Third-Party Sharing|User Control & Deletion,2,0.41069064,0.21228057,0.50002265,0.39205283,0.1272585,0.735393,0.32729274,Data Security|Third-Party Sharing
517_kaleidahealth.org,48,Data Collection|Third-Party Sharing,2,0.4000467,0.24082407,0.36069226,0.45937622,0.13549922,0.5581236,0.2530403,Third-Party Sharing
517_kaleidahealth.org,49,Other/Unclear,2,0.7019717,0.19651556,0.31679747,0.34677577,0.064401865,0.32572368,0.23758921,Data Collection
517_kaleidahealth.org,50,Data Security,2,0.28296307,0.18581018,0.5380249,0.509452,0.09013454,0.37459788,0.33576065,Data Security|Other/Unclear
517_kaleidahealth.org,51,Other/Unclear|User Control & Deletion,2,0.33379176,0.23651934,0.44067645,0.5507481,0.13544919,0.39527878,0.34316093,Other/Unclear
517_kaleidahealth.org,52,User Control & Deletion,2,0.48577905,0.7555844,0.29623494,0.5116179,0.16417001,0.30704436,0.5944827,Data Retention|Other/Unclear|User Control & Deletion
517_kaleidahealth.org,53,Other/Unclear|User Control & Deletion,2,0.44291893,0.52443093,0.26838866,0.42654568,0.19274138,0.25015265,0.63690305,Data Retention|User Control & Deletion
517_kaleidahealth.org,54,Other/Unclear,2,0.33554804,0.33955958,0.4441944,0.48309308,0.1660804,0.32843107,0.5277829,User Control & Deletion
517_kaleidahealth.org,55,Other/Unclear|User Control & Deletion,2,0.36797088,0.5875411,0.2572013,0.57514644,0.15249452,0.22289233,0.6476781,Data Retention|Other/Unclear|User Control & Deletion
517_kaleidahealth.org,56,Other/Unclear,2,0.47694513,0.3258843,0.26687488,0.3383132,0.21514279,0.39401606,0.6498626,User Control & Deletion
517_kaleidahealth.org,57,Other/Unclear|Third-Party Sharing|User Control & Deletion,2,0.31170884,0.35187167,0.31415248,0.6753636,0.20160812,0.46977332,0.29711542,Other/Unclear
517_kaleidahealth.org,58,Other/Unclear|User Control & Deletion,2,0.5233524,0.36902282,0.3561507,0.54368144,0.101601556,0.4515017,0.31748086,Data Collection|Other/Unclear
517_kaleidahealth.org,59,Other/Unclear,2,0.19017126,0.14107746,0.1855614,0.7600119,0.12842214,0.18989092,0.3109396,Other/Unclear
517_kaleidahealth.org,60,Other/Unclear|User Control & Deletion,2,0.3505077,0.41813937,0.1615567,0.4591295,0.16616336,0.23561604,0.6617079,User Control & Deletion
517_kaleidahealth.org,61,Other/Unclear|User Control & Deletion,2,0.46347275,0.33336833,0.2081731,0.39718387,0.19402266,0.3497575,0.5539743,User Control & Deletion
517_kaleidahealth.org,62,Other/Unclear|User Control & Deletion,2,0.37159654,0.318978,0.22157115,0.56831497,0.13059029,0.44610876,0.53829587,Other/Unclear|User Control & Deletion
517_kaleidahealth.org,63,Other/Unclear,2,0.35865322,0.5877066,0.26493752,0.38777563,0.27474755,0.47331834,0.6502971,Data Retention|User Control & Deletion
517_kaleidahealth.org,64,Other/Unclear|User Control & Deletion,2,0.46105298,0.25526634,0.20232879,0.52805126,0.18787895,0.24295722,0.54430735,Other/Unclear|User Control & Deletion
517_kaleidahealth.org,65,Other/Unclear,2,0.3652877,0.3173762,0.287423,0.59989834,0.1412965,0.2142056,0.5687504,Other/Unclear|User Control & Deletion
523_usa.gov,0,Other/Unclear,3,0.10939846,0.050607823,0.6941658,0.7611978,0.19830474,0.08923335,0.107601404,Data Security|Other/Unclear
523_usa.gov,1,Data Collection,3,0.8174717,0.2715369,0.25166622,0.35363638,0.08302462,0.35853687,0.28085035,Data Collection
523_usa.gov,2,Other/Unclear,3,0.53072,0.2203101,0.36820555,0.5624701,0.17376034,0.13722041,0.27925846,Data Collection|Other/Unclear
523_usa.gov,3,Data Collection|Data Retention,3,0.75767905,0.39781603,0.14739464,0.29177925,0.09603794,0.21934907,0.19745062,Data Collection
523_usa.gov,4,Data Collection|Third-Party Sharing,3,0.82489705,0.30537966,0.24537264,0.24465819,0.054441154,0.8284462,0.14977264,Data Collection|Third-Party Sharing
523_usa.gov,5,Data Security,3,0.34388253,0.13614613,0.719335,0.3388372,0.10914382,0.38945425,0.33084267,Data Security
523_usa.gov,6,Data Collection|Data Retention,3,0.4207802,0.34018633,0.35227254,0.620071,0.06259809,0.5417575,0.2270228,Other/Unclear|Third-Party Sharing
523_usa.gov,7,Other/Unclear,3,0.27965108,0.16897154,0.642845,0.50410444,0.12108415,0.35038754,0.3579019,Data Security|Other/Unclear
523_usa.gov,8,Data Collection,3,0.7436121,0.22636381,0.21032308,0.5280495,0.084464744,0.33967724,0.35790387,Data Collection|Other/Unclear
523_usa.gov,9,Data Collection,3,0.51206416,0.14188533,0.30444852,0.40829453,0.100610085,0.27206108,0.30666623,Data Collection
523_usa.gov,10,Data Collection|Third-Party Sharing,3,0.6684415,0.14055912,0.22332515,0.46585298,0.10379051,0.27288646,0.15186164,Data Collection
523_usa.gov,11,Data Collection,3,0.8260006,0.14052126,0.14389622,0.39921603,0.07964998,0.4386453,0.2500536,Data Collection
523_usa.gov,12,Other/Unclear|User Control & Deletion,3,0.55454594,0.11425212,0.10203478,0.42194778,0.11138262,0.19356304,0.7772275,Data Collection|User Control & Deletion
523_usa.gov,13,Other/Unclear,3,0.29654068,0.24697167,0.55980086,0.57902205,0.21640113,0.35581437,0.45520777,Data Security|Other/Unclear
523_usa.gov,14,Other/Unclear,3,0.62797815,0.22121248,0.22007826,0.43228436,0.094594985,0.18086605,0.38945693,Data Collection
523_usa.gov,15,Other/Unclear|Third-Party Sharing,3,0.25241986,0.23475076,0.41481963,0.7331304,0.16098106,0.3689844,0.31218824,Other/Unclear
523_usa.gov,16,Data Collection|Third-Party Sharing,3,0.6114602,0.24596952,0.36698446,0.6850121,0.06000978,0.6988329,0.30660525,Data Collection|Other/Unclear|Third-Party Sharing
523_usa.gov,17,Data Collection|User Control & Deletion,3,0.8766061,0.40368572,0.27461383,0.37474427,0.058046427,0.253217,0.49655378,Data Collection
523_usa.gov,18,Data Collection|Third-Party Sharing,3,0.532326,0.26998174,0.22786544,0.32420188,0.069341555,0.6339637,0.34651423,Data Collection|Third-Party Sharing
531_archives.gov,0,Data Security|Other/Unclear,2,0.29567063,0.08692708,0.36624756,0.6316181,0.1684897,0.107835904,0.221091,Other/Unclear
531_archives.gov,1,Other/Unclear|User Control & Deletion,2,0.36402842,0.14673257,0.34372255,0.54655534,0.13791077,0.31897148,0.47326398,Other/Unclear
531_archives.gov,2,Data Collection|Data Security|Third-Party Sharing,2,0.661801,0.32665065,0.24726476,0.49745235,0.08906818,0.731651,0.28114685,Data Collection|Third-Party Sharing
531_archives.gov,3,Data Collection|Data Retention|Data Security|Other/Unclear|Third-Party Sharing,2,0.43806204,0.60480726,0.54475975,0.51138204,0.093405604,0.3792433,0.3166221,Data Retention|Data Security|Other/Unclear
531_archives.gov,4,Data Security|Other/Unclear,2,0.39759904,0.16671331,0.8199765,0.5534951,0.063795105,0.44275916,0.3053489,Data Security|Other/Unclear
531_archives.gov,5,Data Collection|Third-Party Sharing,2,0.47752544,0.2963233,0.20124936,0.38336486,0.11809327,0.55540365,0.33367217,Third-Party Sharing
531_archives.gov,6,Data Collection|Other/Unclear,2,0.8309495,0.40206832,0.14916524,0.32293504,0.06898257,0.47767106,0.3590213,Data Collection
531_archives.gov,7,Data Collection|Other/Unclear|Third-Party Sharing|User Control & Deletion,2,0.50376105,0.28298944,0.16284627,0.46592736,0.0925833,0.4083168,0.8194007,Data Collection|User Control & Deletion
531_archives.gov,8,Data Collection,2,0.6864073,0.14855005,0.2442431,0.3891095,0.11173935,0.32935676,0.20378433,Data Collection
531_archives.gov,9,Data Collection,2,0.5355518,0.25665432,0.2197922,0.3745464,0.16543928,0.3489575,0.49818048,Data Collection
531_archives.gov,10,Data Collection,2,0.58332133,0.11282386,0.15023251,0.5465184,0.11641831,0.35165206,0.3140979,Data Collection|Other/Unclear
531_archives.gov,11,Data Collection|Third-Party Sharing|User Control & Deletion,2,0.58520216,0.26357466,0.24296756,0.65673864,0.07283486,0.34997636,0.37990016,Data Collection|Other/Unclear
531_archives.gov,12,Other/Unclear,2,0.5538765,0.18759343,0.24379861,0.48604655,0.10309714,0.45739454,0.25283542,Data Collection
531_archives.gov,13,Data Collection|Other/Unclear|Third-Party Sharing,2,0.41070157,0.21442555,0.45626634,0.7272123,0.10347097,0.7951803,0.3355463,Other/Unclear|Third-Party Sharing
531_archives.gov,14,Other/Unclear,2,0.39861453,0.21663792,0.2923487,0.5805508,0.112488516,0.5280111,0.3159867,Other/Unclear|Third-Party Sharing
531_archives.gov,15,Other/Unclear,2,0.50097156,0.15742372,0.34671205,0.6354511,0.11080837,0.5666331,0.24505214,Data Collection|Other/Unclear|Third-Party Sharing
531_archives.gov,16,Other/Unclear|Third-Party Sharing,2,0.32699776,0.21792671,0.28387582,0.5337397,0.0756121,0.7523343,0.2533447,Other/Unclear|Third-Party Sharing
531_archives.gov,17,Data Collection|Data Retention|Data Security,2,0.43046948,0.3363083,0.54499674,0.4349379,0.1272573,0.6664564,0.31271732,Data Security|Third-Party Sharing
531_archives.gov,18,Data Retention|Other/Unclear|Third-Party Sharing,2,0.25508484,0.23317982,0.25597712,0.67323995,0.11910536,0.670714,0.1890768,Other/Unclear|Third-Party Sharing
531_archives.gov,19,Data Security|Other/Unclear|Third-Party Sharing,2,0.3467945,0.1551046,0.42008924,0.635807,0.114825025,0.5604363,0.20920008,Other/Unclear|Third-Party Sharing
531_archives.gov,20,Data Collection,2,0.8945145,0.65593463,0.22073516,0.23426218,0.07324163,0.15758061,0.24418877,Data Collection|Data Retention
531_archives.gov,21,Data Collection|Data Retention|Third-Party Sharing,2,0.72865635,0.53951764,0.29965913,0.40080085,0.0775204,0.53380984,0.22178563,Data Collection|Data Retention|Third-Party Sharing
531_archives.gov,22,Data Collection,2,0.85259765,0.41893697,0.23923251,0.2750298,0.044834334,0.43584305,0.37379688,Data Collection
531_archives.gov,23,Data Collection,2,0.7551809,0.37964484,0.16743645,0.41863647,0.20748138,0.28608018,0.295716,Data Collection
531_archives.gov,24,Other/Unclear|Third-Party Sharing|User Control & Deletion,2,0.5276422,0.14548339,0.27655664,0.6233235,0.13962933,0.33095947,0.60868686,Data Collection|Other/Unclear|User Control & Deletion
531_archives.gov,25,Other/Unclear,2,0.3690745,0.18625706,0.29577756,0.71881366,0.12160298,0.3442839,0.22779451,Other/Unclear
531_archives.gov,26,Other/Unclear,2,0.45625526,0.12817875,0.3920899,0.5469613,0.10298107,0.6061687,0.23384681,Other/Unclear|Third-Party Sharing
531_archives.gov,27,Data Security|Other/Unclear,2,0.41974926,0.25198445,0.40043738,0.698971,0.095544964,0.34085417,0.21254593,Other/Unclear
531_archives.gov,28,Other/Unclear|User Control & Deletion,2,0.24100457,0.2647393,0.28894958,0.6917291,0.10223422,0.597922,0.31008032,Other/Unclear|Third-Party Sharing
531_archives.gov,29,Other/Unclear,2,0.34211028,0.22950357,0.2573076,0.58992463,0.1291239,0.42771083,0.30819345,Other/Unclear
531_archives.gov,30,Data Security|Other/Unclear|Policy Change,2,0.20237608,0.18234213,0.23670512,0.6658677,0.3595479,0.31372434,0.3930922,Other/Unclear
531_archives.gov,31,Other/Unclear,2,0.39439672,0.21428233,0.24236664,0.56502455,0.16022657,0.569653,0.30418518,Other/Unclear|Third-Party Sharing
531_archives.gov,32,Other/Unclear,2,0.49990004,0.25543287,0.18700495,0.574946,0.11295436,0.39721024,0.48976418,Other/Unclear
531_archives.gov,33,Other/Unclear,2,0.33527946,0.2516315,0.27429357,0.63303024,0.18333188,0.2116856,0.24144295,Other/Unclear
531_archives.gov,34,Data Security|Other/Unclear,2,0.27675733,0.16485876,0.5209433,0.59468544,0.116515264,0.2464546,0.31838658,Data Security|Other/Unclear
531_archives.gov,35,Other/Unclear|User Control & Deletion,2,0.55979633,0.3077318,0.34211648,0.4895541,0.09028963,0.7369926,0.35970178,Data Collection|Third-Party Sharing
531_archives.gov,36,Other/Unclear,2,0.6589595,0.23032634,0.23597962,0.416888,0.15975893,0.39222088,0.2834888,Data Collection
531_archives.gov,37,Other/Unclear|User Control & Deletion,2,0.2993205,0.16385601,0.3018719,0.64601606,0.10792785,0.4947123,0.30043167,Other/Unclear
531_archives.gov,38,Data Collection|Other/Unclear,2,0.54739636,0.21364415,0.37153152,0.53850645,0.13459414,0.3728173,0.5410048,Data Collection|Other/Unclear|User Control & Deletion
531_archives.gov,39,Other/Unclear,2,0.30104446,0.3163447,0.22951253,0.72872484,0.10382911,0.36294353,0.55085814,Other/Unclear|User Control & Deletion
531_archives.gov,40,Other/Unclear,2,0.34476203,0.25869817,0.225091,0.68739474,0.16300659,0.3002083,0.42011744,Other/Unclear
531_archives.gov,41,Other/Unclear,2,0.3912643,0.33890218,0.42118558,0.6796051,0.12158124,0.3958932,0.3095702,Other/Unclear
531_archives.gov,42,Data Collection|Other/Unclear,2,0.295159,0.2379749,0.17828202,0.49530268,0.21085198,0.3133451,0.44976088,
531_archives.gov,43,Other/Unclear,2,0.44515046,0.28860918,0.28583,0.48893964,0.11842384,0.25473976,0.30449495,
531_archives.gov,44,Other/Unclear,2,0.3782435,0.2570383,0.45334128,0.4138661,0.20017816,0.26877525,0.3936368,
531_archives.gov,45,Data Security|Other/Unclear,2,0.41938588,0.15155958,0.32623956,0.53332,0.2685353,0.28032407,0.21793503,Other/Unclear
531_archives.gov,46,Other/Unclear,2,0.2525434,0.21132559,0.44397095,0.6974821,0.08355399,0.43318832,0.2612426,Other/Unclear
531_archives.gov,47,Other/Unclear,2,0.41275024,0.19442308,0.2534092,0.5824685,0.13493653,0.2480427,0.28210646,Other/Unclear
531_archives.gov,48,Other/Unclear,2,0.53557086,0.2855745,0.31371123,0.58714265,0.13169579,0.42744786,0.3487026,Data Collection|Other/Unclear
531_archives.gov,49,Other/Unclear,2,0.2595223,0.34261248,0.1636728,0.79455775,0.11102536,0.16823095,0.48947048,Other/Unclear
531_archives.gov,50,Data Security|Other/Unclear,2,0.578087,0.36170602,0.61477184,0.48528692,0.08734569,0.28498596,0.2242814,Data Collection|Data Security
531_archives.gov,51,Data Security|Third-Party Sharing|User Control & Deletion,2,0.37349913,0.19462693,0.7440839,0.38503328,0.11702084,0.45692062,0.15416765,Data Security
559_www.loc.gov,0,Data Collection|Data Security|Other/Unclear|Third-Party Sharing,2,0.33579773,0.22004382,0.5398916,0.57382566,0.12510812,0.6459653,0.22986336,Data Security|Other/Unclear|Third-Party Sharing
559_www.loc.gov,1,Other/Unclear,2,0.38830718,0.16095334,0.27005428,0.8214436,0.10626378,0.17228466,0.2016724,Other/Unclear
559_www.loc.gov,2,Data Collection|Other/Unclear,2,0.6958646,0.24296948,0.23972522,0.5042407,0.07948606,0.25528163,0.23422398,Data Collection|Other/Unclear
559_www.loc.gov,3,Data Security,2,0.2339072,0.13204591,0.81639177,0.3718211,0.10807852,0.337108,0.26134408,Data Security
559_www.loc.gov,4,Data Collection,2,0.84807914,0.35541344,0.19689137,0.21843539,0.07812732,0.2554267,0.22476478,Data Collection
559_www.loc.gov,5,Data Collection,2,0.82067394,0.21686333,0.17558007,0.4243961,0.08672428,0.25384808,0.152439,Data Collection
559_www.loc.gov,6,Data Collection,2,0.5443141,0.114120424,0.104209155,0.25843075,0.12567988,0.17776285,0.8794275,Data Collection|User Control & Deletion
559_www.loc.gov,7,Data Collection|Data Retention,2,0.695346,0.260733,0.3863762,0.36150107,0.09769485,0.42752224,0.1656497,Data Collection
559_www.loc.gov,8,Data Collection|User Control & Deletion,2,0.6205087,0.24744502,0.106824376,0.44071707,0.08279862,0.3380165,0.88779986,Data Collection|User Control & Deletion
559_www.loc.gov,9,Data Collection|Other/Unclear,2,0.7940378,0.27483955,0.21953541,0.29240718,0.04451906,0.40655613,0.36570472,Data Collection
559_www.loc.gov,10,Data Collection,2,0.8811949,0.26776487,0.19279242,0.24091126,0.07581908,0.41492578,0.26584288,Data Collection
559_www.loc.gov,11,Data Collection,2,0.7865651,0.2436393,0.22790815,0.25784838,0.07148882,0.26326343,0.25440603,Data Collection
559_www.loc.gov,12,Data Collection|Other/Unclear|User Control & Deletion,2,0.6412196,0.42285296,0.28857893,0.30581528,0.15116653,0.48716065,0.7078022,Data Collection|User Control & Deletion
559_www.loc.gov,13,Other/Unclear|Third-Party Sharing,2,0.47044808,0.19259934,0.3029265,0.43676275,0.09342816,0.744442,0.28203842,Third-Party Sharing
559_www.loc.gov,14,Other/Unclear,2,0.13222696,0.059550572,0.25013953,0.92714965,0.26973352,0.18254401,0.1434281,Other/Unclear
559_www.loc.gov,15,Data Collection|Data Retention|Other/Unclear,2,0.82778156,0.69804215,0.32334375,0.30138505,0.10977927,0.60807014,0.41519335,Data Collection|Data Retention|Third-Party Sharing
559_www.loc.gov,16,Other/Unclear,2,0.38652763,0.45059845,0.19064188,0.7345933,0.18399589,0.22895661,0.35943177,Other/Unclear
559_www.loc.gov,17,Other/Unclear|Third-Party Sharing,2,0.261284,0.18958196,0.32114562,0.5836524,0.09463147,0.36329135,0.19075109,Other/Unclear
559_www.loc.gov,18,Other/Unclear|User Control & Deletion,2,0.3140986,0.18577538,0.15102872,0.90943235,0.07197375,0.13792162,0.25003493,Other/Unclear
559_www.loc.gov,19,Other/Unclear,2,0.4024142,0.19610932,0.31634483,0.64998525,0.12295345,0.44677976,0.30883962,Other/Unclear
559_www.loc.gov,20,Data Collection|Third-Party Sharing,2,0.7212741,0.10673558,0.24668327,0.35366005,0.07151117,0.449255,0.18222247,Data Collection
559_www.loc.gov,21,Data Collection|Other/Unclear|Third-Party Sharing,2,0.5428523,0.28832662,0.20702408,0.39864874,0.12334552,0.36635536,0.6980615,Data Collection|User Control & Deletion
559_www.loc.gov,22,Other/Unclear,2,0.46541432,0.22517465,0.16707323,0.46598297,0.12816688,0.2173951,0.5456243,User Control & Deletion
559_www.loc.gov,23,Other/Unclear,2,0.2712499,0.09788046,0.17253676,0.6744533,0.51445013,0.20933755,0.19387336,Other/Unclear|Policy Change
581_coffeereview.com,0,Other/Unclear,1,0.18162408,0.10412905,0.52754813,0.8763811,0.24139716,0.14236584,0.18488656,Data Security|Other/Unclear
581_coffeereview.com,1,Data Collection,1,0.9281496,0.2194597,0.113587506,0.15223467,0.0696262,0.23220202,0.108237,Data Collection
581_coffeereview.com,2,Data Collection,1,0.68621653,0.15891616,0.20270708,0.31953192,0.10254256,0.17206714,0.5513916,Data Collection|User Control & Deletion
581_coffeereview.com,3,Data Collection,1,0.7425365,0.28067386,0.2734375,0.4088201,0.09923716,0.21827726,0.25420502,Data Collection
581_coffeereview.com,4,Data Collection|User Control & Deletion,1,0.4366927,0.1970339,0.13450727,0.5284638,0.18749857,0.24101628,0.6611042,Other/Unclear|User Control & Deletion
581_coffeereview.com,5,Data Collection|User Control & Deletion,1,0.79365265,0.36246037,0.25810492,0.3249103,0.05948625,0.24323896,0.45737588,Data Collection
581_coffeereview.com,6,Data Collection|Third-Party Sharing|User Control & Deletion,1,0.75834984,0.14007914,0.14404483,0.2680717,0.07559886,0.2714384,0.39165092,Data Collection
581_coffeereview.com,7,Data Collection,1,0.64267886,0.27193072,0.18186048,0.54154205,0.06389682,0.38737884,0.16997963,Data Collection|Other/Unclear
581_coffeereview.com,8,Data Collection|Other/Unclear|Third-Party Sharing,1,0.41822168,0.13954508,0.27876577,0.49733925,0.09890047,0.7983118,0.2302568,Third-Party Sharing
581_coffeereview.com,9,Third-Party Sharing,1,0.3626943,0.1379422,0.2945371,0.29964775,0.11195079,0.61935824,0.13020469,Third-Party Sharing
581_coffeereview.com,10,Third-Party Sharing,1,0.30363625,0.2375097,0.22578152,0.3804032,0.124019355,0.6427579,0.27350304,Third-Party Sharing
581_coffeereview.com,11,Data Collection|Third-Party Sharing,1,0.3321654,0.141656,0.21765481,0.3162109,0.10678989,0.849397,0.14173469,Third-Party Sharing
581_coffeereview.com,12,Data Collection,1,0.8926413,0.2956525,0.13311489,0.23254584,0.06025874,0.28844175,0.1595648,Data Collection
581_coffeereview.com,13,Data Collection|Third-Party Sharing,1,0.60706425,0.21479666,0.28103262,0.5189203,0.0912734,0.6263586,0.17155185,Data Collection|Other/Unclear|Third-Party Sharing
581_coffeereview.com,14,Data Collection|Third-Party Sharing,1,0.60636234,0.29121235,0.16832107,0.3998395,0.10759037,0.81526685,0.2186851,Data Collection|Third-Party Sharing
581_coffeereview.com,15,Other/Unclear,1,0.2211874,0.058134366,0.39895886,0.95231944,0.15824924,0.09529381,0.16888706,Other/Unclear
586_cariboucoffee.com,0,Other/Unclear,1,0.11370298,0.06544228,0.37285858,0.86482626,0.19555846,0.10332967,0.2928499,Other/Unclear
586_cariboucoffee.com,1,Other/Unclear,1,0.15027276,0.063439064,0.22678535,0.83709604,0.31197545,0.13591872,0.17845494,Other/Unclear
586_cariboucoffee.com,2,Data Collection|Data Security|Other/Unclear,1,0.575373,0.11622346,0.3123549,0.72859704,0.3013069,0.3064696,0.24254851,Data Collection|Other/Unclear
586_cariboucoffee.com,3,Policy Change|User Control & Deletion,1,0.26775137,0.1498278,0.20867781,0.50682026,0.95817345,0.1173572,0.32539257,Other/Unclear|Policy Change
586_cariboucoffee.com,4,Other/Unclear|Policy Change|User Control & Deletion,1,0.2266711,0.1055461,0.23668887,0.50853074,0.7219008,0.16504122,0.36038956,Other/Unclear|Policy Change
586_cariboucoffee.com,5,Data Collection|Other/Unclear,1,0.91397303,0.30050215,0.20219044,0.26971963,0.12779608,0.16694261,0.21926406,Data Collection
586_cariboucoffee.com,6,Data Collection|Other/Unclear|Third-Party Sharing,1,0.5540528,0.21730787,0.2653575,0.47495043,0.10949502,0.8122728,0.22765012,Data Collection|Third-Party Sharing
586_cariboucoffee.com,7,Third-Party Sharing,1,0.30448005,0.20521198,0.424253,0.3834095,0.09768497,0.8148206,0.21089934,Third-Party Sharing
586_cariboucoffee.com,8,Data Security|Other/Unclear,1,0.25843775,0.21338703,0.77167374,0.5803549,0.1019138,0.6900267,0.39773056,Data Security|Other/Unclear|Third-Party Sharing
586_cariboucoffee.com,9,Data Security,1,0.2327089,0.16831273,0.5479514,0.5693767,0.19127133,0.48463437,0.21632768,Data Security|Other/Unclear
586_cariboucoffee.com,10,Data Collection|Third-Party Sharing,1,0.67042875,0.5454157,0.76252604,0.25924268,0.044632114,0.6932615,0.18720482,Data Collection|Data Retention|Data Security|Third-Party Sharing
586_cariboucoffee.com,11,Data Collection,1,0.74715936,0.38141757,0.3565058,0.27751017,0.07565931,0.3201653,0.23179862,Data Collection
586_cariboucoffee.com,12,Data Collection|Third-Party Sharing,1,0.74783486,0.3066264,0.2971831,0.4493383,0.061024413,0.55622536,0.41113088,Data Collection|Third-Party Sharing
586_cariboucoffee.com,13,Data Retention|Third-Party Sharing|User Control & Deletion,1,0.4565667,0.62014085,0.37177685,0.4454025,0.101571165,0.4619898,0.44688174,Data Retention
586_cariboucoffee.com,14,Third-Party Sharing,1,0.39922854,0.29107827,0.25278574,0.24096313,0.0594721,0.85294676,0.1471311,Third-Party Sharing
586_cariboucoffee.com,15,Data Collection,1,0.88404125,0.38621265,0.1485448,0.21988545,0.08454204,0.11175881,0.16619083,Data Collection
586_cariboucoffee.com,16,Data Collection,1,0.8205981,0.11541841,0.16320202,0.25345126,0.093437,0.37118205,0.22207393,Data Collection
586_cariboucoffee.com,17,Data Collection|Other/Unclear,1,0.87423855,0.23886617,0.15373957,0.33816078,0.06595736,0.32967654,0.2779101,Data Collection
586_cariboucoffee.com,18,User Control & Deletion,1,0.6056392,0.24575545,0.18332621,0.41251832,0.08259599,0.2631536,0.9123741,Data Collection|User Control & Deletion
586_cariboucoffee.com,19,Data Collection|Other/Unclear|Third-Party Sharing,1,0.58062774,0.103797115,0.21507372,0.39762142,0.09920546,0.6069122,0.34174716,Data Collection|Third-Party Sharing
586_cariboucoffee.com,20,Data Collection|Third-Party Sharing|User Control & Deletion,1,0.6571819,0.131506,0.20294107,0.6097368,0.04041869,0.48218036,0.59447354,Data Collection|Other/Unclear|User Control & Deletion
586_cariboucoffee.com,21,Data Security,1,0.2837877,0.24090894,0.9199277,0.2899573,0.07713403,0.24191889,0.1255842,Data Security
586_cariboucoffee.com,22,Data Security|Other/Unclear,1,0.38223234,0.12736435,0.849816,0.22835666,0.07398973,0.4228681,0.21778184,Data Security
586_cariboucoffee.com,23,Other/Unclear|User Control & Deletion,1,0.46597236,0.22066806,0.13570912,0.45854142,0.1082007,0.24547237,0.8000765,User Control & Deletion
586_cariboucoffee.com,24,Data Collection|Other/Unclear|User Control & Deletion,1,0.5272284,0.18580304,0.27118143,0.5504652,0.13487178,0.35400844,0.5454472,Data Collection|Other/Unclear|User Control & Deletion
586_cariboucoffee.com,25,Other/Unclear,1,0.398265,0.13755219,0.29832917,0.8720955,0.11382485,0.1424883,0.19094093,Other/Unclear
586_cariboucoffee.com,26,User Control & Deletion,1,0.29752517,0.22471656,0.30340767,0.4080429,0.17638487,0.18454689,0.66408944,User Control & Deletion
586_cariboucoffee.com,27,Other/Unclear,1,0.2330633,0.0924199,0.25016662,0.8252443,0.1671562,0.21037583,0.22449045,Other/Unclear
586_cariboucoffee.com,28,Data Collection,1,0.53055245,0.20397986,0.27416027,0.6613087,0.12332479,0.3589979,0.25176632,Data Collection|Other/Unclear
586_cariboucoffee.com,29,Other/Unclear,1,0.23583102,0.13002862,0.28026685,0.73595345,0.06390213,0.5697556,0.1523698,Other/Unclear|Third-Party Sharing
586_cariboucoffee.com,30,Other/Unclear,1,0.19515088,0.09703956,0.16227761,0.81704885,0.12723298,0.24273823,0.3717768,Other/Unclear
586_cariboucoffee.com,31,User Control & Deletion,1,0.42180485,0.18412054,0.18676013,0.5368596,0.1504734,0.30384135,0.6925618,Other/Unclear|User Control & Deletion
586_cariboucoffee.com,32,Data Security|Other/Unclear|Third-Party Sharing,1,0.6139181,0.14287995,0.22981954,0.3760623,0.049326774,0.40708482,0.22063911,Data Collection
586_cariboucoffee.com,33,Other/Unclear,1,0.50248075,0.081480145,0.116047435,0.7752458,0.28654873,0.15300947,0.12248333,Data Collection|Other/Unclear
58_esquire.com,0,Other/Unclear|Policy Change,0,0.08032543,0.05927397,0.137309,0.9092418,0.9560127,0.08159089,0.100716956,Other/Unclear|Policy Change
58_esquire.com,1,Data Collection|Other/Unclear|Third-Party Sharing,0,0.5682229,0.30977672,0.19216123,0.72326994,0.26116788,0.4437858,0.33165276,Data Collection|Other/Unclear
58_esquire.com,2,Other/Unclear,0,0.2090643,0.10102558,0.21687321,0.92183757,0.24653237,0.24766108,0.15353326,Other/Unclear
58_esquire.com,3,Other/Unclear,0,0.3678898,0.1376008,0.25761825,0.76119727,0.12606825,0.5705361,0.1816939,Other/Unclear|Third-Party Sharing
58_esquire.com,4,Data Collection|Other/Unclear|Third-Party Sharing,0,0.2747162,0.1782067,0.13298018,0.5865533,0.17029968,0.33800763,0.51103234,Other/Unclear|User Control & Deletion
58_esquire.com,5,Other/Unclear,0,0.25875607,0.104501575,0.1475865,0.7508829,0.45301688,0.35766315,0.3215298,Other/Unclear
58_esquire.com,6,Data Collection|Third-Party Sharing,0,0.92013144,0.36500803,0.14945553,0.28990507,0.064672455,0.5178486,0.43350044,Data Collection|Third-Party Sharing
58_esquire.com,7,Data Collection|Third-Party Sharing,0,0.906426,0.22120413,0.13145374,0.31492347,0.03752679,0.92855775,0.194135,Data Collection|Third-Party Sharing
58_esquire.com,8,Other/Unclear|Third-Party Sharing,0,0.44349417,0.13190335,0.23684418,0.541493,0.07841285,0.8565555,0.36969653,Other/Unclear|Third-Party Sharing
58_esquire.com,9,Other/Unclear|User Control & Deletion,0,0.622866,0.17702796,0.10708261,0.45480418,0.05961523,0.3709224,0.87982875,Data Collection|User Control & Deletion
58_esquire.com,10,Data Collection,0,0.7682936,0.15134823,0.15147197,0.36135483,0.06600021,0.4132072,0.28684056,Data Collection
58_esquire.com,11,Data Collection,0,0.8993442,0.3707146,0.28660682,0.19927861,0.074201755,0.5685102,0.09124748,Data Collection|Third-Party Sharing
58_esquire.com,12,Data Collection|Third-Party Sharing,0,0.77906984,0.19099882,0.18959282,0.25486875,0.16173871,0.49448994,0.36758754,Data Collection
58_esquire.com,13,Data Collection|Other/Unclear,0,0.27970538,0.093997486,0.22999093,0.61589164,0.13443081,0.56143063,0.18989116,Other/Unclear|Third-Party Sharing
58_esquire.com,14,Other/Unclear,0,0.33734602,0.18111323,0.18470046,0.81877005,0.09586499,0.23873141,0.54725164,Other/Unclear|User Control & Deletion
58_esquire.com,15,Other/Unclear,0,0.6241633,0.17663483,0.17099507,0.55489725,0.090711825,0.22719789,0.33881527,Data Collection|Other/Unclear
58_esquire.com,16,Data Collection,0,0.9365158,0.19934866,0.11295005,0.18201195,0.1627095,0.47953284,0.30496457,Data Collection
58_esquire.com,17,Data Collection|Other/Unclear,0,0.713083,0.15112913,0.18418334,0.40366325,0.06515629,0.5358622,0.22583781,Data Collection|Third-Party Sharing
58_esquire.com,18,Data Collection|Data Retention|Other/Unclear|User Control & Deletion,0,0.68219984,0.72187895,0.3276168,0.42199817,0.101479605,0.4511161,0.77050805,Data Collection|Data Retention|User Control & Deletion
58_esquire.com,19,Data Collection|Other/Unclear,0,0.8300951,0.16000023,0.18301082,0.3333147,0.061488565,0.6504009,0.37827873,Data Collection|Third-Party Sharing
58_esquire.com,20,Data Collection|Other/Unclear|Third-Party Sharing,0,0.7531827,0.37785265,0.21907027,0.31141642,0.08699681,0.76117206,0.21824118,Data Collection|Third-Party Sharing
58_esquire.com,21,Other/Unclear|Third-Party Sharing,0,0.26044023,0.25269416,0.19991006,0.35664663,0.09166534,0.8561657,0.46062633,Third-Party Sharing
58_esquire.com,22,Data Security|Third-Party Sharing,0,0.48744005,0.29930675,0.70633364,0.32438666,0.10079384,0.8171503,0.35221896,Data Security|Third-Party Sharing
58_esquire.com,23,Other/Unclear|Third-Party Sharing|User Control & Deletion,0,0.4300535,0.20926946,0.24117696,0.74518824,0.14147615,0.8923355,0.637735,Other/Unclear|Third-Party Sharing|User Control & Deletion
58_esquire.com,24,Third-Party Sharing,0,0.4120019,0.25015643,0.2806637,0.5380004,0.07723525,0.3851227,0.31362787,Other/Unclear
58_esquire.com,25,Third-Party Sharing,0,0.34071386,0.25082517,0.3199491,0.5629513,0.088500984,0.4079046,0.21466817,Other/Unclear
58_esquire.com,26,Third-Party Sharing|User Control & Deletion,0,0.40799764,0.16463366,0.15916659,0.53545123,0.0664495,0.54383254,0.5935533,Other/Unclear|Third-Party Sharing|User Control & Deletion
58_esquire.com,27,Third-Party Sharing,0,0.47452557,0.15651885,0.2684272,0.40076086,0.097131446,0.66062176,0.27183306,Third-Party Sharing
58_esquire.com,28,Third-Party Sharing,0,0.59365284,0.15053707,0.25093547,0.48462963,0.07058233,0.76572907,0.3565651,Data Collection|Third-Party Sharing
58_esquire.com,29,Third-Party Sharing,0,0.24876282,0.12108271,0.21279189,0.33165202,0.09239599,0.6344637,0.17906141,Third-Party Sharing
58_esquire.com,30,Third-Party Sharing,0,0.38058698,0.18249202,0.14476092,0.47165152,0.17291729,0.71998197,0.29489625,Third-Party Sharing
58_esquire.com,31,Data Collection|Other/Unclear|Third-Party Sharing,0,0.45905986,0.27156073,0.18094009,0.44868848,0.22162387,0.716489,0.3891381,Third-Party Sharing
58_esquire.com,32,Data Collection|Other/Unclear|Third-Party Sharing,0,0.322132,0.16648495,0.3046707,0.57404685,0.16368778,0.8937519,0.5184082,Other/Unclear|Third-Party Sharing|User Control & Deletion
58_esquire.com,33,Data Collection|Third-Party Sharing,0,0.68865854,0.06016266,0.14847152,0.47630954,0.05622574,0.86779195,0.28515947,Data Collection|Third-Party Sharing
58_esquire.com,34,Other/Unclear|Third-Party Sharing,0,0.45226017,0.16762573,0.27651203,0.64933175,0.054478955,0.7651325,0.54526454,Other/Unclear|Third-Party Sharing|User Control & Deletion
58_esquire.com,35,Other/Unclear|Third-Party Sharing|User Control & Deletion,0,0.5896181,0.16268101,0.100774184,0.32830092,0.08892465,0.60843116,0.6580124,Data Collection|Third-Party Sharing|User Control & Deletion
58_esquire.com,36,Other/Unclear|User Control & Deletion,0,0.09838682,0.13637061,0.17826349,0.85936433,0.05191398,0.5419342,0.8507571,Other/Unclear|Third-Party Sharing|User Control & Deletion
58_esquire.com,37,User Control & Deletion,0,0.5271159,0.15158932,0.10077875,0.39648807,0.07156887,0.37111637,0.86618876,Data Collection|User Control & Deletion
58_esquire.com,38,Other/Unclear|User Control & Deletion,0,0.40047207,0.13552636,0.102532536,0.3773122,0.13010289,0.33658051,0.87171966,User Control & Deletion
58_esquire.com,39,Other/Unclear|Third-Party Sharing|User Control & Deletion,0,0.21921664,0.10590201,0.12789506,0.4687608,0.113005646,0.7135198,0.9024476,Third-Party Sharing|User Control & Deletion
58_esquire.com,40,Other/Unclear,0,0.48584884,0.20375894,0.13062702,0.40945262,0.09614845,0.7805637,0.6425685,Third-Party Sharing|User Control & Deletion
58_esquire.com,41,User Control & Deletion,0,0.4748413,0.08424758,0.16453204,0.41590664,0.108686164,0.21248803,0.6550219,User Control & Deletion
58_esquire.com,42,Data Collection|Other/Unclear|Third-Party Sharing|User Control & Deletion,0,0.6866088,0.24540524,0.21596749,0.5028237,0.1552418,0.49142617,0.55210096,Data Collection|Other/Unclear|User Control & Deletion
58_esquire.com,43,Data Security,0,0.24090183,0.1726116,0.9616781,0.26156095,0.05185234,0.17898922,0.2691222,Data Security
58_esquire.com,44,Other/Unclear|User Control & Deletion,0,0.3230848,0.33970293,0.20771539,0.80924255,0.101082675,0.26014516,0.5625584,Other/Unclear|User Control & Deletion
58_esquire.com,45,Other/Unclear,0,0.2517289,0.25407603,0.22935091,0.7911907,0.1103522,0.37070566,0.50023216,Other/Unclear|User Control & Deletion
58_esquire.com,46,Other/Unclear|Policy Change,0,0.13196512,0.111907355,0.15299256,0.51119405,0.98929316,0.13591477,0.22323845,Other/Unclear|Policy Change
591_google.com,0,Other/Unclear|User Control & Deletion,1,0.32959586,0.10402628,0.61755776,0.68889207,0.25986314,0.17297879,0.31274354,Data Security|Other/Unclear
591_google.com,1,Other/Unclear|Policy Change,1,0.113534585,0.08617555,0.15871026,0.8519469,0.6930881,0.13066804,0.15203823,Other/Unclear|Policy Change
591_google.com,2,Data Collection|Other/Unclear,1,0.6376807,0.11787292,0.22246714,0.3890851,0.078931116,0.6570255,0.27104676,Data Collection|Third-Party Sharing
591_google.com,3,Other/Unclear,1,0.43542245,0.14267442,0.2601451,0.6744009,0.26274315,0.11768899,0.2948266,Other/Unclear
591_google.com,4,Data Collection|Other/Unclear,1,0.34984365,0.2324744,0.21042892,0.7241211,0.21897478,0.20424215,0.46031943,Other/Unclear
591_google.com,5,Data Collection,1,0.7065431,0.15119456,0.17777178,0.3794478,0.09850222,0.32124776,0.29604414,Data Collection
591_google.com,6,Data Collection,1,0.7989842,0.32406387,0.109159194,0.25491112,0.053284597,0.41805995,0.5330796,Data Collection|User Control & Deletion
591_google.com,7,Data Collection,1,0.85810316,0.11820841,0.17218098,0.3681092,0.10543436,0.5040304,0.21252832,Data Collection|Third-Party Sharing
591_google.com,8,Data Collection|Other/Unclear,1,0.82529366,0.15188591,0.19184557,0.25327256,0.057199758,0.26427847,0.24951479,Data Collection
591_google.com,9,Data Collection,1,0.9069665,0.32702273,0.10974788,0.18176945,0.06362309,0.32398716,0.28159025,Data Collection
591_google.com,10,Data Collection,1,0.9085321,0.12842295,0.12491787,0.16589367,0.04515915,0.57566285,0.10604181,Data Collection|Third-Party Sharing
591_google.com,11,Data Collection,1,0.7777978,0.26107025,0.21487983,0.18563807,0.070168845,0.36510563,0.22548875,Data Collection
591_google.com,12,Data Collection|Other/Unclear,1,0.76961577,0.24133433,0.2704119,0.37916335,0.056697197,0.42650855,0.2732038,Data Collection
591_google.com,13,Data Collection|Other/Unclear|Third-Party Sharing,1,0.86755985,0.15710816,0.14974971,0.24338512,0.06878512,0.8188848,0.18876472,Data Collection|Third-Party Sharing
591_google.com,14,Data Collection|Other/Unclear|User Control & Deletion,1,0.5844865,0.48197237,0.22030094,0.5567002,0.11043112,0.305392,0.58857065,Data Collection|Other/Unclear|User Control & Deletion
591_google.com,15,Data Collection,1,0.8605987,0.13999452,0.31331134,0.17011797,0.12191334,0.42805603,0.1473039,Data Collection
591_google.com,16,Data Collection|Third-Party Sharing,1,0.73978263,0.3648309,0.09301569,0.3189977,0.07507477,0.6682025,0.44665864,Data Collection|Third-Party Sharing
591_google.com,17,Data Collection|Third-Party Sharing,1,0.40701276,0.24144386,0.12791744,0.40641364,0.092792444,0.6664921,0.6392479,Third-Party Sharing|User Control & Deletion
591_google.com,18,Data Collection,1,0.7676784,0.32389972,0.121073805,0.18045324,0.17407198,0.35550457,0.25599688,Data Collection
591_google.com,19,Data Collection|Other/Unclear,1,0.8286347,0.20355865,0.17378376,0.25700292,0.0937895,0.6319154,0.31968945,Data Collection|Third-Party Sharing
591_google.com,20,Data Collection,1,0.72409296,0.12565745,0.20949084,0.29754463,0.07170203,0.4270595,0.30258197,Data Collection
591_google.com,21,Data Collection|Other/Unclear|User Control & Deletion,1,0.6032255,0.19365449,0.15766054,0.31562194,0.06517466,0.7002854,0.40902498,Data Collection|Third-Party Sharing
591_google.com,22,User Control & Deletion,1,0.25434083,0.2556067,0.38292453,0.71539277,0.24778134,0.28835222,0.36861885,Other/Unclear
591_google.com,23,Data Collection|Other/Unclear,1,0.32274705,0.1892216,0.28149074,0.4781371,0.0775275,0.32211226,0.24208859,
591_google.com,24,Other/Unclear|User Control & Deletion,1,0.6214089,0.24858047,0.1276687,0.37657166,0.07323035,0.41999483,0.8172854,Data Collection|User Control & Deletion
591_google.com,25,User Control & Deletion,1,0.71635354,0.1923844,0.18638706,0.40557006,0.057187043,0.49496743,0.5561988,Data Collection|User Control & Deletion
591_google.com,26,Other/Unclear|Third-Party Sharing,1,0.5137569,0.13582191,0.17187658,0.37942833,0.053500433,0.8141398,0.28236023,Data Collection|Third-Party Sharing
591_google.com,27,Data Retention|Data Security|Other/Unclear|User Control & Deletion,1,0.5119072,0.4710385,0.37980592,0.34212282,0.067373276,0.2655489,0.53473556,Data Collection|User Control & Deletion
591_google.com,28,Other/Unclear|User Control & Deletion,1,0.2906957,0.17181803,0.22683781,0.5976389,0.09768128,0.25483114,0.24743277,Other/Unclear
591_google.com,29,Data Retention|Other/Unclear|User Control & Deletion,1,0.5601257,0.5861434,0.34983304,0.438797,0.09250812,0.37156656,0.52480555,Data Collection|Data Retention|User Control & Deletion
591_google.com,30,Other/Unclear|Third-Party Sharing,1,0.23351718,0.1268173,0.34126952,0.62003946,0.084934026,0.7968633,0.2128954,Other/Unclear|Third-Party Sharing
591_google.com,31,Third-Party Sharing|User Control & Deletion,1,0.18054855,0.10934738,0.30201155,0.47399464,0.10860553,0.75553614,0.5667817,Third-Party Sharing|User Control & Deletion
591_google.com,32,Third-Party Sharing,1,0.26006308,0.44750097,0.23968981,0.47899318,0.11249146,0.38241044,0.7197366,User Control & Deletion
591_google.com,33,Data Security|Third-Party Sharing,1,0.23329084,0.15937397,0.683632,0.521054,0.17032616,0.34945536,0.13787031,Data Security|Other/Unclear
591_google.com,34,Third-Party Sharing,1,0.31152445,0.35343742,0.3226829,0.15968339,0.092255846,0.82543325,0.13781875,Third-Party Sharing
591_google.com,35,Third-Party Sharing,1,0.46854162,0.09055997,0.093758546,0.23216994,0.056981467,0.9180923,0.17171074,Third-Party Sharing
591_google.com,36,Policy Change|Third-Party Sharing,1,0.13296355,0.13334912,0.40301797,0.65830964,0.21101673,0.4842764,0.21151225,Other/Unclear
591_google.com,37,Data Security,1,0.27943492,0.23909137,0.9125393,0.32304108,0.07180129,0.42346612,0.1964377,Data Security
591_google.com,38,Other/Unclear,1,0.19891289,0.07855092,0.26797315,0.83672184,0.4318559,0.27889958,0.14560448,Other/Unclear
591_google.com,39,Other/Unclear,1,0.49457923,0.05839772,0.27230373,0.6966174,0.14631566,0.5907299,0.09613061,Other/Unclear|Third-Party Sharing
591_google.com,40,Data Security|Other/Unclear,1,0.21269703,0.15770581,0.55385244,0.6213018,0.15006724,0.3705512,0.1511766,Data Security|Other/Unclear
591_google.com,41,Other/Unclear|Policy Change,1,0.15827823,0.19615346,0.13920563,0.42917404,0.9292313,0.17072849,0.24998616,Policy Change
591_google.com,42,Other/Unclear,1,0.5085263,0.06767561,0.17628479,0.67858225,0.18787172,0.26262084,0.3378053,Data Collection|Other/Unclear
591_google.com,43,Other/Unclear,1,0.36834896,0.097694926,0.21041986,0.7407477,0.111719854,0.3082756,0.54618263,Other/Unclear|User Control & Deletion
591_google.com,44,Other/Unclear,1,0.43586135,0.08198397,0.5832044,0.64584017,0.087606795,0.37267128,0.15261294,Data Security|Other/Unclear
59_liquor.com,0,Other/Unclear,4,0.32645652,0.15261385,0.38590243,0.7705775,0.29347935,0.15415569,0.20483771,Other/Unclear
59_liquor.com,1,Data Collection|Third-Party Sharing,4,0.69545984,0.2307322,0.2196569,0.33343115,0.06861856,0.77316964,0.39831513,Data Collection|Third-Party Sharing
59_liquor.com,2,Data Collection|Third-Party Sharing,4,0.8938357,0.27211323,0.16190973,0.14878455,0.07263618,0.886924,0.26155326,Data Collection|Third-Party Sharing
59_liquor.com,3,Data Collection,4,0.8263903,0.20716609,0.17746422,0.40025562,0.062175967,0.5309955,0.24597073,Data Collection|Third-Party Sharing
59_liquor.com,4,User Control & Deletion,4,0.33687025,0.28284135,0.23948392,0.38651428,0.18011016,0.236958,0.844873,User Control & Deletion
59_liquor.com,5,User Control & Deletion,4,0.5356429,0.17675702,0.113300115,0.4488143,0.1676534,0.19907232,0.78135777,Data Collection|User Control & Deletion
59_liquor.com,6,Third-Party Sharing,4,0.6651656,0.10237911,0.26585686,0.43032625,0.07566026,0.7578642,0.3001232,Data Collection|Third-Party Sharing
59_liquor.com,7,Data Collection|Other/Unclear|Third-Party Sharing,4,0.56735003,0.14976163,0.25788492,0.5292243,0.07908957,0.5829923,0.6377509,Data Collection|Other/Unclear|Third-Party Sharing|User Control & Deletion
59_liquor.com,8,Data Collection,4,0.85540855,0.25777313,0.16327529,0.16855922,0.0878109,0.26902267,0.12595189,Data Collection
59_liquor.com,9,Other/Unclear,4,0.30648106,0.1570643,0.19010235,0.82564527,0.13041401,0.18067665,0.29276755,Other/Unclear
59_liquor.com,10,Other/Unclear|Third-Party Sharing,4,0.2233863,0.16732645,0.403546,0.81612957,0.07760737,0.553671,0.21642181,Other/Unclear|Third-Party Sharing
59_liquor.com,11,Data Security,4,0.2913239,0.2761381,0.5705273,0.5122217,0.10635289,0.22419938,0.30308327,Data Security|Other/Unclear
59_liquor.com,12,Other/Unclear|Policy Change,4,0.08514557,0.14321882,0.17023234,0.73145235,0.9423816,0.087140106,0.40677762,Other/Unclear|Policy Change
627_dairyqueen.com,0,Other/Unclear|Policy Change|User Control & Deletion,4,0.13738044,0.09238407,0.22303496,0.76488346,0.8622047,0.14108652,0.50602865,Other/Unclear|Policy Change|User Control & Deletion
627_dairyqueen.com,1,Data Collection|Other/Unclear,4,0.756901,0.1322096,0.18767373,0.5749912,0.13553691,0.16901946,0.17529593,Data Collection|Other/Unclear
627_dairyqueen.com,2,Data Collection|User Control & Deletion,4,0.7403702,0.29096305,0.12413484,0.2659702,0.11441606,0.3124962,0.5312733,Data Collection|User Control & Deletion
627_dairyqueen.com,3,Other/Unclear|Third-Party Sharing,4,0.333963,0.19057223,0.3138717,0.7851949,0.120981656,0.3767932,0.3575872,Other/Unclear
627_dairyqueen.com,4,Data Collection|Other/Unclear|Third-Party Sharing|User Control & Deletion,4,0.93896466,0.21995102,0.1274458,0.25751668,0.04221698,0.45654255,0.29344395,Data Collection
627_dairyqueen.com,5,Other/Unclear|Third-Party Sharing,4,0.16032517,0.0980788,0.24291767,0.5805933,0.1427131,0.63188386,0.2055672,Other/Unclear|Third-Party Sharing
627_dairyqueen.com,6,Other/Unclear|Third-Party Sharing,4,0.56278104,0.1829318,0.30589196,0.42612377,0.093028046,0.48765206,0.32481077,Data Collection
627_dairyqueen.com,7,Third-Party Sharing,4,0.4394578,0.105809905,0.42085043,0.13720343,0.047792815,0.93835557,0.17650436,Third-Party Sharing
627_dairyqueen.com,8,Other/Unclear|Third-Party Sharing,4,0.58618623,0.32560825,0.35119423,0.3946097,0.07062077,0.82104486,0.2728442,Data Collection|Third-Party Sharing
627_dairyqueen.com,9,Data Collection|Third-Party Sharing,4,0.6653033,0.16469225,0.21658373,0.39838964,0.08234354,0.30690533,0.2239855,Data Collection
627_dairyqueen.com,10,Other/Unclear|Third-Party Sharing,4,0.5487943,0.081699684,0.24839373,0.622724,0.09527689,0.18318895,0.22612688,Data Collection|Other/Unclear
627_dairyqueen.com,11,Third-Party Sharing,4,0.5294074,0.20463143,0.18902881,0.39593673,0.17251635,0.73660266,0.2384646,Data Collection|Third-Party Sharing
627_dairyqueen.com,12,Third-Party Sharing,4,0.25427768,0.22254793,0.19348375,0.2529317,0.07716903,0.6692122,0.17396656,Third-Party Sharing
627_dairyqueen.com,13,Third-Party Sharing,4,0.3915755,0.18600918,0.31904745,0.27196866,0.07096895,0.89030504,0.13526474,Third-Party Sharing
627_dairyqueen.com,14,Data Collection|Third-Party Sharing,4,0.77360797,0.1512177,0.09616372,0.39156276,0.07335806,0.41723734,0.31195018,Data Collection
627_dairyqueen.com,15,Other/Unclear,4,0.20049453,0.11666838,0.12331942,0.8263674,0.09183186,0.22147602,0.25506848,Other/Unclear
627_dairyqueen.com,16,Other/Unclear|Third-Party Sharing,4,0.14841652,0.104620904,0.5157516,0.93012893,0.16376168,0.34596017,0.12866084,Data Security|Other/Unclear
627_dairyqueen.com,17,Other/Unclear,4,0.18404274,0.087707855,0.27462095,0.8540705,0.22803846,0.24669845,0.18586048,Other/Unclear
627_dairyqueen.com,18,Other/Unclear,4,0.14366108,0.09120221,0.17974068,0.8664948,0.31532273,0.13633981,0.13063739,Other/Unclear
627_dairyqueen.com,19,Data Collection|Other/Unclear,4,0.2631027,0.11119499,0.20245132,0.78409505,0.22886182,0.23635897,0.33738738,Other/Unclear
627_dairyqueen.com,20,Data Security,4,0.115075864,0.16847773,0.9759603,0.29304704,0.05820955,0.1243378,0.14510134,Data Security
627_dairyqueen.com,21,Other/Unclear,4,0.04849176,0.09602594,0.20607765,0.9609881,0.19610924,0.0974674,0.26829132,Other/Unclear
635_playstation.com,0,Other/Unclear,4,0.07352819,0.065560944,0.15183717,0.8820571,0.9007194,0.08558108,0.10601403,Other/Unclear|Policy Change
635_playstation.com,1,Other/Unclear,4,0.32142463,0.18461685,0.18938021,0.85306656,0.24057113,0.15585037,0.18373854,Other/Unclear
635_playstation.com,2,Data Security|Other/Unclear,4,0.2150485,0.11854779,0.61797,0.77892333,0.2761906,0.2099704,0.20467049,Data Security|Other/Unclear
635_playstation.com,3,Data Security|Other/Unclear,4,0.13251339,0.112908,0.62178546,0.6902397,0.14030778,0.3903912,0.16522206,Data Security|Other/Unclear
635_playstation.com,4,Data Security|Other/Unclear,4,0.3344317,0.2004202,0.43102452,0.5731838,0.10115362,0.30980787,0.481748,Other/Unclear
635_playstation.com,5,Data Collection|Other/Unclear|User Control & Deletion,4,0.22740313,0.101853296,0.21907404,0.8323675,0.43096432,0.23801482,0.39127058,Other/Unclear
635_playstation.com,6,Data Collection|Other/Unclear,4,0.3500753,0.095884286,0.2488302,0.7473447,0.14077666,0.24728942,0.41855836,Other/Unclear
635_playstation.com,7,Other/Unclear,4,0.12883513,0.09242234,0.3259575,0.88053465,0.25064448,0.63782775,0.15213281,Other/Unclear|Third-Party Sharing
635_playstation.com,8,Data Collection,4,0.76921904,0.2668689,0.24065907,0.3160207,0.060031936,0.42266592,0.3557131,Data Collection
635_playstation.com,9,Data Collection,4,0.7308751,0.2540977,0.18100677,0.60006016,0.06452844,0.27676308,0.22076324,Data Collection|Other/Unclear
635_playstation.com,10,Data Collection|Data Security|Other/Unclear,4,0.20858134,0.22234106,0.31350854,0.78312004,0.1539396,0.2826443,0.44152948,Other/Unclear
635_playstation.com,11,Other/Unclear,4,0.50333554,0.19442047,0.3398054,0.5626377,0.11485366,0.40637967,0.29458505,Data Collection|Other/Unclear
635_playstation.com,12,Data Collection,4,0.8830185,0.22600782,0.14374104,0.19208097,0.054750197,0.25591707,0.14928618,Data Collection
635_playstation.com,13,Data Collection,4,0.6475001,0.30007216,0.22630838,0.41317406,0.100455835,0.42311743,0.2634058,Data Collection
635_playstation.com,14,Data Collection,4,0.7954117,0.30384672,0.19911091,0.41497123,0.068337224,0.4346859,0.1780429,Data Collection
635_playstation.com,15,Data Collection,4,0.86598426,0.40116233,0.21727829,0.31816483,0.0695616,0.37167028,0.14465779,Data Collection
635_playstation.com,16,Data Collection|Third-Party Sharing,4,0.7904105,0.18065982,0.3251788,0.44329163,0.06096531,0.60030997,0.17835687,Data Collection|Third-Party Sharing
635_playstation.com,17,Data Collection|Third-Party Sharing,4,0.65370435,0.22411901,0.18266012,0.42233774,0.11021646,0.4208954,0.2668677,Data Collection
635_playstation.com,18,Data Collection|Data Retention|Third-Party Sharing|User Control & Deletion,4,0.68288594,0.3537535,0.21408169,0.47966447,0.1079563,0.61296064,0.5221031,Data Collection|Third-Party Sharing|User Control & Deletion
635_playstation.com,19,Data Collection|Other/Unclear,4,0.4965348,0.13741322,0.30836546,0.5331631,0.06997841,0.31718394,0.45198467,Other/Unclear
635_playstation.com,20,Data Collection,4,0.659907,0.17587544,0.15777598,0.30312514,0.15487733,0.35093302,0.44319046,Data Collection
635_playstation.com,21,Data Collection,4,0.5637264,0.2698858,0.28209633,0.5071677,0.11593061,0.525745,0.3920329,Data Collection|Other/Unclear|Third-Party Sharing
635_playstation.com,22,Data Collection|Data Retention,4,0.7258171,0.5020114,0.30855456,0.61549276,0.108063415,0.24514695,0.28789234,Data Collection|Data Retention|Other/Unclear
635_playstation.com,23,Data Collection,4,0.79612774,0.08553944,0.20009565,0.23973876,0.08687016,0.3185263,0.12196413,Data Collection
635_playstation.com,24,Data Collection|Data Retention|Other/Unclear,4,0.6543758,0.22596295,0.3966327,0.4105217,0.08033771,0.5939882,0.20608073,Data Collection|Third-Party Sharing
635_playstation.com,25,Data Collection,4,0.58846337,0.270044,0.17506492,0.36283338,0.094143145,0.51400054,0.23490286,Data Collection|Third-Party Sharing
635_playstation.com,26,Third-Party Sharing,4,0.6450645,0.16561534,0.28346533,0.1677703,0.056080453,0.8153266,0.13829906,Data Collection|Third-Party Sharing
635_playstation.com,27,Third-Party Sharing,4,0.4106723,0.18500157,0.17919153,0.289276,0.06742488,0.8008457,0.16722749,Third-Party Sharing
635_playstation.com,28,Third-Party Sharing,4,0.4313911,0.20406438,0.20704944,0.27340293,0.050956767,0.89350253,0.124224104,Third-Party Sharing
635_playstation.com,29,Third-Party Sharing,4,0.25369254,0.18881968,0.31668663,0.5748217,0.09676432,0.8976767,0.27931565,Other/Unclear|Third-Party Sharing
635_playstation.com,30,Data Security|Other/Unclear|User Control & Deletion,4,0.26473492,0.18880758,0.6393428,0.5583951,0.08887874,0.8640298,0.33737582,Data Security|Other/Unclear|Third-Party Sharing
635_playstation.com,31,Other/Unclear,4,0.1356556,0.119105786,0.12482065,0.79662436,0.075534865,0.20407741,0.7426504,Other/Unclear|User Control & Deletion
635_playstation.com,32,Other/Unclear,4,0.5621482,0.09981724,0.11844538,0.8716999,0.12665169,0.08153658,0.08528853,Data Collection|Other/Unclear
635_playstation.com,33,Other/Unclear,4,0.54985946,0.2198946,0.16886929,0.5441497,0.089264125,0.26624486,0.36225694,Data Collection|Other/Unclear
635_playstation.com,34,Data Security|Other/Unclear|User Control & Deletion,4,0.38179004,0.1510894,0.3230249,0.60973746,0.104417436,0.560476,0.25635192,Other/Unclear|Third-Party Sharing
635_playstation.com,35,Data Collection|User Control & Deletion,4,0.60954964,0.45795712,0.17594996,0.48117423,0.09980836,0.29765877,0.6195588,Data Collection|User Control & Deletion
635_playstation.com,36,Other/Unclear|Third-Party Sharing,4,0.48691761,0.1641343,0.18183704,0.3533626,0.072539836,0.73867446,0.1668398,Third-Party Sharing
635_playstation.com,37,Data Security,4,0.24807775,0.28097397,0.97769374,0.36104023,0.053876918,0.3445054,0.09443857,Data Security
635_playstation.com,38,Other/Unclear,4,0.25350717,0.28125763,0.4084544,0.82133526,0.10376352,0.35644343,0.116030455,Other/Unclear
635_playstation.com,39,Other/Unclear|Third-Party Sharing,4,0.19712982,0.16241251,0.26201808,0.59018373,0.19577292,0.6484444,0.2644567,Other/Unclear|Third-Party Sharing
635_playstation.com,40,Data Retention,4,0.33366355,0.839657,0.17895705,0.26804096,0.13631496,0.40751013,0.2112786,Data Retention
635_playstation.com,41,Policy Change,4,0.056967452,0.14678599,0.20342,0.4621398,0.99360156,0.1437685,0.26644966,Policy Change
635_playstation.com,42,Other/Unclear,4,0.14991078,0.22284187,0.18666476,0.8555934,0.2372083,0.12812181,0.37565997,Other/Unclear
635_playstation.com,43,Other/Unclear,4,0.16198045,0.12672281,0.24786949,0.8460614,0.11500633,0.13555758,0.45944166,Other/Unclear
640_gamestop.com,0,Data Collection|Other/Unclear,3,0.2482712,0.1076864,0.31156605,0.86520565,0.7415216,0.14284386,0.17488505,Other/Unclear|Policy Change
640_gamestop.com,1,Other/Unclear|User Control & Deletion,3,0.20574732,0.20719685,0.32800332,0.6434317,0.57884264,0.3162133,0.33684137,Other/Unclear|Policy Change
640_gamestop.com,2,Other/Unclear,3,0.12492425,0.076817445,0.19665721,0.95566297,0.15881169,0.24882567,0.12203534,Other/Unclear
640_gamestop.com,3,Data Collection|Data Retention,3,0.69326633,0.54568815,0.2454714,0.30454546,0.09234193,0.2761459,0.6244617,Data Collection|Data Retention|User Control & Deletion
640_gamestop.com,4,Data Collection,3,0.581366,0.19100083,0.20948797,0.3478688,0.107215494,0.46964857,0.5824855,Data Collection|User Control & Deletion
640_gamestop.com,5,Data Collection|User Control & Deletion,3,0.7427159,0.1645339,0.17349146,0.32025826,0.098908156,0.18866132,0.73562574,Data Collection|User Control & Deletion
640_gamestop.com,6,Data Collection,3,0.8250327,0.5023961,0.20249857,0.31480154,0.06441702,0.43791607,0.29962063,Data Collection|Data Retention
640_gamestop.com,7,Data Collection,3,0.83375365,0.3353119,0.29746783,0.35275984,0.088253304,0.35277566,0.28628135,Data Collection
640_gamestop.com,8,Data Collection|Third-Party Sharing,3,0.8261093,0.1705208,0.1557686,0.22646092,0.06048718,0.79862934,0.22449684,Data Collection|Third-Party Sharing
640_gamestop.com,9,Other/Unclear|Third-Party Sharing,3,0.52619797,0.23128656,0.1988176,0.5138054,0.08771454,0.50199574,0.51041865,Data Collection|Other/Unclear|Third-Party Sharing|User Control & Deletion
640_gamestop.com,10,Data Collection|Third-Party Sharing,3,0.7798564,0.26362187,0.15949991,0.41044614,0.073617175,0.6529165,0.3894771,Data Collection|Third-Party Sharing
640_gamestop.com,11,Data Collection,3,0.8826589,0.28595734,0.1706083,0.19247156,0.050433394,0.29089615,0.23297277,Data Collection
640_gamestop.com,12,Data Collection|Other/Unclear,3,0.7043203,0.36544806,0.21229878,0.5303912,0.08846459,0.381535,0.54701144,Data Collection|Other/Unclear|User Control & Deletion
640_gamestop.com,13,Data Collection,3,0.7494872,0.36697468,0.2545077,0.27261758,0.0914383,0.5947234,0.26155415,Data Collection|Third-Party Sharing
640_gamestop.com,14,Data Collection|Other/Unclear,3,0.80542004,0.30791995,0.14226097,0.38573217,0.056309424,0.39435455,0.33970016,Data Collection
640_gamestop.com,15,User Control & Deletion,3,0.4777157,0.122166134,0.17872158,0.43265414,0.0843337,0.2555071,0.7598761,User Control & Deletion
640_gamestop.com,16,Data Collection|Other/Unclear|Third-Party Sharing,3,0.7659768,0.24538466,0.21671519,0.45310384,0.06709633,0.44841012,0.61680263,Data Collection|User Control & Deletion
640_gamestop.com,17,Third-Party Sharing,3,0.50955284,0.15392438,0.2447898,0.32778895,0.07549803,0.629035,0.44743004,Data Collection|Third-Party Sharing
640_gamestop.com,18,Third-Party Sharing,3,0.671619,0.19685993,0.1845543,0.3673751,0.06328818,0.94328964,0.19434302,Data Collection|Third-Party Sharing
640_gamestop.com,19,Data Security|Third-Party Sharing,3,0.28206483,0.13747725,0.7591256,0.40144056,0.0660907,0.92763245,0.2131596,Data Security|Third-Party Sharing
640_gamestop.com,20,Data Collection|User Control & Deletion,3,0.5148762,0.26468262,0.20673147,0.44788155,0.09200913,0.39142683,0.87016565,Data Collection|User Control & Deletion
640_gamestop.com,21,Data Collection|Third-Party Sharing,3,0.3157547,0.14709033,0.2845151,0.4393826,0.49746752,0.8555834,0.2607681,Third-Party Sharing
640_gamestop.com,22,Data Collection|Third-Party Sharing,3,0.4548339,0.27243105,0.37710196,0.1713793,0.11587199,0.9134559,0.12842683,Third-Party Sharing
640_gamestop.com,23,Third-Party Sharing|User Control & Deletion,3,0.33656523,0.13204215,0.22638792,0.38062644,0.15507676,0.52945626,0.57999223,Third-Party Sharing|User Control & Deletion
640_gamestop.com,24,Other/Unclear|Third-Party Sharing,3,0.51828456,0.25210673,0.27507317,0.52150446,0.08733835,0.5651886,0.35003695,Data Collection|Other/Unclear|Third-Party Sharing
640_gamestop.com,25,Other/Unclear|Third-Party Sharing,3,0.53205156,0.14034288,0.5074882,0.49077415,0.07887722,0.34793442,0.32599542,Data Collection|Data Security
640_gamestop.com,26,Data Collection|Third-Party Sharing,3,0.7306358,0.24774934,0.26461816,0.3275066,0.06750756,0.69926065,0.23309843,Data Collection|Third-Party Sharing
640_gamestop.com,27,Third-Party Sharing,3,0.55191267,0.19072883,0.24263656,0.4365499,0.115812,0.27684763,0.44860628,Data Collection
640_gamestop.com,28,Third-Party Sharing,3,0.72359455,0.14896992,0.18501675,0.38976684,0.08215642,0.8954853,0.37868232,Data Collection|Third-Party Sharing
640_gamestop.com,29,Data Security|Other/Unclear,3,0.2838067,0.12449388,0.1543304,0.7864255,0.28432015,0.34575135,0.37084675,Other/Unclear
640_gamestop.com,30,Data Collection|Other/Unclear|Third-Party Sharing,3,0.63808227,0.10587217,0.2195221,0.2941069,0.07974393,0.83668464,0.32367074,Data Collection|Third-Party Sharing
640_gamestop.com,31,Data Security|Third-Party Sharing,3,0.37905082,0.1958318,0.8722949,0.30146223,0.073059194,0.37589118,0.16345,Data Security
640_gamestop.com,32,Data Security|Other/Unclear,3,0.41639024,0.3747634,0.83662844,0.40721047,0.06666003,0.42154604,0.45075342,Data Security
640_gamestop.com,33,Other/Unclear|User Control & Deletion,3,0.26378062,0.26774067,0.19009522,0.47305197,0.10745312,0.1288701,0.9208378,User Control & Deletion
640_gamestop.com,34,Other/Unclear|User Control & Deletion,3,0.21244285,0.31518593,0.22073248,0.79184246,0.13121219,0.18611254,0.7230884,Other/Unclear|User Control & Deletion
640_gamestop.com,35,Data Retention|User Control & Deletion,3,0.5318905,0.43405122,0.19754149,0.31133923,0.11191831,0.22604325,0.78999066,Data Collection|User Control & Deletion
640_gamestop.com,36,User Control & Deletion,3,0.3450454,0.15068546,0.17244372,0.544534,0.12612818,0.18389897,0.9065458,Other/Unclear|User Control & Deletion
640_gamestop.com,37,Other/Unclear,3,0.16385633,0.09962047,0.17260936,0.8354189,0.0974894,0.20118566,0.5724386,Other/Unclear|User Control & Deletion
640_gamestop.com,38,Other/Unclear,3,0.29554898,0.29353133,0.35566348,0.8803028,0.12141408,0.18790424,0.21976848,Other/Unclear
640_gamestop.com,39,Other/Unclear,3,0.32000577,0.08592389,0.2567705,0.793282,0.10111923,0.12819321,0.31471124,Other/Unclear
640_gamestop.com,40,Other/Unclear,3,0.18714535,0.111725956,0.22922745,0.8509597,0.4938727,0.18132514,0.41974214,Other/Unclear
640_gamestop.com,41,Policy Change,3,0.29188892,0.15617177,0.18183756,0.6257151,0.88737965,0.2852839,0.5437283,Other/Unclear|Policy Change|User Control & Deletion
641_cbsinteractive.com,0,Other/Unclear,2,0.17299604,0.08804024,0.47268835,0.83031636,0.1963169,0.16200843,0.23977594,Other/Unclear
641_cbsinteractive.com,1,Other/Unclear|Policy Change,2,0.09946078,0.08404346,0.16915838,0.87956834,0.6535227,0.11785197,0.46055618,Other/Unclear|Policy Change
641_cbsinteractive.com,2,Other/Unclear,2,0.18882252,0.08244228,0.27339855,0.8605471,0.38514757,0.15797651,0.202869,Other/Unclear
641_cbsinteractive.com,3,Data Collection,2,0.87976336,0.087615356,0.09432225,0.30508357,0.041064646,0.43725866,0.15853776,Data Collection
641_cbsinteractive.com,4,Data Collection,2,0.87141234,0.13028796,0.091613546,0.24883655,0.1283247,0.31147963,0.39449665,Data Collection
641_cbsinteractive.com,5,Third-Party Sharing,2,0.34132007,0.19813943,0.24888559,0.28282213,0.08025274,0.9455153,0.122644566,Third-Party Sharing
641_cbsinteractive.com,6,Data Collection|Third-Party Sharing|User Control & Deletion,2,0.31157187,0.12921712,0.06622647,0.39495385,0.090721905,0.64796966,0.9448843,Third-Party Sharing|User Control & Deletion
641_cbsinteractive.com,7,Data Security|Other/Unclear,2,0.07488382,0.097519755,0.8608971,0.8119219,0.16401139,0.15835355,0.21126233,Data Security|Other/Unclear
641_cbsinteractive.com,8,Other/Unclear,2,0.20952322,0.27969724,0.117237814,0.80507314,0.16258155,0.118273005,0.44710138,Other/Unclear
641_cbsinteractive.com,9,Other/Unclear,2,0.24777599,0.13789102,0.39543018,0.70641774,0.17394169,0.19156434,0.31740475,Other/Unclear
641_cbsinteractive.com,10,Other/Unclear,2,0.20690474,0.22301169,0.18804277,0.86668587,0.06730677,0.3181416,0.50998545,Other/Unclear|User Control & Deletion
652_randomhouse.com,0,Other/Unclear,2,0.06438924,0.044635814,0.107585855,0.9020466,0.881259,0.060454268,0.099249244,Other/Unclear|Policy Change
652_randomhouse.com,1,Other/Unclear|Policy Change|User Control & Deletion,2,0.18167722,0.13522707,0.21263255,0.7744181,0.90088516,0.17713104,0.47741923,Other/Unclear|Policy Change
652_randomhouse.com,2,Other/Unclear,2,0.08875742,0.09408462,0.19775544,0.8324311,0.3369455,0.4512338,0.3560756,Other/Unclear
652_randomhouse.com,3,Data Collection,2,0.9285321,0.22951876,0.21461013,0.39441818,0.066170946,0.32286894,0.13656886,Data Collection
652_randomhouse.com,4,Data Collection,2,0.8410273,0.35977775,0.13135138,0.2661428,0.054850813,0.40509024,0.42938557,Data Collection
652_randomhouse.com,5,Data Collection|Third-Party Sharing,2,0.7311429,0.13846906,0.29437524,0.43246695,0.04436481,0.6543018,0.15566929,Data Collection|Third-Party Sharing
652_randomhouse.com,6,Data Collection,2,0.86668867,0.16933426,0.13299571,0.21332838,0.043213084,0.21695755,0.17039464,Data Collection
652_randomhouse.com,7,Data Collection,2,0.7642072,0.23196255,0.21950598,0.20214908,0.109636106,0.26481628,0.24517472,Data Collection
652_randomhouse.com,8,Data Collection|User Control & Deletion,2,0.7704145,0.776804,0.1986017,0.32181576,0.09939917,0.29382467,0.5531386,Data Collection|Data Retention|User Control & Deletion
652_randomhouse.com,9,Data Collection,2,0.78017074,0.1899075,0.15216394,0.29664135,0.06419583,0.2528685,0.55314165,Data Collection|User Control & Deletion
652_randomhouse.com,10,Data Collection|Other/Unclear|User Control & Deletion,2,0.6112818,0.16668452,0.2442287,0.6156161,0.059776504,0.34074813,0.7563613,Data Collection|Other/Unclear|User Control & Deletion
652_randomhouse.com,11,Data Collection,2,0.8385522,0.11161325,0.1397366,0.30696964,0.06450032,0.445295,0.1911242,Data Collection
652_randomhouse.com,12,Data Collection|Data Security|Other/Unclear|Third-Party Sharing,2,0.49410498,0.121215515,0.22826667,0.56525946,0.081586994,0.89244264,0.53174853,Other/Unclear|Third-Party Sharing|User Control & Deletion
652_randomhouse.com,13,Data Collection|Other/Unclear,2,0.3296536,0.10974374,0.12834507,0.7415418,0.08183009,0.5256916,0.40439662,Other/Unclear|Third-Party Sharing
652_randomhouse.com,14,Data Collection,2,0.7959529,0.13172892,0.10895821,0.32174224,0.0543722,0.5138704,0.19980337,Data Collection|Third-Party Sharing
652_randomhouse.com,15,Data Collection,2,0.8299828,0.18937652,0.19674136,0.39603543,0.09662221,0.3046859,0.13301057,Data Collection
652_randomhouse.com,16,Data Collection,2,0.9034523,0.18936378,0.10122044,0.22732821,0.3495104,0.5532773,0.19792983,Data Collection|Third-Party Sharing
652_randomhouse.com,17,Data Collection|Other/Unclear,2,0.77851766,0.22812259,0.25815436,0.3740352,0.07592495,0.378857,0.22440739,Data Collection
652_randomhouse.com,18,Third-Party Sharing,2,0.21314926,0.15991397,0.30396268,0.34568512,0.150616,0.93803877,0.2666927,Third-Party Sharing
652_randomhouse.com,19,Data Security|Third-Party Sharing,2,0.18386428,0.27540025,0.91268903,0.34753874,0.079836614,0.8782283,0.17513713,Data Security|Third-Party Sharing
652_randomhouse.com,20,Other/Unclear|Third-Party Sharing,2,0.19060823,0.15002115,0.14101948,0.6459823,0.12473465,0.81317604,0.46660775,Other/Unclear|Third-Party Sharing
652_randomhouse.com,21,Other/Unclear|Third-Party Sharing,2,0.17003886,0.33267775,0.5480308,0.777599,0.34157702,0.3891015,0.36371338,Data Security|Other/Unclear
652_randomhouse.com,22,Third-Party Sharing,2,0.31544963,0.14768372,0.19451399,0.29861242,0.065014295,0.80080724,0.1596574,Third-Party Sharing
652_randomhouse.com,23,Third-Party Sharing,2,0.33812687,0.21207678,0.2093234,0.14451303,0.065141454,0.92639565,0.10825986,Third-Party Sharing
652_randomhouse.com,24,Other/Unclear|Third-Party Sharing,2,0.24507481,0.1919131,0.35678238,0.4848744,0.17864193,0.62415886,0.14004757,Third-Party Sharing
652_randomhouse.com,25,Data Collection|Other/Unclear|User Control & Deletion,2,0.5030887,0.2749127,0.3083728,0.6810595,0.10757149,0.7390602,0.47786266,Data Collection|Other/Unclear|Third-Party Sharing
652_randomhouse.com,26,Data Collection|Data Retention|User Control & Deletion,2,0.7588843,0.36389014,0.21545006,0.4796738,0.17058977,0.35785887,0.49569115,Data Collection
652_randomhouse.com,27,Data Collection|Other/Unclear,2,0.20466666,0.06962722,0.23638704,0.9637132,0.20481157,0.10958739,0.10419661,Other/Unclear
652_randomhouse.com,28,Data Collection|Other/Unclear,2,0.8146215,0.23691672,0.23446992,0.46188155,0.11877585,0.55356807,0.20748521,Data Collection|Third-Party Sharing
652_randomhouse.com,29,Data Collection|Data Retention|Other/Unclear,2,0.715531,0.5654545,0.203533,0.43334815,0.1125815,0.40092102,0.41657606,Data Collection|Data Retention
652_randomhouse.com,30,Data Collection|Data Retention|Other/Unclear,2,0.7624062,0.62275225,0.3389206,0.38143155,0.076614134,0.36670202,0.32567978,Data Collection|Data Retention
652_randomhouse.com,31,Data Collection|Data Retention|Other/Unclear|User Control & Deletion,2,0.6228764,0.5031456,0.16565901,0.47072268,0.14438228,0.28722745,0.7619321,Data Collection|Data Retention|User Control & Deletion
652_randomhouse.com,32,Data Collection|Data Retention|Other/Unclear,2,0.6431877,0.35974792,0.255626,0.54760385,0.21651813,0.4353536,0.42573023,Data Collection|Other/Unclear
652_randomhouse.com,33,Data Collection|Other/Unclear,2,0.8970637,0.26799646,0.13941401,0.43466884,0.057796158,0.37579113,0.23643617,Data Collection
652_randomhouse.com,34,Other/Unclear|Third-Party Sharing,2,0.10933491,0.13562891,0.37101257,0.31937432,0.03645295,0.97721934,0.11789162,Third-Party Sharing
652_randomhouse.com,35,Other/Unclear|User Control & Deletion,2,0.17684518,0.24504726,0.20457801,0.85464555,0.16393492,0.16876982,0.72845113,Other/Unclear|User Control & Deletion
652_randomhouse.com,36,Data Security|Other/Unclear,2,0.09194208,0.1026059,0.85429335,0.6035001,0.06741483,0.5018471,0.19301641,Data Security|Other/Unclear|Third-Party Sharing
652_randomhouse.com,37,Other/Unclear|Third-Party Sharing,2,0.07945308,0.0959069,0.25839907,0.9200559,0.13444144,0.75621307,0.2025218,Other/Unclear|Third-Party Sharing
652_randomhouse.com,38,Other/Unclear|Third-Party Sharing,2,0.40429243,0.28093252,0.28783953,0.75444096,0.11058098,0.6993327,0.3648893,Other/Unclear|Third-Party Sharing
652_randomhouse.com,39,Data Security|Other/Unclear,2,0.15949222,0.13169459,0.39954102,0.7989675,0.227633,0.2712395,0.18917474,Other/Unclear
652_randomhouse.com,40,Other/Unclear|Third-Party Sharing,2,0.14109008,0.14361052,0.27474308,0.44323787,0.31254593,0.6467123,0.21905258,Third-Party Sharing
652_randomhouse.com,41,Other/Unclear,2,0.17202154,0.3034589,0.23384887,0.86281765,0.18142784,0.34663498,0.36615732,Other/Unclear
652_randomhouse.com,42,Policy Change,2,0.15048738,0.14792265,0.1580666,0.48185202,0.93078196,0.2285037,0.20644177,Policy Change
652_randomhouse.com,43,Other/Unclear|User Control & Deletion,2,0.2349453,0.21130563,0.07614704,0.52745813,0.07391974,0.16020611,0.9810652,Other/Unclear|User Control & Deletion
652_randomhouse.com,44,Other/Unclear|User Control & Deletion,2,0.117965296,0.115201056,0.17730862,0.87799996,0.08792252,0.29168454,0.56416035,Other/Unclear|User Control & Deletion
676_restaurantnews.com,0,Other/Unclear,0,0.016658202,0.02259804,0.2695323,0.9883999,0.40222085,0.042500194,0.11381074,Other/Unclear
676_restaurantnews.com,1,Other/Unclear,0,0.3789188,0.20638302,0.4794896,0.6838557,0.16629677,0.18824056,0.31798324,Other/Unclear
676_restaurantnews.com,2,Third-Party Sharing,0,0.50842226,0.10088424,0.2663654,0.6230884,0.1689248,0.68917257,0.20294254,Data Collection|Other/Unclear|Third-Party Sharing
676_restaurantnews.com,3,Other/Unclear|User Control & Deletion,0,0.15094353,0.048004717,0.12327437,0.8160908,0.18194357,0.3353684,0.7279908,Other/Unclear|User Control & Deletion
676_restaurantnews.com,4,Other/Unclear|Third-Party Sharing,0,0.24623966,0.12838885,0.23598363,0.6692735,0.12772894,0.8844843,0.3022703,Other/Unclear|Third-Party Sharing
676_restaurantnews.com,5,Data Collection,0,0.8574215,0.42713848,0.2560057,0.3010276,0.063033976,0.3322941,0.24118596,Data Collection
676_restaurantnews.com,6,Other/Unclear,0,0.11752931,0.10552483,0.44565496,0.94707644,0.12874518,0.5735338,0.14183609,Other/Unclear|Third-Party Sharing
676_restaurantnews.com,7,Policy Change,0,0.13984665,0.10437763,0.15689074,0.6299288,0.8296822,0.1556724,0.32052952,Other/Unclear|Policy Change
676_restaurantnews.com,8,Other/Unclear,0,0.054999128,0.074047424,0.14554346,0.9572443,0.15646464,0.09599745,0.5444263,Other/Unclear|User Control & Deletion
676_restaurantnews.com,9,Other/Unclear,0,0.15362687,0.08307582,0.114305496,0.77822435,0.96987563,0.109260336,0.10522984,Other/Unclear|Policy Change
70_meredith.com,0,Other/Unclear,4,0.092859596,0.07197651,0.1313438,0.87016267,0.5020749,0.09840447,0.12526725,Other/Unclear|Policy Change
70_meredith.com,1,Other/Unclear,4,0.333182,0.1119407,0.22332488,0.7089856,0.41649854,0.34052432,0.21827751,Other/Unclear
70_meredith.com,2,Other/Unclear,4,0.37259623,0.09000038,0.17827044,0.81362605,0.41265407,0.23942056,0.21753009,Other/Unclear
70_meredith.com,3,Other/Unclear|User Control & Deletion,4,0.1237135,0.11619204,0.122293785,0.8647084,0.10211003,0.28324258,0.79609764,Other/Unclear|User Control & Deletion
70_meredith.com,4,Other/Unclear,4,0.36925527,0.07576449,0.21682811,0.8672926,0.1391426,0.09921382,0.2606421,Other/Unclear
70_meredith.com,5,Data Collection,4,0.90976775,0.18026067,0.16195098,0.25281408,0.036634702,0.4146989,0.30973172,Data Collection
70_meredith.com,6,Data Collection,4,0.8845343,0.2214054,0.17163892,0.27583456,0.10521985,0.421502,0.30657852,Data Collection
70_meredith.com,7,Third-Party Sharing,4,0.34853673,0.09288159,0.1372857,0.20086917,0.090981334,0.95740545,0.11415811,Third-Party Sharing
70_meredith.com,8,Other/Unclear|Third-Party Sharing|User Control & Deletion,4,0.25273004,0.09361335,0.12775427,0.54572284,0.080244444,0.42708024,0.9178773,Other/Unclear|User Control & Deletion
70_meredith.com,9,Data Security|Other/Unclear,4,0.073696926,0.08879777,0.74386394,0.8554908,0.17314094,0.12665135,0.24964602,Data Security|Other/Unclear
70_meredith.com,10,Other/Unclear,4,0.0660242,0.0481551,0.13256389,0.9249902,0.7259546,0.05464173,0.109787,Other/Unclear|Policy Change
70_meredith.com,11,Other/Unclear,4,0.3012071,0.089398354,0.27229378,0.82675654,0.321777,0.12741038,0.16892773,Other/Unclear
70_meredith.com,12,Other/Unclear,4,0.28324395,0.11594227,0.27522314,0.66641206,0.47261712,0.13305597,0.37822694,Other/Unclear
70_meredith.com,13,Other/Unclear,4,0.28973648,0.109430976,0.09831622,0.74480224,0.42799315,0.07912844,0.24948622,Other/Unclear
70_meredith.com,14,Other/Unclear,4,0.03321574,0.07368912,0.118696325,0.9808301,0.19508058,0.04072529,0.34418485,Other/Unclear
70_meredith.com,15,Other/Unclear,4,0.6198871,0.094318114,0.19248699,0.7312577,0.08902868,0.1922359,0.2243492,Data Collection|Other/Unclear
70_meredith.com,16,Data Collection|Other/Unclear|Third-Party Sharing,4,0.7977218,0.1637964,0.18654957,0.42143026,0.064275496,0.5978137,0.2390517,Data Collection|Third-Party Sharing
70_meredith.com,17,Data Collection|Other/Unclear|Third-Party Sharing|User Control & Deletion,4,0.9375963,0.44863224,0.07888554,0.14010952,0.032716423,0.37507707,0.4195272,Data Collection
70_meredith.com,18,Data Collection|Other/Unclear|Third-Party Sharing,4,0.6636987,0.1738105,0.087292075,0.4323496,0.1412379,0.8524896,0.30861694,Data Collection|Third-Party Sharing
70_meredith.com,19,Data Collection|Other/Unclear|Third-Party Sharing,4,0.79528874,0.22767928,0.24552622,0.23309626,0.048388768,0.38494262,0.13647512,Data Collection
70_meredith.com,20,Data Collection|Third-Party Sharing,4,0.4397557,0.12363404,0.19934462,0.5721386,0.10075236,0.35822028,0.24114138,Other/Unclear
70_meredith.com,21,Data Collection|Third-Party Sharing,4,0.6482754,0.15862028,0.1648367,0.3273514,0.05435052,0.39379966,0.20967542,Data Collection
70_meredith.com,22,Data Collection|Third-Party Sharing,4,0.62741727,0.12902254,0.2268139,0.55306524,0.10443364,0.30399826,0.31632543,Data Collection|Other/Unclear
70_meredith.com,23,Data Collection|Third-Party Sharing,4,0.5192513,0.2126862,0.18195303,0.40237412,0.12529713,0.20335354,0.32211024,Data Collection
70_meredith.com,24,Data Collection|Third-Party Sharing,4,0.7079492,0.1640911,0.16450591,0.38569847,0.06349966,0.27489594,0.2677649,Data Collection
70_meredith.com,25,Data Collection|Third-Party Sharing,4,0.56888664,0.18078136,0.15511513,0.3936703,0.13445781,0.22358826,0.25699502,Data Collection
70_meredith.com,26,Data Collection|Third-Party Sharing,4,0.5066616,0.14263135,0.2566265,0.503282,0.06836207,0.30035836,0.24214455,Data Collection|Other/Unclear
70_meredith.com,27,Data Collection|Third-Party Sharing,4,0.5294265,0.114034764,0.22429344,0.4216745,0.10270938,0.15148358,0.26548424,Data Collection
70_meredith.com,28,Data Collection|Third-Party Sharing,4,0.47246054,0.2097698,0.34855616,0.4542709,0.09879607,0.2386208,0.19975229,
70_meredith.com,29,Data Collection|Third-Party Sharing,4,0.5892852,0.085116625,0.19551751,0.5540822,0.10655294,0.39049244,0.29561174,Data Collection|Other/Unclear
70_meredith.com,30,Data Collection|Other/Unclear|Third-Party Sharing|User Control & Deletion,4,0.7428779,0.1402987,0.19056831,0.33407807,0.062884234,0.580356,0.68647426,Data Collection|Third-Party Sharing|User Control & Deletion
70_meredith.com,31,Other/Unclear,4,0.7777426,0.1915967,0.11861017,0.3614977,0.089307494,0.33694756,0.27476937,Data Collection
70_meredith.com,32,Data Collection|Other/Unclear|User Control & Deletion,4,0.88282984,0.1638739,0.1782411,0.21730559,0.035176896,0.32134855,0.32647902,Data Collection
70_meredith.com,33,Other/Unclear|Third-Party Sharing,4,0.40442517,0.07223194,0.2629079,0.5773505,0.09374313,0.6891455,0.39072898,Other/Unclear|Third-Party Sharing
70_meredith.com,34,Other/Unclear|Third-Party Sharing|User Control & Deletion,4,0.44548678,0.15471919,0.19747739,0.61355484,0.12293457,0.6956817,0.47031093,Other/Unclear|Third-Party Sharing
70_meredith.com,35,Data Collection|Other/Unclear,4,0.90959805,0.17585263,0.12380488,0.35489014,0.04855973,0.62746406,0.13079612,Data Collection|Third-Party Sharing
70_meredith.com,36,Data Collection,4,0.8686847,0.24494527,0.22533078,0.25511086,0.09185275,0.503069,0.14701493,Data Collection|Third-Party Sharing
70_meredith.com,37,Data Collection|Other/Unclear|Third-Party Sharing,4,0.6715849,0.26580516,0.39699185,0.38360304,0.07531561,0.7580034,0.1953116,Data Collection|Third-Party Sharing
70_meredith.com,38,Data Collection|Third-Party Sharing,4,0.78112435,0.20172705,0.1285751,0.3150298,0.061839476,0.2398382,0.1867795,Data Collection
70_meredith.com,39,Data Collection|Third-Party Sharing,4,0.8183498,0.17627159,0.16220781,0.15956745,0.07650427,0.19075318,0.18763396,Data Collection
70_meredith.com,40,Data Collection|Third-Party Sharing,4,0.53200656,0.17650697,0.31760123,0.40449968,0.13028742,0.23194936,0.46549168,Data Collection
70_meredith.com,41,Data Collection|Third-Party Sharing,4,0.8185334,0.12483565,0.15938778,0.39594045,0.10456996,0.3644711,0.28880706,Data Collection
70_meredith.com,42,Data Collection|Third-Party Sharing,4,0.460097,0.18185642,0.19937487,0.5264812,0.16893399,0.3585551,0.22644468,Other/Unclear
70_meredith.com,43,Data Collection|Third-Party Sharing,4,0.47310618,0.09172563,0.2173437,0.38026178,0.07369063,0.3698016,0.30775118,
70_meredith.com,44,Data Collection|Third-Party Sharing,4,0.5688375,0.16990203,0.18706739,0.3962309,0.066258065,0.6568568,0.31331578,Data Collection|Third-Party Sharing
70_meredith.com,45,Data Collection|Third-Party Sharing,4,0.43345743,0.09502937,0.16400452,0.5394536,0.07195652,0.49828634,0.3787817,Other/Unclear
70_meredith.com,46,Data Collection|Third-Party Sharing,4,0.7047941,0.12758565,0.13966067,0.28863642,0.08816592,0.36023912,0.18835674,Data Collection
70_meredith.com,47,Data Collection|Third-Party Sharing,4,0.4759672,0.15000284,0.21647948,0.42069903,0.10273136,0.34069836,0.20226601,
70_meredith.com,48,Data Collection|Third-Party Sharing,4,0.39626935,0.11345551,0.20078617,0.64247066,0.10728192,0.26804316,0.32496205,Other/Unclear
70_meredith.com,49,Data Collection|Third-Party Sharing,4,0.42710537,0.207662,0.18676457,0.34357414,0.092081495,0.39418554,0.19201389,
70_meredith.com,50,Data Collection|Third-Party Sharing,4,0.59566885,0.24688244,0.23361956,0.33402058,0.14156164,0.47698176,0.35689276,Data Collection
70_meredith.com,51,Other/Unclear|Third-Party Sharing,4,0.55347764,0.14107263,0.16153674,0.28956914,0.07813972,0.92553294,0.16422935,Data Collection|Third-Party Sharing
70_meredith.com,52,Data Security|Other/Unclear|Third-Party Sharing,4,0.7658212,0.3191738,0.21641804,0.3407617,0.04408289,0.8768419,0.23452851,Data Collection|Third-Party Sharing
70_meredith.com,53,Third-Party Sharing|User Control & Deletion,4,0.47783446,0.2761647,0.14749719,0.3480558,0.15527613,0.90149933,0.44277465,Third-Party Sharing
70_meredith.com,54,Third-Party Sharing|User Control & Deletion,4,0.652317,0.17822555,0.14934558,0.3957398,0.057159994,0.688197,0.49301276,Data Collection|Third-Party Sharing
70_meredith.com,55,Third-Party Sharing,4,0.68135756,0.15882224,0.38249472,0.31999072,0.09620709,0.8855101,0.15262933,Data Collection|Third-Party Sharing
70_meredith.com,56,Data Collection|Other/Unclear|Third-Party Sharing,4,0.7961663,0.22973141,0.19135968,0.2723005,0.060997654,0.93092084,0.1243865,Data Collection|Third-Party Sharing
70_meredith.com,57,Other/Unclear|Third-Party Sharing,4,0.33076465,0.29357305,0.45788172,0.65481824,0.102539845,0.66659987,0.22007045,Other/Unclear|Third-Party Sharing
70_meredith.com,58,Third-Party Sharing,4,0.425831,0.13641818,0.14962843,0.1607591,0.10661218,0.93163806,0.08970884,Third-Party Sharing
70_meredith.com,59,Third-Party Sharing|User Control & Deletion,4,0.2628279,0.1511664,0.11747691,0.71388555,0.064047955,0.47482473,0.8155109,Other/Unclear|User Control & Deletion
70_meredith.com,60,Data Collection|User Control & Deletion,4,0.17835402,0.14659674,0.14490263,0.577072,0.09364797,0.288839,0.9304051,Other/Unclear|User Control & Deletion
70_meredith.com,61,Other/Unclear|User Control & Deletion,4,0.27364388,0.0734407,0.31008717,0.5398089,0.08037238,0.3898119,0.84910524,Other/Unclear|User Control & Deletion
70_meredith.com,62,Other/Unclear|User Control & Deletion,4,0.19461234,0.06637575,0.16168368,0.64500433,0.12333724,0.49097076,0.80821544,Other/Unclear|User Control & Deletion
70_meredith.com,63,Other/Unclear|Third-Party Sharing,4,0.28648442,0.0984898,0.14227758,0.6028362,0.13555259,0.3761257,0.46281007,Other/Unclear
70_meredith.com,64,Other/Unclear,4,0.12081685,0.11237846,0.16493744,0.8683767,0.15815645,0.2393604,0.48218724,Other/Unclear
70_meredith.com,65,Other/Unclear,4,0.31315985,0.07982916,0.2937032,0.55398744,0.102604724,0.49541226,0.13354786,Other/Unclear
70_meredith.com,66,Other/Unclear|User Control & Deletion,4,0.33884192,0.2508467,0.15734601,0.5368263,0.08873064,0.14645761,0.84056497,Other/Unclear|User Control & Deletion
70_meredith.com,67,Data Security|Other/Unclear,4,0.2992689,0.16393471,0.8923987,0.3371559,0.064620286,0.122461565,0.16377796,Data Security
70_meredith.com,68,Data Collection|Third-Party Sharing,4,0.2931449,0.41138348,0.27149546,0.61747444,0.14831889,0.5313029,0.39780435,Other/Unclear|Third-Party Sharing
70_meredith.com,69,Other/Unclear,4,0.12563445,0.11186522,0.120559566,0.855743,0.10093856,0.28928837,0.810307,Other/Unclear|User Control & Deletion
70_meredith.com,70,Policy Change,4,0.10839091,0.105407916,0.1465849,0.534096,0.95238316,0.12714338,0.22735314,Other/Unclear|Policy Change
744_minecraft.gamepedia.com,0,Other/Unclear|Policy Change,0,0.38170594,0.11281169,0.43415052,0.7298081,0.38006967,0.23254986,0.3887984,Other/Unclear
744_minecraft.gamepedia.com,1,Data Collection,0,0.72181326,0.14108022,0.19093116,0.5553025,0.08199188,0.20465875,0.6423028,Data Collection|Other/Unclear|User Control & Deletion
744_minecraft.gamepedia.com,2,Data Collection,0,0.802859,0.1483151,0.15537946,0.37071157,0.06407657,0.4974577,0.36141154,Data Collection
744_minecraft.gamepedia.com,3,Data Collection|Third-Party Sharing,0,0.8575555,0.3241897,0.25700912,0.22173747,0.05657978,0.51580375,0.5047459,Data Collection|Third-Party Sharing|User Control & Deletion
744_minecraft.gamepedia.com,4,Data Collection,0,0.79756784,0.14539301,0.13402218,0.33150578,0.051207516,0.43232346,0.24810606,Data Collection
744_minecraft.gamepedia.com,5,Data Collection,0,0.9115044,0.24613556,0.20131713,0.24528259,0.08325237,0.43295354,0.30062613,Data Collection
744_minecraft.gamepedia.com,6,Data Collection|Third-Party Sharing,0,0.8555794,0.3311703,0.21804027,0.34655306,0.04641047,0.6689014,0.4274476,Data Collection|Third-Party Sharing
744_minecraft.gamepedia.com,7,Data Collection,0,0.926544,0.30615783,0.14005566,0.14860515,0.06475208,0.28195345,0.21684511,Data Collection
744_minecraft.gamepedia.com,8,Data Collection|Other/Unclear,0,0.3241041,0.06697167,0.21245918,0.91041434,0.08464831,0.10876919,0.18079746,Other/Unclear
744_minecraft.gamepedia.com,9,Third-Party Sharing,0,0.52044356,0.10186579,0.12721668,0.1699547,0.04990796,0.96036446,0.13888356,Data Collection|Third-Party Sharing
744_minecraft.gamepedia.com,10,Third-Party Sharing,0,0.32203317,0.25213996,0.32882857,0.19629975,0.10157356,0.8282374,0.1409546,Third-Party Sharing
744_minecraft.gamepedia.com,11,Third-Party Sharing,0,0.4452936,0.14978524,0.18193825,0.27806532,0.35937634,0.5979853,0.276638,Third-Party Sharing
744_minecraft.gamepedia.com,12,Data Security|Third-Party Sharing,0,0.17216249,0.22661112,0.6773641,0.30957234,0.09821907,0.89420074,0.13467029,Data Security|Third-Party Sharing
744_minecraft.gamepedia.com,13,Other/Unclear|Third-Party Sharing|User Control & Deletion,0,0.29058552,0.19951437,0.18293363,0.49784914,0.05513239,0.92064834,0.733766,Third-Party Sharing|User Control & Deletion
744_minecraft.gamepedia.com,14,Other/Unclear,0,0.075108856,0.07797708,0.35657257,0.94694924,0.16202118,0.65713936,0.3245947,Other/Unclear|Third-Party Sharing
744_minecraft.gamepedia.com,15,Other/Unclear,0,0.17535004,0.12841237,0.29937458,0.81747454,0.23519458,0.43400988,0.29754186,Other/Unclear
744_minecraft.gamepedia.com,16,Other/Unclear|Third-Party Sharing,0,0.43660018,0.16126926,0.33154657,0.60395926,0.10217087,0.49435556,0.5035867,Other/Unclear|User Control & Deletion
744_minecraft.gamepedia.com,17,Third-Party Sharing|User Control & Deletion,0,0.47875407,0.08751431,0.24078637,0.5613906,0.094790064,0.8032453,0.4426991,Other/Unclear|Third-Party Sharing
744_minecraft.gamepedia.com,18,Data Retention|User Control & Deletion,0,0.3393124,0.80364156,0.18370414,0.44479582,0.104135774,0.1949382,0.8351753,Data Retention|User Control & Deletion
744_minecraft.gamepedia.com,19,User Control & Deletion,0,0.2114944,0.15210001,0.10681006,0.6376237,0.06477213,0.31652856,0.9606267,Other/Unclear|User Control & Deletion
744_minecraft.gamepedia.com,20,Other/Unclear,0,0.16502038,0.2857631,0.2187701,0.74353,0.15936881,0.3473964,0.6186818,Other/Unclear|User Control & Deletion
744_minecraft.gamepedia.com,21,Other/Unclear,0,0.13180332,0.124704756,0.21191934,0.7403674,0.17406292,0.19250266,0.45078197,Other/Unclear
744_minecraft.gamepedia.com,22,Data Security,0,0.20277183,0.25539076,0.98623306,0.34978187,0.07410435,0.25494087,0.21117122,Data Security
744_minecraft.gamepedia.com,23,Other/Unclear,0,0.1533168,0.11746726,0.63333404,0.8411932,0.08684907,0.14562978,0.19263996,Data Security|Other/Unclear
744_minecraft.gamepedia.com,24,Policy Change,0,0.098831154,0.12654808,0.14076969,0.3812349,0.97837704,0.11680718,0.2877616,Policy Change
744_minecraft.gamepedia.com,25,Other/Unclear,0,0.032064177,0.077055916,0.10453604,0.97327936,0.31671518,0.04594824,0.28463575,Other/Unclear
745_eatchicken.com,0,Other/Unclear,0,0.009008383,0.02287165,0.19924967,0.9869963,0.81026703,0.034511175,0.049726203,Other/Unclear|Policy Change
745_eatchicken.com,1,Data Collection,0,0.90770435,0.34872487,0.18733084,0.5129587,0.054645907,0.47363305,0.2619704,Data Collection|Other/Unclear
745_eatchicken.com,2,Other/Unclear,0,0.28096497,0.2423287,0.34586018,0.6145171,0.1332501,0.35277095,0.3319672,Other/Unclear
745_eatchicken.com,3,Other/Unclear,0,0.32060635,0.14554358,0.45025322,0.73003596,0.06793042,0.42792198,0.13747668,Other/Unclear
746_kraftrecipes.com,0,Other/Unclear|Policy Change,0,0.5770041,0.14933535,0.1870778,0.6945784,0.286984,0.28605467,0.1402904,Data Collection|Other/Unclear
746_kraftrecipes.com,1,Data Collection,0,0.9616283,0.15903446,0.087122306,0.18821615,0.048245486,0.4721777,0.53150386,Data Collection|User Control & Deletion
746_kraftrecipes.com,2,Data Collection,0,0.7683594,0.15699963,0.12891631,0.26250455,0.062271893,0.29000556,0.5793956,Data Collection|User Control & Deletion
746_kraftrecipes.com,3,Data Collection,0,0.73470265,0.17958215,0.12513193,0.4520952,0.15742792,0.33904004,0.30794674,Data Collection
746_kraftrecipes.com,4,Data Collection|User Control & Deletion,0,0.77231574,0.33667627,0.13635892,0.30182582,0.04909137,0.21601726,0.57837635,Data Collection|User Control & Deletion
746_kraftrecipes.com,5,Data Collection,0,0.73499984,0.21540588,0.1288586,0.34978542,0.06409685,0.3146998,0.45271417,Data Collection
746_kraftrecipes.com,6,Data Collection|Other/Unclear|Third-Party Sharing,0,0.7952259,0.15637904,0.16922724,0.37202826,0.066134214,0.6916281,0.40411198,Data Collection|Third-Party Sharing
746_kraftrecipes.com,7,Data Collection,0,0.8837949,0.16491513,0.1150881,0.2224876,0.0379373,0.4676336,0.18545523,Data Collection
746_kraftrecipes.com,8,Data Collection|Other/Unclear|User Control & Deletion,0,0.78204054,0.4053811,0.10092985,0.485533,0.048574343,0.21624407,0.49027634,Data Collection
746_kraftrecipes.com,9,Data Collection,0,0.7695876,0.341204,0.22303572,0.2826173,0.07210239,0.2050983,0.34155992,Data Collection
746_kraftrecipes.com,10,Data Collection|Data Retention|User Control & Deletion,0,0.8419617,0.5961407,0.18932007,0.28969795,0.10222877,0.277577,0.4774181,Data Collection|Data Retention
746_kraftrecipes.com,11,Data Collection,0,0.6927293,0.19383495,0.17474413,0.24105178,0.20048393,0.41458356,0.43627578,Data Collection
746_kraftrecipes.com,12,Data Collection,0,0.7468063,0.10636794,0.22519898,0.29364246,0.08887926,0.46945542,0.16282523,Data Collection
746_kraftrecipes.com,13,Data Collection,0,0.9777532,0.1689316,0.116419345,0.1489244,0.048250046,0.6055632,0.14164245,Data Collection|Third-Party Sharing
746_kraftrecipes.com,14,Third-Party Sharing,0,0.8664192,0.09094836,0.14347908,0.26425928,0.058991887,0.8909491,0.29772374,Data Collection|Third-Party Sharing
746_kraftrecipes.com,15,Other/Unclear|User Control & Deletion,0,0.37018132,0.11075875,0.16037297,0.62869644,0.06666581,0.28243887,0.93379605,Other/Unclear|User Control & Deletion
746_kraftrecipes.com,16,Data Collection,0,0.947329,0.17630598,0.12668638,0.22461687,0.046454426,0.4240964,0.13152076,Data Collection
746_kraftrecipes.com,17,Data Collection|Other/Unclear,0,0.9205565,0.16887449,0.13005583,0.24822257,0.1166398,0.4835014,0.1811008,Data Collection
746_kraftrecipes.com,18,Other/Unclear|Third-Party Sharing,0,0.20653749,0.11965725,0.16806747,0.69449425,0.09141581,0.8655892,0.52840704,Other/Unclear|Third-Party Sharing|User Control & Deletion
746_kraftrecipes.com,19,Data Security|Third-Party Sharing,0,0.4232549,0.42161012,0.5137488,0.12278447,0.045008875,0.96338797,0.14597489,Data Security|Third-Party Sharing
746_kraftrecipes.com,20,Third-Party Sharing|User Control & Deletion,0,0.49508935,0.097318575,0.14225136,0.33528182,0.045316014,0.9050513,0.70371634,Third-Party Sharing|User Control & Deletion
746_kraftrecipes.com,21,Third-Party Sharing|User Control & Deletion,0,0.45871037,0.5205922,0.2263603,0.21817316,0.124153055,0.9543154,0.29628882,Data Retention|Third-Party Sharing
746_kraftrecipes.com,22,Other/Unclear|Third-Party Sharing,0,0.23477413,0.19272146,0.35356566,0.40197772,0.18800876,0.8353095,0.30420175,Third-Party Sharing
746_kraftrecipes.com,23,Other/Unclear|Third-Party Sharing,0,0.117735185,0.09021145,0.10572419,0.7974191,0.056667134,0.6431195,0.7435641,Other/Unclear|Third-Party Sharing|User Control & Deletion
746_kraftrecipes.com,24,Other/Unclear,0,0.081351385,0.11889667,0.44635105,0.94117004,0.19153163,0.45904484,0.122346595,Other/Unclear
746_kraftrecipes.com,25,User Control & Deletion,0,0.27320346,0.098199435,0.10733896,0.37618035,0.07632429,0.22960146,0.9615572,User Control & Deletion
746_kraftrecipes.com,26,Data Retention|Other/Unclear|User Control & Deletion,0,0.53051686,0.31253818,0.20115069,0.51515245,0.10067092,0.35491085,0.59059733,Data Collection|Other/Unclear|User Control & Deletion
746_kraftrecipes.com,27,Other/Unclear,0,0.59928346,0.12820737,0.17140277,0.9015809,0.061741833,0.13638896,0.10935167,Data Collection|Other/Unclear
746_kraftrecipes.com,28,Data Security|Other/Unclear,0,0.22501694,0.32359585,0.97276986,0.26874363,0.08562901,0.1382576,0.110034734,Data Security
746_kraftrecipes.com,29,Policy Change,0,0.13262598,0.15147582,0.11346174,0.51909,0.93478745,0.1262682,0.3929459,Other/Unclear|Policy Change
746_kraftrecipes.com,30,Other/Unclear,0,0.109163076,0.09245825,0.103101835,0.91883373,0.16288796,0.065549985,0.50214225,Other/Unclear|User Control & Deletion
746_kraftrecipes.com,31,Other/Unclear,0,0.3393164,0.11778482,0.21411467,0.5663278,0.114307486,0.29766503,0.3664599,Other/Unclear
760_si.edu,0,Other/Unclear,2,0.15947036,0.055983298,0.25345945,0.83178467,0.3304588,0.12175162,0.20815885,Other/Unclear
760_si.edu,1,Data Collection|Other/Unclear,2,0.6649063,0.13150519,0.24177763,0.49579626,0.15055656,0.24618962,0.26693895,Data Collection
760_si.edu,2,Other/Unclear,2,0.2634218,0.11998099,0.34589988,0.85446405,0.22630642,0.16978706,0.19938834,Other/Unclear
760_si.edu,3,Data Collection|Data Retention,2,0.8715443,0.7460555,0.16822538,0.2846893,0.094365045,0.22718363,0.16867428,Data Collection|Data Retention
760_si.edu,4,Data Collection|Data Retention|Third-Party Sharing|User Control & Deletion,2,0.83660364,0.5975779,0.16250494,0.29161775,0.047527816,0.5489255,0.71077067,Data Collection|Data Retention|Third-Party Sharing|User Control & Deletion
760_si.edu,5,Data Collection|Third-Party Sharing,2,0.5510674,0.12186861,0.12545751,0.33684808,0.09375753,0.57672757,0.4519881,Data Collection|Third-Party Sharing
760_si.edu,6,Data Collection|Third-Party Sharing,2,0.7972522,0.392111,0.19765548,0.28561848,0.06847325,0.6029589,0.48265588,Data Collection|Third-Party Sharing
760_si.edu,7,Other/Unclear|User Control & Deletion,2,0.5707935,0.26948282,0.11890868,0.47703096,0.15768628,0.2431377,0.71470845,Data Collection|User Control & Deletion
760_si.edu,8,Data Security|Third-Party Sharing,2,0.34527475,0.21063966,0.60298884,0.1959864,0.13307893,0.90440637,0.5820442,Data Security|Third-Party Sharing|User Control & Deletion
760_si.edu,9,Other/Unclear|User Control & Deletion,2,0.35498965,0.19812831,0.14744471,0.53222775,0.096380144,0.3622759,0.86444396,Other/Unclear|User Control & Deletion
760_si.edu,10,Third-Party Sharing,2,0.24985397,0.32423827,0.34977642,0.4178195,0.09222907,0.72554725,0.26117474,Third-Party Sharing
760_si.edu,11,User Control & Deletion,2,0.23016761,0.16463752,0.27742532,0.4699807,0.15017208,0.40799817,0.3520346,
760_si.edu,12,Data Security,2,0.4020765,0.16542794,0.9336521,0.3553337,0.07647114,0.24754664,0.10324343,Data Security
760_si.edu,13,Data Security,2,0.18130624,0.18809164,0.8926705,0.5248288,0.09539401,0.33537865,0.18857238,Data Security|Other/Unclear
760_si.edu,14,Other/Unclear,2,0.1492265,0.12709896,0.55475855,0.8812311,0.16413662,0.35307133,0.15922306,Data Security|Other/Unclear
760_si.edu,15,Other/Unclear,2,0.31231403,0.11157177,0.12412291,0.9256673,0.27725887,0.1421404,0.15447725,Other/Unclear
760_si.edu,16,Other/Unclear,2,0.34200686,0.21067896,0.19649398,0.8075693,0.123466134,0.14554365,0.3700462,Other/Unclear
760_si.edu,17,Other/Unclear,2,0.2071271,0.09685915,0.14775759,0.6820747,0.8638111,0.15476598,0.15832654,Other/Unclear|Policy Change
777_education.jlab.org,0,Data Collection|Other/Unclear|Third-Party Sharing|User Control & Deletion,0,0.2527671,0.23336373,0.5508841,0.6385012,0.22821647,0.35767487,0.36269844,Data Security|Other/Unclear
777_education.jlab.org,1,Other/Unclear,0,0.17393714,0.18742102,0.34078157,0.7649575,0.10493928,0.40125608,0.2867464,Other/Unclear
777_education.jlab.org,2,Data Collection|Third-Party Sharing,0,0.8877539,0.65202516,0.29015353,0.33813578,0.067931175,0.6646606,0.22180219,Data Collection|Data Retention|Third-Party Sharing
807_lodgemfg.com,0,Data Security|Other/Unclear,0,0.17800342,0.2370344,0.3480259,0.6997187,0.1772459,0.22101502,0.46167186,Other/Unclear
807_lodgemfg.com,1,Other/Unclear,0,0.39306077,0.24575971,0.45321226,0.7001944,0.1589212,0.41707972,0.14629582,Other/Unclear
807_lodgemfg.com,2,Data Collection|Other/Unclear,0,0.82377285,0.26009312,0.29821718,0.27802506,0.053451728,0.33073512,0.2817347,Data Collection
807_lodgemfg.com,3,Data Collection|Other/Unclear,0,0.9086972,0.21387106,0.2126258,0.29658487,0.051751904,0.22570324,0.13984448,Data Collection
807_lodgemfg.com,4,Data Collection,0,0.85495305,0.2560581,0.1271422,0.2657478,0.064787656,0.25760186,0.26531953,Data Collection
807_lodgemfg.com,5,Data Security,0,0.45930234,0.20539692,0.6087649,0.3834047,0.082162745,0.27204627,0.15653417,Data Security
807_lodgemfg.com,6,Data Security,0,0.35372055,0.3814562,0.8057054,0.33168375,0.061116148,0.3376711,0.24996057,Data Security
807_lodgemfg.com,7,Data Security,0,0.22467409,0.14393419,0.7059751,0.38518685,0.07352406,0.32146025,0.1818625,Data Security
807_lodgemfg.com,8,Data Security,0,0.43448493,0.35867152,0.48773456,0.547507,0.08523527,0.36100566,0.21692394,Other/Unclear
807_lodgemfg.com,9,Data Collection|Other/Unclear,0,0.905285,0.23669969,0.12755005,0.38359103,0.06304793,0.43008333,0.2965994,Data Collection
807_lodgemfg.com,10,Data Collection,0,0.6376036,0.14241831,0.16270404,0.44006196,0.09530627,0.32590517,0.20115928,Data Collection
807_lodgemfg.com,11,User Control & Deletion,0,0.36055857,0.112941094,0.16112022,0.3729992,0.08887166,0.17808734,0.86341953,User Control & Deletion
807_lodgemfg.com,12,Other/Unclear|User Control & Deletion,0,0.44892082,0.1671693,0.1137972,0.403213,0.12356026,0.39261994,0.7712835,User Control & Deletion
807_lodgemfg.com,13,Third-Party Sharing,0,0.333244,0.25584787,0.33587787,0.5307475,0.13298652,0.8706248,0.33689803,Other/Unclear|Third-Party Sharing
807_lodgemfg.com,14,Other/Unclear|Third-Party Sharing,0,0.33500698,0.074761495,0.30964968,0.6540145,0.118453436,0.8224672,0.20614088,Other/Unclear|Third-Party Sharing
807_lodgemfg.com,15,Other/Unclear,0,0.32732096,0.17659107,0.42966393,0.59185165,0.0786717,0.46096507,0.42693445,Other/Unclear
807_lodgemfg.com,16,Data Collection|Other/Unclear,0,0.45249194,0.24121684,0.24085677,0.3652214,0.18098493,0.47823402,0.36317176,
807_lodgemfg.com,17,Other/Unclear,0,0.18574171,0.15861426,0.339323,0.833522,0.122501135,0.25973666,0.19713677,Other/Unclear
807_lodgemfg.com,18,Other/Unclear,0,0.28930476,0.1693078,0.21419019,0.6720664,0.14995931,0.21599486,0.42685726,Other/Unclear
807_lodgemfg.com,19,Data Security|Other/Unclear,0,0.48739102,0.11942486,0.20257483,0.50941855,0.07343173,0.22939062,0.3860538,Other/Unclear
807_lodgemfg.com,20,Other/Unclear,0,0.19566794,0.22604333,0.24793188,0.60211694,0.4120353,0.22891052,0.2482896,Other/Unclear
807_lodgemfg.com,21,Other/Unclear,0,0.14445949,0.07454711,0.20757739,0.7465268,0.22626816,0.18413772,0.22503217,Other/Unclear
807_lodgemfg.com,22,Policy Change,0,0.08165093,0.069072805,0.27786437,0.7281924,0.83653206,0.16328679,0.16294046,Other/Unclear|Policy Change
807_lodgemfg.com,23,User Control & Deletion,0,0.21931057,0.15002,0.2042716,0.61723876,0.15687907,0.25966504,0.6654591,Other/Unclear|User Control & Deletion
807_lodgemfg.com,24,Other/Unclear,0,0.3657039,0.14535858,0.19029811,0.8315605,0.061011773,0.24018508,0.28144646,Other/Unclear
807_lodgemfg.com,25,Third-Party Sharing,0,0.27376324,0.12517084,0.3418288,0.760825,0.085925594,0.67295474,0.42228886,Other/Unclear|Third-Party Sharing
807_lodgemfg.com,26,Other/Unclear,0,0.20206378,0.076234,0.43140623,0.8901678,0.07999504,0.11130721,0.20877461,Other/Unclear
807_lodgemfg.com,27,Other/Unclear,0,0.30844447,0.091674425,0.13551156,0.89191175,0.08878766,0.18974449,0.15625715,Other/Unclear
807_lodgemfg.com,28,Other/Unclear,0,0.13737144,0.13062264,0.5175854,0.8069796,0.086777546,0.25149137,0.1443764,Data Security|Other/Unclear
807_lodgemfg.com,29,Data Security|Other/Unclear,0,0.30183068,0.18688563,0.3297167,0.5465352,0.15485431,0.37521628,0.24135436,Other/Unclear
807_lodgemfg.com,30,Data Security|Other/Unclear,0,0.38611984,0.271206,0.20228292,0.41751236,0.2265584,0.37027434,0.24876924,
807_lodgemfg.com,31,Data Security|Other/Unclear,0,0.40166098,0.26084647,0.22912437,0.3818854,0.21264093,0.38167077,0.26990494,
807_lodgemfg.com,32,Data Security|Other/Unclear,0,0.29804462,0.21486919,0.32177448,0.48507038,0.10114611,0.51740915,0.34694636,Third-Party Sharing
807_lodgemfg.com,33,Other/Unclear|Policy Change,0,0.092939444,0.14936668,0.15081541,0.9152185,0.37273902,0.07216969,0.3237328,Other/Unclear
817_ironhorsevineyards.com,0,Data Security|Other/Unclear,2,0.2734242,0.23347566,0.52679986,0.59129745,0.22815555,0.49697262,0.23629868,Data Security|Other/Unclear
817_ironhorsevineyards.com,1,Other/Unclear|Third-Party Sharing,2,0.8042628,0.12535001,0.2038898,0.27445793,0.0533245,0.8381843,0.11893949,Data Collection|Third-Party Sharing
817_ironhorsevineyards.com,2,Data Collection,2,0.8742031,0.20764692,0.157884,0.16352178,0.057144016,0.43329778,0.29865935,Data Collection
817_ironhorsevineyards.com,3,Other/Unclear|Third-Party Sharing,2,0.6172371,0.18917686,0.32109314,0.21831575,0.05479559,0.8888798,0.18300617,Data Collection|Third-Party Sharing
817_ironhorsevineyards.com,4,Other/Unclear|User Control & Deletion,2,0.23414068,0.1768329,0.22439516,0.51577145,0.22133526,0.2275404,0.83441603,Other/Unclear|User Control & Deletion
817_ironhorsevineyards.com,5,Other/Unclear|User Control & Deletion,2,0.20698251,0.18015374,0.082834326,0.5868075,0.12447142,0.3599768,0.9282345,Other/Unclear|User Control & Deletion
817_ironhorsevineyards.com,6,Data Security,2,0.44066745,0.55273664,0.7765577,0.5716217,0.089681685,0.36826313,0.22665517,Data Retention|Data Security|Other/Unclear
82_sheknows.com,0,Other/Unclear,3,0.09199757,0.053071868,0.23651195,0.9286109,0.6480503,0.09021642,0.21743761,Other/Unclear|Policy Change
82_sheknows.com,1,Data Collection|Other/Unclear|Third-Party Sharing,3,0.37178662,0.20846257,0.31774062,0.79266566,0.27703443,0.6180157,0.32188198,Other/Unclear|Third-Party Sharing
82_sheknows.com,2,Data Collection,3,0.92721564,0.5102861,0.09812043,0.32147795,0.042836674,0.4649342,0.36758295,Data Collection|Data Retention
82_sheknows.com,3,Data Collection|Third-Party Sharing,3,0.78172266,0.30015567,0.15696126,0.38904938,0.045587625,0.4753896,0.70814234,Data Collection|User Control & Deletion
82_sheknows.com,4,Data Collection|Third-Party Sharing,3,0.7398035,0.19814838,0.20264389,0.36303654,0.11442081,0.75874454,0.60968274,Data Collection|Third-Party Sharing|User Control & Deletion
82_sheknows.com,5,Data Collection,3,0.8249819,0.25582302,0.18628961,0.18820341,0.060214695,0.24819823,0.26702523,Data Collection
82_sheknows.com,6,Other/Unclear,3,0.1777093,0.15946743,0.23963149,0.74783796,0.11307399,0.35168552,0.4567551,Other/Unclear
82_sheknows.com,7,Data Collection,3,0.88491696,0.2788899,0.19569853,0.29307345,0.04683298,0.5015298,0.17712419,Data Collection|Third-Party Sharing
82_sheknows.com,8,Data Collection|Other/Unclear,3,0.48661166,0.16858035,0.31214488,0.51357037,0.1311378,0.3571116,0.24917223,Other/Unclear
82_sheknows.com,9,Data Collection|Policy Change,3,0.7840648,0.21421604,0.17878048,0.28855395,0.21251358,0.4799925,0.33226126,Data Collection
82_sheknows.com,10,Data Retention|Other/Unclear|Third-Party Sharing,3,0.36228663,0.5714374,0.16263084,0.6566585,0.099124566,0.6776654,0.48866385,Data Retention|Other/Unclear|Third-Party Sharing
82_sheknows.com,11,Data Collection,3,0.70884585,0.25507218,0.07308892,0.29019192,0.18654257,0.33460203,0.8524769,Data Collection|User Control & Deletion
82_sheknows.com,12,Data Collection|Third-Party Sharing,3,0.74503183,0.22253035,0.18802187,0.29866678,0.043119926,0.62473863,0.27400285,Data Collection|Third-Party Sharing
82_sheknows.com,13,Data Collection|Other/Unclear,3,0.28130448,0.23912354,0.30687273,0.5557488,0.25803357,0.6533756,0.33468768,Other/Unclear|Third-Party Sharing
82_sheknows.com,14,Data Collection,3,0.8122313,0.3740372,0.19975248,0.29472774,0.08648547,0.4594938,0.37675828,Data Collection
82_sheknows.com,15,User Control & Deletion,3,0.44685674,0.19291958,0.07163391,0.33510673,0.08199924,0.23456167,0.93928105,User Control & Deletion
82_sheknows.com,16,Data Collection|Data Security|Other/Unclear|Third-Party Sharing,3,0.7142675,0.3410273,0.39241394,0.4378272,0.07822034,0.92973024,0.28593805,Data Collection|Third-Party Sharing
82_sheknows.com,17,Data Collection|Third-Party Sharing,3,0.56173855,0.19220157,0.25944635,0.40075362,0.10354592,0.74135965,0.2959439,Data Collection|Third-Party Sharing
82_sheknows.com,18,Data Collection,3,0.87034976,0.25436696,0.14544816,0.24335101,0.07674957,0.4213471,0.23464744,Data Collection
82_sheknows.com,19,Data Collection|Third-Party Sharing,3,0.592377,0.15612529,0.23240344,0.3255376,0.14638293,0.75618976,0.16206245,Data Collection|Third-Party Sharing
82_sheknows.com,20,Third-Party Sharing,3,0.25717703,0.12596492,0.14087817,0.25050575,0.18714929,0.8323101,0.17753625,Third-Party Sharing
82_sheknows.com,21,Data Collection|Other/Unclear,3,0.76361024,0.1647845,0.18944931,0.41089144,0.080557495,0.4681274,0.23558998,Data Collection
82_sheknows.com,22,Data Collection|Third-Party Sharing,3,0.2164353,0.13832176,0.2510833,0.49546462,0.11049608,0.8019193,0.32470682,Third-Party Sharing
82_sheknows.com,23,Data Retention|Other/Unclear|Third-Party Sharing,3,0.44711372,0.19762968,0.37039277,0.2504626,0.03720465,0.91572386,0.26358974,Third-Party Sharing
82_sheknows.com,24,Third-Party Sharing,3,0.49951354,0.19305585,0.24562818,0.19853397,0.14856309,0.84384763,0.21288277,Third-Party Sharing
82_sheknows.com,25,Third-Party Sharing,3,0.1802756,0.1918718,0.38225842,0.19709203,0.16334432,0.9244268,0.14263341,Third-Party Sharing
82_sheknows.com,26,Third-Party Sharing,3,0.66783917,0.099735945,0.14276084,0.23067145,0.03453345,0.74376965,0.13768545,Data Collection|Third-Party Sharing
82_sheknows.com,27,Third-Party Sharing,3,0.69368714,0.10555142,0.1535399,0.34431735,0.10647377,0.7868388,0.22140077,Data Collection|Third-Party Sharing
82_sheknows.com,28,Third-Party Sharing,3,0.2828603,0.11792054,0.2037742,0.56946564,0.10408836,0.67412114,0.43130094,Other/Unclear|Third-Party Sharing
82_sheknows.com,29,Other/Unclear,3,0.09232899,0.05111868,0.2625848,0.86236626,0.2876496,0.5332324,0.15066415,Other/Unclear|Third-Party Sharing
82_sheknows.com,30,Data Security,3,0.13561456,0.2384989,0.93759716,0.5490063,0.0716368,0.23044741,0.23027742,Data Security|Other/Unclear
82_sheknows.com,31,Data Security,3,0.21158408,0.17383254,0.9188587,0.5703408,0.07505047,0.12919311,0.41127416,Data Security|Other/Unclear
82_sheknows.com,32,Data Security,3,0.16592743,0.20117936,0.63634646,0.49846458,0.1973816,0.39432776,0.17079446,Data Security
82_sheknows.com,33,User Control & Deletion,3,0.44864854,0.14723124,0.19641402,0.30130807,0.05264463,0.48949793,0.67283577,User Control & Deletion
82_sheknows.com,34,Data Collection|Other/Unclear,3,0.3042532,0.16994421,0.21655618,0.9014032,0.10159721,0.16915075,0.2626881,Other/Unclear
82_sheknows.com,35,Other/Unclear,3,0.13454457,0.060280357,0.34619644,0.7555211,0.13463037,0.84565717,0.16170754,Other/Unclear|Third-Party Sharing
82_sheknows.com,36,Other/Unclear|Third-Party Sharing,3,0.28048918,0.15588945,0.17664209,0.75993425,0.06869255,0.79226786,0.2876788,Other/Unclear|Third-Party Sharing
82_sheknows.com,37,Other/Unclear,3,0.19652712,0.2585069,0.36764055,0.87410414,0.1817299,0.38233882,0.2674049,Other/Unclear
82_sheknows.com,38,Third-Party Sharing,3,0.726988,0.113075465,0.21804643,0.37753096,0.08588301,0.8258211,0.29696637,Data Collection|Third-Party Sharing
82_sheknows.com,39,Other/Unclear|Third-Party Sharing,3,0.26961282,0.10206434,0.26322395,0.76118493,0.12744176,0.8912531,0.2509807,Other/Unclear|Third-Party Sharing
82_sheknows.com,40,Other/Unclear|User Control & Deletion,3,0.14996473,0.100402616,0.12164159,0.5555127,0.10275759,0.60700744,0.8523582,Other/Unclear|Third-Party Sharing|User Control & Deletion
82_sheknows.com,41,User Control & Deletion,3,0.20731473,0.09994967,0.16233996,0.6898504,0.09266404,0.32805938,0.76558506,Other/Unclear|User Control & Deletion
82_sheknows.com,42,Other/Unclear|User Control & Deletion,3,0.1975338,0.06826161,0.21974356,0.8538809,0.086342536,0.2025633,0.4647655,Other/Unclear
82_sheknows.com,43,Other/Unclear,3,0.3304185,0.174114,0.14360471,0.4227141,0.42524517,0.407698,0.5034332,User Control & Deletion
82_sheknows.com,44,Policy Change,3,0.10402086,0.12154183,0.13086268,0.54512197,0.98310894,0.09549541,0.29575548,Other/Unclear|Policy Change
82_sheknows.com,45,Other/Unclear,3,0.102392025,0.09157403,0.08636773,0.9003204,0.16148736,0.14675416,0.40878952,Other/Unclear
856_sciencemag.org,0,Other/Unclear,4,0.14310758,0.20150506,0.49050885,0.8784321,0.1572143,0.19413963,0.20851402,Other/Unclear
856_sciencemag.org,1,Data Collection,4,0.84848195,0.24539219,0.24431029,0.43019897,0.075368725,0.23484915,0.2002274,Data Collection
856_sciencemag.org,2,Data Collection,4,0.8969959,0.22483318,0.20026521,0.28123412,0.056369744,0.3045582,0.22124246,Data Collection
856_sciencemag.org,3,Data Collection,4,0.88026816,0.19583328,0.18083425,0.23544717,0.057494346,0.18848056,0.187142,Data Collection
856_sciencemag.org,4,Data Retention|Other/Unclear|Third-Party Sharing,4,0.4556804,0.25241038,0.31517336,0.7051038,0.07517157,0.7328112,0.26093048,Other/Unclear|Third-Party Sharing
856_sciencemag.org,5,Data Collection,4,0.8970428,0.20200461,0.13348852,0.25854328,0.10508054,0.37231857,0.16110283,Data Collection
856_sciencemag.org,6,Data Collection|Other/Unclear|Third-Party Sharing|User Control & Deletion,4,0.748417,0.1311445,0.20190562,0.2730691,0.101511076,0.65489954,0.62256086,Data Collection|Third-Party Sharing|User Control & Deletion
856_sciencemag.org,7,Third-Party Sharing,4,0.6912344,0.23219216,0.12719098,0.14145215,0.03822817,0.79276043,0.16262801,Data Collection|Third-Party Sharing
856_sciencemag.org,8,User Control & Deletion,4,0.44409207,0.1480463,0.114195265,0.47807944,0.10903355,0.28021201,0.75514156,User Control & Deletion
856_sciencemag.org,9,Other/Unclear|User Control & Deletion,4,0.2569089,0.10416845,0.19345365,0.58353204,0.091823615,0.42460525,0.70688957,Other/Unclear|User Control & Deletion
856_sciencemag.org,10,User Control & Deletion,4,0.285974,0.09534273,0.19477974,0.4932775,0.081899345,0.52156425,0.7023816,Third-Party Sharing|User Control & Deletion
856_sciencemag.org,11,Other/Unclear|User Control & Deletion,4,0.24511838,0.12623501,0.32743153,0.53305835,0.10161667,0.38184926,0.8148839,Other/Unclear|User Control & Deletion
856_sciencemag.org,12,Other/Unclear|User Control & Deletion,4,0.32629076,0.1420991,0.24604802,0.58430034,0.097540654,0.32789397,0.7645008,Other/Unclear|User Control & Deletion
856_sciencemag.org,13,Other/Unclear|User Control & Deletion,4,0.20529227,0.14900719,0.20375851,0.5685411,0.103947975,0.20679463,0.86445594,Other/Unclear|User Control & Deletion
856_sciencemag.org,14,Other/Unclear,4,0.4008878,0.23094708,0.15953077,0.4469071,0.14072959,0.38855132,0.39019257,
856_sciencemag.org,15,Data Collection|Third-Party Sharing,4,0.6143773,0.12374479,0.16364124,0.23610863,0.09724758,0.8603722,0.3704194,Data Collection|Third-Party Sharing
856_sciencemag.org,16,Data Security|Third-Party Sharing,4,0.16362305,0.1996291,0.87906224,0.24454853,0.07845746,0.9647959,0.16148217,Data Security|Third-Party Sharing
856_sciencemag.org,17,Third-Party Sharing,4,0.26089215,0.18102798,0.28712928,0.11244959,0.07977765,0.87706316,0.16867535,Third-Party Sharing
856_sciencemag.org,18,Other/Unclear|Third-Party Sharing,4,0.36576906,0.09430903,0.1703497,0.2641891,0.09893407,0.9407471,0.13969816,Third-Party Sharing
856_sciencemag.org,19,Other/Unclear|Third-Party Sharing|User Control & Deletion,4,0.37679377,0.36488095,0.3240212,0.50719976,0.12723172,0.41531533,0.5261786,Other/Unclear|User Control & Deletion
856_sciencemag.org,20,Data Security|Other/Unclear|Third-Party Sharing|User Control & Deletion,4,0.19839369,0.5636175,0.7324571,0.6437442,0.10561068,0.63000536,0.5026268,Data Retention|Data Security|Other/Unclear|Third-Party Sharing|User Control & Deletion
856_sciencemag.org,21,Other/Unclear,4,0.26560247,0.21286541,0.6477003,0.65844756,0.11947483,0.43168846,0.3719595,Data Security|Other/Unclear
856_sciencemag.org,22,Other/Unclear,4,0.40416667,0.37907168,0.26380116,0.5996719,0.261767,0.31851497,0.43300286,Other/Unclear
856_sciencemag.org,23,Other/Unclear,4,0.45736498,0.22577262,0.16935818,0.59846795,0.14649169,0.3050554,0.40547806,Other/Unclear
856_sciencemag.org,24,Data Collection|Other/Unclear,4,0.8926874,0.28884816,0.18694684,0.34011555,0.07577432,0.36581492,0.35389546,Data Collection
856_sciencemag.org,25,User Control & Deletion,4,0.4822619,0.16561228,0.19095872,0.29263678,0.13365543,0.18139966,0.8192784,User Control & Deletion
856_sciencemag.org,26,Data Collection,4,0.8210013,0.15621123,0.17496654,0.3867298,0.089006566,0.45801362,0.16751902,Data Collection
856_sciencemag.org,27,Other/Unclear,4,0.4499979,0.19410944,0.36854857,0.46712855,0.0915936,0.2692885,0.54128516,User Control & Deletion
856_sciencemag.org,28,Other/Unclear|User Control & Deletion,4,0.19396944,0.15665992,0.25144213,0.44420198,0.19119875,0.24942812,0.77948,User Control & Deletion
856_sciencemag.org,29,Data Security|Other/Unclear,4,0.26366094,0.20068306,0.96760845,0.1564767,0.069750965,0.26446003,0.19298065,Data Security
856_sciencemag.org,30,Data Security,4,0.42034492,0.24642044,0.66766167,0.26785374,0.19489747,0.567542,0.32117727,Data Security|Third-Party Sharing
856_sciencemag.org,31,Other/Unclear,4,0.46561226,0.09448558,0.14877167,0.9296883,0.14559689,0.08340998,0.10215839,Other/Unclear
856_sciencemag.org,32,Other/Unclear|Policy Change|User Control & Deletion,4,0.28380844,0.08653267,0.18397568,0.76139486,0.396254,0.25387543,0.53313136,Other/Unclear|User Control & Deletion
856_sciencemag.org,33,Other/Unclear|Policy Change,4,0.20955338,0.10876069,0.1933561,0.5966456,0.72459185,0.14209169,0.43981338,Other/Unclear|Policy Change
856_sciencemag.org,34,Other/Unclear,4,0.1641332,0.21053533,0.39426875,0.8207346,0.2928243,0.13030855,0.44424403,Other/Unclear
856_sciencemag.org,35,Other/Unclear,4,0.25933635,0.113507986,0.22600679,0.7260469,0.108177364,0.18357486,0.35463434,Other/Unclear
862_disinfo.com,0,Other/Unclear,1,0.43316165,0.19065824,0.30123013,0.900739,0.5657942,0.14155844,0.28139398,Other/Unclear|Policy Change
862_disinfo.com,1,Policy Change,1,0.1125684,0.1462352,0.16190714,0.50914204,0.9818847,0.104107894,0.48141018,Other/Unclear|Policy Change
862_disinfo.com,2,Data Collection|Third-Party Sharing,1,0.8993513,0.31559917,0.18433343,0.27863854,0.04698772,0.37204096,0.1277836,Data Collection
862_disinfo.com,3,Data Collection,1,0.6797812,0.13883269,0.1340024,0.4134696,0.043426283,0.30270445,0.27944294,Data Collection
862_disinfo.com,4,Data Collection|Third-Party Sharing,1,0.94045895,0.3624005,0.17197967,0.21023189,0.04117125,0.3879784,0.24214944,Data Collection
862_disinfo.com,5,Data Collection,1,0.64805204,0.18647313,0.12635241,0.4836041,0.14015591,0.3156186,0.3809106,Data Collection
862_disinfo.com,6,Data Collection|Third-Party Sharing,1,0.8410907,0.10447536,0.14593235,0.2971573,0.058697335,0.51435804,0.12487545,Data Collection|Third-Party Sharing
862_disinfo.com,7,Data Collection,1,0.83085924,0.2738394,0.20001929,0.3265154,0.08942327,0.28109476,0.36476478,Data Collection
862_disinfo.com,8,Data Collection,1,0.7629254,0.10690233,0.17266199,0.3173028,0.1163522,0.44906124,0.19910163,Data Collection
862_disinfo.com,9,Data Collection|Third-Party Sharing,1,0.1639428,0.1234569,0.23226334,0.17978092,0.1583671,0.9058636,0.25871414,Third-Party Sharing
862_disinfo.com,10,Third-Party Sharing,1,0.2888224,0.17292044,0.3716624,0.20066558,0.05632295,0.8409196,0.17537448,Third-Party Sharing
862_disinfo.com,11,Third-Party Sharing,1,0.36293,0.2623362,0.60493696,0.3613472,0.047301862,0.91336983,0.17350172,Data Security|Third-Party Sharing
862_disinfo.com,12,Third-Party Sharing,1,0.38987717,0.19895156,0.1639817,0.4257103,0.06946605,0.6175246,0.54427403,Third-Party Sharing|User Control & Deletion
862_disinfo.com,13,Data Collection,1,0.9272343,0.10603711,0.089930505,0.37146944,0.08391127,0.33163968,0.31294158,Data Collection
862_disinfo.com,14,Other/Unclear,1,0.5760292,0.18145284,0.22526048,0.51111346,0.090230346,0.23398735,0.29420346,Data Collection|Other/Unclear
862_disinfo.com,15,Data Collection|Other/Unclear|Third-Party Sharing,1,0.6609059,0.12452767,0.22430581,0.5718104,0.05101251,0.39632222,0.27623156,Data Collection|Other/Unclear
862_disinfo.com,16,Data Security,1,0.12857726,0.23909336,0.8793477,0.57571787,0.06467831,0.38897645,0.29298517,Data Security|Other/Unclear
862_disinfo.com,17,Other/Unclear|Third-Party Sharing,1,0.39346442,0.2931818,0.28190213,0.6460434,0.07853988,0.7156271,0.35173813,Other/Unclear|Third-Party Sharing
862_disinfo.com,18,Data Security,1,0.1158225,0.21233094,0.9812792,0.49380636,0.06669756,0.3120132,0.09226338,Data Security
862_disinfo.com,19,Other/Unclear,1,0.11110465,0.09651133,0.29491025,0.8701644,0.19306184,0.500007,0.30157295,Other/Unclear|Third-Party Sharing
862_disinfo.com,20,Data Collection|Other/Unclear,1,0.41888765,0.23955278,0.2420519,0.89130235,0.13875952,0.21031624,0.2388401,Other/Unclear
862_disinfo.com,21,Other/Unclear|User Control & Deletion,1,0.29131857,0.27741978,0.11381148,0.71038175,0.090562716,0.1697176,0.7826775,Other/Unclear|User Control & Deletion
862_disinfo.com,22,User Control & Deletion,1,0.4251764,0.24239865,0.12921387,0.39306116,0.05948773,0.20924436,0.9696503,User Control & Deletion
862_disinfo.com,23,Other/Unclear|Third-Party Sharing,1,0.14668342,0.12198437,0.2830922,0.50857127,0.23948084,0.8251485,0.4393673,Other/Unclear|Third-Party Sharing
862_disinfo.com,24,Other/Unclear,1,0.22213757,0.1457905,0.13584022,0.89633924,0.12230253,0.20391771,0.3784072,Other/Unclear
883_ted.com,0,Data Security|Other/Unclear,4,0.26492694,0.19771464,0.3178681,0.711089,0.19417648,0.20811163,0.16188844,Other/Unclear
883_ted.com,1,Data Collection,4,0.8071545,0.21425727,0.19654103,0.42191496,0.05696391,0.23669213,0.24736,Data Collection
883_ted.com,2,Data Collection,4,0.7625432,0.13219365,0.18975003,0.29872245,0.08375917,0.41674533,0.2773818,Data Collection
883_ted.com,3,Data Collection|User Control & Deletion,4,0.8631601,0.35080153,0.1264176,0.3104087,0.05656262,0.23232959,0.5868433,Data Collection|User Control & Deletion
883_ted.com,4,Data Collection|User Control & Deletion,4,0.59570056,0.50978345,0.17350288,0.575571,0.17640752,0.27269533,0.6965312,Data Collection|Data Retention|Other/Unclear|User Control & Deletion
883_ted.com,5,Data Collection|Data Retention|Data Security|Third-Party Sharing,4,0.78078246,0.49214554,0.40923655,0.24917136,0.0618169,0.81791925,0.17381853,Data Collection|Third-Party Sharing
883_ted.com,6,Other/Unclear|Third-Party Sharing,4,0.43145755,0.16940598,0.199081,0.7170737,0.07393932,0.6210968,0.2761435,Other/Unclear|Third-Party Sharing
883_ted.com,7,Other/Unclear|User Control & Deletion,4,0.38786247,0.29614845,0.3667457,0.78918743,0.079192854,0.52846444,0.5068116,Other/Unclear|Third-Party Sharing|User Control & Deletion
883_ted.com,8,Other/Unclear,4,0.20905125,0.11335166,0.1791319,0.8086301,0.13710584,0.5435383,0.28480586,Other/Unclear|Third-Party Sharing
883_ted.com,9,Data Collection,4,0.8338841,0.18856592,0.12356471,0.393617,0.06940507,0.38056242,0.22718023,Data Collection
883_ted.com,10,Data Collection|Other/Unclear,4,0.6889077,0.13429926,0.2868728,0.58473337,0.063372515,0.39586216,0.263485,Data Collection|Other/Unclear
883_ted.com,11,Data Collection,4,0.8560477,0.12378317,0.14681982,0.22494733,0.040560838,0.21008469,0.14765564,Data Collection
883_ted.com,12,Data Collection,4,0.6758227,0.13036646,0.13441487,0.44480667,0.08552173,0.32963887,0.40634307,Data Collection
883_ted.com,13,Data Collection,4,0.926872,0.26310298,0.15291229,0.1255215,0.090623975,0.31370288,0.12036741,Data Collection
883_ted.com,14,Data Collection|User Control & Deletion,4,0.86122614,0.41966614,0.111570604,0.21218945,0.22547762,0.2482732,0.5550429,Data Collection|User Control & Deletion
883_ted.com,15,Data Collection|Third-Party Sharing,4,0.5359931,0.14086974,0.23935974,0.41452536,0.11054707,0.7463251,0.27702087,Data Collection|Third-Party Sharing
883_ted.com,16,Data Security|Third-Party Sharing,4,0.30639285,0.16852467,0.6696257,0.27998808,0.05362831,0.90334576,0.16161564,Data Security|Third-Party Sharing
883_ted.com,17,Data Collection,4,0.7354887,0.3047624,0.1555375,0.17646559,0.09454034,0.61929893,0.13274173,Data Collection|Third-Party Sharing
883_ted.com,18,Data Collection|Other/Unclear,4,0.7925879,0.29179743,0.20612848,0.2776505,0.13513868,0.57953465,0.30930495,Data Collection|Third-Party Sharing
883_ted.com,19,Other/Unclear|Third-Party Sharing,4,0.42607644,0.10880828,0.17961538,0.7224969,0.072430916,0.66638285,0.14849007,Other/Unclear|Third-Party Sharing
883_ted.com,20,Data Security,4,0.097132206,0.15070811,0.9500281,0.2594793,0.074059896,0.13920425,0.1770474,Data Security
883_ted.com,21,Other/Unclear,4,0.2789619,0.07388628,0.08230788,0.93130267,0.13548368,0.051686168,0.119959295,Other/Unclear
883_ted.com,22,Other/Unclear,4,0.45069247,0.29323012,0.17584659,0.9194484,0.20547366,0.1273904,0.3379574,Other/Unclear
883_ted.com,23,Policy Change,4,0.15789244,0.19108972,0.13473126,0.4096174,0.97824085,0.15783663,0.21314068,Policy Change
883_ted.com,24,User Control & Deletion,4,0.21022643,0.6137293,0.13861607,0.56780523,0.12069852,0.16517825,0.9202116,Data Retention|Other/Unclear|User Control & Deletion
884_naturalnews.com,0,Data Collection|Third-Party Sharing,4,0.2371046,0.09133654,0.2180114,0.70289433,0.1453665,0.7300693,0.19533114,Other/Unclear|Third-Party Sharing
884_naturalnews.com,1,Other/Unclear|User Control & Deletion,4,0.2415995,0.1141328,0.32595813,0.7300492,0.1306333,0.20267186,0.2878498,Other/Unclear
884_naturalnews.com,2,Other/Unclear,4,0.26455423,0.1125566,0.26364845,0.6807741,0.12818158,0.24248067,0.35591748,Other/Unclear
884_naturalnews.com,3,User Control & Deletion,4,0.13566951,0.069211826,0.15581454,0.5650965,0.11795224,0.15884976,0.86208415,Other/Unclear|User Control & Deletion
884_naturalnews.com,4,Other/Unclear|User Control & Deletion,4,0.32386506,0.18970437,0.2109064,0.60021627,0.19195776,0.25006258,0.62737566,Other/Unclear|User Control & Deletion
891_everydayhealth.com,0,Other/Unclear|Policy Change,0,0.088942386,0.0585021,0.1322437,0.84518653,0.84380186,0.12397911,0.109003894,Other/Unclear|Policy Change
891_everydayhealth.com,1,Other/Unclear,0,0.5126163,0.088803925,0.23730949,0.5940251,0.098432936,0.6154676,0.21720016,Data Collection|Other/Unclear|Third-Party Sharing
891_everydayhealth.com,2,Other/Unclear,0,0.54473054,0.1709487,0.18750378,0.48586988,0.15874952,0.32738778,0.28948945,Data Collection
891_everydayhealth.com,3,Other/Unclear,0,0.6163789,0.2304657,0.19247134,0.54524624,0.09334152,0.28149274,0.17263111,Data Collection|Other/Unclear
891_everydayhealth.com,4,Other/Unclear|Policy Change,0,0.5050312,0.24892142,0.15441743,0.5271218,0.34148893,0.2758431,0.4936617,Data Collection|Other/Unclear
891_everydayhealth.com,5,Other/Unclear,0,0.25473952,0.28616452,0.42519948,0.7039567,0.09602775,0.27830544,0.3384392,Other/Unclear
891_everydayhealth.com,6,Other/Unclear,0,0.3806163,0.17629728,0.33376664,0.6744222,0.23844334,0.34138036,0.33288807,Other/Unclear
891_everydayhealth.com,7,Data Collection|Other/Unclear,0,0.8349407,0.27015543,0.14440937,0.35800084,0.06900631,0.16531055,0.15349577,Data Collection
891_everydayhealth.com,8,Data Collection,0,0.88019216,0.15408911,0.1826855,0.20368102,0.036717266,0.44397402,0.46322685,Data Collection
891_everydayhealth.com,9,User Control & Deletion,0,0.5597196,0.24677023,0.3517712,0.5988964,0.087256856,0.22857702,0.7595822,Data Collection|Other/Unclear|User Control & Deletion
891_everydayhealth.com,10,Data Collection,0,0.93388975,0.13971105,0.089240775,0.32724458,0.038735237,0.40040994,0.22884427,Data Collection
891_everydayhealth.com,11,Data Collection,0,0.8451288,0.16249374,0.23621657,0.2623446,0.04778856,0.6244942,0.19670138,Data Collection|Third-Party Sharing
891_everydayhealth.com,12,Data Collection|Other/Unclear,0,0.55420095,0.322494,0.41814148,0.47265095,0.22516249,0.28211597,0.29441938,Data Collection
891_everydayhealth.com,13,Data Collection,0,0.83030826,0.15209745,0.18574145,0.44095567,0.045589264,0.47089905,0.31666082,Data Collection
891_everydayhealth.com,14,User Control & Deletion,0,0.51616544,0.20496598,0.22225282,0.6812517,0.05771488,0.25372803,0.8045375,Data Collection|Other/Unclear|User Control & Deletion
891_everydayhealth.com,15,Data Collection,0,0.9283626,0.25787148,0.18813558,0.13836206,0.08212682,0.40392366,0.33882186,Data Collection
891_everydayhealth.com,16,Data Collection,0,0.92660314,0.1950979,0.14439376,0.29550436,0.045461617,0.64518887,0.23017485,Data Collection|Third-Party Sharing
891_everydayhealth.com,17,User Control & Deletion,0,0.61374336,0.15166742,0.115135804,0.2991417,0.057666965,0.30246925,0.79875994,Data Collection|User Control & Deletion
891_everydayhealth.com,18,Data Collection,0,0.89747316,0.23536193,0.123405464,0.22198103,0.08829818,0.34106624,0.24465005,Data Collection
891_everydayhealth.com,19,Data Collection|Third-Party Sharing,0,0.8675503,0.182977,0.27200344,0.21087863,0.064781554,0.413998,0.09809996,Data Collection
891_everydayhealth.com,20,Data Collection,0,0.6840361,0.054256566,0.1043314,0.3950099,0.07858984,0.69837284,0.22396672,Data Collection|Third-Party Sharing
891_everydayhealth.com,21,Data Collection|Third-Party Sharing,0,0.7330906,0.1849606,0.13583736,0.4537905,0.11263454,0.6805084,0.21238643,Data Collection|Third-Party Sharing
891_everydayhealth.com,22,Other/Unclear|User Control & Deletion,0,0.24126157,0.13471128,0.21254952,0.67715234,0.09483232,0.2511883,0.93158764,Other/Unclear|User Control & Deletion
891_everydayhealth.com,23,Other/Unclear|Third-Party Sharing|User Control & Deletion,0,0.35703802,0.120772175,0.15883395,0.5785742,0.10116793,0.7485893,0.9109577,Other/Unclear|Third-Party Sharing|User Control & Deletion
891_everydayhealth.com,24,Third-Party Sharing|User Control & Deletion,0,0.31311217,0.11921291,0.14854494,0.47460428,0.10954432,0.91510445,0.44462073,Third-Party Sharing
891_everydayhealth.com,25,Third-Party Sharing,0,0.32601613,0.25333264,0.30348498,0.23171122,0.0884021,0.8340923,0.13202398,Third-Party Sharing
891_everydayhealth.com,26,Data Security|Third-Party Sharing,0,0.49502295,0.17657903,0.731209,0.27791142,0.06846255,0.8959313,0.124005966,Data Security|Third-Party Sharing
891_everydayhealth.com,27,Third-Party Sharing,0,0.41691843,0.19781402,0.16497533,0.41442573,0.0581313,0.83278626,0.11873874,Third-Party Sharing
891_everydayhealth.com,28,Data Collection|Other/Unclear|Third-Party Sharing,0,0.3541832,0.14257567,0.33516365,0.62732553,0.20870602,0.8000769,0.2682558,Other/Unclear|Third-Party Sharing
891_everydayhealth.com,29,Other/Unclear,0,0.4718385,0.20931095,0.25690222,0.85228056,0.1406342,0.3655486,0.29748154,Other/Unclear
891_everydayhealth.com,30,Other/Unclear|Third-Party Sharing,0,0.11276763,0.102813035,0.3057106,0.8209215,0.14524883,0.578936,0.30003026,Other/Unclear|Third-Party Sharing
891_everydayhealth.com,31,Data Collection|Other/Unclear|Third-Party Sharing,0,0.5339486,0.2131794,0.30702087,0.5163022,0.13626191,0.7985168,0.3176839,Data Collection|Other/Unclear|Third-Party Sharing
891_everydayhealth.com,32,Third-Party Sharing,0,0.2543263,0.111151375,0.14464974,0.2262143,0.19586048,0.86592144,0.16389282,Third-Party Sharing
891_everydayhealth.com,33,Other/Unclear|Third-Party Sharing,0,0.39804402,0.27976266,0.47984853,0.5539897,0.11174413,0.7556487,0.4509045,Other/Unclear|Third-Party Sharing
891_everydayhealth.com,34,Data Collection|Other/Unclear,0,0.35928,0.20743048,0.11434973,0.9371542,0.055450324,0.12766059,0.33864135,Other/Unclear
891_everydayhealth.com,35,User Control & Deletion,0,0.39232838,0.19452631,0.13717043,0.4429272,0.07463408,0.19533771,0.9505662,User Control & Deletion
891_everydayhealth.com,36,Other/Unclear|User Control & Deletion,0,0.2549818,0.2978827,0.18565492,0.5596411,0.08578006,0.30073893,0.91568416,Other/Unclear|User Control & Deletion
891_everydayhealth.com,37,Data Retention|Other/Unclear|Third-Party Sharing|User Control & Deletion,0,0.2501912,0.78256214,0.33647165,0.58512557,0.0625176,0.5926161,0.52090436,Data Retention|Other/Unclear|Third-Party Sharing|User Control & Deletion
891_everydayhealth.com,38,Other/Unclear|Third-Party Sharing,0,0.17225364,0.106245264,0.21541469,0.8629587,0.2366766,0.43996766,0.27593905,Other/Unclear
891_everydayhealth.com,39,Other/Unclear,0,0.11886641,0.10232235,0.37200272,0.9103737,0.075339995,0.5785784,0.2426193,Other/Unclear|Third-Party Sharing
891_everydayhealth.com,40,Data Security,0,0.20909011,0.22509415,0.9557296,0.3255085,0.057479803,0.19954745,0.16051768,Data Security
891_everydayhealth.com,41,Other/Unclear|Policy Change,0,0.12280459,0.13240358,0.09139383,0.66960835,0.9043036,0.1062757,0.46294987,Other/Unclear|Policy Change
898_uptodate.com,0,Data Collection|Other/Unclear|Third-Party Sharing,4,0.20357813,0.0586871,0.48993924,0.73624897,0.17513722,0.4079252,0.13054691,Other/Unclear
898_uptodate.com,1,Other/Unclear,4,0.116302684,0.07261595,0.23504254,0.9055021,0.3365395,0.124358036,0.13633943,Other/Unclear
898_uptodate.com,2,Data Collection,4,0.85115945,0.39018232,0.17623243,0.2780636,0.07700145,0.32261688,0.32513535,Data Collection
898_uptodate.com,3,Data Collection|User Control & Deletion,4,0.5329353,0.24433053,0.5841059,0.2329663,0.08931526,0.32988966,0.395121,Data Collection|Data Security
898_uptodate.com,4,Data Collection|Third-Party Sharing,4,0.75610524,0.24559513,0.19712706,0.1435331,0.1748244,0.58987963,0.20835535,Data Collection|Third-Party Sharing
898_uptodate.com,5,Data Collection|Other/Unclear,4,0.74801964,0.21470533,0.14514348,0.3608276,0.05148558,0.3681931,0.14757217,Data Collection
898_uptodate.com,6,Data Collection|Third-Party Sharing,4,0.5502048,0.14072493,0.1379237,0.37579998,0.06352687,0.7819759,0.25570428,Data Collection|Third-Party Sharing
898_uptodate.com,7,Data Collection,4,0.70269823,0.18691023,0.13803439,0.3696885,0.06237632,0.21268806,0.6472481,Data Collection|User Control & Deletion
898_uptodate.com,8,Policy Change,4,0.10177853,0.15308075,0.12717451,0.7587819,0.92380744,0.119332455,0.28928146,Other/Unclear|Policy Change
898_uptodate.com,9,Other/Unclear,4,0.06585039,0.104714595,0.14349827,0.9306478,0.28908065,0.12412445,0.33907205,Other/Unclear
907_earthkam.org,0,Data Security|Other/Unclear,2,0.17202584,0.078078076,0.44830635,0.8445327,0.18689668,0.16509847,0.19596277,Other/Unclear
907_earthkam.org,1,Data Security|Other/Unclear,2,0.17821062,0.09558661,0.56138813,0.9015788,0.14778131,0.112670474,0.16158505,Data Security|Other/Unclear
907_earthkam.org,2,Data Collection|Other/Unclear,2,0.7615078,0.2719261,0.14379284,0.569591,0.14897761,0.41854066,0.3117124,Data Collection|Other/Unclear
907_earthkam.org,3,Other/Unclear|Third-Party Sharing,2,0.44370815,0.19745576,0.16384445,0.5532544,0.05250131,0.64732414,0.23694664,Other/Unclear|Third-Party Sharing
907_earthkam.org,4,Data Collection|Third-Party Sharing,2,0.66865253,0.15815103,0.1380713,0.30282027,0.07828717,0.6903096,0.21950454,Data Collection|Third-Party Sharing
907_earthkam.org,5,Other/Unclear|Third-Party Sharing|User Control & Deletion,2,0.314159,0.19418682,0.36036378,0.54596984,0.19291182,0.75607854,0.42908683,Other/Unclear|Third-Party Sharing
907_earthkam.org,6,Other/Unclear|User Control & Deletion,2,0.2619042,0.24151385,0.22677004,0.54204863,0.18151872,0.18319494,0.81797975,Other/Unclear|User Control & Deletion
907_earthkam.org,7,Other/Unclear|User Control & Deletion,2,0.24921706,0.31741962,0.25006342,0.7224942,0.07954358,0.17564581,0.8635496,Other/Unclear|User Control & Deletion
907_earthkam.org,8,Data Security|Other/Unclear,2,0.2700196,0.18840496,0.89849615,0.5653597,0.11001055,0.1409035,0.36178043,Data Security|Other/Unclear
907_earthkam.org,9,Data Retention|Data Security,2,0.2730121,0.25391355,0.98453027,0.3085118,0.0851283,0.22082134,0.16587363,Data Security
907_earthkam.org,10,Other/Unclear,2,0.056977477,0.09863639,0.09975013,0.95792097,0.23745067,0.06718038,0.2974513,Other/Unclear
919_uh.edu,0,Other/Unclear,1,0.19161828,0.17053388,0.385224,0.8471173,0.22542126,0.24086775,0.12496821,Other/Unclear
919_uh.edu,1,Data Collection|Data Retention|Third-Party Sharing,1,0.69340104,0.16781367,0.24319415,0.59508896,0.082389005,0.36425278,0.36635992,Data Collection|Other/Unclear
919_uh.edu,2,Other/Unclear,1,0.736614,0.19775814,0.16004334,0.42828876,0.12444688,0.2800587,0.22408251,Data Collection
919_uh.edu,3,Data Collection|Third-Party Sharing,1,0.70077354,0.30400065,0.24071723,0.3289806,0.068333514,0.45953298,0.40000337,Data Collection
919_uh.edu,4,Data Collection|Data Retention|Third-Party Sharing,1,0.68831205,0.36387458,0.26910877,0.2495278,0.068409756,0.7999217,0.21519387,Data Collection|Third-Party Sharing
919_uh.edu,5,Data Collection|Other/Unclear,1,0.7385287,0.34683877,0.21251109,0.27425978,0.076834,0.326306,0.17023046,Data Collection
919_uh.edu,6,Other/Unclear,1,0.12420033,0.07809365,0.21231209,0.85998815,0.250149,0.14514896,0.16695096,Other/Unclear
928_stlouisfed.org,0,Other/Unclear,3,0.20141071,0.08031437,0.2213916,0.8498903,0.2539718,0.1537525,0.17554721,Other/Unclear
928_stlouisfed.org,1,Data Collection|User Control & Deletion,3,0.50656134,0.19876637,0.400331,0.45653278,0.05552485,0.41291836,0.71504575,Data Collection|User Control & Deletion
928_stlouisfed.org,2,Data Collection|User Control & Deletion,3,0.7707226,0.18796255,0.15164088,0.3187726,0.060558733,0.31600454,0.46372357,Data Collection
928_stlouisfed.org,3,Data Collection,3,0.86128736,0.19568726,0.26985192,0.29862985,0.08748861,0.51549476,0.23119198,Data Collection|Third-Party Sharing
928_stlouisfed.org,4,Data Collection|User Control & Deletion,3,0.9018357,0.3869674,0.1721543,0.22767314,0.058818042,0.48310605,0.45579872,Data Collection
928_stlouisfed.org,5,Data Collection|Data Retention,3,0.5974878,0.11101603,0.17495216,0.27745953,0.084314555,0.38007584,0.28924918,Data Collection
928_stlouisfed.org,6,Data Collection|Data Security,3,0.31215635,0.12922812,0.7182558,0.54617727,0.06503862,0.141972,0.23181751,Data Security|Other/Unclear
928_stlouisfed.org,7,Data Collection|Other/Unclear,3,0.7813547,0.16771325,0.16835904,0.5472683,0.094835125,0.35042894,0.40188974,Data Collection|Other/Unclear
928_stlouisfed.org,8,Data Collection,3,0.7872839,0.27522576,0.23672745,0.27580342,0.089233205,0.4867726,0.114584185,Data Collection
928_stlouisfed.org,9,Data Collection,3,0.7110148,0.32352367,0.34211844,0.4510848,0.073647946,0.41272244,0.20540129,Data Collection
928_stlouisfed.org,10,Data Collection|Data Retention|User Control & Deletion,3,0.66765016,0.30359548,0.17937887,0.36075535,0.09709315,0.30204698,0.6077496,Data Collection|User Control & Deletion
928_stlouisfed.org,11,Third-Party Sharing,3,0.644014,0.16925225,0.21585084,0.38802785,0.0915577,0.520949,0.2566806,Data Collection|Third-Party Sharing
928_stlouisfed.org,12,Other/Unclear|Third-Party Sharing,3,0.37099493,0.107883476,0.16069886,0.783195,0.12960511,0.37602556,0.43215224,Other/Unclear
928_stlouisfed.org,13,Other/Unclear|Third-Party Sharing,3,0.2178243,0.08316216,0.23645888,0.8586748,0.18719111,0.28416574,0.30558452,Other/Unclear
928_stlouisfed.org,14,User Control & Deletion,3,0.39936936,0.11304533,0.16476582,0.44680637,0.09143528,0.21595405,0.9029,User Control & Deletion
928_stlouisfed.org,15,Data Collection|Third-Party Sharing,3,0.40746453,0.16151552,0.29750836,0.6230239,0.109364584,0.8051325,0.18818118,Other/Unclear|Third-Party Sharing
928_stlouisfed.org,16,Other/Unclear|User Control & Deletion,3,0.30439037,0.12107292,0.22612874,0.51494235,0.082272954,0.4183927,0.3366533,Other/Unclear
928_stlouisfed.org,17,Data Collection|Data Security|Third-Party Sharing,3,0.30575415,0.15734433,0.47252482,0.41527197,0.203947,0.42908734,0.45441824,
928_stlouisfed.org,18,Data Security|Third-Party Sharing,3,0.6035709,0.24787608,0.564007,0.43693236,0.075697295,0.49820247,0.17808993,Data Collection|Data Security
928_stlouisfed.org,19,Third-Party Sharing,3,0.31097126,0.21297216,0.17632183,0.078554764,0.062077392,0.9048109,0.13528697,Third-Party Sharing
928_stlouisfed.org,20,Other/Unclear|Third-Party Sharing|User Control & Deletion,3,0.3530122,0.30256793,0.25147083,0.55471855,0.10480545,0.35914737,0.6790778,Other/Unclear|User Control & Deletion
928_stlouisfed.org,21,Data Collection|Other/Unclear,3,0.44901064,0.10827149,0.2829546,0.6516946,0.11563269,0.25738117,0.24545188,Other/Unclear
928_stlouisfed.org,22,Other/Unclear,3,0.31669152,0.13198179,0.29590544,0.703864,0.12914063,0.3144309,0.25158298,Other/Unclear
928_stlouisfed.org,23,Other/Unclear,3,0.3372924,0.14403641,0.16957313,0.5064236,0.10277745,0.41216373,0.40578663,Other/Unclear
928_stlouisfed.org,24,Other/Unclear,3,0.3378888,0.22890727,0.1880408,0.550393,0.09309966,0.47669214,0.3068679,Other/Unclear
928_stlouisfed.org,25,Data Collection|Other/Unclear|Third-Party Sharing,3,0.3680048,0.10680735,0.22068158,0.5105864,0.12293615,0.349271,0.26877597,Other/Unclear
928_stlouisfed.org,26,Data Collection|Other/Unclear|Third-Party Sharing|User Control & Deletion,3,0.34975383,0.14959879,0.24805547,0.49161556,0.15376557,0.50840485,0.3840793,Third-Party Sharing
928_stlouisfed.org,27,Data Collection|Other/Unclear,3,0.4455191,0.15480351,0.25825238,0.5790017,0.15456435,0.44122106,0.41664073,Other/Unclear
928_stlouisfed.org,28,Other/Unclear,3,0.3264567,0.073332995,0.36385232,0.89500415,0.13051091,0.18651651,0.13935971,Other/Unclear
928_stlouisfed.org,29,Data Security,3,0.14080977,0.1721817,0.94873685,0.34511104,0.07482942,0.19183215,0.15669918,Data Security
928_stlouisfed.org,30,Data Collection|Other/Unclear|User Control & Deletion,3,0.18579942,0.3625364,0.19902487,0.62786555,0.09218101,0.13645118,0.84605557,Other/Unclear|User Control & Deletion
928_stlouisfed.org,31,Other/Unclear,3,0.2497811,0.1014168,0.17443353,0.78468055,0.17533879,0.24126042,0.25951707,Other/Unclear
940_internetbrands.com,0,Other/Unclear,0,0.07430137,0.055676058,0.18453045,0.90651,0.37249517,0.082770415,0.15000874,Other/Unclear
940_internetbrands.com,1,Other/Unclear,0,0.47904533,0.09174666,0.23086989,0.48365024,0.1295322,0.3811574,0.13085197,
940_internetbrands.com,2,Other/Unclear|Policy Change,0,0.08265932,0.04549492,0.2517528,0.92783177,0.3533677,0.3707943,0.12163006,Other/Unclear
940_internetbrands.com,3,Other/Unclear|User Control & Deletion,0,0.3164931,0.30212554,0.26243713,0.8531087,0.33723617,0.088237576,0.6196901,Other/Unclear|User Control & Deletion
940_internetbrands.com,4,Data Collection|Other/Unclear,0,0.8745315,0.33958367,0.2744166,0.4135922,0.037534606,0.47820285,0.1788413,Data Collection
940_internetbrands.com,5,Data Collection|Other/Unclear,0,0.7368917,0.19355959,0.14208935,0.36373255,0.10043215,0.2871708,0.3822794,Data Collection
940_internetbrands.com,6,Data Collection|Other/Unclear,0,0.5477595,0.15766686,0.46178064,0.20851703,0.07790531,0.3820381,0.1528865,Data Collection
940_internetbrands.com,7,Data Collection,0,0.7798899,0.10731866,0.22095367,0.26320103,0.06266748,0.6088164,0.34305102,Data Collection|Third-Party Sharing
940_internetbrands.com,8,Data Collection|Other/Unclear,0,0.6399392,0.12757522,0.1833908,0.5254892,0.098097496,0.5096325,0.18111788,Data Collection|Other/Unclear|Third-Party Sharing
940_internetbrands.com,9,Data Collection|Other/Unclear,0,0.79300636,0.23874828,0.16224566,0.23773926,0.053879675,0.29596967,0.30394012,Data Collection
940_internetbrands.com,10,Data Collection,0,0.5908806,0.13628416,0.39800268,0.33759302,0.06174975,0.30835554,0.20598228,Data Collection
940_internetbrands.com,11,Data Collection,0,0.78564644,0.21586032,0.13609166,0.33998024,0.07279906,0.39944947,0.37306368,Data Collection
940_internetbrands.com,12,Data Collection,0,0.5100469,0.11899187,0.1411321,0.30390224,0.08236225,0.5684692,0.5117349,Data Collection|Third-Party Sharing|User Control & Deletion
940_internetbrands.com,13,Data Collection,0,0.5870486,0.13175677,0.14503069,0.29169813,0.06195627,0.6588538,0.31058022,Data Collection|Third-Party Sharing
940_internetbrands.com,14,Other/Unclear|User Control & Deletion,0,0.71543884,0.29087675,0.26536018,0.31472567,0.082190886,0.59877145,0.5171944,Data Collection|Third-Party Sharing|User Control & Deletion
940_internetbrands.com,15,Data Collection,0,0.685557,0.14209418,0.21142444,0.37541276,0.10004325,0.66585356,0.29935598,Data Collection|Third-Party Sharing
940_internetbrands.com,16,Data Collection|User Control & Deletion,0,0.6503708,0.12849332,0.19492811,0.47399804,0.10691008,0.21420181,0.27603072,Data Collection
940_internetbrands.com,17,Data Collection|Other/Unclear,0,0.81842494,0.18483807,0.19892672,0.50459266,0.11930599,0.24696617,0.15851854,Data Collection|Other/Unclear
940_internetbrands.com,18,Data Collection,0,0.76139754,0.14854492,0.21811289,0.2824869,0.0824546,0.4456268,0.38664797,Data Collection
940_internetbrands.com,19,Data Collection|Policy Change,0,0.73185956,0.169998,0.10183002,0.30786246,0.5701158,0.20607102,0.33217597,Data Collection|Policy Change
940_internetbrands.com,20,Data Collection,0,0.7531772,0.14972065,0.15035278,0.25137746,0.096918084,0.2541702,0.17126952,Data Collection
940_internetbrands.com,21,Data Collection,0,0.545368,0.15566185,0.19832891,0.40294266,0.10664923,0.50269115,0.24971128,Data Collection|Third-Party Sharing
940_internetbrands.com,22,Data Collection,0,0.45872343,0.2459988,0.15483196,0.41484916,0.09360525,0.3987166,0.32818007,
940_internetbrands.com,23,Data Collection,0,0.32332876,0.12193473,0.23976147,0.47135141,0.10886677,0.24475887,0.27712116,
940_internetbrands.com,24,Data Collection,0,0.6052167,0.17744316,0.32785508,0.3649093,0.13747834,0.19887729,0.31988436,Data Collection
940_internetbrands.com,25,Data Collection,0,0.7701351,0.09828063,0.15028363,0.24464582,0.13956177,0.37701693,0.33002016,Data Collection
940_internetbrands.com,26,Data Collection,0,0.51853037,0.15621613,0.21206345,0.35465425,0.10014243,0.3585054,0.2998459,Data Collection
940_internetbrands.com,27,Data Collection,0,0.5402933,0.22963932,0.252129,0.34424475,0.07995325,0.3306306,0.2295658,Data Collection
940_internetbrands.com,28,Data Collection,0,0.64802325,0.117566586,0.13770401,0.4549988,0.1049124,0.45435926,0.22182226,Data Collection
940_internetbrands.com,29,Data Collection,0,0.5609885,0.14660311,0.14034887,0.23932059,0.15195857,0.583194,0.14502501,Data Collection|Third-Party Sharing
940_internetbrands.com,30,Data Collection,0,0.7813,0.24047972,0.17789784,0.25466067,0.083796374,0.45589718,0.16353856,Data Collection
940_internetbrands.com,31,Data Collection,0,0.54578775,0.11938849,0.16020352,0.37146994,0.055585228,0.44204968,0.45461145,Data Collection
940_internetbrands.com,32,Data Collection,0,0.38014057,0.21247254,0.21186903,0.36463413,0.0852062,0.37602484,0.35433722,
940_internetbrands.com,33,Data Collection,0,0.42658058,0.13595411,0.2987454,0.35246423,0.1050031,0.4764915,0.23382467,
940_internetbrands.com,34,Data Collection|Third-Party Sharing,0,0.46457127,0.14130495,0.2511771,0.37793916,0.070619136,0.75538695,0.2233177,Third-Party Sharing
940_internetbrands.com,35,Data Collection|Other/Unclear,0,0.83673275,0.22387427,0.21418636,0.34211963,0.08951292,0.5933755,0.2916121,Data Collection|Third-Party Sharing
940_internetbrands.com,36,Third-Party Sharing,0,0.23958227,0.1112323,0.14564328,0.36073154,0.04714622,0.93906933,0.16161677,Third-Party Sharing
940_internetbrands.com,37,Other/Unclear|Third-Party Sharing,0,0.44940826,0.12394341,0.52418745,0.2814936,0.07876673,0.7518142,0.15164392,Data Security|Third-Party Sharing
940_internetbrands.com,38,Third-Party Sharing,0,0.40863895,0.18746266,0.18968491,0.25659838,0.06572242,0.7321784,0.3306859,Third-Party Sharing
940_internetbrands.com,39,Data Collection|Third-Party Sharing,0,0.5368224,0.19809055,0.2682713,0.3622777,0.08789839,0.5750039,0.21476085,Data Collection|Third-Party Sharing
940_internetbrands.com,40,Data Collection|Third-Party Sharing,0,0.25283438,0.13123398,0.20941733,0.54352057,0.11703787,0.33985445,0.23007302,Other/Unclear
940_internetbrands.com,41,Data Collection|Third-Party Sharing,0,0.28505436,0.13099259,0.19333585,0.42268974,0.09793502,0.38400647,0.26899734,
940_internetbrands.com,42,Data Collection|Third-Party Sharing,0,0.47853577,0.08288811,0.28317553,0.19102661,0.14286366,0.5048211,0.14562798,Third-Party Sharing
940_internetbrands.com,43,Data Collection|Third-Party Sharing,0,0.286672,0.24002482,0.23091519,0.2592828,0.050498337,0.7367277,0.1610879,Third-Party Sharing
940_internetbrands.com,44,Data Collection|Third-Party Sharing,0,0.47712454,0.20180726,0.32084244,0.31682405,0.084676124,0.6653939,0.15918279,Third-Party Sharing
940_internetbrands.com,45,Data Collection|Third-Party Sharing,0,0.32905528,0.11316158,0.16631712,0.3572199,0.07724681,0.63316876,0.20834832,Third-Party Sharing
940_internetbrands.com,46,Third-Party Sharing,0,0.3259934,0.08648646,0.23108625,0.27374792,0.088238865,0.786658,0.16125743,Third-Party Sharing
940_internetbrands.com,47,Third-Party Sharing,0,0.42463028,0.108416654,0.13808692,0.25059402,0.08180776,0.7945322,0.14203288,Third-Party Sharing
940_internetbrands.com,48,Data Collection|Other/Unclear|Third-Party Sharing,0,0.2951575,0.1512459,0.1785062,0.6930148,0.16209452,0.5032655,0.23484097,Other/Unclear|Third-Party Sharing
940_internetbrands.com,49,Third-Party Sharing,0,0.6545083,0.21715377,0.21524346,0.24523012,0.117698394,0.75620985,0.28112787,Data Collection|Third-Party Sharing
940_internetbrands.com,50,Data Collection,0,0.95435685,0.28355622,0.09753943,0.11657704,0.036401093,0.40185216,0.13441235,Data Collection
940_internetbrands.com,51,Data Collection|Third-Party Sharing,0,0.7904485,0.25447312,0.22277197,0.38789937,0.08710524,0.7125826,0.1665085,Data Collection|Third-Party Sharing
940_internetbrands.com,52,Data Collection|Other/Unclear|User Control & Deletion,0,0.7139214,0.08793413,0.19025828,0.49544492,0.10780986,0.35502398,0.51714563,Data Collection|User Control & Deletion
940_internetbrands.com,53,Other/Unclear,0,0.453349,0.15059029,0.13282435,0.7128696,0.07042542,0.3074367,0.33830702,Other/Unclear
940_internetbrands.com,54,Other/Unclear|Third-Party Sharing|User Control & Deletion,0,0.6358296,0.26044202,0.24955216,0.50790894,0.11708831,0.6392953,0.36014238,Data Collection|Other/Unclear|Third-Party Sharing
940_internetbrands.com,55,Other/Unclear|Third-Party Sharing,0,0.33088288,0.22469234,0.3791977,0.6790585,0.09711703,0.6858399,0.33405128,Other/Unclear|Third-Party Sharing
940_internetbrands.com,56,Other/Unclear|User Control & Deletion,0,0.37045848,0.38955534,0.36184657,0.42723495,0.13219173,0.20317183,0.7139303,User Control & Deletion
940_internetbrands.com,57,Other/Unclear|User Control & Deletion,0,0.48946217,0.22627868,0.2796298,0.52250504,0.10209914,0.2089195,0.5352883,Other/Unclear|User Control & Deletion
940_internetbrands.com,58,User Control & Deletion,0,0.32752243,0.2884369,0.12487286,0.45921946,0.17245476,0.1704961,0.8683761,User Control & Deletion
940_internetbrands.com,59,User Control & Deletion,0,0.3210489,0.15604456,0.12532243,0.39198127,0.16843374,0.19246724,0.8203905,User Control & Deletion
940_internetbrands.com,60,User Control & Deletion,0,0.42527682,0.23113865,0.14098617,0.4816151,0.18563056,0.23478438,0.74076307,User Control & Deletion
940_internetbrands.com,61,User Control & Deletion,0,0.51601595,0.14961712,0.13220452,0.47238415,0.085531816,0.1836372,0.7715982,Data Collection|User Control & Deletion
940_internetbrands.com,62,User Control & Deletion,0,0.31918818,0.1430166,0.12271341,0.36370948,0.28036633,0.19440886,0.7877179,User Control & Deletion
940_internetbrands.com,63,Other/Unclear|User Control & Deletion,0,0.23493068,0.101876594,0.28591245,0.6267315,0.11817295,0.23479588,0.63088936,Other/Unclear|User Control & Deletion
940_internetbrands.com,64,Other/Unclear,0,0.26315266,0.1396986,0.086260006,0.7558618,0.07233923,0.14793567,0.5886779,Other/Unclear|User Control & Deletion
940_internetbrands.com,65,Data Security,0,0.21796536,0.23580462,0.93129486,0.6211108,0.0838851,0.12597504,0.36092645,Data Security|Other/Unclear
940_internetbrands.com,66,Data Retention|Other/Unclear,0,0.42196414,0.31109086,0.26708838,0.584245,0.14977473,0.5420734,0.38642025,Other/Unclear|Third-Party Sharing
940_internetbrands.com,67,Other/Unclear,0,0.33656505,0.19782901,0.20994072,0.6364958,0.114701286,0.28152096,0.4933079,Other/Unclear
940_internetbrands.com,68,Data Retention,0,0.2037385,0.91689193,0.2762829,0.35972992,0.1744524,0.30584574,0.26209712,Data Retention
940_internetbrands.com,69,Other/Unclear,0,0.6887486,0.10115648,0.14320092,0.2944154,0.0957357,0.5031929,0.25794938,Data Collection|Third-Party Sharing
940_internetbrands.com,70,Other/Unclear|User Control & Deletion,0,0.39441755,0.23835777,0.0668801,0.43618625,0.06098998,0.16918474,0.9511386,User Control & Deletion
940_internetbrands.com,71,Other/Unclear|User Control & Deletion,0,0.5641895,0.20876136,0.11450232,0.38957143,0.068938844,0.3272422,0.78140444,Data Collection|User Control & Deletion
940_internetbrands.com,72,User Control & Deletion,0,0.45850348,0.11338445,0.06390503,0.46366656,0.055474024,0.2735389,0.91219443,User Control & Deletion
940_internetbrands.com,73,Data Security,0,0.38226765,0.25449616,0.9414104,0.19260569,0.07505857,0.23929386,0.09430804,Data Security
940_internetbrands.com,74,Data Retention|Data Security|Other/Unclear|Third-Party Sharing,0,0.48622543,0.6281572,0.7849505,0.340746,0.06983164,0.7355797,0.13018423,Data Retention|Data Security|Third-Party Sharing
940_internetbrands.com,75,Data Security|Other/Unclear,0,0.22108822,0.20905535,0.8840152,0.600689,0.05943737,0.34035861,0.3718874,Data Security|Other/Unclear
940_internetbrands.com,76,Data Security|Other/Unclear,0,0.42809212,0.17563437,0.32745075,0.50282663,0.08506482,0.24129134,0.35916045,Other/Unclear
940_internetbrands.com,77,Data Security|Other/Unclear,0,0.36071295,0.2095627,0.78650635,0.20011772,0.09157139,0.1491125,0.3302479,Data Security
940_internetbrands.com,78,Data Security|Other/Unclear,0,0.23754437,0.13247557,0.42257768,0.41785455,0.091523685,0.39028016,0.31320387,
940_internetbrands.com,79,Data Security|Other/Unclear,0,0.3330519,0.12993193,0.39019752,0.71484256,0.07403525,0.57139814,0.32643187,Other/Unclear|Third-Party Sharing
940_internetbrands.com,80,Data Security|Other/Unclear,0,0.4304398,0.22279346,0.1682534,0.48243347,0.09471252,0.27220377,0.50925785,User Control & Deletion
940_internetbrands.com,81,Data Security|Other/Unclear,0,0.53603715,0.1689944,0.23984633,0.5038353,0.16638072,0.2725666,0.5993533,Data Collection|Other/Unclear|User Control & Deletion
940_internetbrands.com,82,Data Security|Other/Unclear,0,0.23742005,0.1785523,0.15765765,0.49310687,0.09255999,0.47608453,0.39175743,
940_internetbrands.com,83,Data Security|Other/Unclear,0,0.34530666,0.16552082,0.40565935,0.50699705,0.062003903,0.44630268,0.37742776,Other/Unclear
940_internetbrands.com,84,Data Security|Other/Unclear,0,0.46731874,0.10516599,0.2126492,0.3402733,0.06673515,0.5699755,0.3465833,Third-Party Sharing
940_internetbrands.com,85,Other/Unclear,0,0.17697029,0.089877956,0.29704434,0.86757725,0.12762755,0.7600824,0.2058903,Other/Unclear|Third-Party Sharing
940_internetbrands.com,86,Data Collection|Other/Unclear|Third-Party Sharing,0,0.64094085,0.10572585,0.1700369,0.41101357,0.108077854,0.597862,0.3064967,Data Collection|Third-Party Sharing
940_internetbrands.com,87,Data Security|Other/Unclear,0,0.507468,0.13811997,0.4178504,0.5657611,0.06481165,0.5114857,0.32169446,Data Collection|Other/Unclear|Third-Party Sharing
940_internetbrands.com,88,Data Collection|Other/Unclear|Third-Party Sharing,0,0.58109653,0.40661094,0.43870318,0.28092903,0.09279672,0.79825324,0.21729895,Data Collection|Third-Party Sharing
940_internetbrands.com,89,Other/Unclear,0,0.44597295,0.13128811,0.2724884,0.5602251,0.12873888,0.55838877,0.2846349,Other/Unclear|Third-Party Sharing
940_internetbrands.com,90,Other/Unclear,0,0.46366957,0.15111497,0.30775127,0.54079014,0.104785256,0.6432519,0.20239596,Other/Unclear|Third-Party Sharing
940_internetbrands.com,91,Other/Unclear,0,0.11047041,0.09995086,0.22662336,0.8506352,0.49890447,0.2724584,0.2981332,Other/Unclear
940_internetbrands.com,92,Other/Unclear|User Control & Deletion,0,0.25005338,0.09682728,0.28330287,0.5740326,0.16203828,0.38139227,0.7191391,Other/Unclear|User Control & Deletion
940_internetbrands.com,93,Data Retention|Other/Unclear|User Control & Deletion,0,0.22031745,0.39065483,0.14222588,0.6169829,0.19967726,0.48767045,0.6112764,Other/Unclear|User Control & Deletion
940_internetbrands.com,94,Data Collection|Data Retention|Data Security|Other/Unclear|Third-Party Sharing,0,0.53184384,0.19122398,0.3315925,0.43277696,0.108017325,0.7469654,0.385359,Data Collection|Third-Party Sharing
940_internetbrands.com,95,Other/Unclear|Policy Change,0,0.33550674,0.16425538,0.2246404,0.936151,0.085764624,0.2007855,0.21772447,Other/Unclear
940_internetbrands.com,96,Other/Unclear,0,0.536979,0.2908917,0.19950205,0.75988823,0.10295241,0.3558158,0.42309898,Data Collection|Other/Unclear
940_internetbrands.com,97,Other/Unclear,0,0.3144866,0.2787581,0.39323694,0.8121713,0.076977804,0.33408904,0.32765555,Other/Unclear
940_internetbrands.com,98,Other/Unclear|Third-Party Sharing,0,0.27760172,0.2350461,0.3151208,0.576221,0.08903788,0.91288763,0.6380996,Other/Unclear|Third-Party Sharing|User Control & Deletion
940_internetbrands.com,99,Other/Unclear,0,0.14264536,0.15638897,0.21809925,0.7054769,0.081224464,0.6310377,0.57555336,Other/Unclear|Third-Party Sharing|User Control & Deletion
940_internetbrands.com,100,Other/Unclear,0,0.27880204,0.27611393,0.19873537,0.8306622,0.09680622,0.18247424,0.55786175,Other/Unclear|User Control & Deletion
940_internetbrands.com,101,Other/Unclear,0,0.115956925,0.10534926,0.19517449,0.9324014,0.12941284,0.108133875,0.3653758,Other/Unclear
940_internetbrands.com,102,Policy Change,0,0.14425817,0.17678507,0.17166398,0.52021444,0.9755116,0.14003335,0.48827174,Other/Unclear|Policy Change
940_internetbrands.com,103,Other/Unclear|Policy Change,0,0.14634547,0.082347415,0.10883436,0.81039757,0.9567812,0.11130681,0.11092526,Other/Unclear|Policy Change
962_lynda.com,0,Other/Unclear,3,0.057302833,0.03259146,0.1804863,0.94910485,0.38789627,0.1087667,0.16206755,Other/Unclear
962_lynda.com,1,Other/Unclear|Policy Change,3,0.20448358,0.073554724,0.13711251,0.6647527,0.8880365,0.14109418,0.15860002,Other/Unclear|Policy Change
962_lynda.com,2,Data Collection|Data Security|Other/Unclear,3,0.5672761,0.09584394,0.29104498,0.8526763,0.14726263,0.23522936,0.20593797,Data Collection|Other/Unclear
962_lynda.com,3,Other/Unclear,3,0.10410538,0.10047046,0.78960335,0.9193484,0.14776726,0.16568752,0.27630052,Data Security|Other/Unclear
962_lynda.com,4,Other/Unclear,3,0.39081928,0.14194985,0.62512743,0.75832546,0.08117076,0.2373928,0.30467495,Data Security|Other/Unclear
962_lynda.com,5,Data Security|Other/Unclear,3,0.15093397,0.09196025,0.57800406,0.87348086,0.11203132,0.1277941,0.22094277,Data Security|Other/Unclear
962_lynda.com,6,Other/Unclear,3,0.10750184,0.063734226,0.2297254,0.8661948,0.44075304,0.31461194,0.195189,Other/Unclear
962_lynda.com,7,Other/Unclear,3,0.27123502,0.24449864,0.3277177,0.67113274,0.13380432,0.26815927,0.51357406,Other/Unclear|User Control & Deletion
962_lynda.com,8,Other/Unclear|User Control & Deletion,3,0.16918059,0.13524973,0.14154762,0.7490906,0.6742638,0.1408603,0.39002115,Other/Unclear|Policy Change
962_lynda.com,9,Other/Unclear|User Control & Deletion,3,0.12545598,0.13235654,0.20310561,0.87177414,0.46387807,0.15575652,0.72436357,Other/Unclear|User Control & Deletion
962_lynda.com,10,Data Collection|Data Retention|Data Security|Other/Unclear|Policy Change|Third-Party Sharing|User Control & Deletion,3,0.35073048,0.17145434,0.18647991,0.68191487,0.124793455,0.28234813,0.2826165,Other/Unclear
962_lynda.com,11,Data Collection,3,0.91086525,0.19574021,0.1130853,0.35458872,0.051893827,0.35967714,0.12954797,Data Collection
962_lynda.com,12,Data Collection|Third-Party Sharing,3,0.79407984,0.37966552,0.18375501,0.37288183,0.047946814,0.62681544,0.54185754,Data Collection|Third-Party Sharing|User Control & Deletion
962_lynda.com,13,Data Collection,3,0.9400878,0.20828469,0.12512158,0.109088406,0.05543338,0.27964154,0.0791546,Data Collection
962_lynda.com,14,Data Collection|Other/Unclear,3,0.56830907,0.3079587,0.1682034,0.7736251,0.09264639,0.28173533,0.41732562,Data Collection|Other/Unclear
962_lynda.com,15,Data Collection|Third-Party Sharing,3,0.8673364,0.22432338,0.1371647,0.3049283,0.05597358,0.56954306,0.27238733,Data Collection|Third-Party Sharing
962_lynda.com,16,Data Collection,3,0.8520709,0.22018172,0.1970627,0.28543407,0.08911664,0.19212593,0.33140707,Data Collection
962_lynda.com,17,Data Collection|Data Retention|Data Security|Other/Unclear,3,0.37046108,0.32642102,0.5656867,0.6473414,0.11197195,0.46406427,0.2874527,Data Security|Other/Unclear
962_lynda.com,18,Data Collection,3,0.60125136,0.20879136,0.32858765,0.44906363,0.10844093,0.34832403,0.33737412,Data Collection
962_lynda.com,19,Data Collection,3,0.57497835,0.20725156,0.17128277,0.42690837,0.084519565,0.3567233,0.33335772,Data Collection
962_lynda.com,20,Data Collection,3,0.3930056,0.14148852,0.40013048,0.5282536,0.095381856,0.28001562,0.30000758,Other/Unclear
962_lynda.com,21,Data Collection|Third-Party Sharing,3,0.34901163,0.18760854,0.73797244,0.29931462,0.1224992,0.5333583,0.1976601,Data Security|Third-Party Sharing
962_lynda.com,22,Data Collection|User Control & Deletion,3,0.85284454,0.16297764,0.09253483,0.23501791,0.074731626,0.48510787,0.35856193,Data Collection
962_lynda.com,23,Data Collection|Policy Change,3,0.46392262,0.09705256,0.18353553,0.22807954,0.7496517,0.2086901,0.15803188,Policy Change
962_lynda.com,24,Data Collection,3,0.58250564,0.2633559,0.22711588,0.29221272,0.13856933,0.49943334,0.22464013,Data Collection
962_lynda.com,25,Data Collection|Other/Unclear,3,0.5411989,0.14573066,0.24031618,0.4205319,0.17012195,0.38531944,0.3972842,Data Collection
962_lynda.com,26,Third-Party Sharing,3,0.36058792,0.21058635,0.2974399,0.5168629,0.18829852,0.47716215,0.49212882,Other/Unclear
962_lynda.com,27,Data Collection|Data Retention,3,0.3986283,0.5534621,0.24699396,0.56397676,0.15154687,0.17805433,0.52935463,Data Retention|Other/Unclear|User Control & Deletion
962_lynda.com,28,Other/Unclear|Third-Party Sharing|User Control & Deletion,3,0.21489976,0.15078253,0.27511388,0.64615667,0.11227123,0.90568495,0.46802405,Other/Unclear|Third-Party Sharing
962_lynda.com,29,Third-Party Sharing,3,0.77455974,0.121143565,0.37690768,0.20643614,0.034093242,0.8065105,0.111770846,Data Collection|Third-Party Sharing
962_lynda.com,30,Third-Party Sharing,3,0.273993,0.21704303,0.21294324,0.2673778,0.12795608,0.93084806,0.16832712,Third-Party Sharing
962_lynda.com,31,Third-Party Sharing,3,0.30854943,0.09572963,0.21096754,0.3618402,0.12299266,0.72788227,0.24556254,Third-Party Sharing
962_lynda.com,32,Third-Party Sharing,3,0.6856197,0.059120968,0.17655417,0.24523179,0.051194716,0.8759024,0.12939163,Data Collection|Third-Party Sharing
962_lynda.com,33,Other/Unclear,3,0.32498085,0.11800873,0.19213328,0.7375795,0.0663363,0.766868,0.45242515,Other/Unclear|Third-Party Sharing
962_lynda.com,34,Other/Unclear|Third-Party Sharing,3,0.33068216,0.32028967,0.2432396,0.70436186,0.13845131,0.78071505,0.41847035,Other/Unclear|Third-Party Sharing
962_lynda.com,35,Other/Unclear,3,0.05379352,0.07137422,0.17662735,0.9438332,0.225871,0.08497007,0.42344725,Other/Unclear
962_lynda.com,36,Other/Unclear|User Control & Deletion,3,0.4148036,0.2066576,0.16613439,0.44421518,0.084948346,0.37264895,0.73002374,User Control & Deletion
962_lynda.com,37,Other/Unclear|User Control & Deletion,3,0.19730678,0.12503119,0.16814694,0.724898,0.08760154,0.18860172,0.784791,Other/Unclear|User Control & Deletion
962_lynda.com,38,Data Retention|Other/Unclear|User Control & Deletion,3,0.3609252,0.7372453,0.20345125,0.6065586,0.08732773,0.23618028,0.7871225,Data Retention|Other/Unclear|User Control & Deletion
962_lynda.com,39,Other/Unclear|User Control & Deletion,3,0.4201608,0.34425324,0.14327005,0.45428452,0.07375898,0.22325248,0.8770853,User Control & Deletion
962_lynda.com,40,Other/Unclear|User Control & Deletion,3,0.25548884,0.22913119,0.1580039,0.713047,0.0766939,0.20989509,0.720653,Other/Unclear|User Control & Deletion
962_lynda.com,41,Data Collection|Data Retention|Other/Unclear|User Control & Deletion,3,0.3414578,0.8858408,0.2076499,0.3489757,0.09071138,0.25961375,0.79634315,Data Retention|User Control & Deletion
962_lynda.com,42,User Control & Deletion,3,0.5254445,0.32812342,0.14946252,0.4691587,0.043006506,0.19928642,0.88200957,Data Collection|User Control & Deletion
962_lynda.com,43,Other/Unclear|User Control & Deletion,3,0.39683035,0.30143407,0.11452014,0.36351204,0.105426446,0.16319695,0.9504883,User Control & Deletion
962_lynda.com,44,Data Collection|Third-Party Sharing|User Control & Deletion,3,0.62087625,0.19151017,0.20487328,0.48834845,0.11208239,0.48231634,0.64565885,Data Collection|User Control & Deletion
962_lynda.com,45,Data Collection|Other/Unclear|User Control & Deletion,3,0.29111627,0.24297749,0.14180332,0.64452946,0.08242012,0.38439262,0.8497715,Other/Unclear|User Control & Deletion
962_lynda.com,46,Data Collection|User Control & Deletion,3,0.39782387,0.1457472,0.15103373,0.42659855,0.08095049,0.35872483,0.76349664,User Control & Deletion
962_lynda.com,47,Data Collection|Other/Unclear|Third-Party Sharing|User Control & Deletion,3,0.31744966,0.36549786,0.2428553,0.7108929,0.10527459,0.29596636,0.6013954,Other/Unclear|User Control & Deletion
962_lynda.com,48,Data Retention,3,0.51470053,0.8094551,0.32117808,0.27437037,0.1132829,0.6326061,0.26038772,Data Collection|Data Retention|Third-Party Sharing
962_lynda.com,49,Data Security,3,0.23759997,0.2564587,0.9079048,0.37447888,0.11960447,0.2093476,0.20204356,Data Security
962_lynda.com,50,Data Security|User Control & Deletion,3,0.34047097,0.18376626,0.8687466,0.22600356,0.07181724,0.29787067,0.1819,Data Security
962_lynda.com,51,Data Security,3,0.31160265,0.2131082,0.769471,0.53351575,0.09964383,0.3062411,0.6491886,Data Security|Other/Unclear|User Control & Deletion
962_lynda.com,52,Data Security|Other/Unclear,3,0.36371464,0.23766257,0.38724,0.676542,0.08431033,0.26641476,0.40070084,Other/Unclear
962_lynda.com,53,Data Security|Other/Unclear,3,0.12878177,0.14905041,0.91049373,0.5417115,0.0928181,0.30406556,0.19739552,Data Security|Other/Unclear
962_lynda.com,54,Data Collection|Data Security|Other/Unclear,3,0.32317892,0.27851114,0.478599,0.46937248,0.17985712,0.4317559,0.64760154,User Control & Deletion
962_lynda.com,55,Data Collection,3,0.88302785,0.17207645,0.11122888,0.17958325,0.067081116,0.50179106,0.17555434,Data Collection|Third-Party Sharing
962_lynda.com,56,Other/Unclear,3,0.6297507,0.10713085,0.23002814,0.51503277,0.060611065,0.26437137,0.4431202,Data Collection|Other/Unclear
962_lynda.com,57,Data Collection,3,0.61438847,0.3504057,0.20430684,0.57542485,0.12508531,0.25500077,0.5152108,Data Collection|Other/Unclear|User Control & Deletion
962_lynda.com,58,Data Collection|Other/Unclear|Third-Party Sharing,3,0.3201618,0.1883213,0.32533064,0.5820578,0.13244863,0.62183183,0.27444413,Other/Unclear|Third-Party Sharing
962_lynda.com,59,Data Collection|Other/Unclear|User Control & Deletion,3,0.4075564,0.26998478,0.19362806,0.6459728,0.07386801,0.25695282,0.9309344,Other/Unclear|User Control & Deletion
962_lynda.com,60,Data Collection|Other/Unclear,3,0.65828425,0.17993063,0.17008518,0.48954242,0.088913314,0.2919149,0.27627677,Data Collection
962_lynda.com,61,Third-Party Sharing|User Control & Deletion,3,0.6236152,0.19839767,0.08652202,0.36695135,0.06813371,0.8034966,0.75102216,Data Collection|Third-Party Sharing|User Control & Deletion
962_lynda.com,62,Data Collection|Other/Unclear|User Control & Deletion,3,0.73314077,0.19906782,0.19820909,0.40669867,0.06818272,0.41516697,0.5805181,Data Collection|User Control & Deletion
962_lynda.com,63,Data Collection,3,0.7105281,0.29410684,0.21958202,0.41899595,0.07202926,0.37844068,0.26127884,Data Collection
962_lynda.com,64,Other/Unclear|Third-Party Sharing,3,0.33739048,0.21275228,0.20492293,0.88291633,0.14184284,0.7895728,0.20327757,Other/Unclear|Third-Party Sharing
962_lynda.com,65,Data Collection|Other/Unclear|User Control & Deletion,3,0.20429899,0.1922569,0.100172885,0.82749176,0.07293049,0.30109733,0.56628877,Other/Unclear|User Control & Deletion
962_lynda.com,66,Other/Unclear|Third-Party Sharing|User Control & Deletion,3,0.1790077,0.15923025,0.23169132,0.6800544,0.081553236,0.8166641,0.7776744,Other/Unclear|Third-Party Sharing|User Control & Deletion
962_lynda.com,67,Policy Change,3,0.12554991,0.17334147,0.17530861,0.6259055,0.9592811,0.087080404,0.17276162,Other/Unclear|Policy Change
962_lynda.com,68,Policy Change|User Control & Deletion,3,0.19334492,0.09144436,0.1925954,0.6915437,0.6318266,0.16651745,0.2646885,Other/Unclear|Policy Change
962_lynda.com,69,Other/Unclear|Policy Change,3,0.41040647,0.12670669,0.20601517,0.6630642,0.37638775,0.18440436,0.24923456,Other/Unclear
962_lynda.com,70,Data Collection|Other/Unclear|Third-Party Sharing|User Control & Deletion,3,0.24514884,0.21231747,0.28037608,0.7896153,0.04270633,0.64463204,0.6317937,Other/Unclear|Third-Party Sharing|User Control & Deletion
962_lynda.com,71,Data Collection|Other/Unclear|Third-Party Sharing,3,0.56617314,0.19021116,0.16145818,0.5902737,0.09895218,0.5534643,0.19092901,Data Collection|Other/Unclear|Third-Party Sharing
962_lynda.com,72,Data Collection|Data Retention|Other/Unclear|User Control & Deletion,3,0.634619,0.6160438,0.1962396,0.5366628,0.14938152,0.266776,0.7086945,Data Collection|Data Retention|Other/Unclear|User Control & Deletion
962_lynda.com,73,Other/Unclear,3,0.10579907,0.10367539,0.15047911,0.90244275,0.16203728,0.14529382,0.29536414,Other/Unclear
988_solarviews.com,0,Third-Party Sharing,4,0.60982233,0.07185471,0.19104804,0.31555137,0.10676003,0.83314306,0.43655175,Data Collection|Third-Party Sharing
98_neworleansonline.com,0,Other/Unclear,4,0.1083012,0.055205625,0.28378114,0.8984736,0.4264309,0.07386239,0.15408541,Other/Unclear
98_neworleansonline.com,1,Other/Unclear|Policy Change,4,0.16482496,0.09011866,0.10791953,0.8054301,0.8782881,0.1450316,0.12732106,Other/Unclear|Policy Change
98_neworleansonline.com,2,Data Collection|Other/Unclear|User Control & Deletion,4,0.17072222,0.13455643,0.34052646,0.87733585,0.52281284,0.18886122,0.40946394,Other/Unclear|Policy Change
98_neworleansonline.com,3,Other/Unclear,4,0.19409367,0.14880209,0.24368703,0.88803345,0.20551093,0.20288283,0.28932962,Other/Unclear
98_neworleansonline.com,4,Policy Change,4,0.12136443,0.08867411,0.07552464,0.5266558,0.9749378,0.08468303,0.24783733,Other/Unclear|Policy Change
98_neworleansonline.com,5,Data Collection|Data Security|Other/Unclear|Third-Party Sharing|User Control & Deletion,4,0.31874618,0.114877,0.15924215,0.7731562,0.12999265,0.23484105,0.14996792,Other/Unclear
98_neworleansonline.com,6,Data Collection|Third-Party Sharing|User Control & Deletion,4,0.9039673,0.25453043,0.16006064,0.20743066,0.04884983,0.247352,0.3035201,Data Collection
98_neworleansonline.com,7,Data Collection,4,0.89942515,0.3025803,0.1687271,0.24494718,0.07730242,0.3679679,0.16417053,Data Collection
98_neworleansonline.com,8,Data Collection|Other/Unclear,4,0.80517614,0.101799235,0.14613417,0.35873833,0.16680405,0.33842683,0.08029185,Data Collection
98_neworleansonline.com,9,Data Collection,4,0.5793897,0.10886278,0.18959229,0.32025138,0.0699657,0.25440097,0.22415486,Data Collection
98_neworleansonline.com,10,Data Collection,4,0.55944496,0.17907016,0.15012766,0.46931103,0.10506018,0.36475167,0.2771395,Data Collection
98_neworleansonline.com,11,Data Collection,4,0.71834075,0.1417102,0.1927652,0.329799,0.061516028,0.4738709,0.21824239,Data Collection
98_neworleansonline.com,12,Data Collection|Other/Unclear|Policy Change,4,0.77031314,0.1625436,0.12511733,0.2187806,0.22517867,0.18013911,0.3058606,Data Collection
98_neworleansonline.com,13,Data Collection,4,0.5758154,0.101397045,0.24010281,0.40201983,0.07902743,0.2531247,0.43219453,Data Collection
98_neworleansonline.com,14,Data Collection,4,0.8110206,0.1872599,0.22857279,0.3514397,0.07067839,0.2222031,0.45751262,Data Collection
98_neworleansonline.com,15,Data Collection,4,0.48407993,0.19387947,0.30622196,0.2772196,0.10535338,0.43042752,0.18896307,
98_neworleansonline.com,16,Data Collection,4,0.6681563,0.12811743,0.15441298,0.19550356,0.10947011,0.3964475,0.16796531,Data Collection
98_neworleansonline.com,17,Data Collection|User Control & Deletion,4,0.31546336,0.1549717,0.09542455,0.38252398,0.094789095,0.15854092,0.9146467,User Control & Deletion
98_neworleansonline.com,18,User Control & Deletion,4,0.32443097,0.18231295,0.14625318,0.7283608,0.3878852,0.19045977,0.8951266,Other/Unclear|User Control & Deletion
98_neworleansonline.com,19,Other/Unclear|Third-Party Sharing,4,0.3935379,0.21626943,0.30411783,0.5627044,0.08002312,0.46771678,0.15583846,Other/Unclear
98_neworleansonline.com,20,Third-Party Sharing,4,0.4944697,0.115035325,0.4329548,0.21006958,0.050747313,0.8840153,0.16311635,Third-Party Sharing
98_neworleansonline.com,21,Third-Party Sharing,4,0.52561176,0.18122366,0.24972034,0.3026784,0.071421534,0.81477445,0.25813282,Data Collection|Third-Party Sharing
98_neworleansonline.com,22,Third-Party Sharing,4,0.6575397,0.16846669,0.22719292,0.20601706,0.04987215,0.6163433,0.23485343,Data Collection|Third-Party Sharing
98_neworleansonline.com,23,Third-Party Sharing,4,0.21728463,0.12330734,0.19012555,0.18314993,0.15774213,0.9296119,0.15916853,Third-Party Sharing
98_neworleansonline.com,24,Data Collection|Third-Party Sharing,4,0.42669168,0.16339475,0.27826267,0.25934297,0.10826566,0.72234446,0.123197906,Third-Party Sharing
98_neworleansonline.com,25,Data Collection|Third-Party Sharing,4,0.8448789,0.4107218,0.19541457,0.32441914,0.09093677,0.72509277,0.14037165,Data Collection|Third-Party Sharing
98_neworleansonline.com,26,Data Collection,4,0.42223412,0.2362267,0.21026854,0.67063373,0.2346116,0.44762206,0.22731677,Other/Unclear
98_neworleansonline.com,27,User Control & Deletion,4,0.36465085,0.2113864,0.21731979,0.48948073,0.10209611,0.18724899,0.71550465,User Control & Deletion
98_neworleansonline.com,28,Data Security,4,0.22466415,0.12595262,0.81110406,0.40959653,0.092471495,0.14240296,0.17611778,Data Security
98_neworleansonline.com,29,Data Security|Other/Unclear,4,0.1014194,0.18869431,0.89817524,0.57966626,0.082299106,0.1429025,0.39785326,Data Security|Other/Unclear
98_neworleansonline.com,30,Other/Unclear,4,0.84708446,0.33383828,0.20720248,0.40586302,0.05739086,0.2902473,0.27151597,Data Collection
98_neworleansonline.com,31,Data Collection,4,0.8334618,0.1947494,0.10886587,0.39951575,0.088322036,0.22440949,0.25891802,Data Collection
98_neworleansonline.com,32,Other/Unclear|User Control & Deletion,4,0.40899938,0.18594502,0.14945404,0.5950346,0.08127376,0.15244417,0.8066592,Other/Unclear|User Control & Deletion
98_neworleansonline.com,33,Data Collection|Third-Party Sharing,4,0.76268804,0.09250485,0.16592687,0.42846704,0.07324535,0.5457332,0.24855407,Data Collection|Third-Party Sharing
98_neworleansonline.com,34,Data Collection|Third-Party Sharing,4,0.7137223,0.10712194,0.18232724,0.27968562,0.09451543,0.50796163,0.15348943,Data Collection|Third-Party Sharing
98_neworleansonline.com,35,Other/Unclear|Third-Party Sharing,4,0.17219365,0.08674657,0.3137405,0.87020504,0.12056445,0.50661653,0.15144245,Other/Unclear|Third-Party Sharing
98_neworleansonline.com,36,Other/Unclear|User Control & Deletion,4,0.14044382,0.27543622,0.13295743,0.8539944,0.10060241,0.29739854,0.668085,Other/Unclear|User Control & Deletion
98_neworleansonline.com,37,Other/Unclear,4,0.5589323,0.13826092,0.17750742,0.87402725,0.0920382,0.11050256,0.1690586,Data Collection|Other/Unclear
98_neworleansonline.com,38,Other/Unclear|User Control & Deletion,4,0.48894283,0.4618199,0.1924439,0.8469266,0.100024454,0.1377697,0.5822145,Other/Unclear|User Control & Deletion
98_neworleansonline.com,39,Other/Unclear,4,0.09754046,0.1137505,0.3322025,0.87886333,0.61538523,0.15444705,0.13868427,Other/Unclear|Policy Change
98_neworleansonline.com,40,Other/Unclear,4,0.111843094,0.117960624,0.11771735,0.94065976,0.16287975,0.08083902,0.4309237,Other/Unclear
