policy_stem,segment_id,gold_labels,fold_id,prob_Data_Collection,prob_Data_Retention,prob_Data_Security,prob_Other_Unclear,prob_Policy_Change,prob_Third_Party_Sharing,prob_User_Control_and_Deletion,predicted_labels_at_0_5
1017_sci-news.com,0,Other/Unclear|Policy Change,3,0.20806947,0.2743401,0.36649856,0.6760399,0.8914019,0.275393,0.4169928,Other/Unclear|Policy Change
1017_sci-news.com,1,Data Collection,3,0.78215116,0.23212254,0.14956108,0.31474054,0.09002243,0.56586295,0.33789933,Data Collection|Third-Party Sharing
1017_sci-news.com,2,Data Collection|Data Retention,3,0.60513216,0.2886547,0.19166616,0.44735792,0.12442054,0.47549778,0.5179039,Data Collection|User Control & Deletion
1017_sci-news.com,3,Data Collection,3,0.6376566,0.17760164,0.1602683,0.40302223,0.13595055,0.45829156,0.31443343,Data Collection
1017_sci-news.com,4,Other/Unclear,3,0.31731227,0.19979107,0.26897004,0.64343303,0.28042862,0.37868866,0.4037652,Other/Unclear
1017_sci-news.com,5,Data Collection,3,0.7483023,0.30549902,0.25337777,0.38037494,0.0652653,0.53239924,0.36379758,Data Collection|Third-Party Sharing
1017_sci-news.com,6,Data Collection|Other/Unclear,3,0.57649314,0.4551276,0.20007604,0.4720055,0.15852298,0.37161598,0.8033186,Data Collection|User Control & Deletion
1017_sci-news.com,7,Other/Unclear|Third-Party Sharing,3,0.3488918,0.25468248,0.18918583,0.5756631,0.24930966,0.3375885,0.7187886,Other/Unclear|User Control & Deletion
1017_sci-news.com,8,User Control & Deletion,3,0.5068394,0.4206328,0.18739429,0.4720721,0.2522173,0.28691363,0.8624032,Data Collection|User Control & Deletion
1017_sci-news.com,9,Policy Change|Third-Party Sharing,3,0.2432563,0.4923104,0.2774437,0.60775036,0.4438664,0.47987086,0.7059624,Other/Unclear|User Control & Deletion
1017_sci-news.com,10,Other/Unclear|User Control & Deletion,3,0.2832622,0.21433029,0.16779855,0.6100738,0.4496373,0.3043786,0.62968695,Other/Unclear|User Control & Deletion
1017_sci-news.com,11,Other/Unclear|User Control & Deletion,3,0.39732695,0.56588113,0.3486761,0.5907462,0.2958771,0.38038182,0.5646235,Data Retention|Other/Unclear|User Control & Deletion
1017_sci-news.com,12,Other/Unclear,3,0.28394267,0.16669033,0.22476655,0.6502059,0.44209218,0.2479513,0.47516212,Other/Unclear
1034_aol.com,0,Other/Unclear|Policy Change,1,0.23838896,0.33365795,0.36811703,0.6818017,0.8887365,0.24571063,0.46309054,Other/Unclear|Policy Change
1034_aol.com,1,Other/Unclear,1,0.21236277,0.25269032,0.42913476,0.71427834,0.55395585,0.39500272,0.37431926,Other/Unclear|Policy Change
1034_aol.com,2,Other/Unclear,1,0.62192106,0.20979781,0.50995296,0.431692,0.1378179,0.58541214,0.17187203,Data Collection|Data Security|Third-Party Sharing
1034_aol.com,3,Data Collection,1,0.672337,0.2986758,0.47873297,0.43141884,0.13583097,0.55285966,0.20886165,Data Collection|Third-Party Sharing
1034_aol.com,4,Other/Unclear,1,0.2425965,0.32472166,0.49146122,0.72072196,0.7845656,0.36633703,0.37559402,Other/Unclear|Policy Change
1034_aol.com,5,Data Collection|Other/Unclear,1,0.74487805,0.20976795,0.2252101,0.35195312,0.08409719,0.5929911,0.27217862,Data Collection|Third-Party Sharing
1034_aol.com,6,Data Collection|Other/Unclear|User Control & Deletion,1,0.7087722,0.26739722,0.13248488,0.37828684,0.088657476,0.5769393,0.608744,Data Collection|Third-Party Sharing|User Control & Deletion
1034_aol.com,7,Data Collection,1,0.74173117,0.24601345,0.1664648,0.3399255,0.071701385,0.56473225,0.43083927,Data Collection|Third-Party Sharing
1034_aol.com,8,Data Collection|Data Retention,1,0.75725335,0.23203002,0.2112273,0.34283066,0.07406468,0.5876457,0.31739753,Data Collection|Third-Party Sharing
1034_aol.com,9,Data Collection|Other/Unclear,1,0.57059354,0.16458376,0.29893693,0.50478894,0.110043466,0.5574021,0.24436375,Data Collection|Other/Unclear|Third-Party Sharing
1034_aol.com,10,Data Collection,1,0.7424453,0.21709248,0.29911155,0.37712544,0.0883144,0.5606513,0.24521896,Data Collection|Third-Party Sharing
1034_aol.com,11,Data Collection,1,0.5719636,0.16791679,0.15268536,0.46328077,0.10675189,0.4739318,0.5768924,Data Collection|User Control & Deletion
1034_aol.com,12,Data Collection,1,0.7006617,0.27169427,0.36819524,0.35480085,0.07990142,0.68365115,0.19299488,Data Collection|Third-Party Sharing
1034_aol.com,13,Other/Unclear,1,0.74250674,0.227264,0.24280284,0.37144774,0.111097716,0.57492656,0.2818477,Data Collection|Third-Party Sharing
1034_aol.com,14,Data Collection,1,0.7509595,0.4146389,0.1926179,0.34847766,0.09625488,0.5180687,0.57123154,Data Collection|Third-Party Sharing|User Control & Deletion
1034_aol.com,15,Data Collection|Other/Unclear,1,0.75125784,0.22980675,0.20361228,0.35618803,0.1078303,0.63738483,0.2671285,Data Collection|Third-Party Sharing
1034_aol.com,16,Data Collection|Other/Unclear,1,0.69376355,0.17151342,0.31086254,0.4071286,0.10592718,0.6196369,0.21733986,Data Collection|Third-Party Sharing
1034_aol.com,17,Third-Party Sharing,1,0.52231777,0.18204187,0.28276977,0.50634426,0.1247947,0.6867055,0.2577672,Data Collection|Other/Unclear|Third-Party Sharing
1034_aol.com,18,Third-Party Sharing,1,0.686527,0.16584677,0.21274231,0.37235376,0.09281921,0.6750405,0.24729177,Data Collection|Third-Party Sharing
1034_aol.com,19,Third-Party Sharing,1,0.54815173,0.24744321,0.53745395,0.41236994,0.110691644,0.6705057,0.15725593,Data Collection|Data Security|Third-Party Sharing
1034_aol.com,20,Third-Party Sharing|User Control & Deletion,1,0.47899163,0.5368449,0.21915747,0.46827552,0.27010295,0.64303905,0.6210895,Data Retention|Third-Party Sharing|User Control & Deletion
1034_aol.com,21,Data Security|Other/Unclear|Third-Party Sharing,1,0.58362794,0.21710862,0.36697876,0.40680048,0.09338686,0.71446025,0.21960077,Data Collection|Third-Party Sharing
1034_aol.com,22,Other/Unclear,1,0.62003374,0.16813757,0.3018057,0.37976512,0.108438015,0.655673,0.19740497,Data Collection|Third-Party Sharing
1034_aol.com,23,Other/Unclear|Third-Party Sharing,1,0.70269716,0.19831477,0.27726066,0.33665603,0.09287437,0.7101661,0.19750774,Data Collection|Third-Party Sharing
1034_aol.com,24,Other/Unclear,1,0.5033718,0.124598294,0.2761887,0.5618983,0.14661169,0.48545858,0.27181536,Data Collection|Other/Unclear
1034_aol.com,25,Data Collection|Third-Party Sharing,1,0.64113533,0.16310692,0.1615389,0.46356487,0.11234147,0.60323596,0.38414603,Data Collection|Third-Party Sharing
1034_aol.com,26,Other/Unclear,1,0.30129564,0.28171274,0.60350454,0.6942774,0.34445992,0.44571742,0.26824436,Data Security|Other/Unclear
1034_aol.com,27,Other/Unclear,1,0.36205485,0.4848588,0.46450996,0.64652205,0.41477907,0.42353457,0.41895986,Other/Unclear
1034_aol.com,28,Other/Unclear,1,0.5436114,0.18184361,0.17093343,0.44443116,0.15277252,0.43679556,0.5645834,Data Collection|User Control & Deletion
1034_aol.com,29,User Control & Deletion,1,0.56673956,0.29410934,0.14051303,0.44227332,0.14249836,0.33492464,0.7803581,Data Collection|User Control & Deletion
1034_aol.com,30,Other/Unclear|User Control & Deletion,1,0.5928104,0.20104046,0.121639386,0.41177323,0.12569216,0.43441197,0.70329255,Data Collection|User Control & Deletion
1034_aol.com,31,Other/Unclear|User Control & Deletion,1,0.49183512,0.2091845,0.1461967,0.46732286,0.18775259,0.33985278,0.7338051,User Control & Deletion
1034_aol.com,32,User Control & Deletion,1,0.72819763,0.20620432,0.21447875,0.36299127,0.080086604,0.5921804,0.34161934,Data Collection|Third-Party Sharing
1034_aol.com,33,Other/Unclear,1,0.4942163,0.19242078,0.15347165,0.48006403,0.17038843,0.32171625,0.6797879,User Control & Deletion
1034_aol.com,34,Data Security,1,0.45074373,0.38812163,0.8772467,0.5029708,0.20957588,0.47104487,0.19729921,Data Security|Other/Unclear
1034_aol.com,35,Other/Unclear,1,0.3901719,0.17835598,0.3266205,0.6409571,0.17854004,0.52530056,0.29095697,Other/Unclear|Third-Party Sharing
1034_aol.com,36,Other/Unclear,1,0.383503,0.35311648,0.13811766,0.5521169,0.30395564,0.28177732,0.8002295,Other/Unclear|User Control & Deletion
1034_aol.com,37,Other/Unclear,1,0.30792394,0.17979737,0.3353569,0.6961835,0.39056712,0.29038835,0.39440286,Other/Unclear
1034_aol.com,38,Other/Unclear|User Control & Deletion,1,0.44570914,0.43298528,0.56903195,0.55584824,0.1291118,0.5813168,0.3504822,Data Security|Other/Unclear|Third-Party Sharing
1034_aol.com,39,Other/Unclear,1,0.34349895,0.29924634,0.8131953,0.6112831,0.2812619,0.43789548,0.20619488,Data Security|Other/Unclear
1034_aol.com,40,Other/Unclear,1,0.26818186,0.18596973,0.28748253,0.69594294,0.40095112,0.2890035,0.4471635,Other/Unclear
1034_aol.com,41,Other/Unclear|Policy Change,1,0.30580473,0.3712305,0.40519294,0.65411335,0.8926692,0.27116638,0.43482116,Other/Unclear|Policy Change
1034_aol.com,42,Policy Change,1,0.25148582,0.39986676,0.35631737,0.6532336,0.917554,0.2759457,0.51696944,Other/Unclear|Policy Change|User Control & Deletion
1050_honda.com,0,Other/Unclear,4,0.30322808,0.17856371,0.34350696,0.6833245,0.46957994,0.3009931,0.3287485,Other/Unclear
1050_honda.com,1,Other/Unclear,4,0.35690117,0.34656882,0.8490393,0.6000229,0.26112098,0.53094083,0.17895089,Data Security|Other/Unclear|Third-Party Sharing
1050_honda.com,2,Other/Unclear,4,0.31116292,0.1925758,0.50562596,0.69181824,0.3074377,0.44741744,0.23750591,Data Security|Other/Unclear
1050_honda.com,3,Data Collection|Other/Unclear|User Control & Deletion,4,0.7115627,0.18740743,0.1712858,0.4135043,0.09798834,0.4381181,0.32045195,Data Collection
1050_honda.com,4,Data Collection|Other/Unclear|User Control & Deletion,4,0.6536133,0.18845563,0.15487418,0.4433161,0.10712139,0.3838027,0.5039038,Data Collection|User Control & Deletion
1050_honda.com,5,Data Collection,4,0.6821721,0.30074847,0.14561288,0.41691065,0.08972003,0.4627549,0.62819946,Data Collection|User Control & Deletion
1050_honda.com,6,Data Collection|Data Retention|Other/Unclear,4,0.79119134,0.30750805,0.22281475,0.34059155,0.09695918,0.6591145,0.21641609,Data Collection|Third-Party Sharing
1050_honda.com,7,Data Collection,4,0.77305466,0.43954396,0.28802806,0.3628395,0.08849072,0.6486442,0.31080964,Data Collection|Third-Party Sharing
1050_honda.com,8,Data Collection|Data Retention,4,0.80198926,0.3262843,0.21791998,0.3285935,0.09247566,0.58587444,0.22626275,Data Collection|Third-Party Sharing
1050_honda.com,9,Data Collection|Third-Party Sharing|User Control & Deletion,4,0.7499245,0.4402709,0.244353,0.36455673,0.07232449,0.57206386,0.4811615,Data Collection|Third-Party Sharing
1050_honda.com,10,Data Collection|Third-Party Sharing|User Control & Deletion,4,0.6814875,0.33144426,0.19049655,0.44011584,0.07415637,0.4985837,0.6032544,Data Collection|User Control & Deletion
1050_honda.com,11,Data Collection|Other/Unclear|Third-Party Sharing|User Control & Deletion,4,0.6453494,0.32037044,0.2819042,0.43896598,0.09136722,0.7260812,0.3576931,Data Collection|Third-Party Sharing
1050_honda.com,12,Data Collection|Third-Party Sharing,4,0.5863556,0.3468668,0.14684698,0.47657844,0.11781663,0.53139323,0.6674582,Data Collection|Third-Party Sharing|User Control & Deletion
1050_honda.com,13,Other/Unclear|Third-Party Sharing,4,0.45791635,0.23461227,0.22301625,0.56066656,0.16197637,0.5857519,0.48854744,Other/Unclear|Third-Party Sharing
1050_honda.com,14,Data Security,4,0.38942525,0.45960847,0.8987288,0.5232991,0.23884788,0.4846318,0.25979736,Data Security|Other/Unclear
1050_honda.com,15,Other/Unclear,4,0.5407831,0.22181161,0.3378743,0.5343986,0.11998003,0.46846688,0.3421934,Data Collection|Other/Unclear
1050_honda.com,16,Other/Unclear,4,0.30685753,0.27781838,0.37145412,0.71832293,0.31689295,0.430032,0.39179498,Other/Unclear
1050_honda.com,17,Policy Change,4,0.2792277,0.43591872,0.40532243,0.6353688,0.92142814,0.332845,0.4755903,Other/Unclear|Policy Change
1050_honda.com,18,Other/Unclear,4,0.55106187,0.19079138,0.2186846,0.54026085,0.29357666,0.4554303,0.2663223,Data Collection|Other/Unclear
1050_honda.com,19,Other/Unclear,4,0.38491982,0.16611683,0.31053692,0.6491633,0.30289814,0.34924373,0.348496,Other/Unclear
1050_honda.com,20,Data Collection|Third-Party Sharing,4,0.576832,0.45675486,0.13868254,0.42818192,0.1626499,0.3803043,0.82077277,Data Collection|User Control & Deletion
1050_honda.com,21,Data Collection,4,0.5917473,0.43262824,0.26029944,0.46243286,0.11410506,0.5461865,0.54978245,Data Collection|Third-Party Sharing|User Control & Deletion
1050_honda.com,22,Data Collection|Other/Unclear,4,0.74175316,0.3393681,0.18799235,0.36061645,0.08313415,0.61093146,0.46248415,Data Collection|Third-Party Sharing
1050_honda.com,23,Data Collection|Third-Party Sharing,4,0.6276224,0.39807034,0.13692081,0.40068775,0.12594795,0.40326923,0.78392756,Data Collection|User Control & Deletion
1050_honda.com,24,Data Collection,4,0.60006124,0.27936107,0.11941714,0.42274582,0.13670863,0.3380708,0.7550597,Data Collection|User Control & Deletion
1050_honda.com,25,Data Collection,4,0.6563658,0.41937605,0.16787276,0.38571468,0.086430475,0.436496,0.7228068,Data Collection|User Control & Deletion
1050_honda.com,26,Data Collection|Third-Party Sharing,4,0.5677389,0.48645043,0.14488754,0.43108597,0.17314082,0.38209352,0.8306932,Data Collection|User Control & Deletion
1050_honda.com,27,Data Collection,4,0.58500123,0.44513673,0.27535257,0.4637553,0.115539774,0.54938567,0.54935616,Data Collection|Third-Party Sharing|User Control & Deletion
1050_honda.com,28,Data Collection|Other/Unclear,4,0.74175316,0.3393681,0.18799235,0.36061645,0.08313415,0.61093146,0.46248415,Data Collection|Third-Party Sharing
1050_honda.com,29,Data Collection|Third-Party Sharing,4,0.62505203,0.38611785,0.14216936,0.40167722,0.10936702,0.43424314,0.75503445,Data Collection|User Control & Deletion
1050_honda.com,30,Data Collection|Other/Unclear,4,0.30078942,0.20923096,0.41086614,0.6881909,0.25483006,0.4954686,0.36014587,Other/Unclear
1050_honda.com,31,Data Collection,4,0.4763432,0.34090632,0.15841557,0.4623411,0.14959234,0.3240523,0.8059347,User Control & Deletion
1050_honda.com,32,Data Collection,4,0.5947432,0.3240932,0.12566891,0.43005368,0.14474423,0.3232608,0.78839034,Data Collection|User Control & Deletion
1050_honda.com,33,Data Collection|Other/Unclear|User Control & Deletion,4,0.6743895,0.25193158,0.13832052,0.3823097,0.11590299,0.3787602,0.65365577,Data Collection|User Control & Deletion
1050_honda.com,34,Data Collection|User Control & Deletion,4,0.56257516,0.5635289,0.16614893,0.4334397,0.1860601,0.33686444,0.85312647,Data Collection|Data Retention|User Control & Deletion
1050_honda.com,35,Data Collection,4,0.5818434,0.39023232,0.12944366,0.4286965,0.16256623,0.31918952,0.80524504,Data Collection|User Control & Deletion
1050_honda.com,36,Data Collection|User Control & Deletion,4,0.5677737,0.34864795,0.1338183,0.42662883,0.15826595,0.33932224,0.80298394,Data Collection|User Control & Deletion
1050_honda.com,37,Data Collection,4,0.50675523,0.38687098,0.28502586,0.5183681,0.14099413,0.5470472,0.49392438,Data Collection|Other/Unclear|Third-Party Sharing
1050_honda.com,38,Other/Unclear,4,0.23050636,0.25110433,0.3234492,0.68842006,0.39680436,0.3648849,0.6065831,Other/Unclear|User Control & Deletion
1050_honda.com,39,Data Collection,4,0.56744695,0.30004495,0.13757332,0.4418746,0.1662769,0.3320747,0.76746297,Data Collection|User Control & Deletion
1050_honda.com,40,Data Collection|User Control & Deletion,4,0.56765896,0.3797579,0.14735068,0.43772548,0.17771842,0.34960794,0.80342424,Data Collection|User Control & Deletion
1050_honda.com,41,Data Collection,4,0.60344875,0.3848339,0.13642056,0.4249952,0.13354632,0.3930118,0.792601,Data Collection|User Control & Deletion
1050_honda.com,42,User Control & Deletion,4,0.5459301,0.5080399,0.13440026,0.4542707,0.23865499,0.33352864,0.8334328,Data Collection|Data Retention|User Control & Deletion
1050_honda.com,43,Third-Party Sharing|User Control & Deletion,4,0.61168075,0.33110172,0.14258122,0.4187817,0.14459224,0.3610046,0.7854023,Data Collection|User Control & Deletion
1050_honda.com,44,Data Collection,4,0.45485196,0.4013013,0.18258795,0.4887627,0.184868,0.32359248,0.8313692,User Control & Deletion
1050_honda.com,45,Data Collection,4,0.4674378,0.37414402,0.17170796,0.4832394,0.17608334,0.30898523,0.8259216,User Control & Deletion
1050_honda.com,46,Data Collection,4,0.48101792,0.389087,0.16670984,0.47308153,0.17585023,0.3179523,0.83098495,User Control & Deletion
1050_honda.com,47,Data Collection|User Control & Deletion,4,0.5706111,0.5270199,0.16108434,0.4370662,0.17384717,0.3302336,0.8561977,Data Collection|Data Retention|User Control & Deletion
1050_honda.com,48,Data Collection|User Control & Deletion,4,0.6330266,0.41532516,0.151579,0.4101965,0.16180894,0.35274512,0.77273494,Data Collection|User Control & Deletion
1050_honda.com,49,User Control & Deletion,4,0.47835395,0.4109334,0.13880186,0.49310532,0.25098377,0.26660177,0.8421071,User Control & Deletion
1050_honda.com,50,Data Collection|User Control & Deletion,4,0.5977533,0.45463276,0.13468324,0.43659955,0.182746,0.33183652,0.8201987,Data Collection|User Control & Deletion
1050_honda.com,51,Data Collection|Data Security|Third-Party Sharing,4,0.44213986,0.47331563,0.87287945,0.4576023,0.1902328,0.58327603,0.23300292,Data Security|Third-Party Sharing
1050_honda.com,52,Data Collection|Data Retention,4,0.6842543,0.47109893,0.15934952,0.39465225,0.09933636,0.50888014,0.60641384,Data Collection|Third-Party Sharing|User Control & Deletion
1050_honda.com,53,Data Collection,4,0.52667326,0.37507385,0.28015575,0.5106935,0.13033175,0.54990304,0.48001456,Data Collection|Other/Unclear|Third-Party Sharing
1050_honda.com,54,Data Collection|User Control & Deletion,4,0.4484421,0.61222494,0.1939698,0.48053035,0.24318545,0.31097248,0.8726567,Data Retention|User Control & Deletion
1050_honda.com,55,Data Collection,4,0.67743295,0.45582205,0.15271376,0.3989175,0.09897735,0.50471926,0.6151242,Data Collection|Third-Party Sharing|User Control & Deletion
1050_honda.com,56,Data Collection,4,0.52667326,0.37507385,0.28015575,0.5106935,0.13033175,0.54990304,0.48001456,Data Collection|Other/Unclear|Third-Party Sharing
1050_honda.com,57,Data Collection|User Control & Deletion,4,0.4484421,0.61222494,0.1939698,0.48053035,0.24318545,0.31097248,0.8726567,Data Retention|User Control & Deletion
1050_honda.com,58,Other/Unclear|User Control & Deletion,4,0.5723342,0.2103619,0.16086692,0.4532712,0.09414727,0.49252385,0.52701384,Data Collection|User Control & Deletion
1050_honda.com,59,Other/Unclear|User Control & Deletion,4,0.54709756,0.2590208,0.1243719,0.4663899,0.14881264,0.34544647,0.7498012,Data Collection|User Control & Deletion
1050_honda.com,60,Third-Party Sharing,4,0.62145364,0.17989668,0.19280574,0.47803205,0.101707965,0.5557194,0.31589526,Data Collection|Third-Party Sharing
1050_honda.com,61,Other/Unclear,4,0.23353367,0.18669866,0.42814547,0.70064473,0.5144189,0.37933123,0.318831,Other/Unclear|Policy Change
1050_honda.com,62,Data Security|Other/Unclear,4,0.34032416,0.3189148,0.8248224,0.6202343,0.2694487,0.50710547,0.18843536,Data Security|Other/Unclear|Third-Party Sharing
1050_honda.com,63,Data Security,4,0.38223803,0.42228982,0.887133,0.53446555,0.26150054,0.46123338,0.21535027,Data Security|Other/Unclear
1050_honda.com,64,Data Collection,4,0.68601835,0.2613373,0.3838121,0.3415228,0.10832839,0.6663888,0.18609399,Data Collection|Third-Party Sharing
1050_honda.com,65,Third-Party Sharing,4,0.69049406,0.23684183,0.29227224,0.373672,0.103971824,0.67821795,0.18002582,Data Collection|Third-Party Sharing
1050_honda.com,66,Third-Party Sharing,4,0.6741319,0.24784182,0.33118585,0.35432923,0.11024562,0.7305105,0.18719709,Data Collection|Third-Party Sharing
1050_honda.com,67,Third-Party Sharing,4,0.64823306,0.24112643,0.3043918,0.39451578,0.09947677,0.7153429,0.19662572,Data Collection|Third-Party Sharing
1050_honda.com,68,Policy Change,4,0.25307795,0.448728,0.3905624,0.62681895,0.920624,0.33417296,0.50943476,Other/Unclear|Policy Change|User Control & Deletion
1050_honda.com,69,Data Collection,4,0.5194259,0.25498453,0.13390045,0.469788,0.16359851,0.31257814,0.7499609,Data Collection|User Control & Deletion
1050_honda.com,70,Data Collection,4,0.48208413,0.32552198,0.14533974,0.47706512,0.21538767,0.28638613,0.8086051,User Control & Deletion
1050_honda.com,71,Other/Unclear,4,0.5092278,0.17078269,0.20498468,0.507599,0.12994571,0.39360178,0.44026983,Data Collection|Other/Unclear
105_amazon.com,0,Other/Unclear,0,0.29045612,0.1906262,0.31908223,0.7080408,0.4777571,0.28444952,0.38254112,Other/Unclear
105_amazon.com,1,Other/Unclear|Policy Change,0,0.29295635,0.37750092,0.31388783,0.65029776,0.8974796,0.2733021,0.5109826,Other/Unclear|Policy Change|User Control & Deletion
105_amazon.com,2,Data Collection|Data Security|Other/Unclear|Policy Change|Third-Party Sharing|User Control & Deletion,0,0.31555596,0.2021345,0.46533516,0.7047662,0.27997804,0.35883495,0.30695173,Other/Unclear
105_amazon.com,3,Data Collection,0,0.6751413,0.17589076,0.22949395,0.46573445,0.11834369,0.48547915,0.23987997,Data Collection
105_amazon.com,4,Data Collection|Data Retention|User Control & Deletion,0,0.70516574,0.39388654,0.14390035,0.38202748,0.12364192,0.45915693,0.68489367,Data Collection|User Control & Deletion
105_amazon.com,5,Data Collection|Data Retention,0,0.7402653,0.22058049,0.17754818,0.3836088,0.072303236,0.5474676,0.36260158,Data Collection|Third-Party Sharing
105_amazon.com,6,Data Collection|Third-Party Sharing|User Control & Deletion,0,0.7152846,0.20092742,0.14154136,0.38767475,0.07747509,0.5389302,0.46924078,Data Collection|Third-Party Sharing
105_amazon.com,7,Data Collection|Other/Unclear|User Control & Deletion,0,0.674136,0.2569427,0.13254203,0.41758958,0.11220612,0.4435097,0.63485265,Data Collection|User Control & Deletion
105_amazon.com,8,Data Collection|Third-Party Sharing,0,0.67918575,0.20895296,0.13685545,0.42404318,0.105624944,0.4850299,0.46285397,Data Collection
105_amazon.com,9,Data Collection|Third-Party Sharing|User Control & Deletion,0,0.5917105,0.48845607,0.18221532,0.43938065,0.17285185,0.39240712,0.82895774,Data Collection|User Control & Deletion
105_amazon.com,10,Data Collection|Other/Unclear|Third-Party Sharing,0,0.34093857,0.36013034,0.7115436,0.6264017,0.21366788,0.61361617,0.23363322,Data Security|Other/Unclear|Third-Party Sharing
105_amazon.com,11,Other/Unclear|Third-Party Sharing,0,0.641702,0.25433835,0.39897162,0.38394055,0.099577606,0.7289282,0.18741794,Data Collection|Third-Party Sharing
105_amazon.com,12,Third-Party Sharing,0,0.59098333,0.40873078,0.65415245,0.4023421,0.12003172,0.6991502,0.180292,Data Collection|Data Security|Third-Party Sharing
105_amazon.com,13,Data Collection|Other/Unclear|Third-Party Sharing|User Control & Deletion,0,0.5500828,0.26613116,0.13520227,0.46649545,0.13261496,0.44255486,0.7274518,Data Collection|User Control & Deletion
105_amazon.com,14,Data Collection|Policy Change|Third-Party Sharing|User Control & Deletion,0,0.5243854,0.47427157,0.5312935,0.46778005,0.19541621,0.7356271,0.2719228,Data Collection|Data Security|Third-Party Sharing
105_amazon.com,15,Data Collection|Other/Unclear|Third-Party Sharing,0,0.44965658,0.31807226,0.61138606,0.48761883,0.13669202,0.6608534,0.17823681,Data Security|Third-Party Sharing
105_amazon.com,16,Third-Party Sharing|User Control & Deletion,0,0.45056933,0.29358155,0.1343648,0.49145177,0.2620304,0.42074606,0.79311675,User Control & Deletion
105_amazon.com,17,Data Security|Third-Party Sharing,0,0.39884853,0.51913154,0.88458973,0.5372117,0.25605723,0.4725908,0.2816391,Data Retention|Data Security|Other/Unclear
105_amazon.com,18,Other/Unclear|Third-Party Sharing,0,0.52854306,0.13516888,0.18053232,0.53124243,0.1525119,0.45799884,0.4054203,Data Collection|Other/Unclear
105_amazon.com,19,User Control & Deletion,0,0.4461249,0.35965568,0.14597844,0.55246836,0.5125577,0.32179508,0.7329079,Other/Unclear|Policy Change|User Control & Deletion
105_amazon.com,20,User Control & Deletion,0,0.5627699,0.22920024,0.13729385,0.44086155,0.15209909,0.3875159,0.75361115,Data Collection|User Control & Deletion
105_amazon.com,21,Data Retention|User Control & Deletion,0,0.48913914,0.64226377,0.21974266,0.5071663,0.43870223,0.34317577,0.8239987,Data Retention|Other/Unclear|User Control & Deletion
105_amazon.com,22,Policy Change|User Control & Deletion,0,0.2805572,0.41505083,0.2636167,0.60511994,0.8638648,0.27586246,0.67802525,Other/Unclear|Policy Change|User Control & Deletion
105_amazon.com,23,User Control & Deletion,0,0.52647763,0.21249962,0.116651304,0.4708565,0.17555003,0.40832105,0.7064752,Data Collection|User Control & Deletion
105_amazon.com,24,Other/Unclear|User Control & Deletion,0,0.568744,0.48321262,0.17790638,0.45027205,0.20542651,0.3628992,0.8505242,Data Collection|User Control & Deletion
105_amazon.com,25,Other/Unclear,0,0.52784145,0.1815099,0.17009892,0.4925792,0.13448852,0.47903734,0.5743918,Data Collection|User Control & Deletion
105_amazon.com,26,Data Security|Other/Unclear,0,0.3617268,0.2498858,0.71822155,0.6351216,0.23160717,0.43634325,0.22569893,Data Security|Other/Unclear
105_amazon.com,27,Data Collection|Data Security|Other/Unclear,0,0.31329584,0.23508017,0.60273355,0.66653496,0.24930084,0.40534925,0.23167361,Data Security|Other/Unclear
105_amazon.com,28,Data Security|Other/Unclear,0,0.3250902,0.29948008,0.61657226,0.6915239,0.26709414,0.41630277,0.2849939,Data Security|Other/Unclear
105_amazon.com,29,Other/Unclear|Policy Change|User Control & Deletion,0,0.28655136,0.48674047,0.4070305,0.63070863,0.9120813,0.29420096,0.5190992,Other/Unclear|Policy Change|User Control & Deletion
105_amazon.com,30,Other/Unclear,0,0.35406566,0.1613393,0.21646546,0.62201464,0.45456272,0.32777247,0.37888366,Other/Unclear
105_amazon.com,31,Data Collection,0,0.75087965,0.25572994,0.16995773,0.31216812,0.093433276,0.6456298,0.32820094,Data Collection|Third-Party Sharing
105_amazon.com,32,Data Collection,0,0.77673,0.2979496,0.24491954,0.3377306,0.090427905,0.66193646,0.22909169,Data Collection|Third-Party Sharing
105_amazon.com,33,Data Collection|Other/Unclear|User Control & Deletion,0,0.59174955,0.2916973,0.15618326,0.4601444,0.1444887,0.35936517,0.7382174,Data Collection|User Control & Deletion
105_amazon.com,34,Data Collection|Third-Party Sharing,0,0.7073854,0.27724743,0.37648195,0.3550119,0.097445406,0.7047108,0.17562364,Data Collection|Third-Party Sharing
105_amazon.com,35,Other/Unclear|Third-Party Sharing,0,0.6008795,0.2026167,0.35668185,0.427592,0.1311579,0.6443915,0.19151571,Data Collection|Third-Party Sharing
105_amazon.com,36,User Control & Deletion,0,0.6814164,0.1932104,0.13724029,0.3700343,0.11728748,0.4880082,0.5124664,Data Collection|User Control & Deletion
1070_wnep.com,0,Other/Unclear|Policy Change,2,0.30635914,0.22051223,0.4442569,0.6970039,0.37618977,0.43779522,0.24419199,Other/Unclear
1070_wnep.com,1,Data Collection|Other/Unclear,2,0.25141552,0.29347137,0.36025503,0.71446,0.6883326,0.3441482,0.35294038,Other/Unclear|Policy Change
1070_wnep.com,2,Data Collection|Other/Unclear,2,0.7168159,0.42309874,0.19989996,0.35083118,0.084338464,0.5453616,0.57246375,Data Collection|Third-Party Sharing|User Control & Deletion
1070_wnep.com,3,Data Collection,2,0.7467735,0.23416871,0.14070494,0.3339983,0.09846384,0.54550713,0.42078057,Data Collection|Third-Party Sharing
1070_wnep.com,4,Data Collection|Data Retention|Third-Party Sharing,2,0.57436854,0.5311808,0.25925145,0.43768397,0.090772256,0.59687436,0.5866277,Data Collection|Data Retention|Third-Party Sharing|User Control & Deletion
1070_wnep.com,5,Data Collection,2,0.7216667,0.22277437,0.2439641,0.33419016,0.09228895,0.6878803,0.17993341,Data Collection|Third-Party Sharing
1070_wnep.com,6,Other/Unclear|Third-Party Sharing,2,0.52746314,0.32935807,0.37442473,0.5139406,0.07771386,0.6443538,0.29878673,Data Collection|Other/Unclear|Third-Party Sharing
1070_wnep.com,7,Data Collection,2,0.7722855,0.2974049,0.23900796,0.33421767,0.08442952,0.63586754,0.25758415,Data Collection|Third-Party Sharing
1070_wnep.com,8,Data Collection,2,0.6889938,0.3471927,0.31705403,0.4222701,0.084667176,0.65622264,0.24716936,Data Collection|Third-Party Sharing
1070_wnep.com,9,Data Collection|User Control & Deletion,2,0.46557498,0.49334177,0.18966042,0.47874358,0.32815984,0.28607532,0.8764623,User Control & Deletion
1070_wnep.com,10,Other/Unclear|Third-Party Sharing|User Control & Deletion,2,0.6800203,0.23934,0.19245616,0.38379806,0.0660685,0.64500076,0.4233939,Data Collection|Third-Party Sharing
1070_wnep.com,11,User Control & Deletion,2,0.44064814,0.30593652,0.1834071,0.51139313,0.18599653,0.32764593,0.8066948,Other/Unclear|User Control & Deletion
1070_wnep.com,12,Data Collection|Third-Party Sharing|User Control & Deletion,2,0.7345446,0.3608994,0.20910074,0.3558856,0.07072829,0.5548766,0.52177507,Data Collection|Third-Party Sharing|User Control & Deletion
1070_wnep.com,13,Data Collection,2,0.7585593,0.32689017,0.24821497,0.295588,0.10771202,0.6410775,0.28196833,Data Collection|Third-Party Sharing
1070_wnep.com,14,Data Collection|Third-Party Sharing,2,0.46830893,0.3835127,0.4751203,0.5660076,0.124420114,0.6973282,0.22020063,Other/Unclear|Third-Party Sharing
1070_wnep.com,15,Other/Unclear,2,0.63980347,0.1789057,0.2593844,0.43842033,0.10828402,0.6372752,0.16859083,Data Collection|Third-Party Sharing
1070_wnep.com,16,Third-Party Sharing,2,0.56624377,0.21830356,0.22493686,0.45460224,0.11770786,0.67950153,0.3082301,Data Collection|Third-Party Sharing
1070_wnep.com,17,Third-Party Sharing,2,0.71160173,0.22719854,0.2126088,0.34833694,0.090313345,0.68410563,0.21196797,Data Collection|Third-Party Sharing
1070_wnep.com,18,Other/Unclear|Third-Party Sharing,2,0.62201387,0.16228789,0.17700882,0.46713954,0.105055965,0.6156613,0.30078703,Data Collection|Third-Party Sharing
1070_wnep.com,19,Third-Party Sharing,2,0.6679428,0.2292269,0.24912935,0.3674696,0.09970577,0.68384045,0.19279116,Data Collection|Third-Party Sharing
1070_wnep.com,20,Third-Party Sharing,2,0.6575725,0.22378893,0.277408,0.37623897,0.10332717,0.7229468,0.18181984,Data Collection|Third-Party Sharing
1070_wnep.com,21,Third-Party Sharing,2,0.54797006,0.31824312,0.5535968,0.41994947,0.1165979,0.66747963,0.1511284,Data Collection|Data Security|Third-Party Sharing
1070_wnep.com,22,Other/Unclear|User Control & Deletion,2,0.44131598,0.49917394,0.18683748,0.5008215,0.2897915,0.29660377,0.81546026,Other/Unclear|User Control & Deletion
1070_wnep.com,23,Data Security,2,0.38542235,0.4547874,0.9000243,0.51796985,0.33206657,0.4123399,0.23424533,Data Security|Other/Unclear
1070_wnep.com,24,Other/Unclear,2,0.47808218,0.25800493,0.5360768,0.5373298,0.11296564,0.62730646,0.1705519,Data Security|Other/Unclear|Third-Party Sharing
1070_wnep.com,25,Other/Unclear|Third-Party Sharing,2,0.52889913,0.18457812,0.26623988,0.54104733,0.11742007,0.6604111,0.26678583,Data Collection|Other/Unclear|Third-Party Sharing
1070_wnep.com,26,Other/Unclear,2,0.3786797,0.61198205,0.648011,0.51797414,0.14218105,0.57590973,0.44886133,Data Retention|Data Security|Other/Unclear|Third-Party Sharing
1070_wnep.com,27,Other/Unclear,2,0.52963066,0.20589161,0.23674515,0.5236664,0.1680708,0.63343906,0.34267956,Data Collection|Other/Unclear|Third-Party Sharing
1070_wnep.com,28,Other/Unclear,2,0.30958873,0.17796671,0.22300988,0.6679781,0.3948238,0.27755374,0.44818708,Other/Unclear
1070_wnep.com,29,Other/Unclear,2,0.35854036,0.21119288,0.19876519,0.62866145,0.20085138,0.38814467,0.5305892,Other/Unclear|User Control & Deletion
1070_wnep.com,30,Other/Unclear,2,0.2936777,0.22863786,0.44600147,0.6728133,0.27667925,0.48276025,0.28401688,Other/Unclear
1070_wnep.com,31,Policy Change,2,0.24951065,0.36474335,0.32895666,0.6172951,0.9296119,0.29748356,0.50875056,Other/Unclear|Policy Change|User Control & Deletion
1083_highgearmedia.com,0,Other/Unclear,1,0.32127115,0.20655613,0.47154382,0.6605418,0.37003535,0.3800615,0.24913098,Other/Unclear
1083_highgearmedia.com,1,Other/Unclear,1,0.33844417,0.16152246,0.34874177,0.68505466,0.25371733,0.46743563,0.292163,Other/Unclear
1083_highgearmedia.com,2,Data Collection|Other/Unclear|Third-Party Sharing,1,0.25553757,0.197238,0.245477,0.6817017,0.36507225,0.41270626,0.49508923,Other/Unclear
1083_highgearmedia.com,3,Data Collection|User Control & Deletion,1,0.7624487,0.2037897,0.13688564,0.3303369,0.082454175,0.55338323,0.488237,Data Collection|Third-Party Sharing
1083_highgearmedia.com,4,Data Collection,1,0.5702806,0.4223002,0.7757511,0.44155955,0.12696607,0.59498596,0.18213953,Data Collection|Data Security|Third-Party Sharing
1083_highgearmedia.com,5,Data Collection|Third-Party Sharing,1,0.67945945,0.22895463,0.31721777,0.35764605,0.105465494,0.6778992,0.20487443,Data Collection|Third-Party Sharing
1083_highgearmedia.com,6,Data Collection,1,0.742374,0.2242221,0.21515937,0.33365765,0.0953008,0.66180843,0.22024415,Data Collection|Third-Party Sharing
1083_highgearmedia.com,7,Third-Party Sharing,1,0.604317,0.30697742,0.40648642,0.39815876,0.098935425,0.75881463,0.21110767,Data Collection|Third-Party Sharing
1083_highgearmedia.com,8,Third-Party Sharing,1,0.65599835,0.19529559,0.34587434,0.3626515,0.105249986,0.7228302,0.16749549,Data Collection|Third-Party Sharing
1083_highgearmedia.com,9,Third-Party Sharing,1,0.47873428,0.1801812,0.13706541,0.5293568,0.15162984,0.47231227,0.6008661,Other/Unclear|User Control & Deletion
1083_highgearmedia.com,10,Data Collection|Other/Unclear,1,0.67181885,0.2359729,0.13110387,0.3816176,0.105672516,0.46371406,0.544909,Data Collection|User Control & Deletion
1083_highgearmedia.com,11,Data Collection|Other/Unclear,1,0.44094142,0.5008742,0.20934324,0.50951475,0.18685298,0.4533818,0.7809728,Data Retention|Other/Unclear|User Control & Deletion
1083_highgearmedia.com,12,User Control & Deletion,1,0.49799228,0.42935777,0.13789211,0.45565626,0.23677701,0.329396,0.86774886,User Control & Deletion
1083_highgearmedia.com,13,Other/Unclear,1,0.29012936,0.18010196,0.43363956,0.6858942,0.30529353,0.48136967,0.26897874,Other/Unclear
1083_highgearmedia.com,14,Other/Unclear,1,0.28451216,0.31071886,0.3293741,0.6970052,0.33730498,0.44243413,0.4547212,Other/Unclear
1083_highgearmedia.com,15,Other/Unclear|Third-Party Sharing,1,0.5821684,0.2139897,0.22058687,0.47536844,0.08606097,0.71534926,0.338318,Data Collection|Third-Party Sharing
1083_highgearmedia.com,16,Data Security|Other/Unclear,1,0.5825609,0.23058327,0.4291215,0.39913464,0.08990463,0.6422554,0.22850329,Data Collection|Third-Party Sharing
1083_highgearmedia.com,17,Data Collection|Other/Unclear,1,0.6965083,0.23870763,0.31927693,0.38255495,0.089671,0.56343585,0.24155264,Data Collection|Third-Party Sharing
1083_highgearmedia.com,18,Data Collection|Other/Unclear|Third-Party Sharing,1,0.6621998,0.14902195,0.16816588,0.41686693,0.09707018,0.5254283,0.4383646,Data Collection|Third-Party Sharing
1083_highgearmedia.com,19,User Control & Deletion,1,0.6116868,0.32472402,0.15197678,0.44636884,0.13723643,0.3932536,0.76929134,Data Collection|User Control & Deletion
1083_highgearmedia.com,20,Data Collection|Third-Party Sharing,1,0.623903,0.1413301,0.14426443,0.43550813,0.10344079,0.56028944,0.43830797,Data Collection|Third-Party Sharing
1083_highgearmedia.com,21,Other/Unclear|User Control & Deletion,1,0.60298973,0.16343395,0.14536801,0.45065734,0.12770106,0.43692943,0.54727226,Data Collection|User Control & Deletion
1083_highgearmedia.com,22,Data Collection|Other/Unclear,1,0.42033926,0.23397881,0.569298,0.628665,0.16836911,0.48886976,0.19579104,Data Security|Other/Unclear
1083_highgearmedia.com,23,Data Security,1,0.41316044,0.42949435,0.89750755,0.53750235,0.27496842,0.41991562,0.2061747,Data Security|Other/Unclear
1083_highgearmedia.com,24,Policy Change,1,0.28402856,0.46817657,0.38240662,0.6394455,0.9297168,0.29711586,0.50483143,Other/Unclear|Policy Change|User Control & Deletion
1083_highgearmedia.com,25,Data Retention|Other/Unclear|User Control & Deletion,1,0.36764154,0.8139233,0.35003352,0.5549794,0.62067115,0.3715566,0.6978716,Data Retention|Other/Unclear|Policy Change|User Control & Deletion
1083_highgearmedia.com,26,User Control & Deletion,1,0.5711385,0.3963881,0.13653424,0.4710089,0.17795059,0.38778755,0.7900469,Data Collection|User Control & Deletion
1083_highgearmedia.com,27,Other/Unclear|Third-Party Sharing|User Control & Deletion,1,0.33809495,0.20148948,0.1943175,0.6365994,0.2586366,0.48168644,0.54787743,Other/Unclear|User Control & Deletion
1083_highgearmedia.com,28,Other/Unclear,1,0.27641752,0.43916628,0.5944474,0.7175738,0.65226954,0.4004332,0.33352885,Data Security|Other/Unclear|Policy Change
1083_highgearmedia.com,29,Other/Unclear,1,0.4154567,0.19452406,0.16505249,0.5316825,0.21032125,0.31078568,0.64216834,Other/Unclear|User Control & Deletion
1083_highgearmedia.com,30,Other/Unclear,1,0.31713617,0.17390205,0.22184402,0.6578984,0.31835565,0.29673335,0.50860286,Other/Unclear|User Control & Deletion
1083_highgearmedia.com,31,Other/Unclear,1,0.38794515,0.26382002,0.17090715,0.56875,0.25565678,0.27640468,0.6583715,Other/Unclear|User Control & Deletion
1089_freep.com,0,Other/Unclear,0,0.24667533,0.27617943,0.37413648,0.6869321,0.8245774,0.24191807,0.39576164,Other/Unclear|Policy Change
1089_freep.com,1,Other/Unclear,0,0.36662564,0.2076909,0.3282007,0.6550815,0.22545667,0.49356157,0.27779293,Other/Unclear
1089_freep.com,2,Other/Unclear|Policy Change,0,0.25161514,0.38022247,0.3357476,0.62778425,0.9120061,0.2892944,0.54042417,Other/Unclear|Policy Change|User Control & Deletion
1089_freep.com,3,Other/Unclear,0,0.3339693,0.18994434,0.23680332,0.6540053,0.20876299,0.38570952,0.5187413,Other/Unclear|User Control & Deletion
1089_freep.com,4,Data Collection|Data Retention,0,0.7646118,0.2591975,0.19968171,0.33209082,0.077689074,0.64831334,0.25870582,Data Collection|Third-Party Sharing
1089_freep.com,5,Data Collection,0,0.76059365,0.39928815,0.1746275,0.34199283,0.09880566,0.5737164,0.49723312,Data Collection|Third-Party Sharing
1089_freep.com,6,Data Collection,0,0.7857497,0.32487047,0.15843959,0.3331611,0.100182146,0.5674819,0.40066668,Data Collection|Third-Party Sharing
1089_freep.com,7,Data Collection|Third-Party Sharing,0,0.6742168,0.29209468,0.29113692,0.36761037,0.08272929,0.7140856,0.1861015,Data Collection|Third-Party Sharing
1089_freep.com,8,Data Collection,0,0.7651374,0.2899482,0.16204773,0.36065498,0.085386634,0.5798941,0.40260947,Data Collection|Third-Party Sharing
1089_freep.com,9,Data Collection,0,0.79107916,0.2704456,0.1796519,0.32231197,0.10455437,0.59853023,0.26236153,Data Collection|Third-Party Sharing
1089_freep.com,10,Data Collection,0,0.77881837,0.28703266,0.18266544,0.32848138,0.10680308,0.6233943,0.2765234,Data Collection|Third-Party Sharing
1089_freep.com,11,Data Collection,0,0.64282,0.39526442,0.13477153,0.39449033,0.23118708,0.53386,0.530791,Data Collection|Third-Party Sharing|User Control & Deletion
1089_freep.com,12,Data Collection|User Control & Deletion,0,0.5651377,0.40070435,0.13638277,0.433819,0.21020055,0.39592272,0.84615713,Data Collection|User Control & Deletion
1089_freep.com,13,User Control & Deletion,0,0.50043434,0.27428374,0.13615987,0.4847571,0.21737997,0.34215006,0.8339779,Data Collection|User Control & Deletion
1089_freep.com,14,Third-Party Sharing,0,0.6739653,0.29014876,0.37074748,0.34946945,0.098391905,0.74531066,0.16976444,Data Collection|Third-Party Sharing
1089_freep.com,15,User Control & Deletion,0,0.28187156,0.23429693,0.2165609,0.644219,0.3844712,0.294988,0.61814135,Other/Unclear|User Control & Deletion
1089_freep.com,16,Other/Unclear|Third-Party Sharing,0,0.55764145,0.26718974,0.24381496,0.49686214,0.12665534,0.72081095,0.3362813,Data Collection|Third-Party Sharing
1089_freep.com,17,Third-Party Sharing,0,0.7172124,0.26607955,0.2770899,0.35315153,0.09197898,0.7306668,0.18661386,Data Collection|Third-Party Sharing
1089_freep.com,18,Data Collection|Other/Unclear|Third-Party Sharing,0,0.4506005,0.2862658,0.47302926,0.57622874,0.10763199,0.6404691,0.21228917,Other/Unclear|Third-Party Sharing
1089_freep.com,19,Other/Unclear,0,0.61587846,0.14819103,0.21407752,0.46662033,0.11702143,0.56780475,0.2542595,Data Collection|Third-Party Sharing
1089_freep.com,20,Third-Party Sharing,0,0.529044,0.2385667,0.39026755,0.4587893,0.1133392,0.6993989,0.18410897,Data Collection|Third-Party Sharing
1089_freep.com,21,Third-Party Sharing,0,0.6415096,0.34967116,0.30501154,0.38361642,0.122218095,0.7504734,0.25870192,Data Collection|Third-Party Sharing
1089_freep.com,22,Data Security|Other/Unclear,0,0.59773374,0.21528123,0.45564595,0.48589528,0.10532679,0.5909077,0.13866489,Data Collection|Third-Party Sharing
1089_freep.com,23,Data Collection,0,0.7746535,0.23720203,0.20828639,0.34955814,0.08869759,0.6434516,0.21799774,Data Collection|Third-Party Sharing
1089_freep.com,24,Data Collection|Third-Party Sharing,0,0.7201972,0.28081068,0.29631922,0.35292968,0.0995915,0.7268973,0.16861239,Data Collection|Third-Party Sharing
1089_freep.com,25,Data Collection|Third-Party Sharing,0,0.65950507,0.3036484,0.22978628,0.40652186,0.07709437,0.6249641,0.3259419,Data Collection|Third-Party Sharing
1089_freep.com,26,Other/Unclear|User Control & Deletion,0,0.38027826,0.29301426,0.16982748,0.5562138,0.31238413,0.3554962,0.8377034,Other/Unclear|User Control & Deletion
1089_freep.com,27,Other/Unclear|Third-Party Sharing,0,0.48019692,0.3669579,0.70324826,0.53779453,0.118560545,0.6097035,0.18946218,Data Security|Other/Unclear|Third-Party Sharing
1089_freep.com,28,Data Collection|Other/Unclear,0,0.35424793,0.48653692,0.40828001,0.6516821,0.26063588,0.38746005,0.50012034,Other/Unclear|User Control & Deletion
1089_freep.com,29,User Control & Deletion,0,0.43534034,0.46320626,0.17724884,0.50210214,0.55683285,0.2859578,0.84154004,Other/Unclear|Policy Change|User Control & Deletion
1089_freep.com,30,Data Security,0,0.4018344,0.48148364,0.898005,0.5385985,0.28342593,0.47543088,0.24931711,Data Security|Other/Unclear
1089_freep.com,31,Other/Unclear,0,0.47415656,0.19625679,0.2785617,0.54616106,0.11179183,0.59283525,0.29212847,Other/Unclear|Third-Party Sharing
1089_freep.com,32,Other/Unclear,0,0.25824538,0.19974364,0.34731284,0.71564955,0.4493898,0.27396744,0.4127805,Other/Unclear
1099_enthusiastnetwork.com,0,Data Security|Other/Unclear,4,0.24185394,0.21057025,0.50303465,0.708878,0.55957943,0.35264033,0.2743977,Data Security|Other/Unclear|Policy Change
1099_enthusiastnetwork.com,1,Data Collection,4,0.750303,0.24262884,0.19334446,0.33445892,0.09831199,0.62018585,0.2733608,Data Collection|Third-Party Sharing
1099_enthusiastnetwork.com,2,Data Collection,4,0.7025811,0.33861133,0.37562025,0.36436445,0.083916426,0.72480816,0.25239328,Data Collection|Third-Party Sharing
1099_enthusiastnetwork.com,3,Data Collection|Other/Unclear,4,0.59319764,0.22779101,0.24936812,0.52513313,0.11342385,0.44104078,0.32104978,Data Collection|Other/Unclear
1099_enthusiastnetwork.com,4,Data Collection|Data Retention|Other/Unclear|Third-Party Sharing|User Control & Deletion,4,0.6693635,0.68056923,0.32119343,0.38519436,0.1388812,0.63621366,0.52998745,Data Collection|Data Retention|Third-Party Sharing|User Control & Deletion
1099_enthusiastnetwork.com,5,Other/Unclear,4,0.6146943,0.20519479,0.23760349,0.44050902,0.12268024,0.57528096,0.2561105,Data Collection|Third-Party Sharing
1099_enthusiastnetwork.com,6,Third-Party Sharing,4,0.71878904,0.26200464,0.25731125,0.34741873,0.097781695,0.69251317,0.20235127,Data Collection|Third-Party Sharing
1099_enthusiastnetwork.com,7,Third-Party Sharing,4,0.7304359,0.20888615,0.20346627,0.35379493,0.1086621,0.6495103,0.23827162,Data Collection|Third-Party Sharing
1099_enthusiastnetwork.com,8,Third-Party Sharing,4,0.6184282,0.31048998,0.37742797,0.4169318,0.10480614,0.78522485,0.2697196,Data Collection|Third-Party Sharing
1099_enthusiastnetwork.com,9,Third-Party Sharing,4,0.7073088,0.3429359,0.34639633,0.37592962,0.102222405,0.7131603,0.25432754,Data Collection|Third-Party Sharing
1099_enthusiastnetwork.com,10,Third-Party Sharing,4,0.6354245,0.36309397,0.52337503,0.37857562,0.137258,0.7902205,0.21270542,Data Collection|Data Security|Third-Party Sharing
1099_enthusiastnetwork.com,11,Other/Unclear|Third-Party Sharing,4,0.48490062,0.47482413,0.6954257,0.48211676,0.17548652,0.76851135,0.2374727,Data Security|Third-Party Sharing
1099_enthusiastnetwork.com,12,Third-Party Sharing|User Control & Deletion,4,0.41999933,0.28799966,0.1675006,0.54104185,0.17998786,0.5385013,0.68509907,Other/Unclear|Third-Party Sharing|User Control & Deletion
1099_enthusiastnetwork.com,13,Other/Unclear|Third-Party Sharing,4,0.5212339,0.19764683,0.22508362,0.5535203,0.11662337,0.46674967,0.44422933,Data Collection|Other/Unclear
1099_enthusiastnetwork.com,14,Third-Party Sharing,4,0.5504446,0.31024742,0.55323863,0.42312223,0.16548286,0.63262177,0.18024182,Data Collection|Data Security|Third-Party Sharing
1099_enthusiastnetwork.com,15,Third-Party Sharing,4,0.6412501,0.3920062,0.31721312,0.393201,0.18835543,0.7485777,0.26551366,Data Collection|Third-Party Sharing
1099_enthusiastnetwork.com,16,Data Collection|Other/Unclear|Third-Party Sharing|User Control & Deletion,4,0.66166335,0.506166,0.15632722,0.39753473,0.12633641,0.42474335,0.79861736,Data Collection|Data Retention|User Control & Deletion
1099_enthusiastnetwork.com,17,Third-Party Sharing,4,0.70507944,0.25233123,0.27673882,0.39900637,0.081948146,0.710493,0.23477624,Data Collection|Third-Party Sharing
1099_enthusiastnetwork.com,18,Data Collection|Other/Unclear,4,0.74893975,0.24470326,0.34157866,0.37872982,0.09765273,0.6285392,0.1820355,Data Collection|Third-Party Sharing
1099_enthusiastnetwork.com,19,Data Collection|Other/Unclear,4,0.7824823,0.2973112,0.24007499,0.37067193,0.076446995,0.5920378,0.2521121,Data Collection|Third-Party Sharing
1099_enthusiastnetwork.com,20,Data Collection|Other/Unclear|Third-Party Sharing,4,0.6136972,0.34096962,0.48194432,0.456708,0.10683882,0.766763,0.19640808,Data Collection|Third-Party Sharing
1099_enthusiastnetwork.com,21,Other/Unclear,4,0.42068285,0.51836354,0.1889897,0.49667662,0.36434457,0.30618182,0.8201122,Data Retention|User Control & Deletion
1099_enthusiastnetwork.com,22,User Control & Deletion,4,0.48143876,0.4388278,0.13773358,0.47815442,0.21933584,0.28266594,0.8423152,User Control & Deletion
1099_enthusiastnetwork.com,23,Other/Unclear|User Control & Deletion,4,0.49034366,0.35589093,0.13534008,0.47320354,0.1648173,0.3037103,0.8201666,User Control & Deletion
1099_enthusiastnetwork.com,24,User Control & Deletion,4,0.5322189,0.33600715,0.13678735,0.47700086,0.1429289,0.30932245,0.7845167,Data Collection|User Control & Deletion
1099_enthusiastnetwork.com,25,User Control & Deletion,4,0.45150778,0.21244422,0.17682685,0.52098256,0.12053174,0.45054504,0.5380085,Other/Unclear|User Control & Deletion
1099_enthusiastnetwork.com,26,Data Retention|Other/Unclear|User Control & Deletion,4,0.40006533,0.8168924,0.2937499,0.5101007,0.34811375,0.45539758,0.7945158,Data Retention|Other/Unclear|User Control & Deletion
1099_enthusiastnetwork.com,27,Other/Unclear,4,0.33335224,0.20094338,0.19065605,0.61823213,0.240251,0.3304086,0.56126636,Other/Unclear|User Control & Deletion
1099_enthusiastnetwork.com,28,Other/Unclear,4,0.36966553,0.5907614,0.20488575,0.5157256,0.43295938,0.32406434,0.84788144,Data Retention|Other/Unclear|User Control & Deletion
1099_enthusiastnetwork.com,29,Data Security|Other/Unclear,4,0.39077562,0.503206,0.9084785,0.51154035,0.28552637,0.5063784,0.25975987,Data Retention|Data Security|Other/Unclear|Third-Party Sharing
1099_enthusiastnetwork.com,30,Other/Unclear,4,0.43467316,0.22097126,0.48097402,0.6282433,0.17260318,0.5002995,0.20786026,Other/Unclear|Third-Party Sharing
1099_enthusiastnetwork.com,31,Other/Unclear,4,0.5193723,0.29191342,0.47301778,0.5111049,0.102632515,0.72453475,0.22014676,Data Collection|Other/Unclear|Third-Party Sharing
1099_enthusiastnetwork.com,32,Other/Unclear,4,0.31308967,0.22615133,0.19531117,0.6531012,0.25661886,0.3513036,0.58202666,Other/Unclear|User Control & Deletion
1099_enthusiastnetwork.com,33,Other/Unclear,4,0.37361005,0.5494239,0.23403119,0.5539593,0.26645458,0.45817837,0.70960253,Data Retention|Other/Unclear|User Control & Deletion
1099_enthusiastnetwork.com,34,Policy Change|User Control & Deletion,4,0.23317663,0.32453528,0.28938666,0.6675865,0.84896684,0.31332338,0.5474518,Other/Unclear|Policy Change|User Control & Deletion
1099_enthusiastnetwork.com,35,Policy Change,4,0.23938288,0.4367781,0.4752201,0.64548457,0.90312046,0.3065897,0.49100137,Other/Unclear|Policy Change
1099_enthusiastnetwork.com,36,Other/Unclear,4,0.26070598,0.191652,0.2518732,0.6788296,0.4020107,0.3019239,0.50098604,Other/Unclear|User Control & Deletion
1099_enthusiastnetwork.com,37,Other/Unclear,4,0.3872382,0.18133469,0.24754857,0.60824585,0.25340042,0.30068374,0.44172245,Other/Unclear
1099_enthusiastnetwork.com,38,Other/Unclear|Policy Change,4,0.3317885,0.41270524,0.40815234,0.6268854,0.8707167,0.27612236,0.49448594,Other/Unclear|Policy Change
1164_acbj.com,0,Other/Unclear,1,0.2723641,0.17750417,0.34661046,0.67113215,0.47519782,0.33041406,0.3137572,Other/Unclear
1164_acbj.com,1,Other/Unclear|Policy Change|User Control & Deletion,1,0.22849704,0.36407813,0.2430629,0.67160606,0.8028663,0.24518834,0.6254084,Other/Unclear|Policy Change|User Control & Deletion
1164_acbj.com,2,Other/Unclear,1,0.3260018,0.16935156,0.36492568,0.6424624,0.26597387,0.40670773,0.2793477,Other/Unclear
1164_acbj.com,3,Other/Unclear,1,0.2991149,0.17332914,0.34691697,0.69734716,0.29787916,0.46041942,0.28430936,Other/Unclear
1164_acbj.com,4,Data Collection,1,0.6673454,0.21300463,0.16277944,0.42060554,0.08598957,0.62350255,0.46373042,Data Collection|Third-Party Sharing
1164_acbj.com,5,Data Collection,1,0.769254,0.2649647,0.21479112,0.32563025,0.078616194,0.5882829,0.3134454,Data Collection|Third-Party Sharing
1164_acbj.com,6,Data Collection|Third-Party Sharing|User Control & Deletion,1,0.5563796,0.3519523,0.23997906,0.48909366,0.121706136,0.6896562,0.5355958,Data Collection|Third-Party Sharing|User Control & Deletion
1164_acbj.com,7,Data Collection,1,0.77486366,0.28923365,0.14208694,0.31204587,0.102460794,0.5851797,0.47855064,Data Collection|Third-Party Sharing
1164_acbj.com,8,Third-Party Sharing|User Control & Deletion,1,0.32802892,0.5823581,0.18060336,0.60340077,0.5315702,0.356399,0.81993973,Data Retention|Other/Unclear|Policy Change|User Control & Deletion
1164_acbj.com,9,Data Collection|Other/Unclear|Third-Party Sharing,1,0.5916316,0.35909086,0.5662222,0.43628493,0.11101886,0.7568539,0.19052331,Data Collection|Data Security|Third-Party Sharing
1164_acbj.com,10,Data Collection|Third-Party Sharing,1,0.4271705,0.2179914,0.28991234,0.55338347,0.139759,0.6026137,0.32473043,Other/Unclear|Third-Party Sharing
1164_acbj.com,11,Third-Party Sharing,1,0.6649212,0.21917309,0.41749588,0.36485675,0.0949352,0.65340114,0.16001193,Data Collection|Third-Party Sharing
1164_acbj.com,12,Data Collection,1,0.67008245,0.21952438,0.21737367,0.3762444,0.08111428,0.67593664,0.3096178,Data Collection|Third-Party Sharing
1164_acbj.com,13,Data Collection|Third-Party Sharing,1,0.61742854,0.19624658,0.3395681,0.40697485,0.08854708,0.6683172,0.20668499,Data Collection|Third-Party Sharing
1164_acbj.com,14,Third-Party Sharing,1,0.6001703,0.39381528,0.2634526,0.4094427,0.18178137,0.7368359,0.34149095,Data Collection|Third-Party Sharing
1164_acbj.com,15,Data Collection|Other/Unclear,1,0.5903292,0.24773072,0.20719537,0.44081393,0.092874974,0.63293695,0.40102848,Data Collection|Third-Party Sharing
1164_acbj.com,16,Data Collection|Data Retention|Other/Unclear|Third-Party Sharing,1,0.7498127,0.3302722,0.35135332,0.32945922,0.07572851,0.6841827,0.25361353,Data Collection|Third-Party Sharing
1164_acbj.com,17,User Control & Deletion,1,0.60427874,0.5485814,0.20798336,0.41264597,0.1489219,0.4731602,0.7721837,Data Collection|Data Retention|User Control & Deletion
1164_acbj.com,18,Data Collection|Other/Unclear,1,0.6486002,0.24748333,0.5441604,0.41404456,0.09963012,0.614374,0.14540312,Data Collection|Data Security|Third-Party Sharing
1164_acbj.com,19,Other/Unclear|User Control & Deletion,1,0.4926447,0.56868404,0.20401351,0.49109605,0.22746617,0.45017517,0.77226824,Data Retention|User Control & Deletion
1164_acbj.com,20,Third-Party Sharing|User Control & Deletion,1,0.5598126,0.26451728,0.39612532,0.5041385,0.08723456,0.6929665,0.298504,Data Collection|Other/Unclear|Third-Party Sharing
1164_acbj.com,21,Other/Unclear|User Control & Deletion,1,0.30499867,0.35613865,0.4046676,0.6438659,0.25437054,0.5126731,0.44074956,Other/Unclear|Third-Party Sharing
1164_acbj.com,22,Data Security,1,0.41753346,0.4258853,0.8962591,0.5345781,0.23834035,0.4732814,0.21233767,Data Security|Other/Unclear
1164_acbj.com,23,Data Security,1,0.44211954,0.49471155,0.76227516,0.48508915,0.16406225,0.55124295,0.26381037,Data Security|Third-Party Sharing
1164_acbj.com,24,Data Security,1,0.47761825,0.36644423,0.7028058,0.5121948,0.14598459,0.54764056,0.22532189,Data Security|Other/Unclear|Third-Party Sharing
1164_acbj.com,25,Other/Unclear,1,0.4940171,0.1740017,0.18168803,0.5335769,0.13371858,0.49210957,0.52553684,Other/Unclear|User Control & Deletion
1164_acbj.com,26,Other/Unclear,1,0.49441636,0.20898132,0.22177178,0.51548177,0.09918427,0.6014951,0.42889348,Other/Unclear|Third-Party Sharing
1164_acbj.com,27,Other/Unclear,1,0.33030754,0.17304419,0.23646192,0.6576549,0.28892872,0.32406357,0.46765363,Other/Unclear
1164_acbj.com,28,Other/Unclear,1,0.238674,0.2154161,0.23545611,0.6815695,0.46448195,0.43736464,0.5693932,Other/Unclear|User Control & Deletion
1164_acbj.com,29,Other/Unclear,1,0.22341448,0.22161031,0.31654844,0.6937885,0.68434536,0.28072804,0.4019388,Other/Unclear|Policy Change
1164_acbj.com,30,User Control & Deletion,1,0.29965845,0.30472022,0.15673994,0.5880935,0.410904,0.344245,0.79273623,Other/Unclear|User Control & Deletion
1164_acbj.com,31,User Control & Deletion,1,0.27635762,0.35005888,0.19749513,0.6205826,0.7235508,0.25201973,0.70884776,Other/Unclear|Policy Change|User Control & Deletion
1164_acbj.com,32,Other/Unclear,1,0.646672,0.1891363,0.14727964,0.39895484,0.104068056,0.4226728,0.530072,Data Collection|User Control & Deletion
1164_acbj.com,33,Other/Unclear,1,0.2108974,0.35025048,0.44172567,0.71512425,0.7793384,0.27793097,0.4637858,Other/Unclear|Policy Change
1164_acbj.com,34,Other/Unclear,1,0.44749692,0.19477296,0.18674022,0.55724657,0.18319058,0.36176315,0.57143325,Other/Unclear|User Control & Deletion
1164_acbj.com,35,Other/Unclear|User Control & Deletion,1,0.23183951,0.36049953,0.2276301,0.66287965,0.60525,0.29467168,0.729737,Other/Unclear|Policy Change|User Control & Deletion
1164_acbj.com,36,Other/Unclear,1,0.26052904,0.2506504,0.29458958,0.6758942,0.4834166,0.3440124,0.38961077,Other/Unclear
1164_acbj.com,37,Other/Unclear,1,0.2600293,0.19090681,0.34766796,0.704193,0.39344537,0.36773592,0.3293059,Other/Unclear
1205_opensecrets.org,0,Other/Unclear,1,0.27280265,0.1871074,0.34958202,0.68300736,0.4478754,0.31333348,0.32444736,Other/Unclear
1205_opensecrets.org,1,Other/Unclear,1,0.42934352,0.239862,0.6198541,0.6005191,0.17984675,0.5070088,0.17876522,Data Security|Other/Unclear|Third-Party Sharing
1205_opensecrets.org,2,Data Collection|Third-Party Sharing|User Control & Deletion,1,0.5326522,0.2871065,0.20227468,0.4735527,0.10067838,0.6065665,0.6191961,Data Collection|Third-Party Sharing|User Control & Deletion
1205_opensecrets.org,3,Data Collection,1,0.38797325,0.672196,0.1671934,0.5585948,0.47798064,0.3373579,0.8296813,Data Retention|Other/Unclear|User Control & Deletion
1205_opensecrets.org,4,Data Collection|Data Retention|Third-Party Sharing,1,0.6754338,0.52512145,0.25203088,0.4384771,0.10141011,0.585106,0.5635624,Data Collection|Data Retention|Third-Party Sharing|User Control & Deletion
1205_opensecrets.org,5,Data Collection|Data Retention|Third-Party Sharing,1,0.55040324,0.6873604,0.60122955,0.5129455,0.18373165,0.5370175,0.3752162,Data Collection|Data Retention|Data Security|Other/Unclear|Third-Party Sharing
1205_opensecrets.org,6,Other/Unclear|Policy Change,1,0.2515708,0.36720458,0.33495155,0.6518528,0.9165175,0.28649053,0.49648568,Other/Unclear|Policy Change
1205_opensecrets.org,7,Other/Unclear,1,0.25340593,0.38152546,0.42352778,0.6768619,0.90533894,0.2787642,0.43239504,Other/Unclear|Policy Change
1206_dcccd.edu,0,Data Security|Other/Unclear,4,0.34199244,0.25047317,0.671029,0.6300146,0.34110677,0.38654193,0.2446348,Data Security|Other/Unclear
1206_dcccd.edu,1,Data Security|Other/Unclear,4,0.28837234,0.23816875,0.6595898,0.66175807,0.37558275,0.41575223,0.23955783,Data Security|Other/Unclear
1206_dcccd.edu,2,Data Collection|Data Retention|Other/Unclear,4,0.32147077,0.33714908,0.6462214,0.6394456,0.31164148,0.5582426,0.23799057,Data Security|Other/Unclear|Third-Party Sharing
1206_dcccd.edu,3,Data Security|Other/Unclear,4,0.27745008,0.2763334,0.43720862,0.6705449,0.44612008,0.49442685,0.3603768,Other/Unclear
1206_dcccd.edu,4,Data Collection|Third-Party Sharing|User Control & Deletion,4,0.5969954,0.25847778,0.1649965,0.4587895,0.12931775,0.48433575,0.46868712,Data Collection
1206_dcccd.edu,5,User Control & Deletion,4,0.39876905,0.6772494,0.3534264,0.5391792,0.22146371,0.5757005,0.6810176,Data Retention|Other/Unclear|Third-Party Sharing|User Control & Deletion
1206_dcccd.edu,6,Data Collection|Third-Party Sharing|User Control & Deletion,4,0.41498578,0.36316288,0.27923012,0.57040364,0.14961393,0.49176696,0.54739374,Other/Unclear|User Control & Deletion
1206_dcccd.edu,7,Data Collection,4,0.6099145,0.36790857,0.43200094,0.46896848,0.07741406,0.5034297,0.29435077,Data Collection|Third-Party Sharing
1206_dcccd.edu,8,Third-Party Sharing,4,0.78168726,0.22774233,0.20024222,0.3693342,0.1139078,0.5172806,0.25668684,Data Collection|Third-Party Sharing
1206_dcccd.edu,9,User Control & Deletion,4,0.43763798,0.2896222,0.15045172,0.50233537,0.20352076,0.26914844,0.8013629,Other/Unclear|User Control & Deletion
1206_dcccd.edu,10,Data Collection,4,0.7846625,0.3130069,0.1559852,0.32987484,0.10044074,0.45370254,0.40577242,Data Collection
1206_dcccd.edu,11,Data Security|User Control & Deletion,4,0.5829578,0.32248193,0.21023065,0.4489629,0.1107041,0.34290373,0.6364802,Data Collection|User Control & Deletion
1206_dcccd.edu,12,User Control & Deletion,4,0.4975603,0.3574894,0.15602002,0.47747487,0.23400871,0.25971112,0.7785727,User Control & Deletion
1206_dcccd.edu,13,User Control & Deletion,4,0.27650237,0.4173534,0.26658702,0.6286933,0.4396263,0.2634571,0.7411072,Other/Unclear|User Control & Deletion
1206_dcccd.edu,14,Data Security,4,0.37407595,0.3949597,0.8835963,0.52921945,0.3078314,0.46053782,0.22572929,Data Security|Other/Unclear
1206_dcccd.edu,15,Data Security,4,0.41417396,0.3728282,0.8596722,0.5295051,0.19271599,0.49148703,0.21507399,Data Security|Other/Unclear
1206_dcccd.edu,16,Other/Unclear,4,0.40492323,0.19490032,0.19705239,0.60333914,0.2313664,0.2880343,0.48358038,Other/Unclear
1221_gwdocs.com,0,Other/Unclear,3,0.32568216,0.18504125,0.34692633,0.6545346,0.41578373,0.32494202,0.25661677,Other/Unclear
1221_gwdocs.com,1,Data Collection|Other/Unclear,3,0.39614353,0.44279715,0.46115705,0.5982829,0.17817901,0.48559693,0.561644,Other/Unclear|User Control & Deletion
1221_gwdocs.com,2,Data Collection,3,0.7747221,0.25271994,0.20013598,0.361926,0.09450537,0.50818765,0.26753142,Data Collection|Third-Party Sharing
1221_gwdocs.com,3,Data Collection|Third-Party Sharing,3,0.4617952,0.5441201,0.487872,0.4987685,0.14928699,0.7458753,0.43979418,Data Retention|Third-Party Sharing
1221_gwdocs.com,4,Data Security,3,0.3940082,0.447922,0.8838375,0.54314715,0.3114886,0.43552938,0.23996036,Data Security|Other/Unclear
1221_gwdocs.com,5,Other/Unclear,3,0.36557716,0.29545066,0.52973264,0.6462067,0.17407466,0.5399222,0.25659555,Data Security|Other/Unclear|Third-Party Sharing
1224_austincc.edu,0,Other/Unclear,2,0.37432522,0.18405622,0.3593834,0.64927816,0.37774,0.34849218,0.25877756,Other/Unclear
1224_austincc.edu,1,Data Collection|Data Security|Other/Unclear|Third-Party Sharing,2,0.41965476,0.3882662,0.70034724,0.5891613,0.12812445,0.6505438,0.18989143,Data Security|Other/Unclear|Third-Party Sharing
1224_austincc.edu,2,Data Collection|Third-Party Sharing|User Control & Deletion,2,0.45327753,0.31385115,0.19931091,0.52223223,0.1646607,0.43767205,0.6697926,Other/Unclear|User Control & Deletion
1224_austincc.edu,3,Other/Unclear|User Control & Deletion,2,0.31604898,0.25969097,0.43596458,0.6670366,0.25141516,0.49184954,0.29433224,Other/Unclear
1224_austincc.edu,4,Other/Unclear|Policy Change,2,0.30873024,0.2810925,0.46575287,0.6597662,0.37704435,0.47874385,0.3177292,Other/Unclear
1224_austincc.edu,5,Other/Unclear,2,0.37161046,0.28307647,0.631736,0.6408959,0.20415476,0.5271979,0.20882072,Data Security|Other/Unclear|Third-Party Sharing
1224_austincc.edu,6,Data Collection,2,0.66270983,0.40383822,0.38215536,0.403574,0.10052746,0.5296292,0.3091329,Data Collection|Third-Party Sharing
1224_austincc.edu,7,Data Collection,2,0.7020879,0.21210863,0.28986293,0.38034612,0.12875775,0.60075116,0.1729051,Data Collection|Third-Party Sharing
1224_austincc.edu,8,Data Collection|Third-Party Sharing,2,0.34797776,0.6151407,0.6256875,0.5392133,0.2649691,0.62251353,0.34591535,Data Retention|Data Security|Other/Unclear|Third-Party Sharing
1224_austincc.edu,9,Data Collection,2,0.7337945,0.21643658,0.2579926,0.38668844,0.07801896,0.6172402,0.21430208,Data Collection|Third-Party Sharing
1224_austincc.edu,10,Data Collection|Data Retention,2,0.43919957,0.7788151,0.33632293,0.5111254,0.29750764,0.47667736,0.71825325,Data Retention|Other/Unclear|User Control & Deletion
1224_austincc.edu,11,Data Collection|Other/Unclear,2,0.6739246,0.21610332,0.25620657,0.38760236,0.1033583,0.576798,0.21123123,Data Collection|Third-Party Sharing
1224_austincc.edu,12,Data Collection,2,0.73895216,0.3469963,0.27345818,0.3489878,0.06948655,0.64502966,0.28398025,Data Collection|Third-Party Sharing
1224_austincc.edu,13,Data Collection|Other/Unclear,2,0.63105994,0.5913706,0.2643587,0.42778268,0.20212905,0.5387771,0.5885777,Data Collection|Data Retention|Third-Party Sharing|User Control & Deletion
1224_austincc.edu,14,Data Collection|Other/Unclear|Third-Party Sharing,2,0.61204815,0.35003856,0.42150116,0.47586697,0.07183683,0.6812472,0.25446144,Data Collection|Third-Party Sharing
1224_austincc.edu,15,Data Security,2,0.37540823,0.43580753,0.9003894,0.52105904,0.3203102,0.40518156,0.23548265,Data Security|Other/Unclear
1224_austincc.edu,16,Other/Unclear|User Control & Deletion,2,0.5821093,0.206204,0.20379531,0.4601712,0.12100103,0.46160665,0.47087643,Data Collection
1224_austincc.edu,17,Other/Unclear,2,0.5418959,0.25630906,0.33820018,0.51306486,0.11446911,0.63691396,0.25557268,Data Collection|Other/Unclear|Third-Party Sharing
1224_austincc.edu,18,Other/Unclear,2,0.4183913,0.2169672,0.24549901,0.5534192,0.17212944,0.35369337,0.41457024,Other/Unclear
1252_cincymuseum.org,0,Other/Unclear,2,0.3398936,0.20157142,0.3706987,0.651726,0.42060062,0.3402065,0.25832987,Other/Unclear
1252_cincymuseum.org,1,Other/Unclear,2,0.5780336,0.2352777,0.3353485,0.49678335,0.15049773,0.5804307,0.2018775,Data Collection|Third-Party Sharing
1252_cincymuseum.org,2,Data Security|Other/Unclear|Policy Change,2,0.21447189,0.30667323,0.42196056,0.6779648,0.88245076,0.27107996,0.40625668,Other/Unclear|Policy Change
1252_cincymuseum.org,3,Data Collection,2,0.76582795,0.34983405,0.2719206,0.32209694,0.08952151,0.53531593,0.34638244,Data Collection|Third-Party Sharing
1252_cincymuseum.org,4,Data Collection,2,0.63144845,0.46897718,0.18247966,0.3988235,0.14619647,0.38395783,0.81277645,Data Collection|User Control & Deletion
1252_cincymuseum.org,5,Data Collection|Other/Unclear,2,0.7013394,0.21685067,0.26708174,0.38331246,0.07611088,0.62779593,0.21773201,Data Collection|Third-Party Sharing
1252_cincymuseum.org,6,Other/Unclear|Third-Party Sharing,2,0.43374082,0.30292526,0.48190096,0.6297293,0.13391694,0.61332947,0.23896211,Other/Unclear|Third-Party Sharing
1252_cincymuseum.org,7,Data Collection|Other/Unclear,2,0.761464,0.31504357,0.25004566,0.3264633,0.09150626,0.62292683,0.2860368,Data Collection|Third-Party Sharing
1252_cincymuseum.org,8,Third-Party Sharing,2,0.5652494,0.28958136,0.3840951,0.470263,0.10155948,0.65916526,0.23177694,Data Collection|Third-Party Sharing
1252_cincymuseum.org,9,Data Security|Third-Party Sharing,2,0.6222681,0.4007448,0.6258072,0.38488197,0.10965018,0.7139938,0.17773816,Data Collection|Data Security|Third-Party Sharing
1252_cincymuseum.org,10,Other/Unclear|Third-Party Sharing,2,0.36937845,0.3352736,0.6255292,0.5941779,0.15172103,0.53657997,0.2771733,Data Security|Other/Unclear|Third-Party Sharing
1252_cincymuseum.org,11,Other/Unclear|Third-Party Sharing,2,0.44890213,0.47537753,0.19272341,0.4718377,0.16106765,0.49863148,0.75323504,User Control & Deletion
1252_cincymuseum.org,12,Third-Party Sharing,2,0.5442106,0.33306316,0.5297798,0.42607918,0.12415032,0.7339684,0.16691798,Data Collection|Data Security|Third-Party Sharing
1252_cincymuseum.org,13,Data Collection|Third-Party Sharing,2,0.7212716,0.23876807,0.24912764,0.34242338,0.081061795,0.6911196,0.2439418,Data Collection|Third-Party Sharing
1252_cincymuseum.org,14,Data Collection|Third-Party Sharing,2,0.72553146,0.20558004,0.23013483,0.35495496,0.09866589,0.66007996,0.18284762,Data Collection|Third-Party Sharing
1252_cincymuseum.org,15,Data Security,2,0.36213198,0.4317292,0.894932,0.55178833,0.30792454,0.42410588,0.23582305,Data Security|Other/Unclear
1252_cincymuseum.org,16,Data Security,2,0.3914636,0.4897382,0.911941,0.50625145,0.2721701,0.4657504,0.2295673,Data Security|Other/Unclear
1252_cincymuseum.org,17,Other/Unclear,2,0.41690418,0.5951456,0.6396301,0.5156821,0.1225005,0.59487605,0.37356094,Data Retention|Data Security|Other/Unclear|Third-Party Sharing
1252_cincymuseum.org,18,Other/Unclear|User Control & Deletion,2,0.36989188,0.73154294,0.27391374,0.526696,0.62612545,0.28870025,0.83550876,Data Retention|Other/Unclear|Policy Change|User Control & Deletion
1252_cincymuseum.org,19,Other/Unclear|Third-Party Sharing|User Control & Deletion,2,0.6797868,0.24091414,0.27600798,0.34496966,0.11396366,0.6937511,0.18147789,Data Collection|Third-Party Sharing
1252_cincymuseum.org,20,Other/Unclear|Third-Party Sharing|User Control & Deletion,2,0.29819632,0.1747997,0.29961136,0.6945028,0.34901804,0.39548963,0.32509404,Other/Unclear
1252_cincymuseum.org,21,Other/Unclear,2,0.4502261,0.22842266,0.19083746,0.54193556,0.20200981,0.3379676,0.59734756,Other/Unclear|User Control & Deletion
1252_cincymuseum.org,22,Other/Unclear,2,0.29245216,0.19342083,0.22750676,0.67823863,0.40528616,0.30356494,0.46319726,Other/Unclear
1252_cincymuseum.org,23,Other/Unclear|Policy Change,2,0.32971638,0.45386595,0.44408002,0.6038932,0.8768327,0.3276157,0.44372693,Other/Unclear|Policy Change
1252_cincymuseum.org,24,Other/Unclear,2,0.35308355,0.2530862,0.30358633,0.6492981,0.5574186,0.33566388,0.39536777,Other/Unclear|Policy Change
1261_zacks.com,0,Other/Unclear,0,0.37334824,0.21998914,0.4747273,0.64209735,0.32759693,0.39900738,0.23578109,Other/Unclear
1261_zacks.com,1,Data Collection|Other/Unclear|Third-Party Sharing,0,0.5374531,0.48577794,0.56184006,0.4857195,0.11906617,0.7172888,0.29046896,Data Collection|Data Security|Third-Party Sharing
1261_zacks.com,2,Data Collection|Other/Unclear|User Control & Deletion,0,0.58832437,0.30360574,0.31507817,0.47181764,0.11720774,0.6261765,0.4100529,Data Collection|Third-Party Sharing
1261_zacks.com,3,Data Collection|Data Security|Other/Unclear|Third-Party Sharing|User Control & Deletion,0,0.49228355,0.5558543,0.6507783,0.5462284,0.17621213,0.67105186,0.38748887,Data Retention|Data Security|Other/Unclear|Third-Party Sharing
1261_zacks.com,4,Data Collection|Data Security|Other/Unclear|Third-Party Sharing|User Control & Deletion,0,0.48492512,0.5235044,0.57570267,0.52803373,0.14746231,0.66052693,0.46844962,Data Retention|Data Security|Other/Unclear|Third-Party Sharing
1261_zacks.com,5,Data Collection|Third-Party Sharing|User Control & Deletion,0,0.58210546,0.652414,0.38495752,0.4547659,0.16650194,0.5835796,0.6117971,Data Collection|Data Retention|Third-Party Sharing|User Control & Deletion
1261_zacks.com,6,Third-Party Sharing|User Control & Deletion,0,0.6349769,0.31739667,0.1372453,0.41320384,0.13278838,0.46398678,0.7278765,Data Collection|User Control & Deletion
1261_zacks.com,7,Data Collection|Third-Party Sharing|User Control & Deletion,0,0.61631626,0.5374461,0.54246366,0.4114819,0.12651344,0.6617047,0.30268547,Data Collection|Data Retention|Data Security|Third-Party Sharing
1261_zacks.com,8,Data Collection|User Control & Deletion,0,0.6224278,0.18199821,0.16274026,0.47792748,0.101309,0.4303682,0.45151773,Data Collection
1261_zacks.com,9,Other/Unclear|User Control & Deletion,0,0.4469338,0.7400152,0.309631,0.5194776,0.46044692,0.38964573,0.81191283,Data Retention|Other/Unclear|User Control & Deletion
1261_zacks.com,10,Other/Unclear|Third-Party Sharing|User Control & Deletion,0,0.42715794,0.647987,0.49726495,0.551547,0.19287026,0.58082765,0.60802114,Data Retention|Other/Unclear|Third-Party Sharing|User Control & Deletion
1261_zacks.com,11,Other/Unclear|User Control & Deletion,0,0.26798466,0.21170326,0.24700402,0.69021386,0.4067225,0.28081793,0.6480802,Other/Unclear|User Control & Deletion
1261_zacks.com,12,Other/Unclear,0,0.3524152,0.39513662,0.34179178,0.6167747,0.8368227,0.29508612,0.44268477,Other/Unclear|Policy Change
1264_citizen.org,0,Data Collection|Data Security|Other/Unclear,1,0.25302154,0.19784755,0.35348514,0.6960271,0.36426243,0.37521306,0.3631334,Other/Unclear
1264_citizen.org,1,Data Collection|Data Retention|Third-Party Sharing,1,0.6227283,0.22407773,0.23127179,0.4224094,0.084274046,0.6722385,0.32481465,Data Collection|Third-Party Sharing
1264_citizen.org,2,Data Retention|Other/Unclear|Third-Party Sharing|User Control & Deletion,1,0.4995604,0.79583216,0.29556152,0.50631636,0.31695524,0.56896615,0.67978644,Data Retention|Other/Unclear|Third-Party Sharing|User Control & Deletion
1264_citizen.org,3,Data Collection|User Control & Deletion,1,0.36517707,0.40941113,0.18179843,0.58798033,0.3147409,0.3018965,0.749675,Other/Unclear|User Control & Deletion
1264_citizen.org,4,Data Retention|Other/Unclear|Third-Party Sharing|User Control & Deletion,1,0.32805288,0.7213849,0.31303468,0.6315542,0.40182093,0.4588188,0.67574126,Data Retention|Other/Unclear|User Control & Deletion
1264_citizen.org,5,Third-Party Sharing,1,0.6740047,0.19637601,0.31108174,0.35707608,0.082163766,0.668693,0.19634113,Data Collection|Third-Party Sharing
1264_citizen.org,6,Third-Party Sharing|User Control & Deletion,1,0.51633465,0.28068706,0.12538135,0.46129784,0.15656719,0.38074607,0.7798494,Data Collection|User Control & Deletion
1264_citizen.org,7,Data Retention|Third-Party Sharing,1,0.48288274,0.7197737,0.4467197,0.5152487,0.25050196,0.63281524,0.45324463,Data Retention|Other/Unclear|Third-Party Sharing
1264_citizen.org,8,Data Security,1,0.42117584,0.41778487,0.88557845,0.55146533,0.24076033,0.44960666,0.21564363,Data Security|Other/Unclear
1264_citizen.org,9,Data Retention|Third-Party Sharing,1,0.45873147,0.45920554,0.46216524,0.5373731,0.12193436,0.66743094,0.3993457,Other/Unclear|Third-Party Sharing
1264_citizen.org,10,Data Collection,1,0.72806644,0.17125858,0.25953108,0.36489668,0.10157317,0.5825312,0.20671895,Data Collection|Third-Party Sharing
1264_citizen.org,11,Data Collection,1,0.7413268,0.33824235,0.4498905,0.39083517,0.11226458,0.5652009,0.23530322,Data Collection|Third-Party Sharing
1264_citizen.org,12,Other/Unclear|Policy Change,1,0.278615,0.4101099,0.36044258,0.6496007,0.90761393,0.28955764,0.5086872,Other/Unclear|Policy Change|User Control & Deletion
1264_citizen.org,13,Other/Unclear,1,0.2642965,0.16979395,0.25776765,0.69233906,0.40318137,0.2789901,0.42738655,Other/Unclear
1300_bankofamerica.com,0,Other/Unclear,2,0.33560568,0.20984484,0.3606719,0.6755853,0.3844442,0.33206847,0.33262748,Other/Unclear
1300_bankofamerica.com,1,Other/Unclear,2,0.28760767,0.37874138,0.3597282,0.63301677,0.91139036,0.2753832,0.47180766,Other/Unclear|Policy Change
1300_bankofamerica.com,2,Other/Unclear,2,0.42440724,0.18943514,0.23454754,0.637801,0.2282444,0.4884247,0.34522477,Other/Unclear
1300_bankofamerica.com,3,Other/Unclear,2,0.3371703,0.17456658,0.26124424,0.682976,0.24872029,0.41740948,0.33649123,Other/Unclear
1300_bankofamerica.com,4,Data Collection|Other/Unclear|Third-Party Sharing,2,0.4352929,0.28225487,0.30974418,0.5818181,0.15321225,0.58355325,0.3790005,Other/Unclear|Third-Party Sharing
1300_bankofamerica.com,5,Other/Unclear,2,0.22665355,0.32454067,0.5498819,0.6908027,0.7056186,0.324527,0.36953822,Data Security|Other/Unclear|Policy Change
1300_bankofamerica.com,6,Data Collection|Other/Unclear,2,0.7074557,0.19235627,0.25985453,0.39288566,0.094070345,0.59571254,0.17911397,Data Collection|Third-Party Sharing
1300_bankofamerica.com,7,Data Collection|Other/Unclear,2,0.66257334,0.17633387,0.21822919,0.41688657,0.12774958,0.55341405,0.24927998,Data Collection|Third-Party Sharing
1300_bankofamerica.com,8,Data Collection,2,0.6921262,0.22764131,0.2145677,0.3387076,0.1262718,0.54835945,0.29437336,Data Collection|Third-Party Sharing
1300_bankofamerica.com,9,Data Collection,2,0.4975521,0.30641648,0.16292095,0.44991368,0.44061905,0.43303284,0.47586116,
1300_bankofamerica.com,10,Data Collection,2,0.6731867,0.19205485,0.24567413,0.35447127,0.13215594,0.61863095,0.18948969,Data Collection|Third-Party Sharing
1300_bankofamerica.com,11,Data Collection,2,0.6958384,0.17680556,0.18398851,0.37842014,0.13939753,0.5367989,0.25320768,Data Collection|Third-Party Sharing
1300_bankofamerica.com,12,Data Collection,2,0.6758733,0.18577377,0.16281171,0.36127266,0.13627467,0.53127086,0.38589117,Data Collection|Third-Party Sharing
1300_bankofamerica.com,13,Data Collection,2,0.5402774,0.33670604,0.6982844,0.39952776,0.17117967,0.55075884,0.17238316,Data Collection|Data Security|Third-Party Sharing
1300_bankofamerica.com,14,Data Collection|Other/Unclear,2,0.7072824,0.19226687,0.15566595,0.3550297,0.10338897,0.5583442,0.36786997,Data Collection|Third-Party Sharing
1300_bankofamerica.com,15,Data Collection|User Control & Deletion,2,0.46815258,0.66982496,0.24760073,0.46308848,0.296482,0.34466732,0.82603127,Data Retention|User Control & Deletion
1300_bankofamerica.com,16,Data Collection,2,0.74400085,0.19974737,0.18147421,0.32462662,0.11847404,0.5914853,0.23459557,Data Collection|Third-Party Sharing
1300_bankofamerica.com,17,Data Collection|Other/Unclear,2,0.74071294,0.24397177,0.259931,0.3400148,0.10795261,0.6103086,0.1912784,Data Collection|Third-Party Sharing
1300_bankofamerica.com,18,Data Collection,2,0.69058955,0.21532011,0.25997746,0.34377372,0.16553533,0.5982969,0.19013649,Data Collection|Third-Party Sharing
1300_bankofamerica.com,19,Data Collection,2,0.596899,0.23805374,0.4131033,0.3944613,0.1789875,0.55866545,0.21664603,Data Collection|Third-Party Sharing
1300_bankofamerica.com,20,Data Collection,2,0.7567926,0.25980008,0.17441031,0.33718732,0.08840758,0.51136345,0.38959792,Data Collection|Third-Party Sharing
1300_bankofamerica.com,21,Other/Unclear,2,0.39953312,0.18282577,0.19829424,0.6148378,0.19049028,0.42991024,0.48316458,Other/Unclear
1300_bankofamerica.com,22,Data Collection|Other/Unclear,2,0.7294969,0.26045004,0.23921593,0.35522908,0.08068985,0.6340749,0.21065755,Data Collection|Third-Party Sharing
1300_bankofamerica.com,23,Data Collection|Other/Unclear|Third-Party Sharing,2,0.6889592,0.21181595,0.2669924,0.37051108,0.09312866,0.6691622,0.17445678,Data Collection|Third-Party Sharing
1300_bankofamerica.com,24,Data Collection,2,0.5179185,0.38770756,0.8158715,0.43947145,0.13450797,0.5262395,0.17623594,Data Collection|Data Security|Third-Party Sharing
1300_bankofamerica.com,25,Data Collection|Other/Unclear,2,0.766552,0.27793443,0.2886629,0.3582443,0.07901108,0.5896829,0.24151015,Data Collection|Third-Party Sharing
1300_bankofamerica.com,26,User Control & Deletion,2,0.55301905,0.4653473,0.1845847,0.43708226,0.1436902,0.40422285,0.83561146,Data Collection|User Control & Deletion
1300_bankofamerica.com,27,Data Collection|Other/Unclear,2,0.7365004,0.19332533,0.24759676,0.38119584,0.09269334,0.59226525,0.20472702,Data Collection|Third-Party Sharing
1300_bankofamerica.com,28,Data Collection|Other/Unclear|User Control & Deletion,2,0.605253,0.47250935,0.18308103,0.41444585,0.13104871,0.38381076,0.8172733,Data Collection|User Control & Deletion
1300_bankofamerica.com,29,Data Collection|Other/Unclear,2,0.69798166,0.34677556,0.5126782,0.3987609,0.07943337,0.5402142,0.2557243,Data Collection|Data Security|Third-Party Sharing
1300_bankofamerica.com,30,Data Collection,2,0.7065916,0.2622582,0.26026386,0.34026554,0.09796246,0.6910554,0.18179195,Data Collection|Third-Party Sharing
1300_bankofamerica.com,31,Other/Unclear|Third-Party Sharing,2,0.723357,0.1831791,0.14784208,0.36486632,0.0828895,0.59925854,0.36375073,Data Collection|Third-Party Sharing
1300_bankofamerica.com,32,Data Collection,2,0.746153,0.19068252,0.1853913,0.3565028,0.08822026,0.62102085,0.24351288,Data Collection|Third-Party Sharing
1300_bankofamerica.com,33,Data Collection|Other/Unclear,2,0.6320414,0.16877905,0.25220528,0.43200797,0.10910722,0.6050023,0.21703249,Data Collection|Third-Party Sharing
1300_bankofamerica.com,34,Data Collection,2,0.712063,0.1758141,0.16795868,0.3553429,0.11711126,0.55413944,0.2778604,Data Collection|Third-Party Sharing
1300_bankofamerica.com,35,Data Collection,2,0.73839486,0.19247746,0.20656715,0.3493414,0.100136705,0.6139018,0.21628088,Data Collection|Third-Party Sharing
1300_bankofamerica.com,36,Data Collection|Data Security|Third-Party Sharing,2,0.6262776,0.29482493,0.27434513,0.43565524,0.07863701,0.6753721,0.30464697,Data Collection|Third-Party Sharing
1300_bankofamerica.com,37,Data Collection|Other/Unclear|User Control & Deletion,2,0.47185388,0.2151523,0.2000644,0.5628462,0.111204535,0.54156744,0.4763773,Other/Unclear|Third-Party Sharing
1300_bankofamerica.com,38,Data Collection|Data Security|Other/Unclear,2,0.517028,0.22109918,0.36899543,0.5217636,0.102937125,0.64490974,0.2487858,Data Collection|Other/Unclear|Third-Party Sharing
1300_bankofamerica.com,39,Other/Unclear|User Control & Deletion,2,0.484588,0.18980525,0.15284975,0.4773257,0.20753504,0.38993284,0.64811295,User Control & Deletion
1300_bankofamerica.com,40,User Control & Deletion,2,0.56046146,0.19252811,0.1589628,0.41967684,0.12902996,0.48573294,0.60070014,Data Collection|User Control & Deletion
1300_bankofamerica.com,41,Other/Unclear|User Control & Deletion,2,0.44930476,0.4213213,0.2149742,0.51658285,0.21834512,0.5409353,0.66404307,Other/Unclear|Third-Party Sharing|User Control & Deletion
1300_bankofamerica.com,42,Other/Unclear|Third-Party Sharing,2,0.4765795,0.3815012,0.14053105,0.45041373,0.23288627,0.4376297,0.811474,User Control & Deletion
1300_bankofamerica.com,43,Other/Unclear|User Control & Deletion,2,0.54700124,0.22188821,0.13496843,0.44036925,0.13843465,0.37228492,0.7093699,Data Collection|User Control & Deletion
1300_bankofamerica.com,44,Data Security|Other/Unclear|User Control & Deletion,2,0.4741473,0.22021323,0.15941474,0.4971444,0.14152734,0.44529656,0.68735534,User Control & Deletion
1300_bankofamerica.com,45,User Control & Deletion,2,0.48357224,0.31322938,0.15121108,0.43903562,0.19691749,0.36412907,0.82058,User Control & Deletion
1300_bankofamerica.com,46,Other/Unclear|User Control & Deletion,2,0.45376536,0.3855498,0.15486535,0.46493375,0.227968,0.4031816,0.83839995,User Control & Deletion
1300_bankofamerica.com,47,Other/Unclear|User Control & Deletion,2,0.44096687,0.59427834,0.2540863,0.48990673,0.2914037,0.28292263,0.8731165,Data Retention|User Control & Deletion
1300_bankofamerica.com,48,Other/Unclear,2,0.5840921,0.24766664,0.18413073,0.4652653,0.10370563,0.5025312,0.48032066,Data Collection|Third-Party Sharing
1300_bankofamerica.com,49,Other/Unclear,2,0.38864633,0.40435442,0.877649,0.54438514,0.18904471,0.52047586,0.20649797,Data Security|Other/Unclear|Third-Party Sharing
1300_bankofamerica.com,50,Other/Unclear|Third-Party Sharing,2,0.4718087,0.15743262,0.19743957,0.5877217,0.14594537,0.4823233,0.4096334,Other/Unclear
1300_bankofamerica.com,51,Data Security|Other/Unclear,2,0.38239735,0.42675927,0.90398127,0.5153684,0.28158092,0.44943914,0.23294687,Data Security|Other/Unclear
1300_bankofamerica.com,52,Other/Unclear|Third-Party Sharing,2,0.413335,0.4629934,0.84918725,0.5191013,0.14828002,0.58250093,0.21429662,Data Security|Other/Unclear|Third-Party Sharing
1300_bankofamerica.com,53,Other/Unclear|Third-Party Sharing,2,0.31607065,0.8061007,0.52035314,0.5397067,0.5820089,0.31826425,0.6982315,Data Retention|Data Security|Other/Unclear|Policy Change|User Control & Deletion
1300_bankofamerica.com,54,Other/Unclear|User Control & Deletion,2,0.3912486,0.5699109,0.29002854,0.5271394,0.36691773,0.31231734,0.7326131,Data Retention|Other/Unclear|User Control & Deletion
1300_bankofamerica.com,55,Other/Unclear|User Control & Deletion,2,0.37496892,0.22295937,0.4817327,0.67616403,0.1651258,0.45694545,0.2504885,Other/Unclear
1300_bankofamerica.com,56,Other/Unclear|Third-Party Sharing,2,0.44239014,0.3611799,0.67603964,0.4985878,0.14007539,0.64129186,0.17867525,Data Security|Third-Party Sharing
1300_bankofamerica.com,57,Other/Unclear|Policy Change,2,0.2525136,0.3756705,0.33943373,0.61730844,0.92542535,0.28715608,0.50418454,Other/Unclear|Policy Change|User Control & Deletion
1300_bankofamerica.com,58,Other/Unclear,2,0.6282631,0.1669853,0.31698745,0.47254652,0.12564713,0.5370303,0.2194811,Data Collection|Third-Party Sharing
1300_bankofamerica.com,59,Other/Unclear,2,0.42442933,0.17980227,0.2033702,0.55400664,0.32095936,0.3035655,0.4931124,Other/Unclear
1300_bankofamerica.com,60,Other/Unclear,2,0.46879676,0.21546285,0.17735903,0.51653284,0.2676518,0.31077105,0.6202538,Other/Unclear|User Control & Deletion
1300_bankofamerica.com,61,Other/Unclear,2,0.49883816,0.2197379,0.51148987,0.5158558,0.19058588,0.5289619,0.18130712,Data Security|Other/Unclear|Third-Party Sharing
1300_bankofamerica.com,62,Other/Unclear,2,0.69828075,0.17799768,0.27919516,0.4131686,0.11458003,0.578675,0.1785505,Data Collection|Third-Party Sharing
1300_bankofamerica.com,63,Data Collection,2,0.75396836,0.22499506,0.21206784,0.33678925,0.08741655,0.65428734,0.19609651,Data Collection|Third-Party Sharing
1300_bankofamerica.com,64,Other/Unclear|Third-Party Sharing|User Control & Deletion,2,0.48432663,0.4747402,0.1626171,0.44169697,0.27163872,0.47521427,0.79178065,User Control & Deletion
1300_bankofamerica.com,65,Other/Unclear,2,0.59756625,0.27389395,0.14197479,0.40777898,0.13501778,0.4890338,0.6944772,Data Collection|User Control & Deletion
1300_bankofamerica.com,66,Other/Unclear,2,0.39626342,0.14598994,0.23986043,0.642352,0.26646516,0.33875868,0.34440222,Other/Unclear
1300_bankofamerica.com,67,Other/Unclear,2,0.4728134,0.20490572,0.39935505,0.5531529,0.22593094,0.5152999,0.24828655,Other/Unclear|Third-Party Sharing
1300_bankofamerica.com,68,Other/Unclear,2,0.28201124,0.34849066,0.28647852,0.6427082,0.53982127,0.35341704,0.47493523,Other/Unclear|Policy Change
1300_bankofamerica.com,69,Other/Unclear,2,0.40614477,0.2905766,0.35521394,0.62015873,0.5398296,0.3657431,0.3338254,Other/Unclear|Policy Change
1300_bankofamerica.com,70,Other/Unclear,2,0.49403578,0.26568636,0.2832137,0.53698957,0.22842158,0.39290404,0.45570844,Other/Unclear
1300_bankofamerica.com,71,Other/Unclear,2,0.28926018,0.3640814,0.7883162,0.67029816,0.43232608,0.38662684,0.26278386,Data Security|Other/Unclear
1300_bankofamerica.com,72,Other/Unclear,2,0.35687408,0.3635991,0.2957394,0.5892143,0.47377515,0.315036,0.57630724,Other/Unclear|User Control & Deletion
1300_bankofamerica.com,73,Other/Unclear,2,0.36783603,0.3114546,0.2229964,0.55404556,0.3899158,0.33829802,0.69071895,Other/Unclear|User Control & Deletion
1300_bankofamerica.com,74,Data Collection|Other/Unclear|Third-Party Sharing,2,0.5796201,0.44306612,0.18723339,0.40857765,0.15809774,0.61298907,0.6275893,Data Collection|Third-Party Sharing|User Control & Deletion
1300_bankofamerica.com,75,Other/Unclear|User Control & Deletion,2,0.45301524,0.41811025,0.20788519,0.5095114,0.21895118,0.52858114,0.68681896,Other/Unclear|Third-Party Sharing|User Control & Deletion
1300_bankofamerica.com,76,Data Collection|Other/Unclear,2,0.70149153,0.1933839,0.1469234,0.3533526,0.08873319,0.56374395,0.43563497,Data Collection|Third-Party Sharing
1300_bankofamerica.com,77,Other/Unclear,2,0.42898616,0.5508314,0.20384987,0.48911375,0.31603378,0.28648546,0.87803024,Data Retention|User Control & Deletion
1300_bankofamerica.com,78,Other/Unclear|User Control & Deletion,2,0.42979667,0.49698713,0.2866661,0.5051687,0.26150662,0.27420568,0.8347891,Other/Unclear|User Control & Deletion
1300_bankofamerica.com,79,Other/Unclear,2,0.33979467,0.46776366,0.21948572,0.52229863,0.41561842,0.2869248,0.81912625,Other/Unclear|User Control & Deletion
1300_bankofamerica.com,80,Other/Unclear|User Control & Deletion,2,0.42938554,0.34374362,0.1652838,0.49411163,0.24898496,0.34093916,0.7939349,User Control & Deletion
1300_bankofamerica.com,81,Other/Unclear,2,0.48267534,0.21435447,0.24203981,0.4914061,0.19391611,0.38319364,0.5169584,User Control & Deletion
1306_chasepaymentech.com,0,Data Security|Other/Unclear,0,0.31062776,0.37513083,0.84244406,0.62779546,0.32385063,0.45375603,0.23812637,Data Security|Other/Unclear
1306_chasepaymentech.com,1,Data Security|Other/Unclear,0,0.33849943,0.3894929,0.85296655,0.60027176,0.2802453,0.48959655,0.22190887,Data Security|Other/Unclear
1306_chasepaymentech.com,2,Data Collection|Data Security|Other/Unclear,0,0.50356424,0.42430884,0.785464,0.47105664,0.14091355,0.66511726,0.18375261,Data Collection|Data Security|Third-Party Sharing
1306_chasepaymentech.com,3,Other/Unclear,0,0.55242276,0.22625083,0.36349833,0.48905638,0.13751273,0.61322594,0.23371421,Data Collection|Third-Party Sharing
1306_chasepaymentech.com,5,Data Collection|Third-Party Sharing,0,0.6586928,0.42364064,0.32008165,0.37501875,0.09942068,0.7410702,0.29638842,Data Collection|Third-Party Sharing
1306_chasepaymentech.com,6,Data Collection|Third-Party Sharing,0,0.670871,0.37561768,0.39563924,0.36440596,0.10886659,0.75555336,0.24685654,Data Collection|Third-Party Sharing
1306_chasepaymentech.com,7,Data Collection|Data Security|Other/Unclear|Third-Party Sharing,0,0.5096971,0.4979779,0.7314822,0.44717464,0.16084191,0.7460236,0.22256371,Data Collection|Data Security|Third-Party Sharing
1306_chasepaymentech.com,8,Third-Party Sharing,0,0.600703,0.2773576,0.37719184,0.38595355,0.12742469,0.7256882,0.20929308,Data Collection|Third-Party Sharing
1306_chasepaymentech.com,9,Data Security|Other/Unclear,0,0.385088,0.48516345,0.8920187,0.51909703,0.30168384,0.4769912,0.25662825,Data Security|Other/Unclear
1306_chasepaymentech.com,10,Data Security|Other/Unclear,0,0.38408077,0.4820753,0.8456726,0.5198327,0.27294952,0.52547157,0.27871946,Data Security|Other/Unclear|Third-Party Sharing
1306_chasepaymentech.com,11,Data Collection|User Control & Deletion,0,0.27912965,0.24511077,0.20366897,0.6357667,0.5003297,0.27025628,0.73222506,Other/Unclear|Policy Change|User Control & Deletion
1306_chasepaymentech.com,12,Data Collection|Other/Unclear,0,0.7024209,0.2817715,0.15975052,0.39505458,0.09495129,0.4536214,0.5180987,Data Collection|User Control & Deletion
1306_chasepaymentech.com,13,Data Collection|Data Retention|Other/Unclear,0,0.7327762,0.36485147,0.17385507,0.37496877,0.088747576,0.5901543,0.53133464,Data Collection|Third-Party Sharing|User Control & Deletion
1306_chasepaymentech.com,14,Data Collection,0,0.6618224,0.50272745,0.3994569,0.42624924,0.124858834,0.49709433,0.4601012,Data Collection|Data Retention
1306_chasepaymentech.com,15,Data Collection,0,0.6663371,0.5256865,0.40045702,0.40293396,0.1361982,0.4610323,0.5249885,Data Collection|Data Retention|User Control & Deletion
1306_chasepaymentech.com,16,Data Collection|Data Security|Other/Unclear|Third-Party Sharing|User Control & Deletion,0,0.45640948,0.5426678,0.70480317,0.54467213,0.16309176,0.53276,0.3452026,Data Retention|Data Security|Other/Unclear|Third-Party Sharing
1306_chasepaymentech.com,17,Other/Unclear|User Control & Deletion,0,0.5947226,0.53763396,0.18663992,0.44925144,0.21545872,0.39468282,0.83875984,Data Collection|Data Retention|User Control & Deletion
1306_chasepaymentech.com,18,Other/Unclear,0,0.5198039,0.32974076,0.57089126,0.44869593,0.11827946,0.7209169,0.19759509,Data Collection|Data Security|Third-Party Sharing
1306_chasepaymentech.com,19,Data Collection|Third-Party Sharing,0,0.74466115,0.27924457,0.3095249,0.36575225,0.082984716,0.7081918,0.19590598,Data Collection|Third-Party Sharing
1306_chasepaymentech.com,20,Other/Unclear,0,0.503096,0.20904501,0.32236958,0.53515416,0.12143943,0.51493496,0.25168517,Data Collection|Other/Unclear|Third-Party Sharing
1306_chasepaymentech.com,21,Other/Unclear,0,0.4309009,0.4018323,0.8029375,0.5441074,0.16904747,0.6103146,0.19465764,Data Security|Other/Unclear|Third-Party Sharing
1306_chasepaymentech.com,22,Other/Unclear,0,0.3444908,0.3452306,0.81422037,0.5980965,0.24108161,0.47616622,0.22251125,Data Security|Other/Unclear
1306_chasepaymentech.com,23,Policy Change,0,0.25238082,0.44410148,0.40221843,0.61802405,0.89088434,0.29443532,0.51987445,Other/Unclear|Policy Change|User Control & Deletion
1306_chasepaymentech.com,24,Other/Unclear,0,0.25607517,0.19419643,0.43439415,0.7056939,0.44849196,0.29026842,0.37102255,Other/Unclear
1306_chasepaymentech.com,25,Other/Unclear,0,0.32175153,0.4050489,0.33947456,0.6148065,0.88190925,0.28714904,0.493422,Other/Unclear|Policy Change
135_instagram.com,0,Other/Unclear,0,0.32399487,0.20345639,0.3704617,0.6623081,0.41334715,0.3428324,0.26433328,Other/Unclear
135_instagram.com,1,Other/Unclear|Policy Change,0,0.65991795,0.33435893,0.3561316,0.43793562,0.22432426,0.5469626,0.30645654,Data Collection|Third-Party Sharing
135_instagram.com,2,Other/Unclear|Policy Change|User Control & Deletion,0,0.4629963,0.5534689,0.3334146,0.56828815,0.6681116,0.33788556,0.5854259,Data Retention|Other/Unclear|Policy Change|User Control & Deletion
135_instagram.com,3,Other/Unclear|Policy Change,0,0.24422668,0.3369017,0.3777076,0.66788507,0.88227296,0.26250583,0.4671618,Other/Unclear|Policy Change
135_instagram.com,4,Other/Unclear|Policy Change,0,0.24783985,0.2872266,0.3472531,0.6529793,0.833668,0.25766686,0.4447738,Other/Unclear|Policy Change
135_instagram.com,5,Other/Unclear|Third-Party Sharing|User Control & Deletion,0,0.4756708,0.16633692,0.22020327,0.6234475,0.17765675,0.4647002,0.39204285,Other/Unclear
135_instagram.com,6,Other/Unclear,0,0.31295252,0.36351725,0.29347318,0.6325582,0.8506493,0.27165106,0.5342999,Other/Unclear|Policy Change|User Control & Deletion
135_instagram.com,7,Data Collection|Other/Unclear,0,0.6548129,0.2042496,0.28653964,0.4475037,0.121251225,0.53884685,0.20972796,Data Collection|Third-Party Sharing
135_instagram.com,8,Data Collection,0,0.61501175,0.31817466,0.12810975,0.42795327,0.13493647,0.39805844,0.77941674,Data Collection|User Control & Deletion
135_instagram.com,9,Data Collection|Other/Unclear,0,0.6261633,0.3432093,0.13377504,0.43774423,0.16256331,0.40895677,0.789049,Data Collection|User Control & Deletion
135_instagram.com,10,Other/Unclear|User Control & Deletion,0,0.5886404,0.34228203,0.14973018,0.44842824,0.14489724,0.38904533,0.79369235,Data Collection|User Control & Deletion
135_instagram.com,11,Data Collection|Third-Party Sharing,0,0.7199939,0.3013076,0.4195123,0.39622965,0.09488017,0.64717925,0.15481582,Data Collection|Third-Party Sharing
135_instagram.com,12,Data Collection|Other/Unclear|Third-Party Sharing,0,0.7289869,0.18119633,0.18546659,0.3878988,0.086765975,0.6280405,0.25277597,Data Collection|Third-Party Sharing
135_instagram.com,13,Data Collection,0,0.7470602,0.38531005,0.1836761,0.37754014,0.11602072,0.5139639,0.5039815,Data Collection|Third-Party Sharing|User Control & Deletion
135_instagram.com,14,Data Collection|Other/Unclear|Third-Party Sharing,0,0.72121435,0.3642595,0.21053626,0.37956816,0.07861182,0.60801333,0.45556292,Data Collection|Third-Party Sharing
135_instagram.com,15,Other/Unclear|User Control & Deletion,0,0.73442066,0.29142663,0.13857284,0.39268613,0.09207692,0.5420425,0.5265519,Data Collection|Third-Party Sharing|User Control & Deletion
135_instagram.com,16,Data Collection|User Control & Deletion,0,0.70989823,0.33210337,0.13990328,0.40176776,0.10752,0.5525965,0.5564374,Data Collection|Third-Party Sharing|User Control & Deletion
135_instagram.com,17,Third-Party Sharing,0,0.40584663,0.26728064,0.24866264,0.5716322,0.18060021,0.6283083,0.46709657,Other/Unclear|Third-Party Sharing
135_instagram.com,18,Other/Unclear,0,0.5633886,0.19015509,0.18095686,0.43229106,0.14856714,0.551232,0.2944716,Data Collection|Third-Party Sharing
135_instagram.com,19,Third-Party Sharing,0,0.7305793,0.22365151,0.19132869,0.35825962,0.10005666,0.6626292,0.23868757,Data Collection|Third-Party Sharing
135_instagram.com,20,Data Security|Third-Party Sharing,0,0.5005736,0.45864376,0.72713155,0.45702296,0.15877877,0.7104353,0.19278215,Data Collection|Data Security|Third-Party Sharing
135_instagram.com,21,Third-Party Sharing,0,0.69483036,0.23549677,0.26758593,0.37453756,0.09789412,0.70879114,0.18298765,Data Collection|Third-Party Sharing
135_instagram.com,22,Other/Unclear|Third-Party Sharing,0,0.6666689,0.49592012,0.20300822,0.40469778,0.18761943,0.6383452,0.39568958,Data Collection|Third-Party Sharing
135_instagram.com,23,Data Retention|Other/Unclear|Third-Party Sharing|User Control & Deletion,0,0.45511073,0.5801844,0.1795198,0.55137855,0.35107833,0.4331142,0.8213888,Data Retention|Other/Unclear|User Control & Deletion
135_instagram.com,24,Other/Unclear|Third-Party Sharing,0,0.42620537,0.5525574,0.3596391,0.5286376,0.33832136,0.6388956,0.5531952,Data Retention|Other/Unclear|Third-Party Sharing|User Control & Deletion
135_instagram.com,25,Data Collection|Data Retention|Third-Party Sharing,0,0.65508825,0.4171311,0.43131313,0.36937135,0.11911829,0.7168454,0.19748442,Data Collection|Third-Party Sharing
135_instagram.com,26,Other/Unclear,0,0.66891336,0.23237473,0.27733904,0.40852308,0.11241463,0.55445963,0.22244908,Data Collection|Third-Party Sharing
135_instagram.com,27,Data Retention|Other/Unclear,0,0.6925576,0.27905285,0.24712323,0.36640418,0.069111705,0.65555245,0.24641404,Data Collection|Third-Party Sharing
135_instagram.com,28,Other/Unclear|Third-Party Sharing,0,0.631057,0.23720321,0.27209172,0.42809662,0.07459571,0.6627581,0.23219097,Data Collection|Third-Party Sharing
135_instagram.com,29,Other/Unclear|User Control & Deletion,0,0.45151109,0.19189613,0.23030998,0.5438176,0.13690816,0.49702328,0.38611937,Other/Unclear
135_instagram.com,30,Data Security|Other/Unclear,0,0.38962105,0.5083791,0.89866644,0.5235368,0.27457854,0.46432975,0.2668109,Data Retention|Data Security|Other/Unclear
135_instagram.com,31,Other/Unclear,0,0.37929583,0.5409888,0.87760323,0.5546414,0.27452558,0.47499746,0.28719604,Data Retention|Data Security|Other/Unclear
135_instagram.com,32,Other/Unclear|User Control & Deletion,0,0.3931258,0.42133203,0.16988228,0.53035915,0.48449397,0.2628709,0.85309494,Other/Unclear|User Control & Deletion
135_instagram.com,33,Data Retention|Other/Unclear,0,0.40498766,0.7470528,0.31515384,0.5355331,0.3923435,0.42476395,0.75079185,Data Retention|Other/Unclear|User Control & Deletion
135_instagram.com,34,Other/Unclear,0,0.43517724,0.35673732,0.28477153,0.5932889,0.1421208,0.4081482,0.5360249,Other/Unclear|User Control & Deletion
135_instagram.com,35,Other/Unclear,0,0.34586865,0.318598,0.59593856,0.62755316,0.15564577,0.596717,0.30993113,Data Security|Other/Unclear|Third-Party Sharing
135_instagram.com,36,Other/Unclear,0,0.49135223,0.54123366,0.2551941,0.5055477,0.19994415,0.39640683,0.6976189,Data Retention|Other/Unclear|User Control & Deletion
135_instagram.com,37,Other/Unclear,0,0.2728583,0.19648121,0.25311744,0.6786638,0.42985398,0.25902942,0.5555265,Other/Unclear|User Control & Deletion
135_instagram.com,38,Policy Change,0,0.26948437,0.4002558,0.32906458,0.5945424,0.92362493,0.2885352,0.54765975,Other/Unclear|Policy Change|User Control & Deletion
1360_thehill.com,0,Other/Unclear,0,0.27521202,0.21887685,0.4545467,0.7099993,0.4943639,0.3509897,0.3009941,Other/Unclear
1360_thehill.com,1,Data Collection,0,0.74811876,0.26467288,0.25577718,0.35445324,0.078350894,0.65620565,0.20864806,Data Collection|Third-Party Sharing
1360_thehill.com,2,Data Collection,0,0.6706441,0.41860148,0.15892735,0.4150153,0.11864149,0.46775782,0.7276111,Data Collection|User Control & Deletion
1360_thehill.com,3,Data Collection,0,0.75566256,0.22564672,0.17270282,0.32514572,0.08656689,0.6314155,0.29735807,Data Collection|Third-Party Sharing
1360_thehill.com,4,Data Collection,0,0.74729025,0.32014403,0.18873662,0.34310433,0.08459623,0.6302368,0.3836504,Data Collection|Third-Party Sharing
1360_thehill.com,5,Data Collection,0,0.74292564,0.19912815,0.15656024,0.34333214,0.10551069,0.61563236,0.26548094,Data Collection|Third-Party Sharing
1360_thehill.com,6,Data Collection|Third-Party Sharing,0,0.6694941,0.2641398,0.21696958,0.37195152,0.084524535,0.7309266,0.31930032,Data Collection|Third-Party Sharing
1360_thehill.com,7,Data Security|Third-Party Sharing,0,0.43775153,0.49463856,0.834268,0.49419993,0.17690755,0.6366702,0.21241534,Data Security|Third-Party Sharing
1360_thehill.com,8,Data Collection,0,0.6868822,0.41021204,0.19245942,0.3845089,0.21663496,0.58447695,0.40861386,Data Collection|Third-Party Sharing
1360_thehill.com,9,Third-Party Sharing,0,0.5897018,0.2880213,0.4336712,0.39400735,0.11066764,0.73592174,0.18489979,Data Collection|Third-Party Sharing
1360_thehill.com,10,Other/Unclear|Third-Party Sharing,0,0.58720905,0.32556272,0.54033923,0.46648908,0.087179,0.669173,0.1760691,Data Collection|Data Security|Third-Party Sharing
1360_thehill.com,11,Data Security,0,0.39393678,0.47478932,0.8935305,0.53688157,0.3056432,0.43920398,0.23893128,Data Security|Other/Unclear
1360_thehill.com,12,Data Security|Other/Unclear,0,0.38579097,0.46702132,0.9004836,0.5446515,0.29058823,0.4735959,0.2481539,Data Security|Other/Unclear
1360_thehill.com,13,User Control & Deletion,0,0.39583582,0.46847394,0.18563908,0.52714735,0.50330114,0.3357698,0.85065675,Other/Unclear|Policy Change|User Control & Deletion
1360_thehill.com,14,Data Retention|Other/Unclear|Policy Change,0,0.27339032,0.41324154,0.2852754,0.6011234,0.85466677,0.27524972,0.68795717,Other/Unclear|Policy Change|User Control & Deletion
1360_thehill.com,15,User Control & Deletion,0,0.54185194,0.39621025,0.20935872,0.44214213,0.17153783,0.40937513,0.7106335,Data Collection|User Control & Deletion
1360_thehill.com,16,Other/Unclear,0,0.28431338,0.18718363,0.31661144,0.7021707,0.3697004,0.25858316,0.4752999,Other/Unclear
1360_thehill.com,17,Policy Change,0,0.25855,0.37550378,0.32404873,0.6185582,0.9231905,0.2814934,0.55829,Other/Unclear|Policy Change|User Control & Deletion
1360_thehill.com,18,Other/Unclear|User Control & Deletion,0,0.23782513,0.21656816,0.25657967,0.6749616,0.6583574,0.29386178,0.61771625,Other/Unclear|Policy Change|User Control & Deletion
1361_yahoo.com,0,Other/Unclear,2,0.43339494,0.17367761,0.3345786,0.6152357,0.27930057,0.37052613,0.27415305,Other/Unclear
1361_yahoo.com,1,Other/Unclear,2,0.48011228,0.20711325,0.3647396,0.5514835,0.19935438,0.35323948,0.3745931,Other/Unclear
1361_yahoo.com,2,Data Security|Other/Unclear,2,0.41001305,0.22671139,0.69151866,0.6288193,0.22438474,0.3950564,0.19073175,Data Security|Other/Unclear
1361_yahoo.com,3,Data Collection|Other/Unclear,2,0.5505195,0.18859525,0.26693028,0.53025323,0.11767064,0.57235444,0.2440006,Data Collection|Other/Unclear|Third-Party Sharing
1361_yahoo.com,4,Other/Unclear,2,0.2782809,0.20807412,0.38793015,0.706997,0.40099075,0.4623588,0.31774148,Other/Unclear
1361_yahoo.com,5,Data Security|Other/Unclear,2,0.4020615,0.21462633,0.6162038,0.60589945,0.22493671,0.40354824,0.22300266,Data Security|Other/Unclear
1361_yahoo.com,6,Data Collection|Other/Unclear,2,0.7498148,0.2016964,0.18491216,0.32562086,0.08700735,0.634721,0.24680637,Data Collection|Third-Party Sharing
1361_yahoo.com,7,Data Collection,2,0.72185844,0.2399453,0.2109053,0.36994907,0.07219661,0.6075068,0.341335,Data Collection|Third-Party Sharing
1361_yahoo.com,8,Data Collection,2,0.72096735,0.19585067,0.24450144,0.3555458,0.08646958,0.61337215,0.19891804,Data Collection|Third-Party Sharing
1361_yahoo.com,9,Data Collection,2,0.7340555,0.2637521,0.24071921,0.36006552,0.06842083,0.5069052,0.3710811,Data Collection|Third-Party Sharing
1361_yahoo.com,10,Data Collection,2,0.7396008,0.20807065,0.24611051,0.34922832,0.08295482,0.6393914,0.19649978,Data Collection|Third-Party Sharing
1361_yahoo.com,11,Other/Unclear,2,0.45622525,0.16775922,0.17626126,0.56296045,0.18142006,0.35767728,0.54370856,Other/Unclear|User Control & Deletion
1361_yahoo.com,12,Other/Unclear|Third-Party Sharing,2,0.5913563,0.20249547,0.22509837,0.45205757,0.090077415,0.6546827,0.29907778,Data Collection|Third-Party Sharing
1361_yahoo.com,13,Other/Unclear|Third-Party Sharing,2,0.51090986,0.32740492,0.7100294,0.49906442,0.12820609,0.6887235,0.16004103,Data Collection|Data Security|Third-Party Sharing
1361_yahoo.com,14,Other/Unclear,2,0.43466327,0.18049593,0.21203996,0.616688,0.15216985,0.40706697,0.41431412,Other/Unclear
1361_yahoo.com,15,Third-Party Sharing,2,0.64286155,0.2161791,0.31572622,0.39226195,0.10837676,0.6345033,0.18174782,Data Collection|Third-Party Sharing
1361_yahoo.com,16,Third-Party Sharing,2,0.5932258,0.23474278,0.49452478,0.42587188,0.10696203,0.62475985,0.14049906,Data Collection|Third-Party Sharing
1361_yahoo.com,17,Other/Unclear|Third-Party Sharing,2,0.40804505,0.6789179,0.5243271,0.5302566,0.35619968,0.55552083,0.5121431,Data Retention|Data Security|Other/Unclear|Third-Party Sharing|User Control & Deletion
1361_yahoo.com,18,Other/Unclear|Third-Party Sharing,2,0.6197961,0.17154582,0.2242821,0.424437,0.09027373,0.63161,0.31509152,Data Collection|Third-Party Sharing
1361_yahoo.com,19,Other/Unclear|Third-Party Sharing,2,0.66549647,0.15773866,0.22693047,0.42951837,0.09750395,0.56525165,0.23800117,Data Collection|Third-Party Sharing
1361_yahoo.com,20,Data Collection|User Control & Deletion,2,0.7475425,0.24246466,0.14293873,0.34776255,0.07843002,0.47747752,0.53764933,Data Collection|User Control & Deletion
1361_yahoo.com,21,Other/Unclear|Third-Party Sharing,2,0.46991822,0.24242018,0.39670575,0.57317114,0.08325889,0.58362377,0.32002372,Other/Unclear|Third-Party Sharing
1361_yahoo.com,22,Data Collection,2,0.6973663,0.18629187,0.3121773,0.41137904,0.07865351,0.577492,0.1955806,Data Collection|Third-Party Sharing
1361_yahoo.com,23,User Control & Deletion,2,0.58380586,0.47024792,0.16005126,0.4260181,0.19860724,0.3326789,0.83762145,Data Collection|User Control & Deletion
1361_yahoo.com,24,Other/Unclear|User Control & Deletion,2,0.4845093,0.44753474,0.1406765,0.4661483,0.2843883,0.33922258,0.8653283,User Control & Deletion
1361_yahoo.com,25,Other/Unclear|User Control & Deletion,2,0.5223731,0.4330706,0.16048048,0.44537547,0.1343466,0.4458409,0.78603584,Data Collection|User Control & Deletion
1361_yahoo.com,26,Data Retention|User Control & Deletion,2,0.33967686,0.6992663,0.24735053,0.53902507,0.51283854,0.27745223,0.84395736,Data Retention|Other/Unclear|Policy Change|User Control & Deletion
1361_yahoo.com,27,Data Security,2,0.40090847,0.39401287,0.83005977,0.53289396,0.17247455,0.51325035,0.22196355,Data Security|Other/Unclear|Third-Party Sharing
1361_yahoo.com,28,Data Security,2,0.38584918,0.37898898,0.8738021,0.5366381,0.24695602,0.43505755,0.20702241,Data Security|Other/Unclear
1361_yahoo.com,29,Data Security|Other/Unclear,2,0.3921303,0.25572458,0.70436585,0.61927223,0.33870417,0.31091315,0.29126123,Data Security|Other/Unclear
1361_yahoo.com,30,Policy Change,2,0.28169492,0.38792434,0.34470752,0.6306452,0.91637397,0.27324104,0.48953196,Other/Unclear|Policy Change
1361_yahoo.com,31,Other/Unclear,2,0.3250067,0.17529947,0.18772115,0.6483837,0.4381339,0.26728475,0.4824797,Other/Unclear
1361_yahoo.com,32,Other/Unclear,2,0.44619212,0.25840986,0.20951638,0.53898096,0.23129989,0.34239954,0.523848,Other/Unclear|User Control & Deletion
1361_yahoo.com,33,Other/Unclear|Policy Change,2,0.28835636,0.3957917,0.3872041,0.6338978,0.9151062,0.2897125,0.45726964,Other/Unclear|Policy Change
1419_miaminewtimes.com,0,Other/Unclear,1,0.300107,0.20705417,0.39670116,0.6625519,0.42802024,0.3380206,0.29305235,Other/Unclear
1419_miaminewtimes.com,1,Other/Unclear,1,0.21724293,0.33317336,0.40458724,0.69034505,0.87843096,0.28072584,0.43885657,Other/Unclear|Policy Change
1419_miaminewtimes.com,2,Other/Unclear|User Control & Deletion,1,0.22917408,0.25962636,0.3525045,0.7226419,0.6150986,0.356659,0.40739453,Other/Unclear|Policy Change
1419_miaminewtimes.com,3,Policy Change|User Control & Deletion,1,0.25847757,0.4328776,0.3339801,0.64004314,0.9242393,0.2933501,0.5462941,Other/Unclear|Policy Change|User Control & Deletion
1419_miaminewtimes.com,4,Data Collection|Other/Unclear,1,0.6614608,0.2531803,0.57020986,0.40545887,0.10399215,0.5643955,0.16477546,Data Collection|Data Security|Third-Party Sharing
1419_miaminewtimes.com,5,Data Collection|Other/Unclear,1,0.6387218,0.16404644,0.22316815,0.3885247,0.1038432,0.5781862,0.2621907,Data Collection|Third-Party Sharing
1419_miaminewtimes.com,6,Data Collection,1,0.72825766,0.2638835,0.17018364,0.35008267,0.08799505,0.6329797,0.42241415,Data Collection|Third-Party Sharing
1419_miaminewtimes.com,7,Other/Unclear|User Control & Deletion,1,0.604379,0.35304686,0.1220529,0.4263394,0.15488058,0.41945976,0.81304854,Data Collection|User Control & Deletion
1419_miaminewtimes.com,8,Data Collection,1,0.75728047,0.22099812,0.23219685,0.34307584,0.08091018,0.5961576,0.26897296,Data Collection|Third-Party Sharing
1419_miaminewtimes.com,9,Data Collection|Data Retention|Other/Unclear,1,0.66439354,0.37082884,0.5985573,0.42273033,0.09551984,0.5687274,0.19323368,Data Collection|Data Security|Third-Party Sharing
1419_miaminewtimes.com,10,Data Collection|Other/Unclear,1,0.7075956,0.28819492,0.51817924,0.38292846,0.08386228,0.58949727,0.18150072,Data Collection|Data Security|Third-Party Sharing
1419_miaminewtimes.com,11,Data Collection|Other/Unclear|Third-Party Sharing,1,0.4379094,0.20307836,0.26264203,0.5997494,0.15603772,0.5850261,0.31659886,Other/Unclear|Third-Party Sharing
1419_miaminewtimes.com,12,Data Collection,1,0.5620572,0.3432541,0.14837497,0.46789014,0.13167496,0.43259344,0.7624841,Data Collection|User Control & Deletion
1419_miaminewtimes.com,13,Data Collection,1,0.6627547,0.2738866,0.5145079,0.42516622,0.07337247,0.55743563,0.23404105,Data Collection|Data Security|Third-Party Sharing
1419_miaminewtimes.com,14,Data Collection|Other/Unclear|Third-Party Sharing,1,0.68224937,0.1922096,0.23852125,0.36214262,0.10079286,0.7002441,0.2514279,Data Collection|Third-Party Sharing
1419_miaminewtimes.com,15,Other/Unclear|User Control & Deletion,1,0.58861315,0.13391167,0.1655473,0.44306463,0.10358834,0.5386213,0.4495047,Data Collection|Third-Party Sharing
1419_miaminewtimes.com,16,Other/Unclear,1,0.49321872,0.50913316,0.16703868,0.4761385,0.25743964,0.30023482,0.86213624,Data Retention|User Control & Deletion
1419_miaminewtimes.com,17,Data Collection,1,0.71624684,0.19612695,0.34395227,0.37603578,0.0858044,0.5987562,0.17626914,Data Collection|Third-Party Sharing
1419_miaminewtimes.com,18,Data Collection,1,0.58918166,0.22835773,0.18387833,0.48119965,0.13159105,0.6210153,0.39070678,Data Collection|Third-Party Sharing
1419_miaminewtimes.com,19,Data Collection|Other/Unclear|Third-Party Sharing|User Control & Deletion,1,0.59457797,0.6899326,0.22971411,0.47826242,0.22424291,0.5934995,0.68808347,Data Collection|Data Retention|Third-Party Sharing|User Control & Deletion
1419_miaminewtimes.com,20,Data Collection|Other/Unclear,1,0.74750334,0.19653639,0.2673245,0.32369035,0.10233177,0.6314879,0.19475447,Data Collection|Third-Party Sharing
1419_miaminewtimes.com,21,Data Collection,1,0.7354476,0.17408782,0.16954795,0.35552746,0.0885848,0.59287095,0.2951284,Data Collection|Third-Party Sharing
1419_miaminewtimes.com,22,Third-Party Sharing,1,0.5500541,0.2344096,0.39972287,0.45391604,0.1062765,0.6993744,0.18472311,Data Collection|Third-Party Sharing
1419_miaminewtimes.com,23,Data Collection|Other/Unclear|Third-Party Sharing|User Control & Deletion,1,0.49826592,0.1725122,0.14144914,0.46985158,0.16929184,0.4357928,0.5870155,User Control & Deletion
1419_miaminewtimes.com,24,Third-Party Sharing,1,0.602725,0.2869566,0.6506939,0.39409667,0.11745934,0.68133175,0.15109992,Data Collection|Data Security|Third-Party Sharing
1419_miaminewtimes.com,25,Third-Party Sharing,1,0.60981715,0.22461489,0.27131677,0.3784664,0.11185039,0.72337264,0.24108326,Data Collection|Third-Party Sharing
1419_miaminewtimes.com,26,Data Collection|Third-Party Sharing,1,0.7489545,0.23110431,0.26041093,0.33745897,0.07895147,0.676374,0.22960941,Data Collection|Third-Party Sharing
1419_miaminewtimes.com,27,Third-Party Sharing,1,0.6897052,0.18143089,0.26476532,0.35584268,0.100329764,0.67565477,0.18392463,Data Collection|Third-Party Sharing
1419_miaminewtimes.com,28,Other/Unclear,1,0.23577811,0.21191911,0.30198884,0.6953871,0.47274566,0.36750734,0.43463174,Other/Unclear
1419_miaminewtimes.com,29,User Control & Deletion,1,0.45445034,0.4462018,0.1389079,0.5022521,0.2417997,0.32688987,0.8515046,Other/Unclear|User Control & Deletion
1419_miaminewtimes.com,30,Data Collection|Other/Unclear,1,0.451956,0.19285059,0.27045873,0.6254271,0.15394844,0.48365554,0.3519362,Other/Unclear
1419_miaminewtimes.com,31,Data Security|Other/Unclear,1,0.35053667,0.4262734,0.8099048,0.6533747,0.26242626,0.5053389,0.22269152,Data Security|Other/Unclear|Third-Party Sharing
1419_miaminewtimes.com,32,Data Security|Other/Unclear,1,0.3835495,0.5586614,0.82696205,0.5963183,0.46330282,0.3360149,0.28919867,Data Retention|Data Security|Other/Unclear
1419_miaminewtimes.com,33,User Control & Deletion,1,0.47002244,0.5179929,0.15206409,0.5000686,0.36760285,0.28785142,0.85511833,Data Retention|Other/Unclear|User Control & Deletion
1419_miaminewtimes.com,34,Other/Unclear,1,0.2377585,0.19927794,0.2538542,0.69802564,0.5346024,0.2652309,0.48683843,Other/Unclear|Policy Change
1468_rockstargames.com,0,Other/Unclear|Policy Change,0,0.2936817,0.397856,0.36212122,0.6364248,0.8973169,0.29036522,0.47452095,Other/Unclear|Policy Change
1468_rockstargames.com,1,Other/Unclear,0,0.3980575,0.33700478,0.77174497,0.6157114,0.18196893,0.5109431,0.18153481,Data Security|Other/Unclear|Third-Party Sharing
1468_rockstargames.com,2,Other/Unclear|Policy Change,0,0.25229612,0.29283732,0.43496338,0.6860223,0.41903797,0.42388535,0.46022865,Other/Unclear
1468_rockstargames.com,3,Data Security|Other/Unclear,0,0.34130755,0.3586474,0.7806318,0.647446,0.29290172,0.4979388,0.20812167,Data Security|Other/Unclear
1468_rockstargames.com,4,Other/Unclear,0,0.42258286,0.2311729,0.4648481,0.6350245,0.17370108,0.5219817,0.23246795,Other/Unclear|Third-Party Sharing
1468_rockstargames.com,5,Other/Unclear,0,0.30081216,0.2565246,0.63639563,0.67967266,0.23794092,0.48609456,0.22888283,Data Security|Other/Unclear
1468_rockstargames.com,6,Data Security|Other/Unclear,0,0.32176986,0.18676499,0.34129655,0.6905966,0.3602419,0.4305458,0.3551152,Other/Unclear
1468_rockstargames.com,7,Other/Unclear,0,0.34019166,0.36579293,0.82022023,0.5987223,0.27504414,0.46801212,0.22485662,Data Security|Other/Unclear
1468_rockstargames.com,8,Data Collection|Data Security|Other/Unclear|Third-Party Sharing,0,0.3479497,0.41530862,0.7758914,0.6040056,0.19415018,0.6244414,0.2560194,Data Security|Other/Unclear|Third-Party Sharing
1468_rockstargames.com,9,Other/Unclear|Third-Party Sharing,0,0.5277818,0.3409155,0.45333487,0.504413,0.12647682,0.7258936,0.28901127,Data Collection|Other/Unclear|Third-Party Sharing
1468_rockstargames.com,10,Third-Party Sharing,0,0.6110753,0.36157465,0.43847132,0.42389032,0.10280665,0.7625745,0.22636698,Data Collection|Third-Party Sharing
1468_rockstargames.com,11,Policy Change,0,0.27317804,0.40660873,0.35419318,0.60458827,0.9277578,0.29898104,0.5322331,Other/Unclear|Policy Change|User Control & Deletion
1468_rockstargames.com,12,Data Collection,0,0.72271985,0.25685772,0.12597486,0.36800176,0.092535645,0.53043294,0.5768607,Data Collection|Third-Party Sharing|User Control & Deletion
1468_rockstargames.com,13,Other/Unclear,0,0.6064122,0.22769234,0.3559029,0.4417654,0.13419513,0.5485537,0.20294058,Data Collection|Third-Party Sharing
1468_rockstargames.com,14,Data Collection,0,0.71218187,0.2166038,0.17751531,0.3405887,0.09917803,0.63335633,0.30745658,Data Collection|Third-Party Sharing
1468_rockstargames.com,15,Data Collection,0,0.74451077,0.35305923,0.20592178,0.36330748,0.093735404,0.6561522,0.34913954,Data Collection|Third-Party Sharing
1468_rockstargames.com,16,Data Collection,0,0.7559087,0.3793215,0.2276014,0.33708182,0.08242563,0.7001389,0.36570284,Data Collection|Third-Party Sharing
1468_rockstargames.com,17,Data Collection|Data Retention,0,0.49565786,0.51076275,0.39956194,0.53947043,0.12668552,0.6434477,0.45381328,Data Retention|Other/Unclear|Third-Party Sharing
1468_rockstargames.com,18,Data Collection,0,0.69575685,0.3303763,0.15815139,0.41346025,0.11499492,0.5094071,0.67326117,Data Collection|Third-Party Sharing|User Control & Deletion
1468_rockstargames.com,19,Data Collection,0,0.67434746,0.31471714,0.19408704,0.40074414,0.08216981,0.6591816,0.47667864,Data Collection|Third-Party Sharing
1468_rockstargames.com,20,Data Collection,0,0.71324253,0.27930772,0.1715169,0.35608506,0.07774717,0.6398131,0.47839907,Data Collection|Third-Party Sharing
1468_rockstargames.com,21,Other/Unclear|Third-Party Sharing,0,0.5548826,0.35447025,0.40649873,0.54078585,0.07989534,0.64628,0.32273847,Data Collection|Other/Unclear|Third-Party Sharing
1468_rockstargames.com,22,Data Collection|Data Retention|Other/Unclear,0,0.5778985,0.75037134,0.45856825,0.46118772,0.17629732,0.5488651,0.55695844,Data Collection|Data Retention|Third-Party Sharing|User Control & Deletion
1468_rockstargames.com,23,Other/Unclear|User Control & Deletion,0,0.47463554,0.5442836,0.20606622,0.4857875,0.27543843,0.3302212,0.87258774,Data Retention|User Control & Deletion
1468_rockstargames.com,24,Data Collection|Other/Unclear|Third-Party Sharing,0,0.51548946,0.26665667,0.26858813,0.5129026,0.123756796,0.6728173,0.3218379,Data Collection|Other/Unclear|Third-Party Sharing
1468_rockstargames.com,25,Other/Unclear,0,0.40726286,0.29517144,0.6595557,0.59678936,0.16282192,0.6033698,0.1757143,Data Security|Other/Unclear|Third-Party Sharing
1468_rockstargames.com,26,Data Collection|User Control & Deletion,0,0.6354486,0.38295564,0.2232184,0.41991407,0.10570783,0.6433966,0.5308485,Data Collection|Third-Party Sharing|User Control & Deletion
1468_rockstargames.com,27,Data Collection,0,0.7273924,0.285496,0.28349975,0.37700456,0.06662905,0.6519018,0.24304876,Data Collection|Third-Party Sharing
1468_rockstargames.com,28,Data Collection|User Control & Deletion,0,0.7298702,0.30096698,0.21685152,0.39260674,0.070096515,0.56788063,0.42399603,Data Collection|Third-Party Sharing
1468_rockstargames.com,29,Data Collection,0,0.7016426,0.33973446,0.17433736,0.4034244,0.08422894,0.50383407,0.63462645,Data Collection|Third-Party Sharing|User Control & Deletion
1468_rockstargames.com,30,Data Collection,0,0.66521704,0.2021595,0.20803176,0.415529,0.0893831,0.5590386,0.30180404,Data Collection|Third-Party Sharing
1468_rockstargames.com,31,Data Collection,0,0.6816346,0.39656872,0.43584734,0.38731867,0.07687667,0.6824936,0.22291687,Data Collection|Third-Party Sharing
1468_rockstargames.com,32,Data Collection,0,0.73660743,0.28431416,0.35770386,0.38884538,0.099929765,0.6400983,0.17296204,Data Collection|Third-Party Sharing
1468_rockstargames.com,33,Third-Party Sharing,0,0.7224541,0.24906066,0.26232055,0.35362595,0.07809685,0.70201486,0.20719919,Data Collection|Third-Party Sharing
1468_rockstargames.com,34,Third-Party Sharing,0,0.3733733,0.31002676,0.60892147,0.6389431,0.1726705,0.5338405,0.2876875,Data Security|Other/Unclear|Third-Party Sharing
1468_rockstargames.com,35,User Control & Deletion,0,0.38294977,0.23463349,0.15501598,0.5592581,0.28383604,0.34016076,0.79964155,Other/Unclear|User Control & Deletion
1468_rockstargames.com,36,Data Collection,0,0.6928862,0.40904716,0.48441687,0.40442705,0.12081983,0.6496975,0.20229314,Data Collection|Third-Party Sharing
1468_rockstargames.com,37,Data Collection|Other/Unclear|Third-Party Sharing|User Control & Deletion,0,0.7324556,0.2289031,0.18440385,0.37012267,0.089210056,0.58644265,0.32866183,Data Collection|Third-Party Sharing
1468_rockstargames.com,38,Other/Unclear,0,0.6046752,0.19591671,0.14363776,0.44826314,0.14337,0.4528423,0.6245311,Data Collection|User Control & Deletion
1468_rockstargames.com,39,Other/Unclear|Third-Party Sharing,0,0.7452008,0.28796348,0.20918211,0.38447544,0.078418255,0.65622973,0.34134424,Data Collection|Third-Party Sharing
1468_rockstargames.com,40,Other/Unclear|Third-Party Sharing,0,0.7605125,0.22696406,0.1433222,0.3341652,0.09544802,0.59946716,0.36254707,Data Collection|Third-Party Sharing
1468_rockstargames.com,41,Data Collection|Other/Unclear,0,0.42130563,0.27925378,0.15434152,0.5617271,0.2695308,0.37677413,0.7975258,Other/Unclear|User Control & Deletion
1468_rockstargames.com,42,Other/Unclear|Third-Party Sharing,0,0.5007104,0.21604714,0.2007503,0.5581247,0.1439575,0.51916647,0.49943238,Data Collection|Other/Unclear|Third-Party Sharing
1468_rockstargames.com,43,Third-Party Sharing,0,0.48493233,0.48967463,0.74312,0.50978136,0.16850251,0.6891414,0.21113946,Data Security|Other/Unclear|Third-Party Sharing
1468_rockstargames.com,44,Other/Unclear|Third-Party Sharing,0,0.6282327,0.31802773,0.25095809,0.4404411,0.12045894,0.76585,0.322517,Data Collection|Third-Party Sharing
1468_rockstargames.com,45,Third-Party Sharing,0,0.6289659,0.34040684,0.37987706,0.36560336,0.11291612,0.7797269,0.1902718,Data Collection|Third-Party Sharing
1468_rockstargames.com,46,Other/Unclear|User Control & Deletion,0,0.6804995,0.27243152,0.12217762,0.38710207,0.11940788,0.4421199,0.687289,Data Collection|User Control & Deletion
1468_rockstargames.com,47,User Control & Deletion,0,0.40452144,0.46221292,0.1904745,0.52155405,0.40462807,0.3624079,0.8441014,Other/Unclear|User Control & Deletion
1468_rockstargames.com,48,Other/Unclear|User Control & Deletion,0,0.4785275,0.4396733,0.16468889,0.50241256,0.28660068,0.29546252,0.8683818,Other/Unclear|User Control & Deletion
1468_rockstargames.com,49,Data Collection|User Control & Deletion,0,0.4881023,0.5666873,0.18576737,0.48996514,0.33783805,0.37887475,0.8677526,Data Retention|User Control & Deletion
1468_rockstargames.com,50,Other/Unclear|User Control & Deletion,0,0.4202119,0.2887575,0.14757887,0.55179113,0.24908195,0.2769039,0.8067878,Other/Unclear|User Control & Deletion
1468_rockstargames.com,51,Data Retention|User Control & Deletion,0,0.40686628,0.8406141,0.6065329,0.5014138,0.4984735,0.4731098,0.6040747,Data Retention|Data Security|Other/Unclear|User Control & Deletion
1468_rockstargames.com,52,Other/Unclear|User Control & Deletion,0,0.40738,0.5667863,0.19769856,0.51414657,0.4070126,0.29085106,0.8203029,Data Retention|Other/Unclear|User Control & Deletion
1468_rockstargames.com,53,Other/Unclear,0,0.30219257,0.27420488,0.6221159,0.7062452,0.27982107,0.4323135,0.28897557,Data Security|Other/Unclear
1468_rockstargames.com,54,Other/Unclear,0,0.4744634,0.479521,0.47172073,0.56623334,0.1248388,0.4762159,0.39796656,Other/Unclear
1468_rockstargames.com,55,Data Security,0,0.3903206,0.4847883,0.8996695,0.523868,0.2864027,0.47392303,0.24652267,Data Security|Other/Unclear
1468_rockstargames.com,56,Other/Unclear,0,0.33833408,0.19193749,0.3560394,0.66290826,0.33840173,0.30358618,0.3242298,Other/Unclear
1468_rockstargames.com,57,Other/Unclear,0,0.272008,0.1753085,0.30570164,0.69288725,0.27859226,0.4062317,0.41635948,Other/Unclear
1468_rockstargames.com,58,Other/Unclear,0,0.61208767,0.40929386,0.40941146,0.38642564,0.09037997,0.69978434,0.253057,Data Collection|Third-Party Sharing
1468_rockstargames.com,59,Other/Unclear,0,0.4342101,0.22488634,0.30815667,0.5623574,0.23304543,0.64115226,0.29459623,Other/Unclear|Third-Party Sharing
1468_rockstargames.com,60,Other/Unclear,0,0.47037765,0.15621603,0.19526553,0.54372984,0.13505916,0.5192196,0.4570017,Other/Unclear|Third-Party Sharing
1468_rockstargames.com,61,Other/Unclear,0,0.28349933,0.16969308,0.28425863,0.6899366,0.35971615,0.2855052,0.46407723,Other/Unclear
1470_steampowered.com,0,Other/Unclear,0,0.32693508,0.23366515,0.6100445,0.6867515,0.28622082,0.43888655,0.21296135,Data Security|Other/Unclear
1470_steampowered.com,1,Other/Unclear|Policy Change,0,0.25527656,0.32914445,0.34361553,0.62533855,0.9181659,0.30243653,0.52166015,Other/Unclear|Policy Change|User Control & Deletion
1470_steampowered.com,2,Data Collection|Third-Party Sharing,0,0.67882794,0.3508046,0.30250844,0.3953185,0.087682016,0.739251,0.2419336,Data Collection|Third-Party Sharing
1470_steampowered.com,3,Data Collection|Other/Unclear,0,0.63405216,0.2750225,0.2919464,0.43618396,0.0893919,0.65811586,0.27165616,Data Collection|Third-Party Sharing
1470_steampowered.com,4,Data Collection|Third-Party Sharing,0,0.6555702,0.30782548,0.40784806,0.37623557,0.10373084,0.7220003,0.16488564,Data Collection|Third-Party Sharing
1470_steampowered.com,5,Data Collection|Third-Party Sharing,0,0.6128426,0.29785487,0.19320218,0.43325827,0.10399575,0.67052215,0.44239438,Data Collection|Third-Party Sharing
1470_steampowered.com,6,Data Collection|Other/Unclear|Third-Party Sharing,0,0.59109956,0.44378927,0.30001223,0.45827928,0.099481136,0.58856386,0.50465506,Data Collection|Third-Party Sharing|User Control & Deletion
1470_steampowered.com,7,Other/Unclear|Third-Party Sharing,0,0.42199895,0.18195564,0.3235834,0.59209996,0.1337646,0.558827,0.30669323,Other/Unclear|Third-Party Sharing
1470_steampowered.com,8,Third-Party Sharing,0,0.58117115,0.3995755,0.3478274,0.40956992,0.18316507,0.73960537,0.2829478,Data Collection|Third-Party Sharing
1470_steampowered.com,9,Other/Unclear,0,0.54557365,0.20336343,0.26409104,0.54147965,0.09063082,0.5154646,0.34359804,Data Collection|Other/Unclear|Third-Party Sharing
1470_steampowered.com,10,Data Collection|Third-Party Sharing,0,0.75191396,0.3723409,0.22032252,0.36310813,0.07744653,0.6508119,0.39462528,Data Collection|Third-Party Sharing
1470_steampowered.com,11,User Control & Deletion,0,0.5929089,0.39976737,0.16503191,0.45152965,0.22316158,0.34937793,0.8153856,Data Collection|User Control & Deletion
1470_steampowered.com,12,Data Collection|Other/Unclear,0,0.6179996,0.48178515,0.50247455,0.41967103,0.10939131,0.5746603,0.4028461,Data Collection|Data Security|Third-Party Sharing
1470_steampowered.com,13,Data Collection|Other/Unclear,0,0.69306135,0.54164606,0.30996892,0.3958096,0.09909604,0.593189,0.4878725,Data Collection|Data Retention|Third-Party Sharing
1470_steampowered.com,14,Other/Unclear|Third-Party Sharing,0,0.5400308,0.26884362,0.31162465,0.5373005,0.089389175,0.62497205,0.36738697,Data Collection|Other/Unclear|Third-Party Sharing
1470_steampowered.com,15,User Control & Deletion,0,0.39843237,0.4351781,0.2019545,0.5264933,0.504714,0.28367093,0.846245,Other/Unclear|Policy Change|User Control & Deletion
1470_steampowered.com,16,Data Security|Other/Unclear,0,0.36042926,0.44933972,0.87364334,0.55355364,0.24284026,0.48169896,0.24377279,Data Security|Other/Unclear
1470_steampowered.com,17,User Control & Deletion,0,0.3785664,0.70448434,0.43850803,0.5607156,0.5751565,0.32073042,0.6529945,Data Retention|Other/Unclear|Policy Change|User Control & Deletion
1470_steampowered.com,18,Other/Unclear,0,0.29602805,0.18962578,0.253467,0.6794263,0.3812961,0.261685,0.56195474,Other/Unclear|User Control & Deletion
1470_steampowered.com,19,Other/Unclear|Policy Change,0,0.3260072,0.42038956,0.35918385,0.60507727,0.8623894,0.3021231,0.44829303,Other/Unclear|Policy Change
1498_ticketmaster.com,0,Other/Unclear|Policy Change,1,0.21807893,0.28602153,0.3438152,0.69491744,0.8198614,0.25628367,0.44434068,Other/Unclear|Policy Change
1498_ticketmaster.com,1,Other/Unclear,1,0.26265848,0.17325604,0.33683,0.707615,0.3991392,0.3971095,0.34739748,Other/Unclear
1498_ticketmaster.com,2,Data Collection,1,0.7529812,0.23504539,0.21794656,0.3081788,0.0778723,0.62949085,0.27672663,Data Collection|Third-Party Sharing
1498_ticketmaster.com,3,Data Collection,1,0.7088233,0.20001599,0.31551498,0.34720162,0.0819548,0.611425,0.22778958,Data Collection|Third-Party Sharing
1498_ticketmaster.com,4,Data Collection,1,0.7190813,0.17290203,0.20323174,0.36434683,0.081145324,0.6054314,0.24509151,Data Collection|Third-Party Sharing
1498_ticketmaster.com,5,Data Collection,1,0.7217832,0.17444019,0.19177867,0.3371968,0.10216164,0.6117556,0.25770888,Data Collection|Third-Party Sharing
1498_ticketmaster.com,6,Data Collection,1,0.76260245,0.26610485,0.15127595,0.3116063,0.094046265,0.55572814,0.4562974,Data Collection|Third-Party Sharing
1498_ticketmaster.com,7,Data Collection,1,0.75447,0.21863507,0.22398874,0.31650844,0.08036359,0.63647103,0.25765893,Data Collection|Third-Party Sharing
1498_ticketmaster.com,8,Data Collection,1,0.66635317,0.21891822,0.48672217,0.45116383,0.09507422,0.49309054,0.19931693,Data Collection
1498_ticketmaster.com,9,Data Collection,1,0.7459447,0.19356902,0.1981116,0.34946138,0.08230318,0.6444861,0.25536248,Data Collection|Third-Party Sharing
1498_ticketmaster.com,10,Data Collection,1,0.7567114,0.30606154,0.3031316,0.33257517,0.083854936,0.6486978,0.25180158,Data Collection|Third-Party Sharing
1498_ticketmaster.com,11,Data Collection,1,0.7582178,0.21169065,0.16687043,0.33133802,0.11400993,0.5842791,0.3018452,Data Collection|Third-Party Sharing
1498_ticketmaster.com,12,Data Collection,1,0.7312636,0.20352854,0.27153236,0.333174,0.10731394,0.67089075,0.18681608,Data Collection|Third-Party Sharing
1498_ticketmaster.com,13,Data Collection|Data Security,1,0.4876367,0.28603646,0.72718835,0.4723881,0.1428833,0.54753035,0.16780701,Data Security|Third-Party Sharing
1498_ticketmaster.com,14,Data Collection,1,0.7428236,0.2169943,0.14445582,0.3483901,0.08652528,0.5601616,0.4652552,Data Collection|Third-Party Sharing
1498_ticketmaster.com,15,Data Collection,1,0.72735727,0.24403684,0.20539792,0.36110196,0.08201426,0.6254581,0.30655608,Data Collection|Third-Party Sharing
1498_ticketmaster.com,16,Data Collection,1,0.55648017,0.2514781,0.45574117,0.5109467,0.13923082,0.5503295,0.19399735,Data Collection|Other/Unclear|Third-Party Sharing
1498_ticketmaster.com,17,Third-Party Sharing,1,0.62659854,0.18206489,0.29649177,0.38979876,0.114892974,0.7133053,0.18652973,Data Collection|Third-Party Sharing
1498_ticketmaster.com,18,Third-Party Sharing,1,0.63513,0.21187942,0.38226116,0.37442324,0.10297057,0.7196032,0.16565895,Data Collection|Third-Party Sharing
1498_ticketmaster.com,19,Third-Party Sharing,1,0.5724604,0.1893094,0.413389,0.49785364,0.11046321,0.6460519,0.17442006,Data Collection|Third-Party Sharing
1498_ticketmaster.com,20,Third-Party Sharing,1,0.61965245,0.2652187,0.40706918,0.38322115,0.110166974,0.7168918,0.18372315,Data Collection|Third-Party Sharing
1498_ticketmaster.com,21,Third-Party Sharing,1,0.66151184,0.31010193,0.31044182,0.37793276,0.12506568,0.73951256,0.24904054,Data Collection|Third-Party Sharing
1498_ticketmaster.com,22,Third-Party Sharing,1,0.31033936,0.2997952,0.21164097,0.63374215,0.4089614,0.43821117,0.49850613,Other/Unclear
1498_ticketmaster.com,23,User Control & Deletion,1,0.4748908,0.61884594,0.1949216,0.47111005,0.3249021,0.30662093,0.8691858,Data Retention|User Control & Deletion
1498_ticketmaster.com,24,Data Retention|User Control & Deletion,1,0.4281793,0.82195675,0.39973918,0.53078586,0.5745767,0.3220781,0.7330539,Data Retention|Other/Unclear|Policy Change|User Control & Deletion
1498_ticketmaster.com,25,User Control & Deletion,1,0.6144916,0.18362443,0.18020317,0.426165,0.11946485,0.37862304,0.5544198,Data Collection|User Control & Deletion
1498_ticketmaster.com,26,User Control & Deletion,1,0.6594692,0.31698522,0.17311236,0.39793128,0.11792,0.37258187,0.73899883,Data Collection|User Control & Deletion
1498_ticketmaster.com,27,Other/Unclear,1,0.47063854,0.22507939,0.15696657,0.5188663,0.12322008,0.4431051,0.62744915,Other/Unclear|User Control & Deletion
1498_ticketmaster.com,28,Other/Unclear,1,0.33036518,0.4646214,0.21457405,0.60270905,0.41824564,0.32171875,0.71972317,Other/Unclear|User Control & Deletion
1498_ticketmaster.com,29,Other/Unclear,1,0.4597067,0.17462209,0.20992285,0.562105,0.11903861,0.43549386,0.45737576,Other/Unclear
1498_ticketmaster.com,30,Other/Unclear,1,0.42054972,0.25367475,0.36140212,0.5994545,0.3410103,0.3411211,0.36147785,Other/Unclear
1498_ticketmaster.com,31,Data Security,1,0.38808835,0.4510617,0.8911999,0.5651019,0.3036641,0.425875,0.2362243,Data Security|Other/Unclear
1498_ticketmaster.com,32,Data Security|Other/Unclear,1,0.41746697,0.27744704,0.66895103,0.5947814,0.27433437,0.45891544,0.22767381,Data Security|Other/Unclear
1498_ticketmaster.com,33,Data Security|Other/Unclear,1,0.32952794,0.35618237,0.73344904,0.65680045,0.49217886,0.38935405,0.24373452,Data Security|Other/Unclear
1498_ticketmaster.com,34,Data Retention,1,0.51965094,0.3892898,0.70967925,0.4505131,0.15425664,0.6261367,0.20428458,Data Collection|Data Security|Third-Party Sharing
1498_ticketmaster.com,35,Data Security|Other/Unclear,1,0.4413056,0.37260658,0.5846443,0.54884315,0.13314374,0.62604487,0.26464415,Data Security|Other/Unclear|Third-Party Sharing
1498_ticketmaster.com,36,Other/Unclear,1,0.340217,0.30411935,0.80586666,0.61904216,0.28210667,0.43892655,0.21268632,Data Security|Other/Unclear
1498_ticketmaster.com,37,Other/Unclear|Third-Party Sharing,1,0.2545489,0.2301086,0.42277047,0.72237027,0.33296502,0.47164086,0.30957508,Other/Unclear
1498_ticketmaster.com,38,Other/Unclear,1,0.2598121,0.24452288,0.23903075,0.6647699,0.38766906,0.25248602,0.6561599,Other/Unclear|User Control & Deletion
1498_ticketmaster.com,39,Policy Change,1,0.24904415,0.419621,0.35477254,0.6582444,0.9240832,0.2874441,0.5090136,Other/Unclear|Policy Change|User Control & Deletion
1539_geocaching.com,0,Other/Unclear|Policy Change,2,0.2438225,0.30486387,0.3460281,0.66303533,0.9033303,0.25213096,0.4130353,Other/Unclear|Policy Change
1539_geocaching.com,1,Data Security|Other/Unclear,2,0.36213624,0.2021409,0.5407022,0.66609895,0.251176,0.43161497,0.20382902,Data Security|Other/Unclear
1539_geocaching.com,2,Other/Unclear,2,0.418416,0.18928538,0.3145111,0.6427197,0.14347856,0.46354946,0.33082893,Other/Unclear
1539_geocaching.com,3,Other/Unclear|Policy Change,2,0.29225034,0.19518979,0.30660316,0.69436437,0.3816203,0.3420779,0.39906886,Other/Unclear
1539_geocaching.com,4,Data Collection,2,0.7381961,0.30652782,0.18656294,0.3373156,0.07064141,0.5985354,0.40505478,Data Collection|Third-Party Sharing
1539_geocaching.com,5,Data Collection,2,0.719163,0.39397696,0.26882407,0.36940593,0.07393588,0.49548134,0.46445855,Data Collection
1539_geocaching.com,6,Data Collection,2,0.7398634,0.20941713,0.17553729,0.39157772,0.08532846,0.5028838,0.37019622,Data Collection|Third-Party Sharing
1539_geocaching.com,7,Data Collection,2,0.52242076,0.48201117,0.28079966,0.45847556,0.4423498,0.43716514,0.49616218,Data Collection
1539_geocaching.com,8,Third-Party Sharing,2,0.68710345,0.29689732,0.23014344,0.38367411,0.0750586,0.7155938,0.2807586,Data Collection|Third-Party Sharing
1539_geocaching.com,9,Other/Unclear|Third-Party Sharing,2,0.6596637,0.2972808,0.22819708,0.4253099,0.09110494,0.6579535,0.35548326,Data Collection|Third-Party Sharing
1539_geocaching.com,10,Data Security|Third-Party Sharing,2,0.4466037,0.45646247,0.8302895,0.4593299,0.15535086,0.63770705,0.19539428,Data Security|Third-Party Sharing
1539_geocaching.com,11,Third-Party Sharing,2,0.5360279,0.22009254,0.35931903,0.44392243,0.12712668,0.6592841,0.19899474,Data Collection|Third-Party Sharing
1539_geocaching.com,12,Other/Unclear|Third-Party Sharing,2,0.33010495,0.72358567,0.52821743,0.533617,0.65380555,0.5400631,0.53392303,Data Retention|Data Security|Other/Unclear|Policy Change|Third-Party Sharing|User Control & Deletion
1539_geocaching.com,13,Data Security|Other/Unclear,2,0.390369,0.45327312,0.9118789,0.5095864,0.27410302,0.44457832,0.2428264,Data Security|Other/Unclear
1539_geocaching.com,14,Other/Unclear|User Control & Deletion,2,0.48686528,0.55916864,0.19341114,0.46792498,0.28844908,0.28862333,0.8825686,Data Retention|User Control & Deletion
1539_geocaching.com,15,Data Collection,2,0.76196593,0.20296247,0.22274368,0.3638998,0.07813772,0.56525445,0.24053845,Data Collection|Third-Party Sharing
1539_geocaching.com,16,Data Collection,2,0.73431796,0.27021363,0.36971343,0.35545337,0.10102563,0.59555393,0.16233173,Data Collection|Third-Party Sharing
1539_geocaching.com,17,Data Collection|Third-Party Sharing,2,0.7705659,0.22025882,0.16185243,0.31474,0.08409985,0.5862769,0.3176121,Data Collection|Third-Party Sharing
1539_geocaching.com,18,Third-Party Sharing,2,0.71482056,0.1859007,0.28242302,0.39680025,0.094062164,0.6119985,0.17696525,Data Collection|Third-Party Sharing
1539_geocaching.com,19,User Control & Deletion,2,0.49382144,0.70405096,0.24843372,0.46218255,0.31196198,0.3345569,0.86992466,Data Retention|User Control & Deletion
1539_geocaching.com,20,Other/Unclear|Policy Change|Third-Party Sharing,2,0.3088407,0.43004563,0.19597225,0.6115736,0.56238925,0.3291515,0.72957975,Other/Unclear|Policy Change|User Control & Deletion
1539_geocaching.com,21,Other/Unclear|User Control & Deletion,2,0.40892264,0.57327807,0.20102166,0.5069893,0.3890225,0.2626006,0.863637,Data Retention|Other/Unclear|User Control & Deletion
1539_geocaching.com,22,Other/Unclear,2,0.41492704,0.7160894,0.32666594,0.51336104,0.25725272,0.35817543,0.75475144,Data Retention|Other/Unclear|User Control & Deletion
1539_geocaching.com,23,Other/Unclear,2,0.4403273,0.36776164,0.29667777,0.50500447,0.11257701,0.6025457,0.46628997,Other/Unclear|Third-Party Sharing
1539_geocaching.com,24,Other/Unclear,2,0.2614174,0.3425445,0.51645815,0.6677211,0.80469495,0.31626585,0.34362292,Data Security|Other/Unclear|Policy Change
1539_geocaching.com,25,Other/Unclear|Third-Party Sharing,2,0.37187797,0.24299994,0.3390656,0.64922816,0.1548602,0.5524185,0.3609556,Other/Unclear|Third-Party Sharing
1539_geocaching.com,26,Policy Change,2,0.23819001,0.35341805,0.33870983,0.6272075,0.92956835,0.2915078,0.49158034,Other/Unclear|Policy Change
1582_msn.com,0,Other/Unclear|Policy Change,4,0.323659,0.44101125,0.4317904,0.61684453,0.8608261,0.3440183,0.4494899,Other/Unclear|Policy Change
1582_msn.com,1,Other/Unclear,4,0.33778104,0.17517719,0.3246779,0.65685767,0.26801628,0.46055916,0.3273287,Other/Unclear
1582_msn.com,2,Data Collection,4,0.74176955,0.35787827,0.14266358,0.37325966,0.09987486,0.41392523,0.6712913,Data Collection|User Control & Deletion
1582_msn.com,3,Data Collection|Third-Party Sharing,4,0.6989559,0.27096152,0.31545073,0.38689607,0.07564233,0.65020263,0.20842004,Data Collection|Third-Party Sharing
1582_msn.com,4,Data Collection,4,0.79979247,0.27498972,0.24429154,0.3302245,0.091202475,0.6218276,0.2059809,Data Collection|Third-Party Sharing
1582_msn.com,5,Data Collection,4,0.671955,0.3348755,0.16779827,0.41433772,0.10247185,0.37869576,0.5857335,Data Collection|User Control & Deletion
1582_msn.com,6,Data Collection|Data Retention|Data Security,4,0.40917948,0.6665606,0.83692926,0.5139267,0.30657667,0.48332712,0.33028582,Data Retention|Data Security|Other/Unclear
1582_msn.com,7,Data Collection|Third-Party Sharing,4,0.71767884,0.24137117,0.26373547,0.38241443,0.08720352,0.6322631,0.27705902,Data Collection|Third-Party Sharing
1582_msn.com,8,Data Collection,4,0.79091984,0.2534849,0.25446746,0.34444976,0.102048986,0.5927213,0.19399896,Data Collection|Third-Party Sharing
1582_msn.com,9,Data Collection|Other/Unclear,4,0.649645,0.41196367,0.63720757,0.39937598,0.13989173,0.55469745,0.22060813,Data Collection|Data Security|Third-Party Sharing
1582_msn.com,10,Data Collection|Third-Party Sharing,4,0.75206,0.20670332,0.14233606,0.393053,0.10490659,0.5280527,0.33285022,Data Collection|Third-Party Sharing
1582_msn.com,11,Third-Party Sharing,4,0.5747644,0.304633,0.5378778,0.40395057,0.1401203,0.71223825,0.16076188,Data Collection|Data Security|Third-Party Sharing
1582_msn.com,12,Third-Party Sharing,4,0.775248,0.31424284,0.16849545,0.345795,0.07410443,0.58195865,0.38167942,Data Collection|Third-Party Sharing
1582_msn.com,13,Data Collection|Other/Unclear|Third-Party Sharing|User Control & Deletion,4,0.5482402,0.47092897,0.16665532,0.46906844,0.19818048,0.29224023,0.8459601,Data Collection|User Control & Deletion
1582_msn.com,14,Data Collection|User Control & Deletion,4,0.7037613,0.28888708,0.13065697,0.39577115,0.124113545,0.36007956,0.6580633,Data Collection|User Control & Deletion
1582_msn.com,15,Data Collection|Data Retention|User Control & Deletion,4,0.49498397,0.55029005,0.17298451,0.48554695,0.2689291,0.28655607,0.857289,Data Retention|User Control & Deletion
1582_msn.com,16,Other/Unclear|Third-Party Sharing,4,0.7088834,0.23225313,0.22100078,0.4018235,0.094119996,0.46573994,0.37782437,Data Collection
1582_msn.com,17,Data Collection|Data Security,4,0.5492992,0.47186488,0.49596798,0.4978158,0.10580722,0.47601217,0.38533384,Data Collection
1582_msn.com,18,Data Collection|Other/Unclear|Third-Party Sharing,4,0.7491201,0.25375956,0.14915292,0.36410588,0.10148959,0.4642086,0.5138606,Data Collection|User Control & Deletion
1582_msn.com,19,Data Collection,4,0.7395861,0.3282336,0.13990542,0.3684256,0.090286806,0.4257147,0.59207034,Data Collection|User Control & Deletion
1582_msn.com,20,Data Collection|Third-Party Sharing,4,0.6547864,0.3801918,0.14435796,0.41464737,0.10301257,0.39658496,0.7350299,Data Collection|User Control & Deletion
1582_msn.com,21,Other/Unclear,4,0.60651505,0.28822348,0.25556228,0.47542435,0.1035848,0.56548643,0.3304329,Data Collection|Third-Party Sharing
1582_msn.com,22,Other/Unclear,4,0.49946484,0.38601288,0.30041784,0.49776426,0.16226238,0.6257888,0.4787301,Third-Party Sharing
1582_msn.com,23,Other/Unclear,4,0.28256187,0.3253898,0.21342595,0.62992215,0.5528976,0.34249115,0.68458074,Other/Unclear|Policy Change|User Control & Deletion
1582_msn.com,24,Data Collection,4,0.7964276,0.2595985,0.13902779,0.3534499,0.09742408,0.5183085,0.37283158,Data Collection|Third-Party Sharing
1582_msn.com,25,Other/Unclear|User Control & Deletion,4,0.33955613,0.21181244,0.17060326,0.60118145,0.2426346,0.30407247,0.72321707,Other/Unclear|User Control & Deletion
1582_msn.com,26,User Control & Deletion,4,0.44374514,0.3512968,0.16434024,0.488293,0.22075354,0.2749812,0.8503297,User Control & Deletion
1582_msn.com,27,Other/Unclear,4,0.70434403,0.2869683,0.29541248,0.38189036,0.083724,0.6078507,0.26112416,Data Collection|Third-Party Sharing
1582_msn.com,28,Data Collection|Third-Party Sharing,4,0.59696186,0.4555469,0.7257517,0.42184404,0.12507507,0.63712287,0.20613231,Data Collection|Data Security|Third-Party Sharing
1582_msn.com,29,Data Collection|User Control & Deletion,4,0.5452691,0.28865367,0.13512738,0.44929793,0.1347076,0.35185912,0.78008354,Data Collection|User Control & Deletion
1582_msn.com,30,Other/Unclear|User Control & Deletion,4,0.54465926,0.20967998,0.14865774,0.48351377,0.19138144,0.28764865,0.6439052,Data Collection|User Control & Deletion
1582_msn.com,31,Other/Unclear,4,0.3578537,0.3373292,0.4876767,0.672859,0.41699225,0.3161217,0.3532781,Other/Unclear
1610_post-gazette.com,0,Other/Unclear|Policy Change,1,0.30145353,0.42208678,0.41396385,0.6667471,0.90063995,0.28795433,0.46346977,Other/Unclear|Policy Change
1610_post-gazette.com,1,Data Collection|Data Security|Other/Unclear,1,0.25399193,0.2548308,0.47702855,0.7251782,0.5035005,0.36687192,0.33450952,Other/Unclear|Policy Change
1610_post-gazette.com,2,Policy Change|User Control & Deletion,1,0.25252303,0.40453026,0.31512865,0.6513004,0.9153335,0.28279486,0.5349137,Other/Unclear|Policy Change|User Control & Deletion
1610_post-gazette.com,3,Data Collection,1,0.7322468,0.17865069,0.15696588,0.360493,0.08139342,0.58109254,0.34218752,Data Collection|Third-Party Sharing
1610_post-gazette.com,4,Data Collection,1,0.6912469,0.2149707,0.12258134,0.37062433,0.09558543,0.4851585,0.6125479,Data Collection|User Control & Deletion
1610_post-gazette.com,5,Data Collection,1,0.606429,0.19232456,0.15227142,0.42060387,0.12617405,0.56380624,0.44270602,Data Collection|Third-Party Sharing
1610_post-gazette.com,6,Data Collection|Other/Unclear|User Control & Deletion,1,0.52262616,0.22247754,0.13657857,0.49468845,0.12753944,0.50961274,0.64352477,Data Collection|Third-Party Sharing|User Control & Deletion
1610_post-gazette.com,7,Data Collection|Other/Unclear|User Control & Deletion,1,0.7129636,0.39032504,0.2908789,0.37325317,0.07855313,0.6810897,0.38687497,Data Collection|Third-Party Sharing
1610_post-gazette.com,8,Data Collection,1,0.7539798,0.21018438,0.30566165,0.33972344,0.09258894,0.61911476,0.1853481,Data Collection|Third-Party Sharing
1610_post-gazette.com,9,Data Collection|Other/Unclear,1,0.6790957,0.17581888,0.15085039,0.42399445,0.11690405,0.46418262,0.454275,Data Collection
1610_post-gazette.com,10,Data Collection|Data Security|Third-Party Sharing,1,0.508779,0.48000854,0.75843954,0.49239543,0.14363688,0.6175484,0.23759411,Data Collection|Data Security|Third-Party Sharing
1610_post-gazette.com,11,Data Collection,1,0.77917695,0.19838236,0.1480049,0.32452333,0.09044712,0.560989,0.3704307,Data Collection|Third-Party Sharing
1610_post-gazette.com,12,Data Collection|Third-Party Sharing,1,0.52101,0.29611567,0.5456293,0.5115401,0.11017356,0.6676275,0.19875143,Data Collection|Data Security|Other/Unclear|Third-Party Sharing
1610_post-gazette.com,13,Data Collection|Third-Party Sharing,1,0.69618535,0.20945756,0.28278908,0.3605498,0.10262066,0.7010658,0.19207133,Data Collection|Third-Party Sharing
1610_post-gazette.com,14,Data Collection|Third-Party Sharing,1,0.7180917,0.15932311,0.18258017,0.3799856,0.09883075,0.6009559,0.28185394,Data Collection|Third-Party Sharing
1610_post-gazette.com,15,Data Collection|Data Security|Third-Party Sharing,1,0.49371436,0.39462134,0.7646865,0.48746654,0.13931006,0.67403674,0.17907153,Data Security|Third-Party Sharing
1610_post-gazette.com,16,Data Collection|Third-Party Sharing,1,0.58572644,0.18653023,0.3247786,0.43929055,0.10225734,0.6491617,0.18905945,Data Collection|Third-Party Sharing
1610_post-gazette.com,17,Data Collection|Third-Party Sharing|User Control & Deletion,1,0.5583128,0.18584542,0.16004227,0.45012516,0.09143788,0.52594453,0.5970769,Data Collection|Third-Party Sharing|User Control & Deletion
1610_post-gazette.com,18,Other/Unclear|User Control & Deletion,1,0.3672049,0.348033,0.16386145,0.5473669,0.33535308,0.26017135,0.7665366,Other/Unclear|User Control & Deletion
1610_post-gazette.com,19,Data Collection|Other/Unclear,1,0.7780875,0.2703618,0.29661787,0.36018363,0.086236484,0.5923567,0.24664067,Data Collection|Third-Party Sharing
1610_post-gazette.com,20,Other/Unclear|Third-Party Sharing,1,0.48578775,0.19971785,0.13330305,0.48896283,0.15618551,0.39627105,0.66687137,User Control & Deletion
1610_post-gazette.com,21,User Control & Deletion,1,0.59620106,0.5459377,0.20959422,0.44124717,0.19779299,0.3579477,0.83499867,Data Collection|Data Retention|User Control & Deletion
1610_post-gazette.com,22,Data Security,1,0.4045774,0.40962192,0.8938273,0.53850025,0.27683693,0.42514744,0.21652263,Data Security|Other/Unclear
1610_post-gazette.com,23,Data Security|Other/Unclear,1,0.29745707,0.37616247,0.726276,0.69480497,0.34572625,0.4987558,0.21297824,Data Security|Other/Unclear
1610_post-gazette.com,24,Data Collection|Other/Unclear,1,0.23282962,0.21130349,0.3668511,0.707946,0.527579,0.359715,0.3730376,Other/Unclear|Policy Change
1610_post-gazette.com,25,Other/Unclear,1,0.36879143,0.2565396,0.165293,0.57231796,0.39428177,0.29071522,0.64844656,Other/Unclear|User Control & Deletion
1610_post-gazette.com,26,Other/Unclear|User Control & Deletion,1,0.33393508,0.18995868,0.2182569,0.6441763,0.24195193,0.47323215,0.4527319,Other/Unclear
1610_post-gazette.com,27,Other/Unclear,1,0.27522075,0.33726883,0.34532544,0.701753,0.42983982,0.34564948,0.5132883,Other/Unclear|User Control & Deletion
1618_sltrib.com,0,Other/Unclear,0,0.26241893,0.21310017,0.36853606,0.7038645,0.39521205,0.45186353,0.37753448,Other/Unclear
1618_sltrib.com,1,Policy Change,0,0.2640966,0.37354666,0.35417637,0.62416726,0.9202855,0.28948292,0.50694984,Other/Unclear|Policy Change|User Control & Deletion
1618_sltrib.com,2,Data Collection,0,0.71260786,0.23453887,0.19678992,0.3596652,0.077907816,0.6349349,0.28263026,Data Collection|Third-Party Sharing
1618_sltrib.com,3,Data Collection|User Control & Deletion,0,0.57241744,0.4656932,0.17087734,0.45487198,0.27184007,0.33431485,0.847409,Data Collection|User Control & Deletion
1618_sltrib.com,4,Data Collection,0,0.71219856,0.2901544,0.1978209,0.36392933,0.07194964,0.6427353,0.36124566,Data Collection|Third-Party Sharing
1618_sltrib.com,5,Data Collection,0,0.60902286,0.21210648,0.12596314,0.41561612,0.15219927,0.45761254,0.6610858,Data Collection|User Control & Deletion
1618_sltrib.com,6,Data Collection,0,0.7017342,0.1738228,0.14698236,0.3746895,0.09661199,0.5837844,0.35810673,Data Collection|Third-Party Sharing
1618_sltrib.com,7,Data Collection|Third-Party Sharing,0,0.54165447,0.45972216,0.2615241,0.52232206,0.18658249,0.5835206,0.4454329,Data Collection|Other/Unclear|Third-Party Sharing
1618_sltrib.com,8,Third-Party Sharing,0,0.5466771,0.17237297,0.16967225,0.52241623,0.118152685,0.51021206,0.46436697,Data Collection|Other/Unclear|Third-Party Sharing
1618_sltrib.com,9,Data Collection|Data Retention|Other/Unclear,0,0.41269797,0.7807821,0.51975816,0.51891816,0.49707985,0.48478246,0.61779916,Data Retention|Data Security|Other/Unclear|User Control & Deletion
1618_sltrib.com,10,Data Collection|Third-Party Sharing,0,0.52594656,0.274812,0.43477392,0.4370394,0.115910426,0.7103952,0.19494666,Data Collection|Third-Party Sharing
1618_sltrib.com,11,Data Collection,0,0.69670194,0.23300865,0.23622182,0.39858598,0.076382354,0.5607582,0.27388757,Data Collection|Third-Party Sharing
1618_sltrib.com,12,Data Collection|Other/Unclear|Third-Party Sharing|User Control & Deletion,0,0.72510034,0.20645572,0.1437695,0.3890732,0.08646423,0.5259551,0.5311141,Data Collection|Third-Party Sharing|User Control & Deletion
1618_sltrib.com,13,Data Collection,0,0.7293298,0.2696892,0.291487,0.37460086,0.0714747,0.5761618,0.2266798,Data Collection|Third-Party Sharing
1618_sltrib.com,14,Data Collection|Other/Unclear|Third-Party Sharing|User Control & Deletion,0,0.7205545,0.28220388,0.20472193,0.35245845,0.08000215,0.7175225,0.29475653,Data Collection|Third-Party Sharing
1618_sltrib.com,15,Data Collection|Other/Unclear,0,0.74433076,0.31967247,0.15609585,0.33608636,0.089055225,0.6014287,0.46700943,Data Collection|Third-Party Sharing
1618_sltrib.com,16,Data Collection|Third-Party Sharing,0,0.73112804,0.22326739,0.22302863,0.35915467,0.093004994,0.65694356,0.1936896,Data Collection|Third-Party Sharing
1618_sltrib.com,17,Other/Unclear|Third-Party Sharing|User Control & Deletion,0,0.73826534,0.2446174,0.18609278,0.3737894,0.08957323,0.6805577,0.3483287,Data Collection|Third-Party Sharing
1618_sltrib.com,18,Other/Unclear|Third-Party Sharing|User Control & Deletion,0,0.6945997,0.20080793,0.12496199,0.39158565,0.103835076,0.50109506,0.5738286,Data Collection|Third-Party Sharing|User Control & Deletion
1618_sltrib.com,19,Data Collection,0,0.70742875,0.21240991,0.20606782,0.35443935,0.08490451,0.6576177,0.233563,Data Collection|Third-Party Sharing
1618_sltrib.com,20,Other/Unclear|Third-Party Sharing,0,0.490481,0.18958956,0.20694672,0.5776396,0.17227079,0.52048165,0.4966341,Other/Unclear|Third-Party Sharing
1618_sltrib.com,21,Third-Party Sharing,0,0.599669,0.3133567,0.26317418,0.39182037,0.12892479,0.743493,0.31756184,Data Collection|Third-Party Sharing
1618_sltrib.com,22,User Control & Deletion,0,0.51025933,0.35898593,0.15166357,0.46720168,0.22376162,0.37414902,0.84059185,Data Collection|User Control & Deletion
1618_sltrib.com,23,Other/Unclear|User Control & Deletion,0,0.48451042,0.21037498,0.12685362,0.4804268,0.19229062,0.4120265,0.74324715,User Control & Deletion
1618_sltrib.com,24,Other/Unclear|User Control & Deletion,0,0.5010611,0.33181626,0.14101411,0.47805408,0.19277784,0.3813961,0.8349249,Data Collection|User Control & Deletion
1618_sltrib.com,25,Other/Unclear,0,0.4154505,0.3013393,0.1522078,0.520568,0.32964048,0.30124903,0.8295717,Other/Unclear|User Control & Deletion
1618_sltrib.com,26,Other/Unclear|User Control & Deletion,0,0.43716824,0.30410776,0.1439154,0.5169606,0.26726225,0.3015753,0.8511475,Other/Unclear|User Control & Deletion
1618_sltrib.com,27,Other/Unclear,0,0.40382013,0.30436766,0.15953507,0.52013797,0.35915205,0.2877534,0.8258942,Other/Unclear|User Control & Deletion
1618_sltrib.com,28,Other/Unclear,0,0.31170443,0.45341387,0.2425425,0.5806599,0.7856573,0.3114774,0.7225514,Other/Unclear|Policy Change|User Control & Deletion
1618_sltrib.com,29,Other/Unclear|User Control & Deletion,0,0.4378348,0.27363846,0.1323704,0.520149,0.31311068,0.29181877,0.8060869,Other/Unclear|User Control & Deletion
1618_sltrib.com,30,Data Security,0,0.34725708,0.47115883,0.886334,0.5725779,0.3706911,0.44357535,0.2640802,Data Security|Other/Unclear
1618_sltrib.com,31,Other/Unclear,0,0.27665108,0.18109353,0.24352251,0.67433804,0.30408144,0.35518676,0.5139003,Other/Unclear|User Control & Deletion
1618_sltrib.com,32,Other/Unclear,0,0.43459782,0.25307956,0.14773613,0.53793645,0.2743982,0.2931047,0.6895412,Other/Unclear|User Control & Deletion
1618_sltrib.com,33,Other/Unclear,0,0.24929336,0.19362901,0.3330327,0.7118747,0.5768134,0.27275005,0.3705647,Other/Unclear|Policy Change
1618_sltrib.com,34,Other/Unclear,0,0.30369195,0.21856357,0.34828076,0.67995816,0.3232241,0.4289757,0.34996742,Other/Unclear
1618_sltrib.com,35,Data Collection|Other/Unclear,0,0.64681596,0.29704264,0.21958907,0.44945157,0.08462828,0.61597985,0.44432768,Data Collection|Third-Party Sharing
1618_sltrib.com,36,Data Collection|Data Retention|Data Security|Other/Unclear|Third-Party Sharing,0,0.44282025,0.67012674,0.8013303,0.49049118,0.21207003,0.6022449,0.3403569,Data Retention|Data Security|Third-Party Sharing
1618_sltrib.com,37,Other/Unclear|Third-Party Sharing|User Control & Deletion,0,0.5296444,0.27728477,0.36144948,0.48075813,0.10839446,0.7212625,0.25220874,Data Collection|Third-Party Sharing
1618_sltrib.com,38,Other/Unclear|Third-Party Sharing,0,0.30778903,0.1836408,0.30303103,0.6657065,0.22525132,0.35065326,0.45504558,Other/Unclear
1618_sltrib.com,39,Other/Unclear|User Control & Deletion,0,0.6749195,0.1998761,0.19879265,0.39632818,0.098454796,0.5286265,0.2469947,Data Collection|Third-Party Sharing
1618_sltrib.com,40,Other/Unclear|User Control & Deletion,0,0.45985425,0.25141296,0.320199,0.5418457,0.277649,0.386485,0.3151777,Other/Unclear
1618_sltrib.com,41,Other/Unclear|User Control & Deletion,0,0.45954636,0.3898765,0.17866087,0.493947,0.29357818,0.34308007,0.6885576,User Control & Deletion
1618_sltrib.com,42,Other/Unclear|User Control & Deletion,0,0.3546605,0.51007897,0.3637629,0.59788215,0.33189693,0.44959295,0.4474098,Data Retention|Other/Unclear
1618_sltrib.com,43,Other/Unclear,0,0.39211032,0.42722735,0.6372519,0.57295,0.19306773,0.3960309,0.34756953,Data Security|Other/Unclear
1618_sltrib.com,44,Other/Unclear|Policy Change,0,0.25672287,0.33827034,0.36709064,0.63547117,0.9158387,0.28406304,0.46949205,Other/Unclear|Policy Change
1636_sidearmsports.com,0,Other/Unclear,4,0.30508822,0.18030177,0.34425825,0.65915126,0.40710264,0.31956235,0.31345743,Other/Unclear
1636_sidearmsports.com,1,Other/Unclear,4,0.28107452,0.21829993,0.4901404,0.6733157,0.46419916,0.48387566,0.2551827,Other/Unclear
1636_sidearmsports.com,2,Other/Unclear,4,0.40943384,0.2823618,0.5821501,0.59633493,0.15415467,0.5709266,0.19269897,Data Security|Other/Unclear|Third-Party Sharing
1636_sidearmsports.com,3,Data Collection|Third-Party Sharing,4,0.77554244,0.2807428,0.26359117,0.32302427,0.09296533,0.64285016,0.19207883,Data Collection|Third-Party Sharing
1636_sidearmsports.com,4,Data Collection,4,0.73912764,0.27074412,0.26456586,0.3579806,0.075057305,0.62820315,0.2821458,Data Collection|Third-Party Sharing
1636_sidearmsports.com,5,Data Collection|Data Security|Third-Party Sharing,4,0.6554325,0.3453438,0.5016376,0.37606344,0.116243735,0.76167005,0.18568975,Data Collection|Data Security|Third-Party Sharing
1636_sidearmsports.com,6,Third-Party Sharing|User Control & Deletion,4,0.7126035,0.34144565,0.18939391,0.43113104,0.09036141,0.63407415,0.36860135,Data Collection|Third-Party Sharing
1636_sidearmsports.com,7,Data Collection|Other/Unclear|Third-Party Sharing,4,0.71992224,0.32707417,0.140267,0.4110923,0.10607704,0.6024255,0.48665944,Data Collection|Third-Party Sharing
1636_sidearmsports.com,8,Data Collection|Other/Unclear,4,0.41100562,0.2055335,0.25298324,0.61793196,0.21120521,0.54600835,0.36253121,Other/Unclear|Third-Party Sharing
1636_sidearmsports.com,9,Data Collection|Other/Unclear|Third-Party Sharing,4,0.44606322,0.2674392,0.5742204,0.5841413,0.19060075,0.60514337,0.1627645,Data Security|Other/Unclear|Third-Party Sharing
1636_sidearmsports.com,10,Data Collection|Other/Unclear|Third-Party Sharing,4,0.6482376,0.32752776,0.16307387,0.4292663,0.075472735,0.62117285,0.5410966,Data Collection|Third-Party Sharing|User Control & Deletion
1636_sidearmsports.com,11,Data Collection|Third-Party Sharing,4,0.7537835,0.22941335,0.16281338,0.36346394,0.09032598,0.62780136,0.28200573,Data Collection|Third-Party Sharing
1636_sidearmsports.com,12,Data Collection|Other/Unclear,4,0.73442346,0.25416836,0.29768592,0.37106752,0.098756015,0.6172382,0.19063824,Data Collection|Third-Party Sharing
1636_sidearmsports.com,13,Data Collection,4,0.7595897,0.26547155,0.28035843,0.3414522,0.093642935,0.59994495,0.18667112,Data Collection|Third-Party Sharing
1636_sidearmsports.com,14,Data Collection|Other/Unclear,4,0.7427388,0.3251782,0.3499678,0.40519232,0.066346645,0.57053936,0.26869678,Data Collection|Third-Party Sharing
1636_sidearmsports.com,15,Third-Party Sharing,4,0.6957027,0.26095128,0.3120905,0.3709972,0.0931492,0.70558697,0.19574139,Data Collection|Third-Party Sharing
1636_sidearmsports.com,16,Data Collection|Other/Unclear|Third-Party Sharing,4,0.4847336,0.24110128,0.60078925,0.555744,0.15320152,0.59578425,0.16713068,Data Security|Other/Unclear|Third-Party Sharing
1636_sidearmsports.com,17,Data Collection,4,0.8045089,0.4007894,0.24119592,0.32829568,0.08330239,0.5549116,0.31462538,Data Collection|Third-Party Sharing
1636_sidearmsports.com,18,Data Collection,4,0.6873026,0.34952888,0.14572363,0.40393922,0.11036748,0.34169632,0.6283311,Data Collection|User Control & Deletion
1636_sidearmsports.com,19,Data Collection|Data Retention,4,0.67952764,0.60436803,0.18481155,0.3839422,0.1360807,0.4559932,0.7444437,Data Collection|Data Retention|User Control & Deletion
1636_sidearmsports.com,20,Data Collection|Other/Unclear,4,0.60441864,0.21218418,0.24344805,0.5012819,0.091885395,0.62821317,0.2625471,Data Collection|Other/Unclear|Third-Party Sharing
1636_sidearmsports.com,21,Third-Party Sharing,4,0.7361551,0.26466593,0.27308324,0.34897083,0.08735956,0.7027725,0.2095876,Data Collection|Third-Party Sharing
1636_sidearmsports.com,22,Other/Unclear,4,0.5235161,0.32246235,0.59850645,0.500807,0.10577992,0.6328043,0.19141486,Data Collection|Data Security|Other/Unclear|Third-Party Sharing
1636_sidearmsports.com,23,Other/Unclear|User Control & Deletion,4,0.35061392,0.2638765,0.31616426,0.62097603,0.17353714,0.44491574,0.45266077,Other/Unclear
1636_sidearmsports.com,24,Data Collection,4,0.8021014,0.26777536,0.20233043,0.32333001,0.09388946,0.5218738,0.24757765,Data Collection|Third-Party Sharing
1636_sidearmsports.com,25,Data Collection,4,0.72961015,0.21871424,0.28370675,0.364344,0.12214361,0.6291806,0.1857181,Data Collection|Third-Party Sharing
1636_sidearmsports.com,26,Data Collection,4,0.7834785,0.33926243,0.16889566,0.3419879,0.124915555,0.490939,0.427717,Data Collection
1636_sidearmsports.com,27,Data Collection|Third-Party Sharing,4,0.72408545,0.24151795,0.27506506,0.38795486,0.10806286,0.6911279,0.1857021,Data Collection|Third-Party Sharing
1636_sidearmsports.com,28,Data Collection|Other/Unclear,4,0.4527584,0.16031775,0.19604594,0.5846276,0.21246935,0.39878184,0.50665534,Other/Unclear|User Control & Deletion
1636_sidearmsports.com,29,Third-Party Sharing,4,0.53088796,0.40274352,0.32988992,0.47497642,0.119259454,0.7425789,0.37847325,Data Collection|Third-Party Sharing
1636_sidearmsports.com,30,Other/Unclear|Third-Party Sharing,4,0.4527364,0.22152497,0.28758776,0.62168646,0.19806385,0.57700825,0.2389916,Other/Unclear|Third-Party Sharing
1636_sidearmsports.com,31,Third-Party Sharing,4,0.6556758,0.36620843,0.34641284,0.3456714,0.16645916,0.76288486,0.2665699,Data Collection|Third-Party Sharing
1636_sidearmsports.com,32,Third-Party Sharing,4,0.6856112,0.21328649,0.27451533,0.41853905,0.1526701,0.58708215,0.16392325,Data Collection|Third-Party Sharing
1636_sidearmsports.com,33,Data Security|Third-Party Sharing,4,0.5113603,0.4401917,0.73474693,0.45943516,0.18034714,0.7536371,0.22481619,Data Collection|Data Security|Third-Party Sharing
1636_sidearmsports.com,34,Other/Unclear|Third-Party Sharing,4,0.29520395,0.5634372,0.41773415,0.60513365,0.31333038,0.67346686,0.51734644,Data Retention|Other/Unclear|Third-Party Sharing|User Control & Deletion
1636_sidearmsports.com,35,Data Collection|Other/Unclear|Third-Party Sharing|User Control & Deletion,4,0.28408462,0.32913986,0.41217205,0.6465404,0.31701288,0.5451864,0.4825423,Other/Unclear|Third-Party Sharing
1636_sidearmsports.com,36,Data Collection|Other/Unclear|Policy Change,4,0.29936588,0.5409468,0.22496065,0.60133725,0.552888,0.3664484,0.750994,Data Retention|Other/Unclear|Policy Change|User Control & Deletion
1636_sidearmsports.com,37,User Control & Deletion,4,0.41908574,0.26583692,0.164895,0.51919305,0.18996799,0.2916544,0.7440072,Other/Unclear|User Control & Deletion
1636_sidearmsports.com,38,Data Collection|User Control & Deletion,4,0.52338296,0.38058513,0.13407964,0.46542418,0.1477527,0.32821113,0.82933104,Data Collection|User Control & Deletion
1636_sidearmsports.com,39,Data Collection|Third-Party Sharing,4,0.7570833,0.23342143,0.19435431,0.37004206,0.08597278,0.6091491,0.23353226,Data Collection|Third-Party Sharing
1636_sidearmsports.com,40,Data Collection|Other/Unclear|Third-Party Sharing|User Control & Deletion,4,0.74225515,0.39924663,0.12971392,0.36652678,0.10570731,0.43938538,0.65863836,Data Collection|User Control & Deletion
1636_sidearmsports.com,41,Data Collection|Data Security|Other/Unclear,4,0.440594,0.47865954,0.5889405,0.5522901,0.16732402,0.4871138,0.42807674,Data Security|Other/Unclear
1636_sidearmsports.com,42,Data Collection|Data Retention|Third-Party Sharing,4,0.64329416,0.46959844,0.15625104,0.43580753,0.111423165,0.48421508,0.6827449,Data Collection|User Control & Deletion
1636_sidearmsports.com,43,User Control & Deletion,4,0.4757913,0.48523393,0.1548872,0.47443518,0.30215067,0.27973092,0.834067,User Control & Deletion
1636_sidearmsports.com,44,Data Security|Other/Unclear,4,0.38340968,0.5008761,0.89516973,0.5280936,0.33328682,0.4444499,0.2568267,Data Retention|Data Security|Other/Unclear
1636_sidearmsports.com,45,Third-Party Sharing,4,0.55051184,0.3122602,0.48582116,0.4347761,0.11834492,0.71701133,0.18949994,Data Collection|Third-Party Sharing
1636_sidearmsports.com,46,Data Collection|Other/Unclear,4,0.41996232,0.17094176,0.33241883,0.5926515,0.14246568,0.4884123,0.28731832,Other/Unclear
1636_sidearmsports.com,47,Data Collection|Data Security|Other/Unclear|Third-Party Sharing,4,0.55679405,0.24859495,0.33330342,0.5527495,0.12245743,0.579561,0.24374758,Data Collection|Other/Unclear|Third-Party Sharing
1636_sidearmsports.com,48,Data Collection|Other/Unclear,4,0.43037122,0.8059398,0.33379376,0.5227678,0.32189658,0.5324415,0.73826677,Data Retention|Other/Unclear|Third-Party Sharing|User Control & Deletion
1636_sidearmsports.com,49,Other/Unclear|Policy Change,4,0.3210703,0.45638022,0.39341807,0.620102,0.9011463,0.3478602,0.4651696,Other/Unclear|Policy Change
1636_sidearmsports.com,50,Other/Unclear|User Control & Deletion,4,0.2828721,0.29064855,0.19908437,0.5978034,0.332478,0.37732852,0.7775679,Other/Unclear|User Control & Deletion
1636_sidearmsports.com,51,Policy Change,4,0.2778324,0.4339273,0.3696954,0.6271583,0.9234096,0.32483634,0.51259977,Other/Unclear|Policy Change|User Control & Deletion
164_adweek.com,0,Data Collection|Other/Unclear|Policy Change,3,0.24301952,0.17139083,0.26427385,0.6925939,0.5470588,0.323723,0.36781654,Other/Unclear|Policy Change
164_adweek.com,1,Data Collection,3,0.76512563,0.27329323,0.15566143,0.34077528,0.08364333,0.5493883,0.37264863,Data Collection|Third-Party Sharing
164_adweek.com,2,Data Collection|Other/Unclear|User Control & Deletion,3,0.7501058,0.3359596,0.18165743,0.37009594,0.07207287,0.48438632,0.5648037,Data Collection|User Control & Deletion
164_adweek.com,3,Data Collection,3,0.7972079,0.30320466,0.20629399,0.33953515,0.08351108,0.53659743,0.331281,Data Collection|Third-Party Sharing
164_adweek.com,4,Data Collection|Third-Party Sharing|User Control & Deletion,3,0.67848104,0.30229136,0.21441461,0.41280764,0.07132891,0.6781643,0.42610097,Data Collection|Third-Party Sharing
164_adweek.com,5,Data Collection,3,0.78261614,0.28192726,0.16609119,0.33305502,0.07972881,0.6009753,0.39275753,Data Collection|Third-Party Sharing
164_adweek.com,6,Data Collection|User Control & Deletion,3,0.78565717,0.2837478,0.21929038,0.3227576,0.07909634,0.55571395,0.27610004,Data Collection|Third-Party Sharing
164_adweek.com,7,Other/Unclear|Third-Party Sharing,3,0.5936999,0.2696761,0.3487201,0.43037528,0.0971664,0.71362436,0.20958808,Data Collection|Third-Party Sharing
164_adweek.com,8,Data Security|Third-Party Sharing,3,0.5198161,0.50405943,0.7213283,0.44196886,0.17116372,0.7456483,0.22346024,Data Collection|Data Retention|Data Security|Third-Party Sharing
164_adweek.com,9,Other/Unclear|Third-Party Sharing|User Control & Deletion,3,0.62406665,0.24315906,0.15561193,0.4314025,0.09015948,0.6069853,0.4873826,Data Collection|Third-Party Sharing
164_adweek.com,10,Third-Party Sharing,3,0.5959093,0.32629776,0.46812823,0.38388124,0.11869491,0.7541069,0.17191848,Data Collection|Third-Party Sharing
164_adweek.com,11,Data Security,3,0.38667557,0.39511016,0.89001966,0.5617782,0.26085496,0.47441673,0.22458844,Data Security|Other/Unclear
164_adweek.com,12,Data Retention|Other/Unclear,3,0.38723627,0.5508238,0.6684121,0.56028503,0.20364366,0.67495346,0.31651282,Data Retention|Data Security|Other/Unclear|Third-Party Sharing
164_adweek.com,13,Data Collection|Other/Unclear,3,0.38969088,0.17707975,0.27297464,0.6297093,0.22185342,0.37667122,0.33390954,Other/Unclear
164_adweek.com,14,Other/Unclear|User Control & Deletion,3,0.25982493,0.29917017,0.16809502,0.61465746,0.5751646,0.24032265,0.75150424,Other/Unclear|Policy Change|User Control & Deletion
164_adweek.com,15,Other/Unclear,3,0.30854058,0.1480965,0.20728578,0.6692241,0.3781502,0.2611256,0.41415718,Other/Unclear
164_adweek.com,16,Policy Change,3,0.23595001,0.3347263,0.3367899,0.6214941,0.93413144,0.29580092,0.5048949,Other/Unclear|Policy Change|User Control & Deletion
1666_wsmv.com,0,Other/Unclear,3,0.2792951,0.1798304,0.3737944,0.69529873,0.46564394,0.29435197,0.2697658,Other/Unclear
1666_wsmv.com,1,Data Security|Other/Unclear,3,0.41484004,0.35223418,0.8077615,0.61101323,0.24874008,0.49767986,0.17124201,Data Security|Other/Unclear
1666_wsmv.com,2,Data Collection|Other/Unclear|Third-Party Sharing,3,0.24353918,0.29788026,0.5029071,0.70369273,0.39359453,0.46268904,0.32714775,Data Security|Other/Unclear
1666_wsmv.com,3,Other/Unclear|Policy Change,3,0.19946226,0.27990174,0.35927975,0.69354576,0.87743676,0.27193296,0.42747068,Other/Unclear|Policy Change
1666_wsmv.com,4,Data Collection,3,0.68693745,0.22723928,0.30907282,0.43941808,0.115051344,0.5770905,0.19145873,Data Collection|Third-Party Sharing
1666_wsmv.com,5,Data Collection|Other/Unclear,3,0.79381436,0.29349977,0.20351416,0.3435931,0.0836764,0.54948884,0.32470885,Data Collection|Third-Party Sharing
1666_wsmv.com,6,Data Collection|Third-Party Sharing,3,0.7768099,0.27794838,0.20944501,0.334765,0.08623521,0.62520516,0.2514072,Data Collection|Third-Party Sharing
1666_wsmv.com,7,Data Collection|Other/Unclear|Third-Party Sharing,3,0.78001064,0.35479778,0.24631627,0.3729971,0.07398533,0.6224156,0.32158408,Data Collection|Third-Party Sharing
1666_wsmv.com,8,Data Collection|Other/Unclear|User Control & Deletion,3,0.68412566,0.43977413,0.32449135,0.39312002,0.0815101,0.46192154,0.58773404,Data Collection|User Control & Deletion
1666_wsmv.com,9,Data Collection|Other/Unclear|Third-Party Sharing|User Control & Deletion,3,0.7401774,0.24605767,0.13813956,0.34031168,0.08306632,0.57139057,0.50310683,Data Collection|Third-Party Sharing|User Control & Deletion
1666_wsmv.com,10,Other/Unclear|User Control & Deletion,3,0.42426005,0.32439741,0.17347933,0.5415077,0.27628055,0.2743532,0.8229281,Other/Unclear|User Control & Deletion
1666_wsmv.com,11,Data Collection|Third-Party Sharing,3,0.771071,0.33142513,0.2080824,0.34134448,0.06534569,0.5876224,0.43055138,Data Collection|Third-Party Sharing
1666_wsmv.com,12,Data Collection,3,0.6793137,0.50753087,0.2037607,0.39489233,0.11550855,0.4822215,0.7412059,Data Collection|Data Retention|User Control & Deletion
1666_wsmv.com,13,Other/Unclear,3,0.4380917,0.22668311,0.32576352,0.61001205,0.13632053,0.44796965,0.2903174,Other/Unclear
1666_wsmv.com,14,Other/Unclear,3,0.47915092,0.3633232,0.45515555,0.5375682,0.086381204,0.632064,0.2884595,Other/Unclear|Third-Party Sharing
1666_wsmv.com,15,Other/Unclear,3,0.5060824,0.44362575,0.2919278,0.54753333,0.121132255,0.5712558,0.49410555,Data Collection|Other/Unclear|Third-Party Sharing
1666_wsmv.com,16,Data Collection|Third-Party Sharing,3,0.747816,0.26527983,0.2859741,0.3677371,0.10002543,0.6347339,0.18183275,Data Collection|Third-Party Sharing
1666_wsmv.com,17,Other/Unclear,3,0.46124056,0.26488584,0.4773945,0.5661422,0.1299093,0.5991474,0.17595725,Other/Unclear|Third-Party Sharing
1666_wsmv.com,18,Data Collection|Other/Unclear|Third-Party Sharing|User Control & Deletion,3,0.32541776,0.5021086,0.20872389,0.56365913,0.39903525,0.4692017,0.80550176,Data Retention|Other/Unclear|User Control & Deletion
1666_wsmv.com,19,Other/Unclear|User Control & Deletion,3,0.4382128,0.5092372,0.3983052,0.54780966,0.17081779,0.621027,0.53652024,Data Retention|Other/Unclear|Third-Party Sharing|User Control & Deletion
1666_wsmv.com,20,Third-Party Sharing,3,0.6315167,0.36318076,0.34171048,0.38267532,0.14565578,0.7837393,0.25471216,Data Collection|Third-Party Sharing
1666_wsmv.com,21,Data Collection,3,0.74102426,0.29580444,0.2119871,0.37986386,0.081616834,0.6114019,0.38629982,Data Collection|Third-Party Sharing
1666_wsmv.com,22,Data Collection|Third-Party Sharing,3,0.73207146,0.44097373,0.20678373,0.39718148,0.087083936,0.6109996,0.4994251,Data Collection|Third-Party Sharing
1666_wsmv.com,23,Data Collection|Third-Party Sharing,3,0.7147284,0.26440248,0.27630255,0.36349177,0.09578243,0.7204038,0.19255222,Data Collection|Third-Party Sharing
1666_wsmv.com,24,Other/Unclear|Third-Party Sharing,3,0.3499684,0.5363658,0.73515916,0.581873,0.2592158,0.58139914,0.31545,Data Retention|Data Security|Other/Unclear|Third-Party Sharing
1666_wsmv.com,25,Other/Unclear|Policy Change,3,0.45685998,0.34744972,0.31251773,0.533658,0.14676858,0.7226844,0.3582408,Other/Unclear|Third-Party Sharing
1666_wsmv.com,26,Data Security|Other/Unclear,3,0.39296234,0.3844924,0.88720804,0.5695896,0.2754334,0.4337565,0.22952153,Data Security|Other/Unclear
1666_wsmv.com,27,Data Retention|Other/Unclear|User Control & Deletion,3,0.33225375,0.7258318,0.4427136,0.5842331,0.6331737,0.38591293,0.6494945,Data Retention|Other/Unclear|Policy Change|User Control & Deletion
1666_wsmv.com,28,Other/Unclear|Third-Party Sharing,3,0.65515065,0.2168283,0.14202304,0.41755274,0.09302138,0.6016597,0.4714126,Data Collection|Third-Party Sharing
1666_wsmv.com,29,Other/Unclear,3,0.24841619,0.1787656,0.3312015,0.7049551,0.5507897,0.25869003,0.31150737,Other/Unclear|Policy Change
1666_wsmv.com,30,Other/Unclear|Policy Change,3,0.27289578,0.33232838,0.34818405,0.6517748,0.8971471,0.27878445,0.44689944,Other/Unclear|Policy Change
1673_tulsaworld.com,0,Other/Unclear,1,0.2646899,0.1974679,0.3757514,0.680417,0.46766624,0.31875175,0.3146722,Other/Unclear
1673_tulsaworld.com,1,Other/Unclear,1,0.2174811,0.2221373,0.29381,0.7144963,0.69685084,0.34057713,0.48930833,Other/Unclear|Policy Change
1673_tulsaworld.com,2,Other/Unclear,1,0.44185042,0.36352605,0.836112,0.5784423,0.25435466,0.44900262,0.18373589,Data Security|Other/Unclear
1673_tulsaworld.com,3,Other/Unclear|User Control & Deletion,1,0.22181977,0.2442739,0.24229845,0.687517,0.67294604,0.28351438,0.5815405,Other/Unclear|Policy Change|User Control & Deletion
1673_tulsaworld.com,4,Policy Change,1,0.24500962,0.39499766,0.36613345,0.6549043,0.9217501,0.2966382,0.49421135,Other/Unclear|Policy Change
1673_tulsaworld.com,5,Other/Unclear,1,0.36362585,0.3283108,0.6883544,0.62830615,0.3160824,0.37531427,0.2578507,Data Security|Other/Unclear
1673_tulsaworld.com,6,Data Collection,1,0.5907176,0.27336413,0.51054496,0.46321738,0.16348244,0.5330123,0.17978346,Data Collection|Data Security|Third-Party Sharing
1673_tulsaworld.com,7,Third-Party Sharing,1,0.40333554,0.26081935,0.4477059,0.58610696,0.14523001,0.6821587,0.23757264,Other/Unclear|Third-Party Sharing
1673_tulsaworld.com,8,Third-Party Sharing,1,0.404254,0.19299772,0.47448725,0.5837071,0.22344168,0.5238578,0.23483893,Other/Unclear|Third-Party Sharing
1673_tulsaworld.com,9,Third-Party Sharing,1,0.49115124,0.2209592,0.3646446,0.50302565,0.10518054,0.60449445,0.22368744,Other/Unclear|Third-Party Sharing
1673_tulsaworld.com,10,Data Security|Third-Party Sharing,1,0.44780573,0.5057472,0.78887737,0.5001871,0.17101988,0.6353616,0.22585405,Data Retention|Data Security|Other/Unclear|Third-Party Sharing
1673_tulsaworld.com,11,Data Collection,1,0.63504493,0.19647996,0.19351244,0.43338156,0.09651463,0.47756898,0.4165646,Data Collection
1673_tulsaworld.com,12,Data Collection,1,0.6648026,0.15874912,0.1985382,0.37883654,0.091028936,0.6105497,0.2680911,Data Collection|Third-Party Sharing
1673_tulsaworld.com,13,Data Collection|Third-Party Sharing,1,0.7757082,0.20680833,0.23893674,0.33833042,0.091237694,0.64374447,0.22916523,Data Collection|Third-Party Sharing
1673_tulsaworld.com,14,Data Collection|Other/Unclear,1,0.6340622,0.2706815,0.27575713,0.46973908,0.12996195,0.54526156,0.3278681,Data Collection|Third-Party Sharing
1673_tulsaworld.com,15,Data Collection,1,0.39340568,0.44701868,0.20031458,0.5540598,0.20613943,0.3748156,0.7441711,Other/Unclear|User Control & Deletion
1673_tulsaworld.com,16,Data Collection|Other/Unclear|Third-Party Sharing,1,0.7226841,0.24164452,0.35267732,0.3542202,0.0837073,0.6751363,0.19289152,Data Collection|Third-Party Sharing
1673_tulsaworld.com,17,Data Collection|Other/Unclear,1,0.6985946,0.29152036,0.3883772,0.39151886,0.08153947,0.5264761,0.29872486,Data Collection|Third-Party Sharing
1673_tulsaworld.com,18,Other/Unclear|Third-Party Sharing,1,0.588806,0.2862923,0.29032102,0.46691594,0.08734875,0.723299,0.35798544,Data Collection|Third-Party Sharing
1673_tulsaworld.com,19,User Control & Deletion,1,0.45727015,0.6506301,0.19624689,0.50041175,0.37407613,0.30469352,0.87771523,Data Retention|Other/Unclear|User Control & Deletion
1673_tulsaworld.com,20,Data Collection|Third-Party Sharing,1,0.71951807,0.2726922,0.37653968,0.38639536,0.09313287,0.64760923,0.18733218,Data Collection|Third-Party Sharing
1673_tulsaworld.com,21,Data Collection,1,0.6950701,0.23322378,0.4405751,0.42376104,0.14560416,0.53478163,0.19662514,Data Collection|Third-Party Sharing
1673_tulsaworld.com,22,Data Collection,1,0.67888296,0.18358788,0.29726714,0.40780908,0.107778884,0.5911012,0.19352923,Data Collection|Third-Party Sharing
1673_tulsaworld.com,23,Data Collection|Third-Party Sharing,1,0.72802377,0.1794174,0.21167636,0.35491896,0.092706025,0.6592849,0.23505387,Data Collection|Third-Party Sharing
1673_tulsaworld.com,24,Data Collection|User Control & Deletion,1,0.663071,0.3066169,0.11701914,0.40139484,0.15980242,0.45348406,0.70551956,Data Collection|User Control & Deletion
1673_tulsaworld.com,25,Data Collection|Third-Party Sharing|User Control & Deletion,1,0.7077501,0.2838428,0.19381677,0.37511808,0.0997419,0.7019691,0.36130047,Data Collection|Third-Party Sharing
1673_tulsaworld.com,26,Data Collection|Other/Unclear|Third-Party Sharing,1,0.55915487,0.3695813,0.73153484,0.45343062,0.12140551,0.6902422,0.1676882,Data Collection|Data Security|Third-Party Sharing
1673_tulsaworld.com,27,Data Collection,1,0.5991094,0.14806396,0.16317227,0.4534614,0.11925201,0.50003916,0.3766947,Data Collection|Third-Party Sharing
1673_tulsaworld.com,28,Data Collection|Data Security|Third-Party Sharing,1,0.6709343,0.3357851,0.3047191,0.38955605,0.07712822,0.714161,0.35882586,Data Collection|Third-Party Sharing
1673_tulsaworld.com,29,Data Collection,1,0.6993289,0.22137876,0.1854415,0.36479154,0.07414793,0.5813703,0.383457,Data Collection|Third-Party Sharing
1673_tulsaworld.com,30,Data Collection|Third-Party Sharing,1,0.702624,0.16951102,0.15379556,0.35828382,0.08669274,0.5872191,0.40660998,Data Collection|Third-Party Sharing
1673_tulsaworld.com,31,Other/Unclear|Third-Party Sharing,1,0.56560266,0.32925722,0.47891566,0.44346914,0.11023749,0.76234543,0.24501678,Data Collection|Third-Party Sharing
1673_tulsaworld.com,32,Third-Party Sharing,1,0.53847575,0.44904983,0.5239952,0.4305437,0.2139699,0.7247183,0.26008758,Data Collection|Data Security|Third-Party Sharing
1673_tulsaworld.com,33,Data Collection|Other/Unclear|User Control & Deletion,1,0.28991506,0.18660298,0.3872518,0.6938701,0.31823742,0.44020754,0.28074422,Other/Unclear
1673_tulsaworld.com,34,Other/Unclear|User Control & Deletion,1,0.22250241,0.3559527,0.4617455,0.7073664,0.5359689,0.41111535,0.453678,Other/Unclear|Policy Change
1673_tulsaworld.com,35,Other/Unclear|Third-Party Sharing,1,0.3374084,0.2591472,0.4601695,0.66732407,0.17929171,0.5986068,0.28478646,Other/Unclear|Third-Party Sharing
1673_tulsaworld.com,36,Other/Unclear|Third-Party Sharing,1,0.2769025,0.23028906,0.4421495,0.7101947,0.35748035,0.48126352,0.29404858,Other/Unclear
1673_tulsaworld.com,37,Data Security|Other/Unclear,1,0.4032159,0.43646285,0.83203816,0.5348998,0.23268513,0.45671448,0.27824068,Data Security|Other/Unclear
1673_tulsaworld.com,38,User Control & Deletion,1,0.37274405,0.56529933,0.17479298,0.5222164,0.4262901,0.28889054,0.8672067,Data Retention|Other/Unclear|User Control & Deletion
1673_tulsaworld.com,39,User Control & Deletion,1,0.3688319,0.51267743,0.16347843,0.5197872,0.3872502,0.3311887,0.8499457,Data Retention|Other/Unclear|User Control & Deletion
1673_tulsaworld.com,40,Other/Unclear|User Control & Deletion,1,0.5824051,0.2751381,0.13915266,0.40021554,0.14186184,0.3990045,0.76797134,Data Collection|User Control & Deletion
1673_tulsaworld.com,41,Policy Change|User Control & Deletion,1,0.40768096,0.56005275,0.15851603,0.5055726,0.34710848,0.3460949,0.8178587,Data Retention|Other/Unclear|User Control & Deletion
1673_tulsaworld.com,42,Data Security,1,0.42278025,0.44462907,0.8915685,0.52563727,0.24905859,0.45059633,0.21131258,Data Security|Other/Unclear
1673_tulsaworld.com,43,Data Security,1,0.41822582,0.39851657,0.8919152,0.52665585,0.2293411,0.46845967,0.2012084,Data Security|Other/Unclear
1673_tulsaworld.com,44,Other/Unclear|User Control & Deletion,1,0.44525436,0.5782122,0.15678678,0.5123156,0.38997632,0.30524623,0.8426546,Data Retention|Other/Unclear|User Control & Deletion
1673_tulsaworld.com,45,Other/Unclear|Third-Party Sharing,1,0.27755335,0.23557799,0.49804926,0.7187193,0.3784279,0.40846872,0.30219603,Other/Unclear
1673_tulsaworld.com,46,Other/Unclear,1,0.25299042,0.19409065,0.25548914,0.69932336,0.4440453,0.26548207,0.52339154,Other/Unclear|User Control & Deletion
1673_tulsaworld.com,47,Other/Unclear,1,0.40444,0.50946045,0.44123128,0.5693457,0.42240152,0.48918507,0.560943,Data Retention|Other/Unclear|User Control & Deletion
1683_dailynews.com,0,Other/Unclear,3,0.22361892,0.2110964,0.3216435,0.7118886,0.56801814,0.40537968,0.3795282,Other/Unclear|Policy Change
1683_dailynews.com,1,Policy Change,3,0.2266838,0.3048289,0.32460177,0.6440474,0.9212968,0.27940238,0.4876652,Other/Unclear|Policy Change
1683_dailynews.com,2,Data Collection,3,0.7404856,0.23607872,0.16964476,0.35473174,0.08370427,0.5699352,0.32795358,Data Collection|Third-Party Sharing
1683_dailynews.com,3,Data Collection|User Control & Deletion,3,0.59158415,0.44503552,0.19462259,0.4477781,0.22396395,0.31836623,0.84559137,Data Collection|User Control & Deletion
1683_dailynews.com,4,Data Collection,3,0.7646739,0.28738335,0.18381682,0.34091818,0.07033611,0.59648585,0.37032077,Data Collection|Third-Party Sharing
1683_dailynews.com,5,Data Collection,3,0.6382353,0.22866075,0.12201061,0.3957886,0.12770505,0.41876656,0.68027157,Data Collection|User Control & Deletion
1683_dailynews.com,6,Data Collection|Other/Unclear|Third-Party Sharing,3,0.67403704,0.28964096,0.14800794,0.4384,0.08469664,0.5786884,0.5323387,Data Collection|Third-Party Sharing|User Control & Deletion
1683_dailynews.com,7,Data Collection|Data Retention,3,0.4325983,0.71287525,0.55641174,0.5486904,0.40137398,0.50959414,0.5712032,Data Retention|Data Security|Other/Unclear|Third-Party Sharing|User Control & Deletion
1683_dailynews.com,8,Data Collection|Third-Party Sharing,3,0.52423674,0.2769464,0.36794347,0.4538128,0.12146051,0.7219026,0.21818829,Data Collection|Third-Party Sharing
1683_dailynews.com,9,Data Collection,3,0.7419711,0.23940791,0.20553926,0.36715952,0.07814144,0.5267764,0.29608974,Data Collection|Third-Party Sharing
1683_dailynews.com,10,Data Collection|Other/Unclear|Third-Party Sharing,3,0.74456465,0.23477899,0.1542135,0.3717217,0.08229238,0.48209006,0.5671331,Data Collection|User Control & Deletion
1683_dailynews.com,11,Data Collection,3,0.7655457,0.27235714,0.28798404,0.35414755,0.07808886,0.5238979,0.23407538,Data Collection|Third-Party Sharing
1683_dailynews.com,12,Other/Unclear,3,0.68829125,0.25994688,0.22205596,0.39140114,0.08753582,0.5625783,0.29566306,Data Collection|Third-Party Sharing
1683_dailynews.com,13,Data Collection|Third-Party Sharing,3,0.7130238,0.3313409,0.19875878,0.37258416,0.07535921,0.6975702,0.41856962,Data Collection|Third-Party Sharing
1683_dailynews.com,14,Data Collection,3,0.7825237,0.28101957,0.20571254,0.32537746,0.08087459,0.5419586,0.3059577,Data Collection|Third-Party Sharing
1683_dailynews.com,15,Data Collection|Third-Party Sharing,3,0.7560657,0.23306744,0.21720837,0.34854847,0.0921624,0.60341674,0.2218537,Data Collection|Third-Party Sharing
1683_dailynews.com,16,Data Collection|Third-Party Sharing,3,0.74438995,0.2620923,0.17529175,0.37259302,0.08726203,0.6453001,0.4208707,Data Collection|Third-Party Sharing
1683_dailynews.com,17,Data Collection|Third-Party Sharing,3,0.47254488,0.29100958,0.24855076,0.55366796,0.20802462,0.6605019,0.48535007,Other/Unclear|Third-Party Sharing
1683_dailynews.com,18,Data Collection|Other/Unclear|User Control & Deletion,3,0.45573497,0.347255,0.14187483,0.4947894,0.24355152,0.39054376,0.8429127,User Control & Deletion
1683_dailynews.com,19,Other/Unclear|Third-Party Sharing|User Control & Deletion,3,0.4384633,0.35633108,0.14704604,0.50143313,0.2649214,0.32370138,0.8601623,Other/Unclear|User Control & Deletion
1683_dailynews.com,20,Other/Unclear|User Control & Deletion,3,0.39448112,0.33405295,0.15296757,0.51861477,0.34556693,0.27185783,0.8590487,Other/Unclear|User Control & Deletion
1683_dailynews.com,21,Other/Unclear,3,0.2908309,0.4563126,0.23950344,0.5959576,0.72671074,0.3208631,0.7350965,Other/Unclear|Policy Change|User Control & Deletion
1683_dailynews.com,22,Other/Unclear|User Control & Deletion,3,0.46239325,0.25944838,0.12702018,0.49777353,0.24980381,0.280554,0.78928655,User Control & Deletion
1683_dailynews.com,23,Data Security,3,0.3384848,0.4195848,0.8767082,0.5871009,0.37604833,0.4380569,0.24634726,Data Security|Other/Unclear
1683_dailynews.com,24,Other/Unclear,3,0.28710854,0.18318509,0.18795525,0.6501436,0.3206142,0.3247896,0.5436138,Other/Unclear|User Control & Deletion
1683_dailynews.com,25,Other/Unclear|Third-Party Sharing,3,0.4635888,0.39462706,0.42222223,0.5949089,0.19531891,0.4875905,0.41088942,Other/Unclear
1683_dailynews.com,26,Other/Unclear,3,0.23376764,0.17277665,0.2964736,0.718691,0.6382166,0.25232038,0.32576182,Other/Unclear|Policy Change
1683_dailynews.com,27,Data Collection|Other/Unclear,3,0.25652927,0.20719239,0.3066595,0.6900216,0.4840346,0.37688133,0.3644498,Other/Unclear
1683_dailynews.com,28,Data Collection|Other/Unclear,3,0.6567124,0.33042696,0.21790943,0.45124227,0.086040266,0.60275745,0.4529755,Data Collection|Third-Party Sharing
1683_dailynews.com,29,Data Collection|Data Retention|Data Security|Other/Unclear|Third-Party Sharing,3,0.47145134,0.6349259,0.76138127,0.5033739,0.17521676,0.66251796,0.3133725,Data Retention|Data Security|Other/Unclear|Third-Party Sharing
1683_dailynews.com,30,Other/Unclear|User Control & Deletion,3,0.32805532,0.49343452,0.34509444,0.6350427,0.27873716,0.34196925,0.6403796,Other/Unclear|User Control & Deletion
1683_dailynews.com,31,Other/Unclear,3,0.45256767,0.3444957,0.48261982,0.5252178,0.1457229,0.3565002,0.40846777,Other/Unclear
1683_dailynews.com,32,Other/Unclear|Policy Change,3,0.21863861,0.285931,0.3301114,0.65640783,0.9188576,0.28129134,0.44406325,Other/Unclear|Policy Change
1694_lids.com,0,Other/Unclear,2,0.3398936,0.20157142,0.3706987,0.651726,0.42060062,0.3402065,0.25832987,Other/Unclear
1694_lids.com,1,Other/Unclear|Policy Change,2,0.28759533,0.3961376,0.38310447,0.6349621,0.91399306,0.28714782,0.4633124,Other/Unclear|Policy Change
1694_lids.com,2,Other/Unclear,2,0.48246747,0.2154254,0.49396533,0.5774017,0.22042923,0.4214225,0.19006604,Other/Unclear
1694_lids.com,3,Data Collection|Third-Party Sharing,2,0.65679234,0.23531038,0.31939533,0.40872487,0.103391536,0.7267242,0.19178711,Data Collection|Third-Party Sharing
1694_lids.com,4,Policy Change,2,0.25496808,0.38102955,0.34291792,0.6238784,0.92906123,0.2819901,0.48742718,Other/Unclear|Policy Change
1694_lids.com,5,Other/Unclear,2,0.2576141,0.21010643,0.278345,0.6973209,0.5521129,0.25686225,0.41151288,Other/Unclear|Policy Change
1694_lids.com,6,Data Collection,2,0.7432297,0.19882137,0.16196768,0.34599638,0.09469722,0.5722313,0.295956,Data Collection|Third-Party Sharing
1694_lids.com,7,Data Collection,2,0.7617762,0.21368201,0.20173436,0.32976687,0.09352165,0.60485697,0.21267305,Data Collection|Third-Party Sharing
1694_lids.com,8,Data Collection,2,0.69891775,0.3598888,0.32502967,0.37005734,0.07470011,0.57451665,0.27733326,Data Collection|Third-Party Sharing
1694_lids.com,9,Data Collection,2,0.7571269,0.29304853,0.29452646,0.35924459,0.07686567,0.6245181,0.21116988,Data Collection|Third-Party Sharing
1694_lids.com,10,Data Collection|Third-Party Sharing,2,0.6211357,0.5330493,0.22218849,0.4009785,0.10783876,0.46543565,0.75674593,Data Collection|Data Retention|User Control & Deletion
1694_lids.com,11,Other/Unclear,2,0.52855194,0.30028257,0.27337548,0.5317362,0.108207285,0.45799005,0.49537086,Data Collection|Other/Unclear
1694_lids.com,12,Data Collection|Third-Party Sharing,2,0.7341366,0.2093912,0.28650552,0.3976195,0.08550121,0.63143396,0.17288394,Data Collection|Third-Party Sharing
1694_lids.com,13,Data Collection|Other/Unclear,2,0.49409539,0.5295422,0.49566948,0.45718595,0.13580956,0.417948,0.5605692,Data Retention|User Control & Deletion
1694_lids.com,14,Data Collection,2,0.6940774,0.47996315,0.3007794,0.34558412,0.12389416,0.6101771,0.4239564,Data Collection|Third-Party Sharing
1694_lids.com,15,Data Security|Other/Unclear|User Control & Deletion,2,0.38419938,0.78980416,0.71606547,0.4943434,0.35497287,0.37662286,0.5664499,Data Retention|Data Security|User Control & Deletion
1694_lids.com,16,Data Collection,2,0.68273443,0.46766514,0.3793997,0.35116005,0.12609473,0.5527805,0.40874803,Data Collection|Third-Party Sharing
1694_lids.com,17,Other/Unclear,2,0.48676872,0.19781764,0.15558244,0.51270723,0.17646535,0.33797553,0.5667849,Other/Unclear|User Control & Deletion
1694_lids.com,18,Third-Party Sharing,2,0.6390302,0.29410088,0.4419465,0.36446393,0.10141804,0.716215,0.17425182,Data Collection|Third-Party Sharing
1694_lids.com,19,Other/Unclear|Third-Party Sharing,2,0.65118563,0.30981407,0.5550477,0.37018493,0.10785937,0.66829807,0.16053374,Data Collection|Data Security|Third-Party Sharing
1694_lids.com,20,Data Security|Third-Party Sharing,2,0.40538415,0.5191211,0.82627106,0.51981205,0.16159944,0.55744284,0.2634365,Data Retention|Data Security|Other/Unclear|Third-Party Sharing
1694_lids.com,21,Other/Unclear|Third-Party Sharing,2,0.42026109,0.37973058,0.37851924,0.552465,0.16489032,0.585906,0.49586114,Other/Unclear|Third-Party Sharing
1694_lids.com,22,Data Security,2,0.39541018,0.39987797,0.8914017,0.5077764,0.25869873,0.43239722,0.22104155,Data Security|Other/Unclear
1694_lids.com,23,Data Security|Third-Party Sharing,2,0.40760913,0.472926,0.90012056,0.50901145,0.23693383,0.48503047,0.23742513,Data Security|Other/Unclear
1694_lids.com,24,Data Security,2,0.36102736,0.46064997,0.8942518,0.5115309,0.27214485,0.45457387,0.2820444,Data Security|Other/Unclear
1694_lids.com,25,Data Security|Other/Unclear,2,0.5240182,0.34103122,0.6373861,0.47359392,0.10204361,0.5669275,0.23654363,Data Collection|Data Security|Third-Party Sharing
1694_lids.com,26,User Control & Deletion,2,0.5154065,0.6827323,0.22260241,0.46367687,0.38450277,0.35200614,0.81689626,Data Collection|Data Retention|User Control & Deletion
1694_lids.com,27,User Control & Deletion,2,0.35280263,0.5656904,0.19349241,0.5413506,0.5668823,0.25743425,0.8354884,Data Retention|Other/Unclear|Policy Change|User Control & Deletion
1694_lids.com,28,User Control & Deletion,2,0.47910306,0.4398644,0.15317908,0.46639186,0.23205432,0.30331308,0.8475301,User Control & Deletion
1694_lids.com,29,User Control & Deletion,2,0.4443124,0.31267908,0.17542154,0.5332228,0.14476742,0.37700698,0.7121347,Other/Unclear|User Control & Deletion
1694_lids.com,30,Other/Unclear|User Control & Deletion,2,0.38417202,0.813623,0.31426686,0.5075754,0.45477024,0.3565179,0.8290396,Data Retention|Other/Unclear|User Control & Deletion
1694_lids.com,31,User Control & Deletion,2,0.37913442,0.2831065,0.14712635,0.5491876,0.2654702,0.3036504,0.72644377,Other/Unclear|User Control & Deletion
1694_lids.com,32,Other/Unclear|User Control & Deletion,2,0.34608376,0.6183434,0.22663951,0.5335308,0.42104968,0.26611477,0.8229986,Data Retention|Other/Unclear|User Control & Deletion
1694_lids.com,33,Data Collection|Other/Unclear,2,0.37291715,0.25339743,0.60335445,0.66300434,0.1552753,0.47827715,0.20983872,Data Security|Other/Unclear
1694_lids.com,34,Other/Unclear,2,0.585265,0.18024041,0.19657952,0.47761324,0.10521467,0.5777588,0.37917137,Data Collection|Third-Party Sharing
1694_lids.com,35,Other/Unclear,2,0.2991323,0.5028495,0.65560883,0.6040881,0.23749052,0.57629305,0.371787,Data Retention|Data Security|Other/Unclear|Third-Party Sharing
1694_lids.com,36,Other/Unclear,2,0.3012742,0.20664206,0.25722265,0.68264467,0.2597006,0.3839011,0.45075983,Other/Unclear
1694_lids.com,37,Other/Unclear,2,0.40063477,0.15873858,0.18452431,0.6235134,0.21600501,0.29976252,0.44931132,Other/Unclear
1703_sports-reference.com,0,Other/Unclear,3,0.32186353,0.16799238,0.31994396,0.6686142,0.43148816,0.31658447,0.29208162,Other/Unclear
1703_sports-reference.com,1,Other/Unclear,3,0.67470366,0.18934725,0.29537344,0.40398657,0.13910925,0.48865372,0.2093544,Data Collection
1703_sports-reference.com,2,Data Collection|Other/Unclear,3,0.33831137,0.22782367,0.41360244,0.6624271,0.23770353,0.51544625,0.24786717,Other/Unclear|Third-Party Sharing
1703_sports-reference.com,3,Data Collection,3,0.76556855,0.22844604,0.16960837,0.33181602,0.08943536,0.5641558,0.30534923,Data Collection|Third-Party Sharing
1703_sports-reference.com,4,Data Collection|User Control & Deletion,3,0.7056036,0.39440337,0.15312466,0.3898547,0.10684475,0.454168,0.7203112,Data Collection|User Control & Deletion
1703_sports-reference.com,5,Data Collection,3,0.7717641,0.27704903,0.20867369,0.35223407,0.080634914,0.52791655,0.34566477,Data Collection|Third-Party Sharing
1703_sports-reference.com,6,Data Collection,3,0.7781609,0.35348895,0.19999728,0.33517912,0.08664478,0.594347,0.38936493,Data Collection|Third-Party Sharing
1703_sports-reference.com,7,Data Retention|Data Security|Other/Unclear|Third-Party Sharing,3,0.5205612,0.36241612,0.6754955,0.5137232,0.096125826,0.6555199,0.1944381,Data Collection|Data Security|Other/Unclear|Third-Party Sharing
1703_sports-reference.com,8,Other/Unclear|Third-Party Sharing,3,0.39970404,0.18952905,0.15337496,0.6032603,0.29825372,0.27456805,0.5673517,Other/Unclear|User Control & Deletion
1703_sports-reference.com,9,Other/Unclear,3,0.37906283,0.3829067,0.5234273,0.6016537,0.20810461,0.6461758,0.29041713,Data Security|Other/Unclear|Third-Party Sharing
1703_sports-reference.com,10,Data Collection,3,0.7864152,0.2903017,0.16335756,0.3366353,0.09911093,0.6280054,0.2978031,Data Collection|Third-Party Sharing
1703_sports-reference.com,11,Data Collection|Other/Unclear|User Control & Deletion,3,0.7235802,0.37155443,0.23388882,0.41417938,0.07590337,0.5626062,0.46117824,Data Collection|Third-Party Sharing
1703_sports-reference.com,12,Data Collection|Policy Change,3,0.44962242,0.24311392,0.13816701,0.52249354,0.26907355,0.40718782,0.62713695,Other/Unclear|User Control & Deletion
1703_sports-reference.com,13,Third-Party Sharing,3,0.5105214,0.21136026,0.24613175,0.47191992,0.1275216,0.6734245,0.27005735,Data Collection|Third-Party Sharing
1703_sports-reference.com,14,Third-Party Sharing,3,0.59513783,0.2710979,0.2797187,0.39462245,0.12148518,0.7300315,0.22749944,Data Collection|Third-Party Sharing
1703_sports-reference.com,15,Data Security|Other/Unclear,3,0.4144597,0.44406584,0.71930003,0.53800637,0.24421467,0.72112,0.23541665,Data Security|Other/Unclear|Third-Party Sharing
1703_sports-reference.com,16,Data Security|Other/Unclear|Third-Party Sharing,3,0.4968561,0.26026446,0.38568845,0.5070526,0.119451955,0.678771,0.19672711,Other/Unclear|Third-Party Sharing
1703_sports-reference.com,17,Data Security|Other/Unclear,3,0.3813785,0.4413561,0.8888556,0.5548285,0.25334448,0.48398188,0.24144988,Data Security|Other/Unclear
1703_sports-reference.com,18,Other/Unclear|User Control & Deletion,3,0.4295486,0.46203226,0.15586382,0.5147092,0.33096382,0.35141525,0.8679026,Other/Unclear|User Control & Deletion
1703_sports-reference.com,19,Other/Unclear|User Control & Deletion,3,0.47475332,0.3975623,0.13156238,0.50895935,0.2709938,0.34318686,0.81833446,Other/Unclear|User Control & Deletion
1703_sports-reference.com,20,Other/Unclear|Policy Change,3,0.24494249,0.3605291,0.33221862,0.63626593,0.93121076,0.28110576,0.5177315,Other/Unclear|Policy Change|User Control & Deletion
1708_foxsports.com,0,Other/Unclear,3,0.22938958,0.26213548,0.31378025,0.6640952,0.87199026,0.2440153,0.4236124,Other/Unclear|Policy Change
1708_foxsports.com,1,Other/Unclear,3,0.3413135,0.17326015,0.37440866,0.6858055,0.3086513,0.42032427,0.25286117,Other/Unclear
1708_foxsports.com,2,Other/Unclear,3,0.24661027,0.17094284,0.3027537,0.7113136,0.44256374,0.35967672,0.37048587,Other/Unclear
1708_foxsports.com,3,Data Collection|Other/Unclear,3,0.49128473,0.22696538,0.37532696,0.5731178,0.13474898,0.48874602,0.22090529,Other/Unclear
1708_foxsports.com,4,Other/Unclear,3,0.393951,0.18940742,0.2837988,0.6355125,0.20150767,0.5099321,0.30503586,Other/Unclear|Third-Party Sharing
1708_foxsports.com,5,Data Collection,3,0.7655559,0.20988756,0.16798162,0.3426106,0.0829568,0.5522083,0.3232539,Data Collection|Third-Party Sharing
1708_foxsports.com,6,Data Collection|Third-Party Sharing,3,0.75931275,0.24150065,0.17863134,0.3818067,0.07654445,0.5531262,0.32711163,Data Collection|Third-Party Sharing
1708_foxsports.com,7,Data Collection,3,0.6327634,0.30554596,0.15937372,0.4290986,0.08177171,0.6178876,0.5264194,Data Collection|Third-Party Sharing|User Control & Deletion
1708_foxsports.com,8,Data Collection|Third-Party Sharing,3,0.7902162,0.33140594,0.22459863,0.3239392,0.073905095,0.6021823,0.32868287,Data Collection|Third-Party Sharing
1708_foxsports.com,9,Data Collection|Data Security|Other/Unclear|Third-Party Sharing,3,0.7508125,0.31297138,0.24171346,0.3687454,0.08613289,0.6807699,0.26487276,Data Collection|Third-Party Sharing
1708_foxsports.com,10,Other/Unclear|Third-Party Sharing|User Control & Deletion,3,0.4829131,0.2495922,0.38769457,0.5410045,0.11240947,0.6751614,0.27704313,Other/Unclear|Third-Party Sharing
1708_foxsports.com,11,Data Security|Other/Unclear|User Control & Deletion,3,0.5060356,0.38569775,0.17440942,0.48238453,0.25171232,0.26479602,0.8593458,Data Collection|User Control & Deletion
1708_foxsports.com,12,Data Collection|Third-Party Sharing,3,0.7102957,0.26534253,0.27519724,0.3792188,0.104005165,0.6665397,0.192023,Data Collection|Third-Party Sharing
1708_foxsports.com,13,Other/Unclear,3,0.4347528,0.44512007,0.61146766,0.65850675,0.2691962,0.43194073,0.3369654,Data Security|Other/Unclear
1708_foxsports.com,14,Other/Unclear|Policy Change,3,0.32288188,0.18683153,0.17996214,0.6145677,0.3809045,0.2918874,0.58550644,Other/Unclear|User Control & Deletion
1708_foxsports.com,15,Policy Change,3,0.22486126,0.2994015,0.3468611,0.64279556,0.9266622,0.28857517,0.46821374,Other/Unclear|Policy Change
1708_foxsports.com,16,Other/Unclear,3,0.32231027,0.25626963,0.4516889,0.6346968,0.16095214,0.47813115,0.33450484,Other/Unclear
1708_foxsports.com,17,Other/Unclear|User Control & Deletion,3,0.55369925,0.28338942,0.3460193,0.4892751,0.08696286,0.6843192,0.26304772,Data Collection|Third-Party Sharing
1708_foxsports.com,18,Data Security|Other/Unclear|User Control & Deletion,3,0.4668759,0.3255934,0.7122504,0.51390964,0.14070415,0.60773546,0.16701753,Data Security|Other/Unclear|Third-Party Sharing
1708_foxsports.com,19,Data Collection|Other/Unclear|Third-Party Sharing,3,0.48982823,0.42078716,0.6569289,0.5265591,0.11999211,0.6988198,0.21546341,Data Security|Other/Unclear|Third-Party Sharing
1708_foxsports.com,20,Data Collection,3,0.79798543,0.25350368,0.16899303,0.31523284,0.10494504,0.574346,0.29650974,Data Collection|Third-Party Sharing
1708_foxsports.com,21,Third-Party Sharing,3,0.7383188,0.2531492,0.25872716,0.32608122,0.09205499,0.6759582,0.20336449,Data Collection|Third-Party Sharing
1708_foxsports.com,22,Third-Party Sharing,3,0.74359655,0.31674567,0.27789566,0.3376587,0.08422298,0.7148319,0.24706739,Data Collection|Third-Party Sharing
1708_foxsports.com,23,Other/Unclear|Third-Party Sharing,3,0.55362236,0.4179777,0.16690855,0.47796702,0.1294377,0.47387278,0.769815,Data Collection|User Control & Deletion
1708_foxsports.com,24,Other/Unclear|Third-Party Sharing,3,0.64203596,0.2748894,0.30012769,0.39573583,0.100629576,0.7628693,0.23356453,Data Collection|Third-Party Sharing
1708_foxsports.com,25,Data Collection|Other/Unclear|Third-Party Sharing,3,0.72322947,0.21554452,0.17876767,0.37319306,0.08942233,0.64829165,0.33529115,Data Collection|Third-Party Sharing
1708_foxsports.com,26,Data Collection|User Control & Deletion,3,0.47877795,0.43235844,0.16541786,0.48245287,0.32071522,0.2912112,0.8760059,User Control & Deletion
1708_foxsports.com,27,Other/Unclear|Third-Party Sharing,3,0.2463265,0.17976244,0.21131729,0.6877893,0.5854516,0.37170234,0.46688548,Other/Unclear|Policy Change
1708_foxsports.com,28,Third-Party Sharing,3,0.74379843,0.22496593,0.13952036,0.3308146,0.087459244,0.58323884,0.38691235,Data Collection|Third-Party Sharing
1708_foxsports.com,29,Data Collection|Third-Party Sharing,3,0.55272895,0.2720691,0.42089587,0.42028874,0.122272104,0.690878,0.18757239,Data Collection|Third-Party Sharing
1708_foxsports.com,30,Third-Party Sharing,3,0.62179875,0.29987544,0.21301748,0.37086326,0.1392178,0.745655,0.35331756,Data Collection|Third-Party Sharing
1708_foxsports.com,31,Data Collection|Third-Party Sharing,3,0.70793337,0.27125067,0.20410381,0.366807,0.094541825,0.7006315,0.2563634,Data Collection|Third-Party Sharing
1708_foxsports.com,32,Data Security,3,0.40852627,0.38731116,0.86806655,0.5275449,0.20572852,0.49553016,0.19277681,Data Security|Other/Unclear
1708_foxsports.com,33,User Control & Deletion,3,0.42780617,0.45916668,0.17850955,0.49786565,0.33681697,0.2756189,0.84277767,User Control & Deletion
1708_foxsports.com,34,Other/Unclear|User Control & Deletion,3,0.43725392,0.44784597,0.19643693,0.4974672,0.19006902,0.5621866,0.73764676,Third-Party Sharing|User Control & Deletion
1708_foxsports.com,35,Data Retention,3,0.2824825,0.64901423,0.50156325,0.58509475,0.72670794,0.4134471,0.56759095,Data Retention|Data Security|Other/Unclear|Policy Change|User Control & Deletion
1708_foxsports.com,36,Data Retention|Other/Unclear,3,0.42840275,0.7669523,0.47995812,0.53744453,0.33677658,0.47217005,0.7090974,Data Retention|Other/Unclear|User Control & Deletion
1708_foxsports.com,37,Data Security|Other/Unclear,3,0.60217613,0.23676327,0.24076143,0.4445788,0.079679556,0.601369,0.26964605,Data Collection|Third-Party Sharing
1708_foxsports.com,38,Other/Unclear,3,0.21504532,0.18601477,0.26202404,0.69256157,0.6581891,0.24727318,0.41974512,Other/Unclear|Policy Change
1713_latinpost.com,0,Other/Unclear,1,0.26149103,0.3630858,0.3827857,0.66639316,0.90352297,0.2614621,0.45257768,Other/Unclear|Policy Change
1713_latinpost.com,1,Other/Unclear,1,0.22506489,0.28842902,0.3102166,0.697284,0.80935305,0.29863644,0.466385,Other/Unclear|Policy Change
1713_latinpost.com,2,Data Collection|Other/Unclear,1,0.32152814,0.31141198,0.4946748,0.69706565,0.3996039,0.55184823,0.26145032,Other/Unclear|Third-Party Sharing
1713_latinpost.com,3,Other/Unclear|User Control & Deletion,1,0.23447852,0.5027359,0.31444263,0.6490056,0.8808787,0.29777303,0.61173594,Data Retention|Other/Unclear|Policy Change|User Control & Deletion
1713_latinpost.com,4,Other/Unclear,1,0.2117393,0.42423984,0.38922852,0.7034746,0.69776666,0.35913813,0.5504826,Other/Unclear|Policy Change|User Control & Deletion
1713_latinpost.com,5,Other/Unclear|Third-Party Sharing,1,0.3370109,0.40528694,0.62827927,0.63110936,0.27629286,0.58051807,0.29975757,Data Security|Other/Unclear|Third-Party Sharing
1713_latinpost.com,6,Data Collection|Other/Unclear,1,0.68983865,0.18219095,0.23220295,0.36848304,0.124621175,0.62804013,0.2557755,Data Collection|Third-Party Sharing
1713_latinpost.com,7,Data Collection,1,0.74120957,0.31447348,0.16543242,0.34542373,0.08670333,0.5989641,0.5494516,Data Collection|Third-Party Sharing|User Control & Deletion
1713_latinpost.com,8,Data Collection|Data Security,1,0.7154054,0.4862491,0.19050282,0.35719982,0.11151576,0.6040099,0.6440178,Data Collection|Third-Party Sharing|User Control & Deletion
1713_latinpost.com,9,Data Collection|Other/Unclear|User Control & Deletion,1,0.66607,0.28537917,0.1299693,0.3905823,0.14065018,0.51648444,0.70612115,Data Collection|Third-Party Sharing|User Control & Deletion
1713_latinpost.com,10,Data Collection|Third-Party Sharing,1,0.73119414,0.19455174,0.29429415,0.35700074,0.08120447,0.64214265,0.20039889,Data Collection|Third-Party Sharing
1713_latinpost.com,11,Data Collection|Other/Unclear,1,0.79083467,0.30575818,0.22104523,0.32466036,0.08265523,0.5955689,0.34707242,Data Collection|Third-Party Sharing
1713_latinpost.com,12,Data Collection|Other/Unclear,1,0.60738426,0.21372259,0.13934682,0.4473873,0.111394495,0.4770529,0.5551831,Data Collection|User Control & Deletion
1713_latinpost.com,13,Other/Unclear|Third-Party Sharing,1,0.7130411,0.1907887,0.29242158,0.3439034,0.08722762,0.6973049,0.19621623,Data Collection|Third-Party Sharing
1713_latinpost.com,14,Data Security|Third-Party Sharing|User Control & Deletion,1,0.63979965,0.26415756,0.29014337,0.4034645,0.07127381,0.71491206,0.32904467,Data Collection|Third-Party Sharing
1713_latinpost.com,15,Third-Party Sharing,1,0.3852739,0.15610082,0.29677242,0.6144782,0.20168728,0.530593,0.2738514,Other/Unclear|Third-Party Sharing
1713_latinpost.com,16,Data Collection|Third-Party Sharing,1,0.68304056,0.17001674,0.23556216,0.37058592,0.09020665,0.6118366,0.21980362,Data Collection|Third-Party Sharing
1713_latinpost.com,17,Data Collection|Third-Party Sharing,1,0.68070805,0.16536805,0.18066935,0.358101,0.09251651,0.6166992,0.3198327,Data Collection|Third-Party Sharing
1713_latinpost.com,18,Data Collection|Third-Party Sharing,1,0.7017508,0.23055036,0.2426574,0.33848703,0.10285741,0.53455186,0.328393,Data Collection|Third-Party Sharing
1713_latinpost.com,19,Data Collection|Third-Party Sharing,1,0.63840616,0.20046756,0.13265216,0.37017378,0.107779644,0.49842504,0.5085908,Data Collection|User Control & Deletion
1713_latinpost.com,20,Data Collection|Third-Party Sharing,1,0.5470269,0.1904669,0.14378607,0.45176017,0.18143757,0.38069957,0.6253472,Data Collection|User Control & Deletion
1713_latinpost.com,21,Data Collection|Third-Party Sharing,1,0.63941437,0.19674836,0.1623521,0.3534694,0.12533282,0.48592916,0.4690133,Data Collection
1713_latinpost.com,22,Data Collection|Third-Party Sharing,1,0.29606318,0.2854537,0.19326627,0.6200203,0.6369278,0.28960148,0.6104784,Other/Unclear|Policy Change|User Control & Deletion
1713_latinpost.com,23,Data Collection|Third-Party Sharing,1,0.58582187,0.23965757,0.33105612,0.39387745,0.20487948,0.59243757,0.23095922,Data Collection|Third-Party Sharing
1713_latinpost.com,24,Data Collection|Third-Party Sharing,1,0.69035304,0.19921549,0.14171776,0.34983578,0.12812982,0.502696,0.4940855,Data Collection|Third-Party Sharing
1713_latinpost.com,25,Data Collection|Third-Party Sharing,1,0.5242715,0.43680465,0.15564722,0.45914808,0.21645911,0.33193007,0.82681996,Data Collection|User Control & Deletion
1713_latinpost.com,26,Data Collection|Third-Party Sharing,1,0.44988883,0.32669562,0.39349112,0.48884326,0.30903137,0.51235175,0.3585913,Third-Party Sharing
1713_latinpost.com,27,Data Collection|Third-Party Sharing,1,0.5675871,0.16394128,0.21307908,0.43812433,0.103828795,0.5716281,0.3171374,Data Collection|Third-Party Sharing
1713_latinpost.com,28,Data Collection|Third-Party Sharing,1,0.7104507,0.44272557,0.18331538,0.35862324,0.1772416,0.565028,0.55413705,Data Collection|Third-Party Sharing|User Control & Deletion
1713_latinpost.com,29,Other/Unclear|Third-Party Sharing|User Control & Deletion,1,0.3218016,0.19849707,0.37713736,0.66806686,0.25747037,0.5723404,0.3337623,Other/Unclear|Third-Party Sharing
1713_latinpost.com,30,Other/Unclear|User Control & Deletion,1,0.4714145,0.4651812,0.1483558,0.47168073,0.29291102,0.3253313,0.87172437,User Control & Deletion
1713_latinpost.com,31,Other/Unclear|User Control & Deletion,1,0.43907487,0.34824854,0.13336445,0.485856,0.2690691,0.32327303,0.854529,User Control & Deletion
1713_latinpost.com,32,Other/Unclear|User Control & Deletion,1,0.43175706,0.18646131,0.16114168,0.54660124,0.15833801,0.46974298,0.57321787,Other/Unclear|User Control & Deletion
1713_latinpost.com,33,Data Collection|Other/Unclear|Third-Party Sharing|User Control & Deletion,1,0.39870062,0.48813355,0.16164073,0.5107006,0.3707912,0.51432884,0.76968026,Other/Unclear|Third-Party Sharing|User Control & Deletion
1713_latinpost.com,34,Other/Unclear|User Control & Deletion,1,0.57216656,0.17821245,0.14464837,0.4181164,0.1228706,0.5111064,0.5815019,Data Collection|Third-Party Sharing|User Control & Deletion
1713_latinpost.com,35,Third-Party Sharing,1,0.68951714,0.15039095,0.19146307,0.3612515,0.09370162,0.644027,0.2611521,Data Collection|Third-Party Sharing
1713_latinpost.com,36,Other/Unclear|User Control & Deletion,1,0.5041144,0.25991318,0.13876359,0.45540345,0.15859793,0.36835262,0.7941672,Data Collection|User Control & Deletion
1713_latinpost.com,37,Third-Party Sharing,1,0.6262354,0.14503932,0.16877073,0.4311361,0.093602285,0.5914105,0.41228074,Data Collection|Third-Party Sharing
1713_latinpost.com,38,Other/Unclear|User Control & Deletion,1,0.4938289,0.6225267,0.18770581,0.47720146,0.32360214,0.37268054,0.8488055,Data Retention|User Control & Deletion
1713_latinpost.com,39,Other/Unclear|User Control & Deletion,1,0.62995774,0.28252175,0.29207426,0.47185767,0.11729484,0.41510493,0.52081347,Data Collection|User Control & Deletion
1713_latinpost.com,40,Other/Unclear|User Control & Deletion,1,0.56414914,0.20943347,0.25094137,0.462076,0.16841869,0.43022752,0.4677815,Data Collection
1713_latinpost.com,41,Other/Unclear|User Control & Deletion,1,0.57802814,0.5428327,0.1861205,0.45178777,0.2418133,0.32920864,0.84047467,Data Collection|Data Retention|User Control & Deletion
1713_latinpost.com,42,Other/Unclear|User Control & Deletion,1,0.51580197,0.50786203,0.16579744,0.4835841,0.3130793,0.30649257,0.8584638,Data Collection|Data Retention|User Control & Deletion
1713_latinpost.com,43,Data Security|Other/Unclear,1,0.40432632,0.16437703,0.443882,0.6261733,0.25577286,0.42219752,0.24657397,Other/Unclear
1713_latinpost.com,44,Other/Unclear|User Control & Deletion,1,0.6013426,0.5616007,0.2267619,0.44303316,0.12605521,0.53649944,0.6890864,Data Collection|Data Retention|Third-Party Sharing|User Control & Deletion
1713_latinpost.com,45,Other/Unclear|User Control & Deletion,1,0.34108844,0.56805086,0.20529321,0.58393335,0.51592577,0.2656747,0.81400454,Data Retention|Other/Unclear|Policy Change|User Control & Deletion
1713_latinpost.com,46,Data Collection|Third-Party Sharing|User Control & Deletion,1,0.62934476,0.19847247,0.16726577,0.44964617,0.11544237,0.64738965,0.47172615,Data Collection|Third-Party Sharing
1713_latinpost.com,47,Data Security|Other/Unclear,1,0.43431076,0.3498103,0.83038914,0.56284225,0.2015418,0.48266113,0.20009744,Data Security|Other/Unclear
1713_latinpost.com,48,Other/Unclear,1,0.48103282,0.30879188,0.3867824,0.54599696,0.14710665,0.6804191,0.33350885,Other/Unclear|Third-Party Sharing
1713_latinpost.com,49,User Control & Deletion,1,0.58295476,0.2837768,0.38150576,0.4770172,0.13815129,0.658489,0.37022296,Data Collection|Third-Party Sharing
1713_latinpost.com,50,Data Collection|Other/Unclear|User Control & Deletion,1,0.5646717,0.5811482,0.16807921,0.449132,0.19103332,0.47358364,0.79944617,Data Collection|Data Retention|User Control & Deletion
1713_latinpost.com,51,Data Collection|Other/Unclear|User Control & Deletion,1,0.50214374,0.38621527,0.18074243,0.50079465,0.21367648,0.4576758,0.7387765,Data Collection|Other/Unclear|User Control & Deletion
1713_latinpost.com,52,Data Collection|Other/Unclear|User Control & Deletion,1,0.58377343,0.58667946,0.20875992,0.43703568,0.17474683,0.4937776,0.7668926,Data Collection|Data Retention|User Control & Deletion
1713_latinpost.com,53,Other/Unclear|User Control & Deletion,1,0.3213295,0.48364913,0.23128545,0.5847012,0.38168925,0.4230938,0.7270246,Other/Unclear|User Control & Deletion
1713_latinpost.com,54,User Control & Deletion,1,0.487532,0.78019804,0.31798095,0.50469935,0.3621231,0.4210795,0.76660854,Data Retention|Other/Unclear|User Control & Deletion
1713_latinpost.com,55,Data Collection|Other/Unclear|Policy Change,1,0.30161992,0.5508672,0.28810954,0.60087895,0.69121933,0.45207876,0.6135083,Data Retention|Other/Unclear|Policy Change|User Control & Deletion
1713_latinpost.com,56,Data Collection|Data Security|Policy Change|Third-Party Sharing,1,0.5661582,0.26858085,0.4862163,0.45483458,0.09986819,0.7363059,0.2152258,Data Collection|Third-Party Sharing
1713_latinpost.com,57,Third-Party Sharing,1,0.40499684,0.16735293,0.28278,0.5926726,0.17532414,0.597283,0.3277439,Other/Unclear|Third-Party Sharing
1713_latinpost.com,58,Third-Party Sharing,1,0.484192,0.23035447,0.1278159,0.4719915,0.17850639,0.45412934,0.73946404,User Control & Deletion
1713_latinpost.com,59,Other/Unclear|Third-Party Sharing,1,0.57179385,0.20105417,0.33067855,0.46010688,0.10951588,0.6950494,0.21629964,Data Collection|Third-Party Sharing
1713_latinpost.com,60,Other/Unclear|Third-Party Sharing|User Control & Deletion,1,0.59597665,0.24400759,0.14415352,0.4432126,0.12750933,0.64777404,0.60277593,Data Collection|Third-Party Sharing|User Control & Deletion
1713_latinpost.com,61,Third-Party Sharing,1,0.56514853,0.27182943,0.6044435,0.44168934,0.12854949,0.70321614,0.15829614,Data Collection|Data Security|Third-Party Sharing
1713_latinpost.com,62,Third-Party Sharing,1,0.48043784,0.18877143,0.30048814,0.49106345,0.13653335,0.67908543,0.2940196,Third-Party Sharing
1713_latinpost.com,63,Third-Party Sharing,1,0.58493054,0.21663903,0.29475477,0.407719,0.11392887,0.6620987,0.23648134,Data Collection|Third-Party Sharing
1713_latinpost.com,64,Third-Party Sharing,1,0.32091564,0.20126362,0.3347344,0.62378603,0.25349873,0.50460666,0.30877528,Other/Unclear|Third-Party Sharing
1713_latinpost.com,65,Third-Party Sharing,1,0.6523234,0.1934654,0.23905638,0.3527863,0.14339465,0.6194374,0.2854706,Data Collection|Third-Party Sharing
1713_latinpost.com,66,Other/Unclear|Third-Party Sharing,1,0.43463746,0.20099069,0.17297964,0.52932423,0.15460409,0.5931079,0.52595216,Other/Unclear|Third-Party Sharing|User Control & Deletion
1713_latinpost.com,67,Third-Party Sharing,1,0.49861512,0.2572226,0.57872623,0.45624673,0.14884326,0.6394002,0.17937666,Data Security|Third-Party Sharing
1713_latinpost.com,68,Third-Party Sharing,1,0.5910478,0.21717526,0.28741044,0.38179865,0.14177406,0.68503165,0.24920313,Data Collection|Third-Party Sharing
1713_latinpost.com,69,Third-Party Sharing,1,0.4347449,0.17131712,0.29458013,0.5640278,0.15511939,0.6242368,0.28451186,Other/Unclear|Third-Party Sharing
1713_latinpost.com,70,User Control & Deletion,1,0.47375658,0.7812217,0.2533629,0.5007175,0.51102054,0.31722763,0.83202374,Data Retention|Other/Unclear|Policy Change|User Control & Deletion
1713_latinpost.com,71,User Control & Deletion,1,0.532624,0.30219507,0.1286229,0.4766663,0.2105923,0.32792288,0.80914336,Data Collection|User Control & Deletion
1713_latinpost.com,72,Data Retention|Other/Unclear|User Control & Deletion,1,0.36744142,0.588627,0.19117461,0.58582747,0.46293724,0.3193699,0.78536314,Data Retention|Other/Unclear|User Control & Deletion
1713_latinpost.com,73,Policy Change|User Control & Deletion,1,0.39463678,0.4509118,0.6964651,0.5538949,0.20450844,0.6049162,0.26282725,Data Security|Other/Unclear|Third-Party Sharing
1713_latinpost.com,74,Other/Unclear|User Control & Deletion,1,0.517936,0.28537005,0.18737105,0.51927185,0.111878715,0.5782475,0.5447853,Data Collection|Other/Unclear|Third-Party Sharing|User Control & Deletion
1713_latinpost.com,75,Other/Unclear|User Control & Deletion,1,0.40699893,0.59297377,0.26977718,0.5657397,0.24061544,0.5631683,0.6906017,Data Retention|Other/Unclear|Third-Party Sharing|User Control & Deletion
1713_latinpost.com,76,Data Security,1,0.40965807,0.4488164,0.90022016,0.539213,0.26086155,0.479647,0.21655285,Data Security|Other/Unclear
1713_latinpost.com,77,Data Security|Other/Unclear,1,0.5527751,0.31934896,0.58779377,0.48425955,0.10737606,0.5366122,0.22578731,Data Collection|Data Security|Third-Party Sharing
1713_latinpost.com,78,Other/Unclear|User Control & Deletion,1,0.3330065,0.2544623,0.22799204,0.6318627,0.21076652,0.5165561,0.5560793,Other/Unclear|Third-Party Sharing|User Control & Deletion
1713_latinpost.com,79,Other/Unclear|User Control & Deletion,1,0.2832732,0.18411642,0.23887312,0.66653204,0.32744443,0.30627257,0.5149274,Other/Unclear|User Control & Deletion
1713_latinpost.com,80,Other/Unclear,1,0.32356203,0.33649892,0.26185247,0.66100436,0.28680706,0.37979877,0.6170606,Other/Unclear|User Control & Deletion
1713_latinpost.com,81,Policy Change,1,0.27169803,0.43805832,0.35878587,0.64396614,0.93011904,0.29354426,0.4960285,Other/Unclear|Policy Change
1713_latinpost.com,82,Other/Unclear,1,0.31440693,0.6731656,0.7292172,0.6448845,0.4231556,0.4140782,0.40325534,Data Retention|Data Security|Other/Unclear
1713_latinpost.com,83,Data Security|Other/Unclear,1,0.39413697,0.5040656,0.720966,0.55817837,0.18718326,0.6334092,0.2743419,Data Retention|Data Security|Other/Unclear|Third-Party Sharing
1713_latinpost.com,84,Data Security|Other/Unclear|Third-Party Sharing,1,0.3664905,0.38189074,0.34444377,0.6085109,0.17874049,0.506816,0.46269518,Other/Unclear|Third-Party Sharing
1713_latinpost.com,85,Other/Unclear,1,0.27694404,0.18258107,0.22848317,0.6715447,0.36763948,0.3035031,0.50800496,Other/Unclear|User Control & Deletion
1713_latinpost.com,86,Other/Unclear,1,0.23972706,0.3044973,0.49406698,0.7103167,0.6864041,0.36035267,0.35662365,Other/Unclear|Policy Change
1713_latinpost.com,87,Other/Unclear,1,0.21524046,0.276321,0.2820026,0.69745004,0.7693361,0.31700262,0.4886768,Other/Unclear|Policy Change
1713_latinpost.com,88,Other/Unclear,1,0.26652342,0.4094399,0.44919735,0.66630983,0.9037528,0.29058772,0.42358962,Other/Unclear|Policy Change
186_abcnews.com,0,Other/Unclear,4,0.53638077,0.1734909,0.42886198,0.57067984,0.21546333,0.44567287,0.18999356,Data Collection|Other/Unclear
186_abcnews.com,1,Data Security|Other/Unclear,4,0.37312663,0.19352673,0.53599215,0.65564233,0.36002645,0.38178045,0.18759869,Data Security|Other/Unclear
186_abcnews.com,2,Other/Unclear|Policy Change,4,0.26513517,0.34099954,0.38820943,0.6454883,0.8870547,0.27741647,0.44366342,Other/Unclear|Policy Change
186_abcnews.com,3,Other/Unclear,4,0.27076223,0.2982476,0.42490822,0.70975673,0.7850601,0.32838655,0.331404,Other/Unclear|Policy Change
186_abcnews.com,4,Data Collection|Other/Unclear,4,0.75385153,0.24007317,0.21829166,0.37227434,0.11491614,0.5840606,0.22602352,Data Collection|Third-Party Sharing
186_abcnews.com,5,Data Collection,4,0.72638535,0.2444342,0.1383697,0.3606752,0.09098227,0.42455855,0.45940438,Data Collection
186_abcnews.com,6,Data Collection,4,0.7545259,0.26157215,0.24613236,0.33099446,0.08413347,0.6292713,0.2218969,Data Collection|Third-Party Sharing
186_abcnews.com,7,Data Collection,4,0.6764743,0.18636957,0.21900497,0.46124858,0.13023382,0.43420348,0.22855641,Data Collection
186_abcnews.com,8,Data Collection,4,0.7041318,0.29547125,0.245724,0.3820437,0.06792673,0.5908567,0.28623414,Data Collection|Third-Party Sharing
186_abcnews.com,9,Data Collection,4,0.75827223,0.2147555,0.16325353,0.35984316,0.08215366,0.52845526,0.28440326,Data Collection|Third-Party Sharing
186_abcnews.com,10,Data Collection,4,0.7251158,0.28482124,0.2542523,0.3724227,0.07373629,0.60844153,0.2392816,Data Collection|Third-Party Sharing
186_abcnews.com,11,Data Collection,4,0.74864864,0.22556435,0.1959224,0.36426938,0.087559514,0.54661924,0.24458642,Data Collection|Third-Party Sharing
186_abcnews.com,12,Data Collection|Other/Unclear|Third-Party Sharing,4,0.46679538,0.26286626,0.2468116,0.5898278,0.14015783,0.615174,0.3935099,Other/Unclear|Third-Party Sharing
186_abcnews.com,13,Data Collection|Other/Unclear,4,0.7303352,0.22342707,0.16628385,0.41774967,0.0757004,0.4265888,0.41910142,Data Collection
186_abcnews.com,14,Data Collection,4,0.5558936,0.6483342,0.5685751,0.42761165,0.14373794,0.7182711,0.3573883,Data Collection|Data Retention|Data Security|Third-Party Sharing
186_abcnews.com,15,Data Collection|Other/Unclear|Policy Change|Third-Party Sharing,4,0.5784434,0.3608614,0.23431353,0.45008126,0.14553902,0.56992924,0.5057732,Data Collection|Third-Party Sharing|User Control & Deletion
186_abcnews.com,16,Third-Party Sharing,4,0.63301975,0.26413503,0.22005662,0.43577337,0.10323995,0.686721,0.39741144,Data Collection|Third-Party Sharing
186_abcnews.com,17,Other/Unclear|Third-Party Sharing,4,0.39667347,0.3848971,0.7816938,0.5404341,0.1962281,0.6891886,0.20444438,Data Security|Other/Unclear|Third-Party Sharing
186_abcnews.com,18,User Control & Deletion,4,0.45752582,0.542964,0.15498774,0.47942534,0.32482946,0.30731085,0.87196887,Data Retention|User Control & Deletion
186_abcnews.com,19,Data Collection|Other/Unclear|User Control & Deletion,4,0.58971834,0.5419453,0.14859754,0.4364612,0.12639017,0.4218668,0.80565137,Data Collection|Data Retention|User Control & Deletion
186_abcnews.com,20,Data Collection|Other/Unclear,4,0.31032255,0.32805622,0.64360785,0.6819596,0.40037802,0.4258525,0.23037668,Data Security|Other/Unclear
186_abcnews.com,21,Data Collection|Other/Unclear|Third-Party Sharing,4,0.54700696,0.16272645,0.24099365,0.53245515,0.15318063,0.50967,0.26479608,Data Collection|Other/Unclear|Third-Party Sharing
186_abcnews.com,22,Other/Unclear,4,0.56867486,0.20715284,0.23127533,0.44269603,0.1282502,0.5695247,0.2973804,Data Collection|Third-Party Sharing
186_abcnews.com,23,Data Collection|Other/Unclear,4,0.42973924,0.2707019,0.33679774,0.56409127,0.2295351,0.41930202,0.35009116,Other/Unclear
186_abcnews.com,24,Other/Unclear|User Control & Deletion,4,0.5917355,0.43821228,0.1445333,0.4193102,0.23403795,0.32854205,0.7635752,Data Collection|User Control & Deletion
186_abcnews.com,25,Other/Unclear,4,0.3034179,0.15850754,0.30785093,0.68808573,0.32460025,0.33137408,0.3255164,Other/Unclear
186_abcnews.com,26,Data Retention|Data Security,4,0.35520956,0.5735013,0.8872193,0.52844834,0.44929418,0.4448278,0.31792727,Data Retention|Data Security|Other/Unclear
186_abcnews.com,27,Data Security|Other/Unclear,4,0.34009653,0.43519425,0.84297204,0.56627923,0.2843204,0.56961644,0.20707524,Data Security|Other/Unclear|Third-Party Sharing
186_abcnews.com,28,Policy Change,4,0.27247748,0.40562952,0.36710644,0.6324527,0.91732955,0.32361263,0.48093474,Other/Unclear|Policy Change
186_abcnews.com,29,Other/Unclear,4,0.27051055,0.19567814,0.37176743,0.7252887,0.37752026,0.4172612,0.32761493,Other/Unclear
186_abcnews.com,30,Other/Unclear|User Control & Deletion,4,0.28186437,0.2891029,0.19866224,0.6393767,0.33069643,0.37102592,0.68551564,Other/Unclear|User Control & Deletion
186_abcnews.com,31,Other/Unclear,4,0.7006124,0.22742674,0.19961306,0.37689906,0.114093214,0.57921666,0.28961828,Data Collection|Third-Party Sharing
186_abcnews.com,32,Other/Unclear,4,0.646701,0.2378662,0.30590695,0.41455048,0.0985525,0.6299917,0.20225212,Data Collection|Third-Party Sharing
186_abcnews.com,33,Other/Unclear,4,0.7399266,0.23364092,0.22311765,0.3644491,0.09571804,0.6036995,0.22755738,Data Collection|Third-Party Sharing
186_abcnews.com,34,Other/Unclear,4,0.57257926,0.19900018,0.2422115,0.48934853,0.13275282,0.52870405,0.2890842,Data Collection|Third-Party Sharing
186_abcnews.com,35,Other/Unclear,4,0.5169874,0.26524907,0.50037056,0.47425452,0.16163005,0.6078348,0.22268379,Data Collection|Data Security|Third-Party Sharing
186_abcnews.com,36,Other/Unclear,4,0.6510169,0.3802125,0.45015123,0.3770177,0.09523966,0.6768518,0.24357109,Data Collection|Third-Party Sharing
186_abcnews.com,37,Data Collection|Other/Unclear,4,0.74578065,0.3116468,0.3212836,0.35642603,0.09289353,0.6443067,0.18395351,Data Collection|Third-Party Sharing
186_abcnews.com,38,Other/Unclear,4,0.5734921,0.2393336,0.3241479,0.44830075,0.18095063,0.629793,0.24714065,Data Collection|Third-Party Sharing
186_abcnews.com,39,Other/Unclear|Policy Change,4,0.35378447,0.41107115,0.16495255,0.5792446,0.5725612,0.39488357,0.67558795,Other/Unclear|Policy Change|User Control & Deletion
186_abcnews.com,40,Other/Unclear,4,0.5206829,0.20480023,0.27047792,0.48918524,0.18548359,0.54504657,0.33000907,Data Collection|Third-Party Sharing
186_abcnews.com,41,Other/Unclear,4,0.68565625,0.24249052,0.26442152,0.38589165,0.107201256,0.63383067,0.21216688,Data Collection|Third-Party Sharing
186_abcnews.com,42,Data Collection|Third-Party Sharing|User Control & Deletion,4,0.58742756,0.278086,0.19102946,0.5030134,0.098054886,0.59487045,0.41489673,Data Collection|Other/Unclear|Third-Party Sharing
186_abcnews.com,43,Other/Unclear,4,0.5375958,0.26410192,0.49479762,0.46833247,0.23494217,0.61637586,0.24665017,Data Collection|Third-Party Sharing
186_abcnews.com,44,Other/Unclear,4,0.3995031,0.17800222,0.29938513,0.6325367,0.2426654,0.3487717,0.3638507,Other/Unclear
186_abcnews.com,45,Other/Unclear,4,0.42555243,0.18051152,0.19976595,0.5638344,0.19365661,0.31791863,0.5590813,Other/Unclear|User Control & Deletion
186_abcnews.com,46,Data Security|Other/Unclear,4,0.2365468,0.2931828,0.6770909,0.69896793,0.5348726,0.3991021,0.29276866,Data Security|Other/Unclear|Policy Change
200_washingtonpost.com,0,Other/Unclear,2,0.3276983,0.35751173,0.36042318,0.6082313,0.7615779,0.306959,0.4381025,Other/Unclear|Policy Change
200_washingtonpost.com,1,Other/Unclear,2,0.29210934,0.26999918,0.65423656,0.6988555,0.3075039,0.43416277,0.22980604,Data Security|Other/Unclear
200_washingtonpost.com,2,Other/Unclear,2,0.23752259,0.31783304,0.37372476,0.6925559,0.8577928,0.26694357,0.3598756,Other/Unclear|Policy Change
200_washingtonpost.com,3,Data Collection,2,0.70744705,0.2365247,0.28319728,0.36381364,0.08888951,0.6762861,0.16725634,Data Collection|Third-Party Sharing
200_washingtonpost.com,4,Other/Unclear,2,0.64419585,0.19679141,0.35367858,0.42481476,0.111313164,0.5123732,0.18247874,Data Collection|Third-Party Sharing
200_washingtonpost.com,5,Data Collection,2,0.7705486,0.23903614,0.1558595,0.32919738,0.0877909,0.5902315,0.31114036,Data Collection|Third-Party Sharing
200_washingtonpost.com,6,Data Collection,2,0.6826303,0.18663397,0.1318327,0.39546683,0.11380766,0.5145748,0.42118025,Data Collection|Third-Party Sharing
200_washingtonpost.com,7,Data Collection,2,0.72684485,0.21821675,0.21456607,0.3740793,0.08744404,0.5403233,0.2861462,Data Collection|Third-Party Sharing
200_washingtonpost.com,8,Data Collection,2,0.705316,0.23130661,0.21641752,0.35138538,0.079993665,0.7034386,0.21781784,Data Collection|Third-Party Sharing
200_washingtonpost.com,9,Data Collection|User Control & Deletion,2,0.7090587,0.31671175,0.13703924,0.35891193,0.10225701,0.5553044,0.5919992,Data Collection|Third-Party Sharing|User Control & Deletion
200_washingtonpost.com,10,Data Collection,2,0.7631384,0.22074066,0.18564536,0.3246731,0.08848853,0.5911077,0.25665903,Data Collection|Third-Party Sharing
200_washingtonpost.com,11,Data Collection|Other/Unclear|User Control & Deletion,2,0.5322221,0.32648993,0.1368361,0.42350298,0.15001906,0.36406845,0.804075,Data Collection|User Control & Deletion
200_washingtonpost.com,12,Data Collection,2,0.7417699,0.17786048,0.16688088,0.36261445,0.08265355,0.5864503,0.30372575,Data Collection|Third-Party Sharing
200_washingtonpost.com,13,Data Collection,2,0.69103456,0.18656111,0.28150544,0.3988843,0.12625955,0.5701088,0.16473223,Data Collection|Third-Party Sharing
200_washingtonpost.com,14,Data Collection,2,0.5364447,0.25334272,0.5113689,0.441369,0.12389858,0.60429585,0.1651203,Data Collection|Data Security|Third-Party Sharing
200_washingtonpost.com,15,Data Collection,2,0.43919837,0.26403823,0.17360307,0.5014964,0.18404555,0.46775272,0.55114436,Other/Unclear|User Control & Deletion
200_washingtonpost.com,16,Other/Unclear,2,0.6240384,0.20626986,0.2677199,0.43784475,0.1300598,0.6215889,0.20514864,Data Collection|Third-Party Sharing
200_washingtonpost.com,17,Third-Party Sharing,2,0.6388859,0.20679927,0.29672226,0.40395513,0.12384233,0.657775,0.16640635,Data Collection|Third-Party Sharing
200_washingtonpost.com,18,Other/Unclear|Third-Party Sharing,2,0.5720338,0.21978937,0.35762087,0.48353273,0.0917547,0.6943517,0.1918539,Data Collection|Third-Party Sharing
200_washingtonpost.com,19,Third-Party Sharing,2,0.680857,0.2688676,0.36314923,0.3526196,0.10147161,0.74256796,0.16554183,Data Collection|Third-Party Sharing
200_washingtonpost.com,20,Third-Party Sharing,2,0.5724531,0.2673017,0.43342307,0.39989465,0.11519965,0.6764581,0.16995867,Data Collection|Third-Party Sharing
200_washingtonpost.com,21,Other/Unclear|Third-Party Sharing|User Control & Deletion,2,0.59275323,0.28039768,0.21674511,0.47224772,0.082270466,0.6182247,0.4510186,Data Collection|Third-Party Sharing
200_washingtonpost.com,22,Data Collection|Third-Party Sharing,2,0.69682133,0.22414355,0.2546947,0.3540437,0.084741525,0.7082975,0.18216366,Data Collection|Third-Party Sharing
200_washingtonpost.com,23,Third-Party Sharing,2,0.5807129,0.32407975,0.33892134,0.390971,0.13050906,0.74857813,0.2942649,Data Collection|Third-Party Sharing
200_washingtonpost.com,24,Third-Party Sharing,2,0.45044005,0.18511862,0.18258409,0.54859626,0.1803569,0.5472189,0.42209473,Other/Unclear|Third-Party Sharing
200_washingtonpost.com,25,Third-Party Sharing,2,0.70809937,0.21544828,0.26115212,0.3659815,0.093436606,0.6739535,0.1661759,Data Collection|Third-Party Sharing
200_washingtonpost.com,26,Other/Unclear,2,0.35805443,0.3484801,0.79608417,0.59743124,0.18867356,0.5183011,0.23483072,Data Security|Other/Unclear|Third-Party Sharing
200_washingtonpost.com,27,User Control & Deletion,2,0.40313745,0.33876696,0.14518917,0.53515244,0.35107186,0.27782267,0.80518824,Other/Unclear|User Control & Deletion
200_washingtonpost.com,28,Data Collection|Other/Unclear|User Control & Deletion,2,0.4957791,0.30871457,0.14541125,0.4365107,0.17158283,0.35639164,0.8211037,User Control & Deletion
200_washingtonpost.com,29,User Control & Deletion,2,0.61702275,0.18654637,0.12731242,0.4225334,0.10683623,0.4334336,0.6413058,Data Collection|User Control & Deletion
200_washingtonpost.com,30,Data Security,2,0.39753056,0.45551932,0.91163576,0.51565236,0.29319763,0.4393221,0.23699911,Data Security|Other/Unclear
200_washingtonpost.com,31,Other/Unclear,2,0.302651,0.6309408,0.3719181,0.62514985,0.33874407,0.3570432,0.655732,Data Retention|Other/Unclear|User Control & Deletion
200_washingtonpost.com,32,Other/Unclear,2,0.29736713,0.5429659,0.22842197,0.6502563,0.48881608,0.36298394,0.68627805,Data Retention|Other/Unclear|User Control & Deletion
200_washingtonpost.com,33,Other/Unclear,2,0.41001955,0.32871225,0.3692176,0.60011125,0.2616088,0.45409256,0.49630132,Other/Unclear
200_washingtonpost.com,34,Data Collection|Other/Unclear,2,0.47836018,0.50945276,0.28834888,0.47008234,0.13611847,0.5666076,0.5791678,Data Retention|Third-Party Sharing|User Control & Deletion
200_washingtonpost.com,35,Policy Change,2,0.25492427,0.36472523,0.33969194,0.6198324,0.931811,0.2952667,0.48677403,Other/Unclear|Policy Change
200_washingtonpost.com,36,Data Collection|Third-Party Sharing,2,0.75416315,0.18875802,0.17962515,0.3527007,0.09611928,0.58219534,0.2557488,Data Collection|Third-Party Sharing
200_washingtonpost.com,37,Data Collection|Other/Unclear|Third-Party Sharing,2,0.75683975,0.26262313,0.20955016,0.35985163,0.07230383,0.5813427,0.38445464,Data Collection|Third-Party Sharing
200_washingtonpost.com,38,Data Collection|User Control & Deletion,2,0.53771365,0.55970436,0.30806077,0.45770156,0.15420388,0.38380682,0.79787725,Data Collection|Data Retention|User Control & Deletion
200_washingtonpost.com,39,Data Collection|Third-Party Sharing,2,0.73693544,0.22140503,0.25453892,0.37237948,0.076949656,0.6511521,0.20038116,Data Collection|Third-Party Sharing
200_washingtonpost.com,40,Data Collection|Third-Party Sharing,2,0.63063896,0.5148653,0.25626615,0.4303838,0.102038145,0.4966003,0.6876158,Data Collection|Data Retention|User Control & Deletion
200_washingtonpost.com,41,Data Collection|Third-Party Sharing,2,0.7220965,0.2069733,0.1528802,0.37365937,0.080226935,0.55943716,0.4719316,Data Collection|Third-Party Sharing
200_washingtonpost.com,42,User Control & Deletion,2,0.41272318,0.23054633,0.14121431,0.527574,0.19379996,0.33601624,0.7732505,Other/Unclear|User Control & Deletion
207_reference.com,0,Other/Unclear|Policy Change,4,0.24635562,0.316285,0.39041382,0.67186505,0.87071794,0.27551964,0.41113985,Other/Unclear|Policy Change
207_reference.com,1,Data Collection|Other/Unclear|Third-Party Sharing,4,0.6316688,0.16209468,0.21225764,0.49277973,0.12265811,0.60655665,0.24418914,Data Collection|Third-Party Sharing
207_reference.com,2,Other/Unclear|Policy Change,4,0.2557775,0.32667547,0.37897718,0.68196803,0.86681783,0.30595857,0.39263356,Other/Unclear|Policy Change
207_reference.com,3,Data Collection,4,0.76919734,0.38755772,0.15685706,0.35832682,0.09340685,0.44422308,0.51308453,Data Collection|User Control & Deletion
207_reference.com,4,Data Collection|Other/Unclear|Third-Party Sharing|User Control & Deletion,4,0.59525186,0.4855877,0.13874516,0.42702913,0.1633926,0.39391115,0.8406262,Data Collection|User Control & Deletion
207_reference.com,5,Data Collection,4,0.8090887,0.2700403,0.1677142,0.32531106,0.08891826,0.5096492,0.32824337,Data Collection|Third-Party Sharing
207_reference.com,6,Data Collection|Other/Unclear,4,0.614185,0.44418335,0.1382187,0.43732795,0.136543,0.34374514,0.82744527,Data Collection|User Control & Deletion
207_reference.com,7,Data Collection,4,0.5398259,0.3114784,0.16058479,0.48183608,0.11780178,0.2898335,0.7285288,Data Collection|User Control & Deletion
207_reference.com,8,Data Collection,4,0.65610695,0.344794,0.6403353,0.3782176,0.10990228,0.5996356,0.17731063,Data Collection|Data Security|Third-Party Sharing
207_reference.com,9,Third-Party Sharing,4,0.47521204,0.46757376,0.7519715,0.49338415,0.14911243,0.7129889,0.20397814,Data Security|Third-Party Sharing
207_reference.com,10,Third-Party Sharing,4,0.72375345,0.28175235,0.3885764,0.36098412,0.10156789,0.6860853,0.14964755,Data Collection|Third-Party Sharing
207_reference.com,11,Third-Party Sharing,4,0.7503339,0.23686837,0.27292854,0.37956327,0.09253945,0.63505733,0.20268962,Data Collection|Third-Party Sharing
207_reference.com,12,Third-Party Sharing,4,0.6991214,0.25576174,0.22265355,0.42177862,0.07764697,0.5946966,0.3820219,Data Collection|Third-Party Sharing
207_reference.com,13,Third-Party Sharing,4,0.6027539,0.24528031,0.43270966,0.4256001,0.10477312,0.6705452,0.17917989,Data Collection|Third-Party Sharing
207_reference.com,14,Third-Party Sharing,4,0.74395305,0.22978474,0.20139973,0.37561736,0.09717281,0.62364745,0.2124091,Data Collection|Third-Party Sharing
207_reference.com,15,Third-Party Sharing,4,0.6960676,0.34036258,0.32585698,0.33478808,0.11891281,0.75541836,0.19083722,Data Collection|Third-Party Sharing
207_reference.com,16,Data Collection|Third-Party Sharing,4,0.7486135,0.24612536,0.36201492,0.3816351,0.09682968,0.59256077,0.17423485,Data Collection|Third-Party Sharing
207_reference.com,17,Data Collection|Third-Party Sharing,4,0.78889215,0.28315896,0.19858652,0.35817632,0.07313306,0.55350614,0.32349786,Data Collection|Third-Party Sharing
207_reference.com,18,User Control & Deletion,4,0.45180884,0.33215833,0.14550282,0.49329147,0.21586458,0.31407788,0.8492079,User Control & Deletion
207_reference.com,19,Data Collection|Third-Party Sharing,4,0.78151214,0.24867761,0.2430231,0.3823663,0.095434226,0.5489889,0.22241223,Data Collection|Third-Party Sharing
207_reference.com,20,Data Collection|Third-Party Sharing,4,0.7541797,0.4309179,0.18742786,0.36894614,0.08326575,0.47472456,0.52354354,Data Collection|User Control & Deletion
207_reference.com,21,Other/Unclear|User Control & Deletion,4,0.4217686,0.22619095,0.3479471,0.6352145,0.19987239,0.5230522,0.3577282,Other/Unclear|Third-Party Sharing
207_reference.com,22,Other/Unclear,4,0.4657867,0.22675346,0.13598177,0.51825076,0.1692246,0.33770314,0.6922951,Other/Unclear|User Control & Deletion
207_reference.com,23,Data Collection|Other/Unclear,4,0.57687086,0.23558037,0.32320634,0.49653012,0.103522636,0.57691497,0.24603418,Data Collection|Third-Party Sharing
207_reference.com,24,Other/Unclear,4,0.629064,0.6533718,0.3843999,0.4356341,0.13634573,0.49834946,0.51533294,Data Collection|Data Retention|User Control & Deletion
207_reference.com,25,Data Security|Other/Unclear,4,0.7144417,0.3486016,0.30656335,0.39009216,0.10726619,0.5563213,0.33327353,Data Collection|Third-Party Sharing
207_reference.com,26,Data Security|Other/Unclear,4,0.6331034,0.5006287,0.26374647,0.42009237,0.14222038,0.43682203,0.66942346,Data Collection|Data Retention|User Control & Deletion
207_reference.com,27,Other/Unclear,4,0.5531346,0.7572961,0.40014076,0.44899088,0.2472804,0.43839565,0.65207094,Data Collection|Data Retention|User Control & Deletion
207_reference.com,28,Data Security|Other/Unclear,4,0.5323488,0.6653243,0.25870508,0.45746246,0.23191491,0.34056452,0.7786915,Data Collection|Data Retention|User Control & Deletion
207_reference.com,29,Other/Unclear,4,0.36792192,0.369672,0.31808037,0.60853183,0.14997965,0.4659529,0.50363815,Other/Unclear|User Control & Deletion
207_reference.com,30,Other/Unclear,4,0.4265868,0.253093,0.28716677,0.5742181,0.14422697,0.5831316,0.38712534,Other/Unclear|Third-Party Sharing
207_reference.com,31,Other/Unclear|Third-Party Sharing,4,0.32866302,0.32597953,0.47045168,0.5934965,0.25174403,0.6910169,0.3664123,Other/Unclear|Third-Party Sharing
207_reference.com,32,Data Retention|Other/Unclear|User Control & Deletion,4,0.31431365,0.7852055,0.35243464,0.55961937,0.68138397,0.43468916,0.75556254,Data Retention|Other/Unclear|Policy Change|User Control & Deletion
207_reference.com,33,Other/Unclear|User Control & Deletion,4,0.333184,0.24173944,0.21234491,0.61219054,0.18236901,0.465959,0.6068164,Other/Unclear|User Control & Deletion
20_theatlantic.com,0,Other/Unclear,2,0.28247535,0.24292746,0.5632069,0.7099133,0.45796204,0.351708,0.24620996,Data Security|Other/Unclear
20_theatlantic.com,1,Other/Unclear,2,0.35177287,0.24683301,0.5379415,0.6741287,0.2032842,0.5356536,0.20257248,Data Security|Other/Unclear|Third-Party Sharing
20_theatlantic.com,2,Other/Unclear|Policy Change,2,0.24985248,0.3939231,0.31774637,0.6189401,0.9158818,0.2982303,0.51283103,Other/Unclear|Policy Change|User Control & Deletion
20_theatlantic.com,3,Data Collection,2,0.7138791,0.23940818,0.27481732,0.35954988,0.08624861,0.6376619,0.19091617,Data Collection|Third-Party Sharing
20_theatlantic.com,4,Data Collection|Other/Unclear,2,0.7340385,0.24083582,0.13411456,0.3407299,0.08576488,0.56824034,0.4751694,Data Collection|Third-Party Sharing
20_theatlantic.com,5,Data Collection,2,0.759509,0.39284262,0.26093835,0.32778916,0.079920754,0.62868124,0.30868953,Data Collection|Third-Party Sharing
20_theatlantic.com,6,Data Collection|Third-Party Sharing,2,0.6580523,0.33638573,0.16790344,0.41949534,0.08517526,0.61161643,0.5234301,Data Collection|Third-Party Sharing|User Control & Deletion
20_theatlantic.com,7,Data Collection,2,0.665245,0.45433185,0.40231434,0.38359383,0.083286405,0.66324484,0.2412494,Data Collection|Third-Party Sharing
20_theatlantic.com,8,Data Collection,2,0.62086576,0.48626614,0.1806152,0.42060912,0.14279662,0.37773544,0.8138965,Data Collection|User Control & Deletion
20_theatlantic.com,9,Data Collection|Third-Party Sharing,2,0.6877454,0.32271492,0.36092985,0.38719967,0.062434755,0.67108166,0.2323814,Data Collection|Third-Party Sharing
20_theatlantic.com,10,Third-Party Sharing,2,0.5932601,0.36536393,0.4881999,0.43205798,0.07583632,0.7285666,0.21452002,Data Collection|Third-Party Sharing
20_theatlantic.com,11,Other/Unclear|Third-Party Sharing,2,0.40064627,0.47211504,0.19307676,0.56064254,0.34000537,0.4197089,0.7061126,Other/Unclear|User Control & Deletion
20_theatlantic.com,12,Other/Unclear,2,0.24095942,0.5020183,0.5810728,0.67360353,0.57506263,0.35799298,0.4834402,Data Retention|Data Security|Other/Unclear|Policy Change
20_theatlantic.com,13,Data Collection,2,0.6158073,0.4119494,0.21223491,0.42159045,0.23862788,0.4860792,0.51219046,Data Collection|User Control & Deletion
20_theatlantic.com,14,Data Collection|Third-Party Sharing,2,0.74181145,0.3007975,0.262264,0.34932765,0.10715927,0.631948,0.22460383,Data Collection|Third-Party Sharing
20_theatlantic.com,15,Third-Party Sharing,2,0.33335438,0.33680174,0.57802254,0.66337794,0.16363622,0.5577709,0.23806547,Data Security|Other/Unclear|Third-Party Sharing
20_theatlantic.com,16,Data Security|Third-Party Sharing,2,0.41142252,0.51097023,0.86714035,0.49014294,0.18388632,0.6217393,0.24467166,Data Retention|Data Security|Third-Party Sharing
20_theatlantic.com,17,Other/Unclear|Third-Party Sharing,2,0.6647623,0.3662608,0.22059229,0.40217987,0.06341351,0.6406939,0.55278295,Data Collection|Third-Party Sharing|User Control & Deletion
20_theatlantic.com,18,Third-Party Sharing,2,0.31577268,0.4466296,0.41877255,0.57741094,0.49722987,0.62109846,0.4613574,Other/Unclear|Third-Party Sharing
20_theatlantic.com,19,Third-Party Sharing,2,0.5648558,0.27216342,0.49650243,0.4104348,0.10832629,0.68990105,0.16126853,Data Collection|Third-Party Sharing
20_theatlantic.com,20,Third-Party Sharing,2,0.6484104,0.2648918,0.30305037,0.3894155,0.101992,0.7430738,0.17873897,Data Collection|Third-Party Sharing
20_theatlantic.com,21,Other/Unclear|User Control & Deletion,2,0.45519844,0.37106255,0.15953392,0.48068342,0.2757304,0.3248315,0.83880913,User Control & Deletion
20_theatlantic.com,22,Data Collection|User Control & Deletion,2,0.44287533,0.53042114,0.2045152,0.5179811,0.20374934,0.42806017,0.7932393,Data Retention|Other/Unclear|User Control & Deletion
20_theatlantic.com,23,Other/Unclear|Third-Party Sharing|User Control & Deletion,2,0.60730433,0.2433372,0.12961766,0.39847663,0.098491564,0.46831718,0.66842127,Data Collection|User Control & Deletion
20_theatlantic.com,24,User Control & Deletion,2,0.44341424,0.3226812,0.14507458,0.4637637,0.2091943,0.36368367,0.82321537,User Control & Deletion
20_theatlantic.com,25,User Control & Deletion,2,0.4388348,0.3453731,0.15140773,0.46905133,0.21844855,0.30616802,0.845481,User Control & Deletion
20_theatlantic.com,26,Other/Unclear,2,0.30598152,0.323683,0.7275382,0.67121214,0.2429779,0.48393485,0.22673291,Data Security|Other/Unclear
20_theatlantic.com,27,Other/Unclear,2,0.3637419,0.4740952,0.27377346,0.5786726,0.205174,0.45676142,0.6827729,Other/Unclear|User Control & Deletion
20_theatlantic.com,28,Data Security,2,0.37937197,0.4412491,0.90704757,0.51295096,0.27492467,0.45192146,0.24869041,Data Security|Other/Unclear
20_theatlantic.com,29,Data Retention,2,0.36415267,0.80036354,0.6257379,0.5395657,0.57282037,0.45806748,0.55456823,Data Retention|Data Security|Other/Unclear|Policy Change|User Control & Deletion
20_theatlantic.com,30,Data Collection|Other/Unclear,2,0.529313,0.32083172,0.18834203,0.513559,0.16515337,0.5310363,0.5394286,Data Collection|Other/Unclear|Third-Party Sharing|User Control & Deletion
20_theatlantic.com,31,Data Collection|Other/Unclear,2,0.36400244,0.46065208,0.26752827,0.6090083,0.19260064,0.35851598,0.6592878,Other/Unclear|User Control & Deletion
20_theatlantic.com,32,Other/Unclear,2,0.28763705,0.23783657,0.19991125,0.64643955,0.32246348,0.32375807,0.6327551,Other/Unclear|User Control & Deletion
20_theatlantic.com,33,User Control & Deletion,2,0.35048306,0.28056663,0.14010423,0.5759416,0.43517703,0.25511527,0.7495706,Other/Unclear|User Control & Deletion
20_theatlantic.com,34,Other/Unclear,2,0.41560444,0.20135418,0.2587078,0.605228,0.25076818,0.3509853,0.43707058,Other/Unclear
20_theatlantic.com,35,User Control & Deletion,2,0.3990776,0.7749734,0.30221736,0.4963363,0.4382064,0.31693754,0.84649825,Data Retention|User Control & Deletion
21_imdb.com,0,Other/Unclear,3,0.29156628,0.18500347,0.2842103,0.6939933,0.543532,0.24864505,0.3498804,Other/Unclear|Policy Change
21_imdb.com,1,Other/Unclear|Policy Change,3,0.26486543,0.32098964,0.2980257,0.66999537,0.90433306,0.25487143,0.4951567,Other/Unclear|Policy Change
21_imdb.com,2,Other/Unclear,3,0.5034291,0.27594936,0.6140363,0.55433923,0.17070782,0.4681889,0.2064037,Data Collection|Data Security|Other/Unclear
21_imdb.com,3,Other/Unclear,3,0.22579648,0.2092843,0.2589899,0.70385283,0.6899164,0.24297267,0.4834936,Other/Unclear|Policy Change
21_imdb.com,4,Data Collection|Other/Unclear,3,0.70417726,0.19994968,0.22081298,0.4336554,0.10937348,0.44850078,0.26491705,Data Collection
21_imdb.com,5,Data Collection|Other/Unclear,3,0.6577337,0.46504158,0.17258236,0.3996522,0.14510465,0.3723664,0.7856907,Data Collection|User Control & Deletion
21_imdb.com,6,Data Collection|Other/Unclear,3,0.77673215,0.28343466,0.20292759,0.35568523,0.07344142,0.5133586,0.3888941,Data Collection|Third-Party Sharing
21_imdb.com,7,Data Collection|Other/Unclear|User Control & Deletion,3,0.71610254,0.34476396,0.1680892,0.40707654,0.10022037,0.41850036,0.669227,Data Collection|User Control & Deletion
21_imdb.com,8,Data Collection|Other/Unclear,3,0.7354175,0.23439015,0.1370471,0.36963192,0.08224399,0.43891355,0.5816376,Data Collection|User Control & Deletion
21_imdb.com,9,Data Collection|Other/Unclear,3,0.71479785,0.24112783,0.14248517,0.38315383,0.094361275,0.44727987,0.5228333,Data Collection|User Control & Deletion
21_imdb.com,10,Data Collection|Other/Unclear,3,0.7551714,0.21396394,0.21778914,0.37836438,0.089281105,0.47756627,0.27437043,Data Collection
21_imdb.com,11,User Control & Deletion,3,0.5639414,0.45017937,0.2015753,0.45285276,0.200782,0.318756,0.84998065,Data Collection|User Control & Deletion
21_imdb.com,12,Data Collection|Third-Party Sharing,3,0.68386173,0.2884576,0.44077817,0.40473264,0.0861649,0.653529,0.15874824,Data Collection|Third-Party Sharing
21_imdb.com,13,Third-Party Sharing,3,0.5451801,0.3804025,0.61110336,0.48545673,0.1489141,0.7130042,0.2053056,Data Collection|Data Security|Third-Party Sharing
21_imdb.com,14,Other/Unclear|Third-Party Sharing,3,0.7012609,0.303722,0.25423825,0.3879836,0.120444424,0.739291,0.26449087,Data Collection|Third-Party Sharing
21_imdb.com,15,Data Security|Third-Party Sharing,3,0.6834881,0.37544793,0.46454126,0.36372492,0.09394543,0.68814045,0.19011791,Data Collection|Third-Party Sharing
21_imdb.com,16,Third-Party Sharing,3,0.5885597,0.38245308,0.15059155,0.45859155,0.12918188,0.41609234,0.7788557,Data Collection|User Control & Deletion
21_imdb.com,17,Third-Party Sharing,3,0.5495339,0.54290533,0.44670334,0.46080446,0.27760884,0.7400972,0.39935112,Data Collection|Data Retention|Third-Party Sharing
21_imdb.com,18,Third-Party Sharing,3,0.47949687,0.31721792,0.5434702,0.47734103,0.1329703,0.69754374,0.17136985,Data Security|Third-Party Sharing
21_imdb.com,19,Other/Unclear|Third-Party Sharing|User Control & Deletion,3,0.54592377,0.29831657,0.20339988,0.47372347,0.095825896,0.6660206,0.5236423,Data Collection|Third-Party Sharing|User Control & Deletion
21_imdb.com,20,Other/Unclear|Third-Party Sharing,3,0.5941023,0.25821668,0.36860904,0.5027919,0.083681665,0.65304863,0.24192466,Data Collection|Other/Unclear|Third-Party Sharing
21_imdb.com,21,Data Collection|Other/Unclear|Third-Party Sharing,3,0.68792427,0.23878683,0.14265262,0.3977386,0.09210889,0.51606846,0.57253677,Data Collection|Third-Party Sharing|User Control & Deletion
21_imdb.com,22,Data Security,3,0.4864564,0.38429612,0.8356698,0.51273227,0.15481348,0.47591418,0.20791388,Data Security|Other/Unclear
21_imdb.com,23,Data Security|Other/Unclear,3,0.45283255,0.4148702,0.7832417,0.51805764,0.19139585,0.39974865,0.36587155,Data Security|Other/Unclear
21_imdb.com,24,User Control & Deletion,3,0.55144036,0.27956608,0.14990239,0.46160454,0.17000592,0.32755166,0.7891627,Data Collection|User Control & Deletion
21_imdb.com,25,Data Retention|Other/Unclear|User Control & Deletion,3,0.59872526,0.5760429,0.24509735,0.44956338,0.21665017,0.37081224,0.81603104,Data Collection|Data Retention|User Control & Deletion
21_imdb.com,26,Other/Unclear|Policy Change|User Control & Deletion,3,0.26785666,0.40051633,0.20273966,0.5963989,0.76266,0.25071976,0.7673919,Other/Unclear|Policy Change|User Control & Deletion
21_imdb.com,27,User Control & Deletion,3,0.55854374,0.2493306,0.12353571,0.44580805,0.14288302,0.39593446,0.7104206,Data Collection|User Control & Deletion
21_imdb.com,28,User Control & Deletion,3,0.5689917,0.44626322,0.19969665,0.45091528,0.19658482,0.31985763,0.84814084,Data Collection|User Control & Deletion
21_imdb.com,29,Other/Unclear,3,0.47501257,0.20777899,0.1525427,0.5074154,0.20995076,0.311459,0.668291,Other/Unclear|User Control & Deletion
21_imdb.com,30,Other/Unclear,3,0.32741067,0.28322002,0.7877488,0.64246374,0.30160484,0.43196192,0.22867559,Data Security|Other/Unclear
21_imdb.com,31,Other/Unclear,3,0.31916323,0.30511016,0.78719836,0.6504274,0.28953937,0.40804204,0.20106371,Data Security|Other/Unclear
21_imdb.com,32,Other/Unclear,3,0.30798498,0.37981805,0.78285086,0.67606974,0.33253142,0.43816346,0.24774389,Data Security|Other/Unclear
21_imdb.com,33,Other/Unclear,3,0.22156152,0.26545626,0.21430069,0.6619496,0.7451068,0.27001125,0.58276033,Other/Unclear|Policy Change|User Control & Deletion
21_imdb.com,34,Other/Unclear,3,0.2917727,0.29010832,0.39227346,0.65530336,0.5294534,0.23043844,0.4683615,Other/Unclear|Policy Change
21_imdb.com,35,Other/Unclear|Policy Change,3,0.24181046,0.44361204,0.3975404,0.65103185,0.91370225,0.29697374,0.5137648,Other/Unclear|Policy Change|User Control & Deletion
228_gawker.com,0,Other/Unclear,3,0.18614312,0.2144811,0.30230272,0.7057355,0.78202206,0.29671466,0.42943907,Other/Unclear|Policy Change
228_gawker.com,1,Data Collection|Third-Party Sharing,3,0.71952784,0.18846877,0.16315788,0.37397453,0.090009965,0.60479116,0.28376174,Data Collection|Third-Party Sharing
228_gawker.com,2,Data Collection|Third-Party Sharing,3,0.66478926,0.4503002,0.18177423,0.43009698,0.095700726,0.6044071,0.6752663,Data Collection|Third-Party Sharing|User Control & Deletion
228_gawker.com,3,Data Collection|Third-Party Sharing,3,0.7029385,0.5267635,0.2183949,0.38826934,0.103456184,0.54305416,0.7195161,Data Collection|Data Retention|Third-Party Sharing|User Control & Deletion
228_gawker.com,4,Data Collection|Third-Party Sharing,3,0.6665819,0.5452503,0.2554859,0.41565734,0.10176673,0.4916991,0.7389006,Data Collection|Data Retention|User Control & Deletion
228_gawker.com,5,Other/Unclear|Third-Party Sharing,3,0.40428764,0.2889412,0.58271736,0.6377134,0.14460076,0.6048989,0.18730713,Data Security|Other/Unclear|Third-Party Sharing
228_gawker.com,6,Other/Unclear|Third-Party Sharing,3,0.5959602,0.23218949,0.17580993,0.48482382,0.0876418,0.54431576,0.48880333,Data Collection|Third-Party Sharing
228_gawker.com,7,Data Collection,3,0.7504357,0.34814397,0.32637808,0.3821571,0.07538968,0.5857383,0.3127075,Data Collection|Third-Party Sharing
228_gawker.com,8,Data Collection,3,0.6326376,0.31947604,0.17026131,0.48012707,0.10787732,0.53432614,0.53761,Data Collection|Third-Party Sharing|User Control & Deletion
228_gawker.com,9,Other/Unclear,3,0.5096584,0.30514213,0.35493842,0.626874,0.18592417,0.3983627,0.3725899,Data Collection|Other/Unclear
228_gawker.com,10,Data Collection|Data Security|Third-Party Sharing,3,0.59278077,0.39787972,0.5260203,0.4288751,0.1085521,0.7842059,0.22364996,Data Collection|Data Security|Third-Party Sharing
228_gawker.com,11,Other/Unclear|Third-Party Sharing,3,0.5922926,0.3883382,0.51837486,0.45518062,0.10052411,0.7412533,0.22931176,Data Collection|Data Security|Third-Party Sharing
228_gawker.com,12,Other/Unclear|Third-Party Sharing,3,0.7650427,0.2604246,0.20371825,0.3449808,0.07798136,0.6340631,0.31140247,Data Collection|Third-Party Sharing
228_gawker.com,13,Third-Party Sharing,3,0.679294,0.22785205,0.2117393,0.39546266,0.08547883,0.63362336,0.34767315,Data Collection|Third-Party Sharing
228_gawker.com,14,Other/Unclear|User Control & Deletion,3,0.33106646,0.23064463,0.19435355,0.5853718,0.28099963,0.3283524,0.6921315,Other/Unclear|User Control & Deletion
228_gawker.com,15,Other/Unclear|User Control & Deletion,3,0.2957336,0.25249213,0.1720732,0.6058317,0.43117413,0.24432737,0.7592695,Other/Unclear|User Control & Deletion
228_gawker.com,16,User Control & Deletion,3,0.35638544,0.17982619,0.17168799,0.58190364,0.29680184,0.3424472,0.6638751,Other/Unclear|User Control & Deletion
228_gawker.com,17,Third-Party Sharing,3,0.63221604,0.32531914,0.2684649,0.42218354,0.155378,0.70741504,0.3103527,Data Collection|Third-Party Sharing
228_gawker.com,18,Data Collection|Other/Unclear|Third-Party Sharing,3,0.46029583,0.46987316,0.18249638,0.5115193,0.2443428,0.53858745,0.7797725,Other/Unclear|Third-Party Sharing|User Control & Deletion
228_gawker.com,19,Third-Party Sharing,3,0.30539617,0.5259453,0.66210634,0.6415541,0.27979025,0.57364196,0.346239,Data Retention|Data Security|Other/Unclear|Third-Party Sharing
228_gawker.com,20,Data Retention|Data Security,3,0.38721004,0.46936953,0.8978719,0.5416657,0.28971487,0.47086886,0.24297018,Data Security|Other/Unclear
228_gawker.com,21,Data Security|Other/Unclear,3,0.4313836,0.37300944,0.43360847,0.5654308,0.25275382,0.27878502,0.55231434,Other/Unclear|User Control & Deletion
228_gawker.com,22,Policy Change,3,0.22775598,0.3251163,0.3294417,0.63186806,0.93244725,0.29072708,0.4906323,Other/Unclear|Policy Change
228_gawker.com,23,Other/Unclear,3,0.28160495,0.16048965,0.2068126,0.6713422,0.43626627,0.26632974,0.43085584,Other/Unclear
228_gawker.com,24,Other/Unclear|Policy Change,3,0.2267068,0.2981772,0.34293893,0.6668124,0.92127514,0.25474945,0.43583035,Other/Unclear|Policy Change
26_nytimes.com,0,Other/Unclear|Policy Change,3,0.22657023,0.27858272,0.318246,0.6665045,0.9023663,0.24118693,0.43761036,Other/Unclear|Policy Change
26_nytimes.com,1,Other/Unclear,3,0.23087664,0.18851872,0.34817755,0.71195066,0.5322984,0.35635275,0.3109281,Other/Unclear|Policy Change
26_nytimes.com,2,Other/Unclear,3,0.3056615,0.3005237,0.605937,0.6692989,0.42755994,0.41453916,0.28383863,Data Security|Other/Unclear
26_nytimes.com,3,Other/Unclear,3,0.29452044,0.22680488,0.43913913,0.6876228,0.3651098,0.4418608,0.3075515,Other/Unclear
26_nytimes.com,4,Other/Unclear,3,0.39413148,0.26155776,0.523451,0.59954244,0.1335778,0.5700158,0.19644645,Data Security|Other/Unclear|Third-Party Sharing
26_nytimes.com,5,Other/Unclear,3,0.20828462,0.258851,0.30688044,0.6944886,0.8439905,0.26285675,0.42487624,Other/Unclear|Policy Change
26_nytimes.com,6,Data Security|Other/Unclear,3,0.27270675,0.33748564,0.7329185,0.6949427,0.6385029,0.3249238,0.31573915,Data Security|Other/Unclear|Policy Change
26_nytimes.com,7,Other/Unclear,3,0.2553357,0.23617104,0.40180776,0.6836154,0.43647307,0.23870744,0.41292387,Other/Unclear
26_nytimes.com,8,Other/Unclear,3,0.50947475,0.36627054,0.42639983,0.54667294,0.11200672,0.5783093,0.3133882,Data Collection|Other/Unclear|Third-Party Sharing
26_nytimes.com,9,Data Collection|Third-Party Sharing,3,0.73915684,0.22643921,0.21694782,0.35351244,0.08565672,0.6251111,0.23728362,Data Collection|Third-Party Sharing
26_nytimes.com,10,Other/Unclear,3,0.69679177,0.20195626,0.17518444,0.35025838,0.091064654,0.5964312,0.29126197,Data Collection|Third-Party Sharing
26_nytimes.com,11,Data Collection,3,0.70824987,0.27484307,0.17211282,0.35591856,0.081269756,0.53264344,0.51763713,Data Collection|Third-Party Sharing|User Control & Deletion
26_nytimes.com,12,Data Collection|Third-Party Sharing|User Control & Deletion,3,0.62091964,0.4399874,0.16798365,0.42915514,0.122759536,0.4097593,0.7813841,Data Collection|User Control & Deletion
26_nytimes.com,13,Data Collection|Other/Unclear|Third-Party Sharing,3,0.76771706,0.252085,0.17176011,0.3396528,0.076323785,0.5659264,0.36255452,Data Collection|Third-Party Sharing
26_nytimes.com,14,User Control & Deletion,3,0.45043376,0.30827248,0.16135587,0.49636698,0.17989136,0.34615695,0.76723915,User Control & Deletion
26_nytimes.com,15,Data Collection|Third-Party Sharing,3,0.6519639,0.37730673,0.53945035,0.38963023,0.11740829,0.7039066,0.21329437,Data Collection|Data Security|Third-Party Sharing
26_nytimes.com,16,Other/Unclear|Third-Party Sharing,3,0.62190884,0.4181672,0.19073407,0.4666994,0.10914124,0.579629,0.57087404,Data Collection|Third-Party Sharing|User Control & Deletion
26_nytimes.com,17,Other/Unclear|Third-Party Sharing,3,0.590796,0.34760562,0.24260847,0.5127835,0.117611244,0.6179891,0.38565376,Data Collection|Other/Unclear|Third-Party Sharing
26_nytimes.com,18,Other/Unclear|Third-Party Sharing,3,0.5403421,0.17203575,0.1497613,0.5011803,0.11808113,0.5244365,0.4076217,Data Collection|Other/Unclear|Third-Party Sharing
26_nytimes.com,19,Data Collection|Other/Unclear|Third-Party Sharing,3,0.51799047,0.3405231,0.14860594,0.4811955,0.11492692,0.48075724,0.7617934,Data Collection|User Control & Deletion
26_nytimes.com,20,Data Collection|Third-Party Sharing,3,0.728431,0.24956374,0.14988586,0.3718289,0.08205184,0.62905055,0.37552512,Data Collection|Third-Party Sharing
26_nytimes.com,21,Data Collection|Other/Unclear,3,0.52189773,0.20800869,0.2275402,0.52497,0.20811161,0.41772082,0.3595965,Data Collection|Other/Unclear
26_nytimes.com,22,Data Collection|Other/Unclear|Third-Party Sharing,3,0.73645705,0.28349334,0.17624065,0.38140956,0.0837373,0.5961176,0.40879855,Data Collection|Third-Party Sharing
26_nytimes.com,23,Data Collection|Other/Unclear,3,0.74068224,0.25953507,0.28151238,0.3777056,0.090365484,0.598289,0.19564563,Data Collection|Third-Party Sharing
26_nytimes.com,24,Data Collection,3,0.7639237,0.2358573,0.22673993,0.3437464,0.09188862,0.56836146,0.21647812,Data Collection|Third-Party Sharing
26_nytimes.com,25,Data Collection|Other/Unclear|User Control & Deletion,3,0.7103557,0.29205716,0.22597478,0.43850145,0.07036335,0.45856416,0.468483,Data Collection
26_nytimes.com,26,Other/Unclear|Third-Party Sharing,3,0.7136601,0.231532,0.14037755,0.3874046,0.07620086,0.5473275,0.50182885,Data Collection|Third-Party Sharing|User Control & Deletion
26_nytimes.com,27,Data Collection,3,0.7706505,0.26990673,0.21059185,0.3498231,0.07578367,0.55543643,0.29589766,Data Collection|Third-Party Sharing
26_nytimes.com,28,Data Collection|Other/Unclear,3,0.72145283,0.2686184,0.15528183,0.37021998,0.11669004,0.41593307,0.53235483,Data Collection|User Control & Deletion
26_nytimes.com,29,Data Collection|Third-Party Sharing,3,0.7543495,0.31118733,0.33660695,0.3483473,0.09380803,0.6594169,0.18391731,Data Collection|Third-Party Sharing
26_nytimes.com,30,Data Collection|User Control & Deletion,3,0.6541379,0.62590307,0.28005806,0.40223625,0.14233938,0.47425085,0.72814584,Data Collection|Data Retention|User Control & Deletion
26_nytimes.com,31,Other/Unclear,3,0.71978116,0.28733426,0.1608553,0.38533014,0.086402334,0.49245393,0.49725887,Data Collection
26_nytimes.com,32,Third-Party Sharing,3,0.66050583,0.2333424,0.24871932,0.38580686,0.08622169,0.69461143,0.23270103,Data Collection|Third-Party Sharing
26_nytimes.com,33,Other/Unclear|Third-Party Sharing,3,0.7807739,0.26529083,0.19028437,0.32749343,0.084517635,0.6308412,0.31223503,Data Collection|Third-Party Sharing
26_nytimes.com,34,Other/Unclear,3,0.50372124,0.36645654,0.69472176,0.50796235,0.11632789,0.64170015,0.17275015,Data Collection|Data Security|Other/Unclear|Third-Party Sharing
26_nytimes.com,35,Other/Unclear|Third-Party Sharing,3,0.5705931,0.21187574,0.13521253,0.4604446,0.1225418,0.38747787,0.7062359,Data Collection|User Control & Deletion
26_nytimes.com,36,User Control & Deletion,3,0.42646027,0.2650993,0.14435655,0.49607968,0.29975906,0.2793684,0.81395924,User Control & Deletion
26_nytimes.com,37,Other/Unclear,3,0.3488095,0.26785657,0.19060172,0.5782224,0.21438766,0.37259293,0.69421583,Other/Unclear|User Control & Deletion
26_nytimes.com,38,Data Collection,3,0.7933834,0.2530469,0.19756015,0.31670812,0.08816568,0.5347102,0.27531862,Data Collection|Third-Party Sharing
26_nytimes.com,39,Data Collection|Third-Party Sharing,3,0.73089683,0.2377415,0.28809226,0.36617437,0.10936769,0.6217129,0.18444107,Data Collection|Third-Party Sharing
26_nytimes.com,40,Data Collection,3,0.7833469,0.37006062,0.20406465,0.33409867,0.109823614,0.514346,0.42068252,Data Collection|Third-Party Sharing
26_nytimes.com,41,Data Collection|Other/Unclear|Third-Party Sharing,3,0.730445,0.2751866,0.28039265,0.386499,0.09222871,0.66673887,0.20616601,Data Collection|Third-Party Sharing
26_nytimes.com,42,Data Collection|Other/Unclear,3,0.45445833,0.18218336,0.17278306,0.5599408,0.20306681,0.34552518,0.56571597,Other/Unclear|User Control & Deletion
26_nytimes.com,43,Third-Party Sharing,3,0.4779913,0.44156918,0.3936345,0.49921992,0.11623648,0.72931165,0.37228823,Third-Party Sharing
26_nytimes.com,44,Third-Party Sharing,3,0.66191596,0.3360115,0.27498707,0.3603798,0.1503332,0.7541822,0.28479922,Data Collection|Third-Party Sharing
26_nytimes.com,45,Third-Party Sharing,3,0.4306293,0.23679097,0.34159404,0.605785,0.1601093,0.6266077,0.21537854,Other/Unclear|Third-Party Sharing
26_nytimes.com,46,Other/Unclear|Third-Party Sharing,3,0.55881727,0.34429005,0.13433573,0.44514245,0.16475198,0.3916641,0.8283894,Data Collection|User Control & Deletion
26_nytimes.com,47,Other/Unclear|Third-Party Sharing,3,0.70212734,0.25497705,0.17512345,0.37834787,0.08210958,0.6360572,0.3545415,Data Collection|Third-Party Sharing
26_nytimes.com,48,Data Security|Other/Unclear|Third-Party Sharing,3,0.5329234,0.45853996,0.6889667,0.4558264,0.1547958,0.74502933,0.22763914,Data Collection|Data Security|Third-Party Sharing
26_nytimes.com,49,Other/Unclear|Third-Party Sharing,3,0.33048928,0.50507164,0.401321,0.5748218,0.2602181,0.66248846,0.5134331,Data Retention|Other/Unclear|Third-Party Sharing|User Control & Deletion
26_nytimes.com,50,Other/Unclear|Third-Party Sharing|User Control & Deletion,3,0.2980792,0.5102313,0.23008333,0.5886974,0.36249366,0.38985252,0.8279934,Data Retention|Other/Unclear|User Control & Deletion
26_nytimes.com,51,Other/Unclear|User Control & Deletion,3,0.3746009,0.26290545,0.1584835,0.53839105,0.35387662,0.24828981,0.76804113,Other/Unclear|User Control & Deletion
26_nytimes.com,52,Data Collection|Third-Party Sharing,3,0.7235679,0.3024327,0.1988553,0.39704433,0.0847693,0.6036719,0.33798838,Data Collection|Third-Party Sharing
26_nytimes.com,53,Data Collection|Other/Unclear,3,0.7467562,0.29266602,0.16500792,0.351649,0.088117585,0.40398905,0.55831885,Data Collection|User Control & Deletion
26_nytimes.com,54,Data Collection|Data Retention|Third-Party Sharing,3,0.5479356,0.49058586,0.16961509,0.46894825,0.175182,0.451379,0.782537,Data Collection|User Control & Deletion
26_nytimes.com,55,Other/Unclear|User Control & Deletion,3,0.3900229,0.32426718,0.1537035,0.50876683,0.35072747,0.24154665,0.81104046,Other/Unclear|User Control & Deletion
26_nytimes.com,56,User Control & Deletion,3,0.5817103,0.28623366,0.13845952,0.41501662,0.17030872,0.325244,0.76042014,Data Collection|User Control & Deletion
26_nytimes.com,57,User Control & Deletion,3,0.47341397,0.22119729,0.14803964,0.51058376,0.21913701,0.2761989,0.7135374,Other/Unclear|User Control & Deletion
26_nytimes.com,58,User Control & Deletion,3,0.39642483,0.3581886,0.16645093,0.5112152,0.31191415,0.26914835,0.84296334,Other/Unclear|User Control & Deletion
26_nytimes.com,59,Other/Unclear|User Control & Deletion,3,0.5475223,0.27673358,0.14486057,0.45533988,0.1849152,0.2798573,0.78265417,Data Collection|User Control & Deletion
26_nytimes.com,60,Other/Unclear|User Control & Deletion,3,0.46176842,0.30399394,0.13489173,0.49673063,0.1970541,0.3465148,0.8165683,User Control & Deletion
26_nytimes.com,61,Data Security,3,0.39158925,0.46366057,0.8902812,0.5496679,0.2956663,0.42244557,0.24081136,Data Security|Other/Unclear
26_nytimes.com,62,Third-Party Sharing,3,0.55958253,0.312673,0.42937556,0.42390847,0.10774684,0.7151559,0.21036607,Data Collection|Third-Party Sharing
26_nytimes.com,63,Other/Unclear,3,0.36300308,0.18036188,0.36244336,0.61494136,0.18673888,0.40404782,0.29733214,Other/Unclear
26_nytimes.com,64,Data Collection|Other/Unclear|Third-Party Sharing|User Control & Deletion,3,0.4030578,0.31361666,0.17824838,0.59170234,0.25858015,0.3528338,0.74823046,Other/Unclear|User Control & Deletion
26_nytimes.com,65,Other/Unclear,3,0.33203933,0.18887448,0.2801185,0.6465453,0.3730628,0.279917,0.36666945,Other/Unclear
26_nytimes.com,66,Other/Unclear|User Control & Deletion,3,0.26103777,0.28842992,0.18843828,0.6115376,0.44131956,0.3306625,0.7857844,Other/Unclear|User Control & Deletion
26_nytimes.com,67,Policy Change,3,0.23868074,0.33512083,0.3196722,0.6256379,0.9330626,0.28803825,0.51026624,Other/Unclear|Policy Change|User Control & Deletion
303_reddit.com,0,Other/Unclear,3,0.22797911,0.21183735,0.3111135,0.6940682,0.6947367,0.22775786,0.37074047,Other/Unclear|Policy Change
303_reddit.com,1,Other/Unclear,3,0.38401163,0.26011395,0.6166062,0.6692796,0.22988847,0.46272907,0.20876868,Data Security|Other/Unclear
303_reddit.com,2,Other/Unclear|User Control & Deletion,3,0.19608392,0.23711123,0.22947712,0.68172276,0.7968282,0.28024772,0.5962002,Other/Unclear|Policy Change|User Control & Deletion
303_reddit.com,3,Data Collection|Other/Unclear|Third-Party Sharing,3,0.49197105,0.41163963,0.5640979,0.61039,0.14890502,0.57951987,0.27185917,Data Security|Other/Unclear|Third-Party Sharing
303_reddit.com,4,Data Collection|Third-Party Sharing,3,0.4201972,0.4168041,0.6431709,0.6402447,0.27543515,0.4631979,0.24561958,Data Security|Other/Unclear
303_reddit.com,5,Data Collection|Data Retention,3,0.6118779,0.70156217,0.3484948,0.44450435,0.21883246,0.44493252,0.70852506,Data Collection|Data Retention|User Control & Deletion
303_reddit.com,6,Data Collection|Data Retention|Third-Party Sharing|User Control & Deletion,3,0.43041554,0.6786278,0.3797529,0.55720246,0.45831925,0.3348174,0.7452378,Data Retention|Other/Unclear|User Control & Deletion
303_reddit.com,7,Data Collection|Data Retention|Third-Party Sharing,3,0.5110546,0.64972544,0.47845817,0.5030942,0.1747611,0.45919815,0.6346532,Data Collection|Data Retention|Other/Unclear|User Control & Deletion
303_reddit.com,8,Data Collection|Data Retention,3,0.6255463,0.32371178,0.24859159,0.44063208,0.09655169,0.43517575,0.48301676,Data Collection
303_reddit.com,9,Data Collection|Other/Unclear|Third-Party Sharing,3,0.47184652,0.6703255,0.58322793,0.54004043,0.2064837,0.47873285,0.616251,Data Retention|Data Security|Other/Unclear|User Control & Deletion
303_reddit.com,10,Data Collection|Data Retention,3,0.59658444,0.6487582,0.4490475,0.45178017,0.124829255,0.47901103,0.54570436,Data Collection|Data Retention|User Control & Deletion
303_reddit.com,11,Data Collection|Data Retention,3,0.5704381,0.4820301,0.3503428,0.5297763,0.16000286,0.39514375,0.42113617,Data Collection|Other/Unclear
303_reddit.com,12,Data Collection,3,0.6038774,0.4036868,0.16509342,0.44064912,0.22823596,0.3058538,0.8273002,Data Collection|User Control & Deletion
303_reddit.com,13,Data Collection|Data Retention,3,0.4929824,0.5986054,0.8241672,0.502184,0.18052074,0.5596554,0.25496003,Data Retention|Data Security|Other/Unclear|Third-Party Sharing
303_reddit.com,14,Third-Party Sharing,3,0.51498616,0.42381263,0.41860667,0.5164757,0.12335766,0.7605355,0.33703497,Data Collection|Other/Unclear|Third-Party Sharing
303_reddit.com,15,Third-Party Sharing,3,0.6910402,0.26194352,0.2444092,0.35957143,0.0847117,0.6428784,0.23423204,Data Collection|Third-Party Sharing
303_reddit.com,16,Data Collection|Data Retention|Third-Party Sharing,3,0.25759885,0.5862958,0.59984493,0.63663065,0.40183958,0.54236376,0.48095223,Data Retention|Data Security|Other/Unclear|Third-Party Sharing
303_reddit.com,17,Data Collection|Third-Party Sharing,3,0.61855257,0.37317008,0.4427758,0.3727386,0.1075653,0.75366527,0.193359,Data Collection|Third-Party Sharing
303_reddit.com,18,Data Collection|Third-Party Sharing,3,0.7435549,0.30320212,0.3911482,0.4162166,0.08540909,0.56081396,0.20376565,Data Collection|Third-Party Sharing
303_reddit.com,19,Other/Unclear|Third-Party Sharing,3,0.4156665,0.28133154,0.3353351,0.63548,0.16875006,0.4526416,0.42897794,Other/Unclear
303_reddit.com,20,Data Collection|Third-Party Sharing,3,0.6953556,0.31465286,0.15645507,0.37946823,0.10867557,0.41271853,0.72391075,Data Collection|User Control & Deletion
303_reddit.com,21,Data Collection,3,0.6496846,0.28590786,0.15690707,0.40709263,0.13743013,0.34027237,0.73513633,Data Collection|User Control & Deletion
303_reddit.com,22,Data Collection,3,0.70512927,0.39086288,0.36931202,0.3868524,0.079987474,0.49100068,0.39679185,Data Collection
303_reddit.com,23,Data Collection|Third-Party Sharing,3,0.7079827,0.1822601,0.22284295,0.43454105,0.08981544,0.4268514,0.34894654,Data Collection
303_reddit.com,24,Data Collection,3,0.61909235,0.5064758,0.3454761,0.4840295,0.12523739,0.43165398,0.4647139,Data Collection|Data Retention
303_reddit.com,25,Data Collection|Data Retention|Third-Party Sharing,3,0.68191606,0.53310126,0.4296669,0.4446913,0.118102804,0.53139085,0.34508032,Data Collection|Data Retention|Third-Party Sharing
303_reddit.com,26,Data Collection|User Control & Deletion,3,0.5579104,0.39735413,0.16420594,0.46232277,0.19612704,0.32725957,0.83863235,Data Collection|User Control & Deletion
303_reddit.com,27,Third-Party Sharing,3,0.55990815,0.30224591,0.59277415,0.5086154,0.10202151,0.52341306,0.21623732,Data Collection|Data Security|Other/Unclear|Third-Party Sharing
303_reddit.com,28,Other/Unclear|Third-Party Sharing,3,0.74651855,0.21638003,0.25285974,0.3521183,0.10143142,0.60909367,0.20414475,Data Collection|Third-Party Sharing
303_reddit.com,29,Other/Unclear|Third-Party Sharing,3,0.3398704,0.24287562,0.2128893,0.6368022,0.30289334,0.35807773,0.6307263,Other/Unclear|User Control & Deletion
303_reddit.com,30,Third-Party Sharing,3,0.7552123,0.27101076,0.14488095,0.37478825,0.08001072,0.51059586,0.5089917,Data Collection|Third-Party Sharing|User Control & Deletion
303_reddit.com,31,Data Retention|Other/Unclear|Third-Party Sharing|User Control & Deletion,3,0.44056594,0.7259366,0.3822122,0.5238923,0.3948812,0.43466762,0.75560266,Data Retention|Other/Unclear|User Control & Deletion
303_reddit.com,32,Third-Party Sharing,3,0.6518071,0.42761528,0.2632453,0.4289519,0.085457295,0.57327074,0.586425,Data Collection|Third-Party Sharing|User Control & Deletion
303_reddit.com,33,Third-Party Sharing,3,0.5911948,0.5046061,0.23722993,0.45876652,0.12052495,0.48210818,0.7932522,Data Collection|Data Retention|User Control & Deletion
303_reddit.com,34,Data Security,3,0.40724754,0.47054198,0.8992927,0.5427573,0.26701224,0.47051042,0.2573777,Data Security|Other/Unclear
303_reddit.com,35,Other/Unclear,3,0.4884546,0.44270948,0.7400393,0.50704104,0.15701711,0.5662571,0.20948228,Data Security|Other/Unclear|Third-Party Sharing
303_reddit.com,36,Other/Unclear,3,0.32185224,0.3050058,0.809545,0.6279309,0.30368733,0.42932707,0.22442645,Data Security|Other/Unclear
303_reddit.com,37,Other/Unclear,3,0.25234127,0.19345197,0.449648,0.70363307,0.39084572,0.3348746,0.27858412,Other/Unclear
303_reddit.com,38,Other/Unclear,3,0.28325537,0.31977975,0.69817424,0.7103397,0.3905934,0.42547682,0.23464742,Data Security|Other/Unclear
303_reddit.com,39,Other/Unclear,3,0.38543367,0.18553244,0.21592206,0.64090383,0.21357723,0.32920432,0.52664095,Other/Unclear|User Control & Deletion
303_reddit.com,40,Other/Unclear|User Control & Deletion,3,0.33000425,0.27187783,0.3016467,0.67748225,0.23176853,0.3881169,0.45387095,Other/Unclear
303_reddit.com,41,Other/Unclear,3,0.582542,0.16107628,0.29717457,0.5583832,0.124052405,0.40912578,0.294207,Data Collection|Other/Unclear
303_reddit.com,42,Data Collection,3,0.57032865,0.18894273,0.329652,0.56254613,0.110859476,0.4867428,0.20558098,Data Collection|Other/Unclear
303_reddit.com,43,Data Collection|Data Retention,3,0.6764564,0.59955066,0.43124855,0.42768568,0.11710506,0.5081628,0.44632173,Data Collection|Data Retention|Third-Party Sharing
303_reddit.com,44,Data Collection|Third-Party Sharing,3,0.77773213,0.24374633,0.15697668,0.33932653,0.08217473,0.529224,0.4258162,Data Collection|Third-Party Sharing
303_reddit.com,45,Data Collection|Other/Unclear,3,0.6882822,0.32242417,0.24673113,0.41280025,0.07674269,0.5418849,0.4129906,Data Collection|Third-Party Sharing
303_reddit.com,46,Data Collection|User Control & Deletion,3,0.41299683,0.35084286,0.19780767,0.51819617,0.3628514,0.26226515,0.84427124,Other/Unclear|User Control & Deletion
303_reddit.com,47,Data Collection|Third-Party Sharing,3,0.5835334,0.21245566,0.31270796,0.5007274,0.102738075,0.59595186,0.21644813,Data Collection|Other/Unclear|Third-Party Sharing
303_reddit.com,48,Other/Unclear,3,0.564989,0.29296067,0.15087429,0.4394881,0.21639754,0.26970187,0.7998593,Data Collection|User Control & Deletion
303_reddit.com,49,Data Retention|User Control & Deletion,3,0.4183573,0.7140882,0.3377473,0.54576415,0.4886177,0.37833908,0.74568194,Data Retention|Other/Unclear|User Control & Deletion
303_reddit.com,50,Third-Party Sharing,3,0.71288836,0.29498166,0.15318297,0.39030105,0.0884778,0.49390286,0.6097853,Data Collection|User Control & Deletion
303_reddit.com,51,Other/Unclear,3,0.2344152,0.21616761,0.400758,0.7343094,0.58513147,0.34319094,0.35758457,Other/Unclear|Policy Change
303_reddit.com,52,Policy Change,3,0.25108683,0.34667996,0.29449037,0.62079674,0.9244764,0.2800784,0.54505116,Other/Unclear|Policy Change|User Control & Deletion
303_reddit.com,53,Other/Unclear,3,0.28634286,0.20381139,0.21577217,0.6423576,0.5519045,0.23258111,0.47905448,Other/Unclear|Policy Change
320_timeinc.com,0,Other/Unclear,3,0.20790671,0.25371158,0.3663835,0.7235112,0.73977375,0.24972083,0.39197007,Other/Unclear|Policy Change
320_timeinc.com,1,Other/Unclear,3,0.31023216,0.16480741,0.2631722,0.6543338,0.2818624,0.35689268,0.40225485,Other/Unclear
320_timeinc.com,2,Other/Unclear,3,0.23953107,0.25506777,0.5725422,0.7149342,0.4958113,0.3591494,0.28253698,Data Security|Other/Unclear
320_timeinc.com,3,Data Collection,3,0.74325275,0.22680902,0.16180089,0.34773403,0.09025852,0.5774119,0.3377475,Data Collection|Third-Party Sharing
320_timeinc.com,4,Data Collection,3,0.7496719,0.20021443,0.15948257,0.3365681,0.10028619,0.5728488,0.2911638,Data Collection|Third-Party Sharing
320_timeinc.com,5,Data Collection,3,0.74228686,0.22592787,0.14518224,0.36641955,0.087357454,0.47698352,0.49933273,Data Collection
320_timeinc.com,6,Data Collection,3,0.7721327,0.24069932,0.18438663,0.33374965,0.08612597,0.5518876,0.2847946,Data Collection|Third-Party Sharing
320_timeinc.com,7,Data Collection,3,0.76039284,0.20988736,0.18737265,0.3439741,0.11008828,0.5674349,0.22944479,Data Collection|Third-Party Sharing
320_timeinc.com,8,Data Collection|Third-Party Sharing,3,0.72303486,0.27706447,0.29128015,0.3350513,0.115742296,0.708366,0.18017778,Data Collection|Third-Party Sharing
320_timeinc.com,9,Data Collection|Other/Unclear|Third-Party Sharing,3,0.6022206,0.21875049,0.28944978,0.42464703,0.09961504,0.6840719,0.19972043,Data Collection|Third-Party Sharing
320_timeinc.com,10,Third-Party Sharing,3,0.7217423,0.32041416,0.13572058,0.35343823,0.09384323,0.51036435,0.5683347,Data Collection|Third-Party Sharing|User Control & Deletion
320_timeinc.com,11,Data Collection,3,0.76321393,0.32415816,0.1499819,0.34255216,0.09767131,0.48964387,0.49012208,Data Collection
320_timeinc.com,12,Data Collection|Third-Party Sharing,3,0.5313641,0.24693711,0.11993082,0.45643187,0.19821031,0.34224597,0.74186283,Data Collection|User Control & Deletion
320_timeinc.com,13,Data Collection,3,0.73470205,0.22319146,0.27041984,0.4087665,0.11747514,0.5223348,0.18716505,Data Collection|Third-Party Sharing
320_timeinc.com,14,Data Collection,3,0.78144723,0.23853156,0.20544213,0.35087284,0.10009362,0.57075423,0.22974688,Data Collection|Third-Party Sharing
320_timeinc.com,15,Third-Party Sharing,3,0.62605566,0.33830577,0.39827937,0.42817694,0.09527584,0.7282652,0.19962777,Data Collection|Third-Party Sharing
320_timeinc.com,16,Data Security|Third-Party Sharing,3,0.35291624,0.40561455,0.8464218,0.58708173,0.21465378,0.5426911,0.21729253,Data Security|Other/Unclear|Third-Party Sharing
320_timeinc.com,17,Third-Party Sharing,3,0.5514688,0.4053551,0.47078854,0.40677735,0.13693273,0.7822615,0.21474108,Data Collection|Third-Party Sharing
320_timeinc.com,18,Third-Party Sharing,3,0.54070336,0.32840592,0.25227982,0.44438785,0.18819085,0.7208378,0.35408142,Data Collection|Third-Party Sharing
320_timeinc.com,19,Data Security,3,0.37109673,0.39993218,0.7994119,0.5968965,0.21435069,0.5791264,0.2042611,Data Security|Other/Unclear|Third-Party Sharing
320_timeinc.com,20,User Control & Deletion,3,0.34868076,0.2609564,0.1449909,0.5473429,0.30974013,0.31159073,0.7992356,Other/Unclear|User Control & Deletion
320_timeinc.com,21,User Control & Deletion,3,0.36916992,0.2934002,0.14573291,0.512589,0.28709555,0.32721272,0.81817913,Other/Unclear|User Control & Deletion
320_timeinc.com,22,Data Collection|Third-Party Sharing|User Control & Deletion,3,0.49568382,0.35637107,0.1533933,0.50575745,0.1516441,0.44673327,0.7430011,Other/Unclear|User Control & Deletion
320_timeinc.com,23,Other/Unclear|User Control & Deletion,3,0.25927627,0.27879772,0.18796621,0.62265915,0.362133,0.43749565,0.71933347,Other/Unclear|User Control & Deletion
320_timeinc.com,24,Other/Unclear,3,0.5592065,0.2891423,0.32273683,0.5112405,0.0785602,0.6477166,0.3286156,Data Collection|Other/Unclear|Third-Party Sharing
320_timeinc.com,25,Data Collection|Other/Unclear|Third-Party Sharing,3,0.6484311,0.32468286,0.2711343,0.40256888,0.08877947,0.7400169,0.2932835,Data Collection|Third-Party Sharing
320_timeinc.com,26,Other/Unclear|Third-Party Sharing,3,0.5256628,0.22221333,0.22624332,0.50633943,0.11393971,0.656127,0.29046506,Data Collection|Other/Unclear|Third-Party Sharing
320_timeinc.com,27,Other/Unclear|User Control & Deletion,3,0.48700112,0.16614942,0.1592573,0.50106496,0.21531127,0.29801616,0.562754,Other/Unclear|User Control & Deletion
320_timeinc.com,28,Data Collection,3,0.7934844,0.3376664,0.1686284,0.33171475,0.08021477,0.5472104,0.4691059,Data Collection|Third-Party Sharing
320_timeinc.com,29,Data Collection,3,0.7914554,0.24129725,0.20064045,0.33737814,0.09096347,0.55452615,0.2651964,Data Collection|Third-Party Sharing
320_timeinc.com,30,Data Collection|User Control & Deletion,3,0.48621574,0.44156173,0.20278108,0.48501277,0.24935383,0.28309023,0.86742455,User Control & Deletion
320_timeinc.com,31,Data Collection|User Control & Deletion,3,0.71156615,0.3277776,0.19319749,0.38294432,0.08920399,0.44832984,0.6285213,Data Collection|User Control & Deletion
320_timeinc.com,32,Data Collection,3,0.78568125,0.27724904,0.16528179,0.34007394,0.08624979,0.5511203,0.33507,Data Collection|Third-Party Sharing
320_timeinc.com,33,Data Collection|Other/Unclear,3,0.73688334,0.26408756,0.2197296,0.3493413,0.076230384,0.5409174,0.33891755,Data Collection|Third-Party Sharing
320_timeinc.com,34,Data Collection,3,0.76794267,0.24931245,0.21487354,0.35720873,0.081034504,0.5807492,0.27382824,Data Collection|Third-Party Sharing
320_timeinc.com,35,Data Collection|Third-Party Sharing,3,0.765224,0.31180182,0.28510997,0.3553641,0.09446018,0.6564946,0.20794292,Data Collection|Third-Party Sharing
320_timeinc.com,36,Data Security,3,0.39159212,0.4470852,0.89345807,0.5539734,0.3285711,0.41628808,0.24599715,Data Security|Other/Unclear
320_timeinc.com,37,Data Collection|Other/Unclear|User Control & Deletion,3,0.42673954,0.60345685,0.43308777,0.54948205,0.43676436,0.29481843,0.6570637,Data Retention|Other/Unclear|User Control & Deletion
320_timeinc.com,38,Data Collection|Data Retention|User Control & Deletion,3,0.42020485,0.680487,0.22771214,0.5235612,0.40369198,0.40556887,0.81864536,Data Retention|Other/Unclear|User Control & Deletion
320_timeinc.com,39,Data Retention|User Control & Deletion,3,0.3628742,0.74365747,0.35794955,0.5517164,0.54531646,0.41382807,0.7427453,Data Retention|Other/Unclear|Policy Change|User Control & Deletion
320_timeinc.com,40,Other/Unclear,3,0.287067,0.16632722,0.2450961,0.71307147,0.42109627,0.26584,0.47133955,Other/Unclear
320_timeinc.com,41,Policy Change,3,0.20470506,0.2729869,0.32183456,0.6680368,0.9130404,0.2807665,0.4581036,Other/Unclear|Policy Change
320_timeinc.com,42,Other/Unclear,3,0.26295403,0.17840762,0.24054985,0.6782636,0.48390794,0.22260495,0.43951058,Other/Unclear
320_timeinc.com,43,Other/Unclear|Policy Change,3,0.22186986,0.28678313,0.32687277,0.6648619,0.9060144,0.26554295,0.42035308,Other/Unclear|Policy Change
325_ocregister.com,0,Other/Unclear,4,0.34779003,0.40717164,0.5382476,0.5661228,0.59187394,0.5820142,0.40751332,Data Security|Other/Unclear|Policy Change|Third-Party Sharing
325_ocregister.com,1,Other/Unclear|Third-Party Sharing,4,0.2954075,0.5828208,0.44270808,0.60779613,0.6225975,0.5460091,0.562362,Data Retention|Other/Unclear|Policy Change|Third-Party Sharing|User Control & Deletion
325_ocregister.com,2,Data Collection|Other/Unclear,4,0.22735117,0.27787557,0.60249,0.7087577,0.6129217,0.3709792,0.31492543,Data Security|Other/Unclear|Policy Change
325_ocregister.com,3,Other/Unclear|User Control & Deletion,4,0.33876312,0.17427357,0.17551303,0.6365318,0.26531157,0.2989503,0.59214514,Other/Unclear|User Control & Deletion
325_ocregister.com,4,User Control & Deletion,4,0.3528464,0.438865,0.1752805,0.543966,0.36700946,0.23732534,0.81774366,Other/Unclear|User Control & Deletion
325_ocregister.com,5,Data Collection,4,0.7338809,0.38428876,0.142996,0.36001292,0.08667613,0.5389993,0.6176757,Data Collection|Third-Party Sharing|User Control & Deletion
325_ocregister.com,6,Data Collection,4,0.78460747,0.3167387,0.2603382,0.3434151,0.07926531,0.5671799,0.22862855,Data Collection|Third-Party Sharing
325_ocregister.com,7,Data Collection|Third-Party Sharing,4,0.71335983,0.5829832,0.32237187,0.38040164,0.09462393,0.53575265,0.52613664,Data Collection|Data Retention|Third-Party Sharing|User Control & Deletion
325_ocregister.com,8,Third-Party Sharing,4,0.4173034,0.34758684,0.56431067,0.57765067,0.17423457,0.7316561,0.23801059,Data Security|Other/Unclear|Third-Party Sharing
325_ocregister.com,9,Data Collection,4,0.7755585,0.23367268,0.2015336,0.32368356,0.12734333,0.5632518,0.23536584,Data Collection|Third-Party Sharing
325_ocregister.com,10,Data Collection|Third-Party Sharing,4,0.7594707,0.2894558,0.2587935,0.34525242,0.10077629,0.69921064,0.18651506,Data Collection|Third-Party Sharing
325_ocregister.com,11,Third-Party Sharing,4,0.6098467,0.40552387,0.4790681,0.3811392,0.14752677,0.7944152,0.21592237,Data Collection|Third-Party Sharing
325_ocregister.com,12,Data Security|Third-Party Sharing,4,0.40639997,0.44829983,0.8848227,0.49624547,0.22502543,0.6100253,0.19140752,Data Security|Third-Party Sharing
325_ocregister.com,13,Other/Unclear|Third-Party Sharing,4,0.47810447,0.21465427,0.2372069,0.5729274,0.112136826,0.5999342,0.39789793,Other/Unclear|Third-Party Sharing
325_ocregister.com,14,Third-Party Sharing,4,0.56310636,0.34644035,0.46307728,0.44925857,0.11467473,0.77416456,0.21456413,Data Collection|Third-Party Sharing
325_ocregister.com,15,Data Security,4,0.42100284,0.40282112,0.892873,0.50020033,0.23021543,0.4911967,0.21872506,Data Security|Other/Unclear
325_ocregister.com,16,Other/Unclear,4,0.31785834,0.25014353,0.49728152,0.6658008,0.19212614,0.55852246,0.28423694,Other/Unclear|Third-Party Sharing
325_ocregister.com,17,Other/Unclear|Third-Party Sharing,4,0.6880647,0.2692499,0.35919973,0.40967003,0.09318179,0.66865873,0.16630381,Data Collection|Third-Party Sharing
325_ocregister.com,18,Data Collection|Other/Unclear,4,0.34965062,0.57519394,0.28468847,0.61491555,0.28676426,0.36372492,0.6350284,Data Retention|Other/Unclear|User Control & Deletion
325_ocregister.com,19,Policy Change,4,0.25016102,0.46135938,0.34927747,0.617046,0.9167484,0.32298666,0.55625355,Other/Unclear|Policy Change|User Control & Deletion
32_voxmedia.com,0,Other/Unclear,4,0.32769954,0.17791316,0.3591876,0.6562136,0.37677374,0.3401759,0.26077938,Other/Unclear
32_voxmedia.com,1,Other/Unclear|Policy Change,4,0.22865033,0.27545092,0.42078462,0.6808078,0.81210846,0.27998835,0.4030279,Other/Unclear|Policy Change
32_voxmedia.com,2,Other/Unclear,4,0.35829377,0.1834798,0.3931205,0.6535497,0.25227082,0.35225305,0.2733149,Other/Unclear
32_voxmedia.com,3,Data Security|Other/Unclear|User Control & Deletion,4,0.31489974,0.27402225,0.40082398,0.67778647,0.27104637,0.5509725,0.34682623,Other/Unclear|Third-Party Sharing
32_voxmedia.com,4,Data Collection,4,0.7706811,0.32938594,0.1630921,0.3866231,0.07842947,0.525209,0.39366046,Data Collection|Third-Party Sharing
32_voxmedia.com,5,Data Collection,4,0.7192883,0.35422158,0.45484188,0.37549463,0.11419411,0.6813692,0.16528304,Data Collection|Third-Party Sharing
32_voxmedia.com,6,Data Collection|Third-Party Sharing|User Control & Deletion,4,0.708437,0.3789247,0.113781616,0.39409852,0.12414175,0.44566122,0.7165668,Data Collection|User Control & Deletion
32_voxmedia.com,7,Third-Party Sharing|User Control & Deletion,4,0.33200455,0.2911592,0.4407902,0.6672103,0.21861677,0.6272379,0.284896,Other/Unclear|Third-Party Sharing
32_voxmedia.com,8,Third-Party Sharing,4,0.7015743,0.2702901,0.24403411,0.37896204,0.10293492,0.7539433,0.23588939,Data Collection|Third-Party Sharing
32_voxmedia.com,9,Third-Party Sharing,4,0.73848116,0.377872,0.21385081,0.3627031,0.088854566,0.7176575,0.29508135,Data Collection|Third-Party Sharing
32_voxmedia.com,10,Data Security|Other/Unclear|Third-Party Sharing,4,0.4571872,0.4271131,0.8172661,0.47538614,0.18403436,0.6968171,0.19396974,Data Security|Third-Party Sharing
32_voxmedia.com,11,Third-Party Sharing,4,0.4103708,0.3702795,0.6678526,0.5418388,0.23888649,0.70597345,0.20737472,Data Security|Other/Unclear|Third-Party Sharing
32_voxmedia.com,12,Third-Party Sharing|User Control & Deletion,4,0.7174239,0.28791252,0.12793383,0.39855218,0.09449945,0.54829615,0.50631624,Data Collection|Third-Party Sharing|User Control & Deletion
32_voxmedia.com,13,Data Collection|Other/Unclear|User Control & Deletion,4,0.66783065,0.5166933,0.18630521,0.38855043,0.10222,0.411022,0.76746464,Data Collection|Data Retention|User Control & Deletion
32_voxmedia.com,14,Data Collection,4,0.7972828,0.2588736,0.14203605,0.33030036,0.09498397,0.50065225,0.38267827,Data Collection|Third-Party Sharing
32_voxmedia.com,15,Data Collection,4,0.7905448,0.34613556,0.16632012,0.3411947,0.0867109,0.4916014,0.43403813,Data Collection
32_voxmedia.com,16,Data Collection|Third-Party Sharing,4,0.7862226,0.25238472,0.19308497,0.35465488,0.089079216,0.59706736,0.23274729,Data Collection|Third-Party Sharing
32_voxmedia.com,17,Data Collection|Third-Party Sharing,4,0.78958255,0.26712525,0.23155542,0.33212444,0.087139204,0.63179576,0.21351856,Data Collection|Third-Party Sharing
32_voxmedia.com,18,Other/Unclear|Third-Party Sharing,4,0.55954653,0.3302568,0.53281087,0.50408345,0.0961162,0.7325573,0.20071788,Data Collection|Data Security|Other/Unclear|Third-Party Sharing
32_voxmedia.com,19,Data Collection|Other/Unclear|Third-Party Sharing,4,0.7318768,0.21406063,0.1809356,0.37507764,0.10300881,0.6222927,0.31076056,Data Collection|Third-Party Sharing
32_voxmedia.com,20,Other/Unclear|Third-Party Sharing|User Control & Deletion,4,0.5841759,0.1801298,0.14102317,0.44454572,0.1286648,0.39089695,0.6101518,Data Collection|User Control & Deletion
32_voxmedia.com,21,Data Collection|Third-Party Sharing,4,0.68241453,0.55941665,0.48287907,0.38374618,0.10078401,0.7384124,0.2953431,Data Collection|Data Retention|Third-Party Sharing
32_voxmedia.com,22,Data Collection|Other/Unclear|User Control & Deletion,4,0.27581814,0.7573888,0.3608997,0.5749905,0.5792368,0.37721363,0.81134456,Data Retention|Other/Unclear|Policy Change|User Control & Deletion
32_voxmedia.com,23,Data Retention|User Control & Deletion,4,0.3834122,0.7799602,0.29376385,0.5193493,0.4723042,0.33068442,0.84143,Data Retention|Other/Unclear|User Control & Deletion
32_voxmedia.com,24,Data Security|Other/Unclear,4,0.38972157,0.43559617,0.9070918,0.51594245,0.28778762,0.4536282,0.22717778,Data Security|Other/Unclear
32_voxmedia.com,25,Other/Unclear|Third-Party Sharing,4,0.27740255,0.28759515,0.49231884,0.6942046,0.32498097,0.4683767,0.30598235,Other/Unclear
32_voxmedia.com,26,Other/Unclear,4,0.4353074,0.21679235,0.5211744,0.6142448,0.18405738,0.4739244,0.17990781,Data Security|Other/Unclear
32_voxmedia.com,27,Policy Change,4,0.28920642,0.45745108,0.3795959,0.6159554,0.9244103,0.3275129,0.5187032,Other/Unclear|Policy Change|User Control & Deletion
32_voxmedia.com,28,Other/Unclear,4,0.23464018,0.1865755,0.30567232,0.69980603,0.49936008,0.2598574,0.4404467,Other/Unclear
331_tgifridays.com,0,Other/Unclear,0,0.45431828,0.17848405,0.3717889,0.59986293,0.18509382,0.4036712,0.21359397,Other/Unclear
331_tgifridays.com,1,Data Collection|Data Security,0,0.5525556,0.39068365,0.63549215,0.5299966,0.11634786,0.56328446,0.21022601,Data Collection|Data Security|Other/Unclear|Third-Party Sharing
331_tgifridays.com,2,Other/Unclear|User Control & Deletion,0,0.537,0.4421699,0.16223119,0.4653626,0.25725007,0.33048907,0.8609928,Data Collection|User Control & Deletion
331_tgifridays.com,3,Other/Unclear,0,0.32569143,0.2693162,0.7131329,0.6993395,0.23349983,0.42278698,0.2643509,Data Security|Other/Unclear
331_tgifridays.com,4,Data Collection|Other/Unclear,0,0.6710731,0.30453035,0.17579061,0.44886354,0.11301658,0.5732797,0.5119832,Data Collection|Third-Party Sharing|User Control & Deletion
331_tgifridays.com,5,Data Collection,0,0.7315532,0.19178851,0.19265623,0.41577515,0.10686774,0.51048875,0.2781729,Data Collection|Third-Party Sharing
331_tgifridays.com,6,Other/Unclear|Third-Party Sharing,0,0.74366933,0.31810647,0.22570388,0.35693893,0.09405864,0.64581573,0.3167556,Data Collection|Third-Party Sharing
331_tgifridays.com,7,Data Collection|User Control & Deletion,0,0.34540975,0.33678156,0.47982594,0.6569452,0.2307432,0.4433848,0.40967563,Other/Unclear
331_tgifridays.com,8,Data Collection|Data Security|Third-Party Sharing,0,0.3784768,0.62612087,0.824025,0.5363256,0.25368276,0.62167275,0.31757316,Data Retention|Data Security|Other/Unclear|Third-Party Sharing
331_tgifridays.com,9,Data Collection|Data Security|Third-Party Sharing,0,0.47573692,0.4765266,0.7628456,0.51440394,0.14977257,0.6620522,0.22424042,Data Security|Other/Unclear|Third-Party Sharing
331_tgifridays.com,10,Third-Party Sharing,0,0.48229194,0.28163248,0.446328,0.52265495,0.11913051,0.6441328,0.24249981,Other/Unclear|Third-Party Sharing
331_tgifridays.com,11,Third-Party Sharing,0,0.5300326,0.44249386,0.66456676,0.46954113,0.19158214,0.6582584,0.22068097,Data Collection|Data Security|Third-Party Sharing
331_tgifridays.com,12,Other/Unclear|Third-Party Sharing,0,0.5303374,0.33194965,0.3764641,0.53616405,0.08954586,0.64240795,0.3398954,Data Collection|Other/Unclear|Third-Party Sharing
331_tgifridays.com,13,Other/Unclear,0,0.3571738,0.39022765,0.50875944,0.66385,0.24624217,0.57507616,0.39068848,Data Security|Other/Unclear|Third-Party Sharing
331_tgifridays.com,14,Data Collection|Other/Unclear|User Control & Deletion,0,0.5248033,0.3536723,0.14106785,0.46998405,0.25016746,0.35009906,0.8506249,Data Collection|User Control & Deletion
331_tgifridays.com,15,Data Security,0,0.38758945,0.52250284,0.9033307,0.54708546,0.31075183,0.46735847,0.25105608,Data Retention|Data Security|Other/Unclear
331_tgifridays.com,16,Policy Change,0,0.26118875,0.38553625,0.2952385,0.60421455,0.90872407,0.28316236,0.63187206,Other/Unclear|Policy Change|User Control & Deletion
33_nbcuniversal.com,0,Other/Unclear,1,0.23702507,0.35786894,0.39981425,0.6742724,0.89498305,0.27153683,0.43567607,Other/Unclear|Policy Change
33_nbcuniversal.com,1,Other/Unclear,1,0.31527892,0.16164073,0.3139585,0.674963,0.29469,0.4243201,0.3286143,Other/Unclear
33_nbcuniversal.com,2,Other/Unclear,1,0.28625578,0.29649675,0.6694966,0.7109712,0.40836132,0.43475807,0.25121453,Data Security|Other/Unclear
33_nbcuniversal.com,3,Other/Unclear,1,0.3453863,0.2315873,0.32144773,0.63611853,0.3621805,0.40068668,0.32171607,Other/Unclear
33_nbcuniversal.com,4,Data Collection|Data Retention|Other/Unclear|User Control & Deletion,1,0.3117857,0.19146453,0.23124957,0.64643604,0.23852807,0.45892364,0.5080301,Other/Unclear|User Control & Deletion
33_nbcuniversal.com,5,Data Collection|Other/Unclear,1,0.6919157,0.18874177,0.37725627,0.37489378,0.10490315,0.61577076,0.16111727,Data Collection|Third-Party Sharing
33_nbcuniversal.com,6,Data Collection,1,0.7091281,0.18146646,0.254968,0.34738198,0.08776931,0.6454009,0.22291799,Data Collection|Third-Party Sharing
33_nbcuniversal.com,7,Data Collection|Other/Unclear,1,0.6408245,0.1708916,0.29810318,0.41751847,0.12420702,0.5852772,0.20889442,Data Collection|Third-Party Sharing
33_nbcuniversal.com,8,Data Collection,1,0.71580786,0.17373747,0.14912489,0.33547497,0.09739027,0.5623099,0.40926528,Data Collection|Third-Party Sharing
33_nbcuniversal.com,9,Data Collection,1,0.6992129,0.17745897,0.20663825,0.34944203,0.07416721,0.63185644,0.30954897,Data Collection|Third-Party Sharing
33_nbcuniversal.com,10,Data Collection|Other/Unclear,1,0.4773065,0.15117584,0.16712968,0.52189416,0.1445695,0.40745038,0.501425,Other/Unclear|User Control & Deletion
33_nbcuniversal.com,11,Data Collection,1,0.69239455,0.17598137,0.18199751,0.36177966,0.10266959,0.51808846,0.36183533,Data Collection|Third-Party Sharing
33_nbcuniversal.com,12,Data Collection,1,0.7324008,0.16349767,0.20183767,0.35592377,0.08637299,0.56371677,0.2663336,Data Collection|Third-Party Sharing
33_nbcuniversal.com,13,Data Collection,1,0.60631526,0.17444994,0.13679671,0.44534913,0.099534445,0.4714039,0.5970232,Data Collection|User Control & Deletion
33_nbcuniversal.com,14,Data Collection|Data Retention|Third-Party Sharing,1,0.54642206,0.2246428,0.2171141,0.5172065,0.11815681,0.6946284,0.3809363,Data Collection|Other/Unclear|Third-Party Sharing
33_nbcuniversal.com,15,Data Collection,1,0.6248476,0.31077012,0.29676014,0.4590952,0.07467366,0.57445055,0.41497555,Data Collection|Third-Party Sharing
33_nbcuniversal.com,16,Other/Unclear,1,0.6835951,0.18714724,0.2624339,0.38357523,0.11020587,0.5492564,0.27593794,Data Collection|Third-Party Sharing
33_nbcuniversal.com,17,Data Collection,1,0.6232443,0.18884997,0.17146191,0.38753504,0.12578441,0.5050959,0.4210443,Data Collection|Third-Party Sharing
33_nbcuniversal.com,18,Data Collection,1,0.66314787,0.2415002,0.14762571,0.34978405,0.09884021,0.4495719,0.58167136,Data Collection|User Control & Deletion
33_nbcuniversal.com,19,Data Collection,1,0.6567451,0.15600438,0.16669387,0.37150973,0.10553287,0.59589124,0.37610632,Data Collection|Third-Party Sharing
33_nbcuniversal.com,20,Data Collection,1,0.66246617,0.20405291,0.1493866,0.3872196,0.13186243,0.46067363,0.49273792,Data Collection
33_nbcuniversal.com,21,Data Collection,1,0.64367807,0.19717968,0.13239072,0.39186612,0.12586579,0.42359892,0.6202125,Data Collection|User Control & Deletion
33_nbcuniversal.com,22,Data Collection,1,0.60351485,0.24948898,0.39900503,0.38478017,0.17715529,0.6160361,0.21913739,Data Collection|Third-Party Sharing
33_nbcuniversal.com,23,Data Collection,1,0.5561809,0.21447256,0.39693975,0.40312538,0.13129759,0.6094916,0.1934993,Data Collection|Third-Party Sharing
33_nbcuniversal.com,24,Data Collection,1,0.4490247,0.2656744,0.59079117,0.5138664,0.20939821,0.5055358,0.21274585,Data Security|Other/Unclear|Third-Party Sharing
33_nbcuniversal.com,25,Data Collection,1,0.4831981,0.2752676,0.4957669,0.50378114,0.17956206,0.5512348,0.23380964,Other/Unclear|Third-Party Sharing
33_nbcuniversal.com,26,Data Collection,1,0.67134964,0.18170096,0.30542767,0.4156163,0.1530719,0.5113254,0.22396502,Data Collection|Third-Party Sharing
33_nbcuniversal.com,27,Data Collection,1,0.68417686,0.1916255,0.25281212,0.34839886,0.1030195,0.5974644,0.25487038,Data Collection|Third-Party Sharing
33_nbcuniversal.com,28,Data Collection,1,0.5066832,0.19911976,0.14769268,0.49881524,0.13996844,0.54447794,0.5379763,Data Collection|Third-Party Sharing|User Control & Deletion
33_nbcuniversal.com,29,Data Collection,1,0.7117523,0.24189681,0.17800698,0.36558953,0.07466366,0.63138485,0.3679338,Data Collection|Third-Party Sharing
33_nbcuniversal.com,30,Data Collection,1,0.71035796,0.23150212,0.2008585,0.36718562,0.12246997,0.49451277,0.36165735,Data Collection
33_nbcuniversal.com,31,Data Collection|Other/Unclear,1,0.7291564,0.24790557,0.17800085,0.3312251,0.09270234,0.64592844,0.30494142,Data Collection|Third-Party Sharing
33_nbcuniversal.com,32,Data Collection|Other/Unclear|Third-Party Sharing,1,0.6573462,0.21006563,0.12337718,0.4250742,0.09898243,0.52649766,0.60124165,Data Collection|Third-Party Sharing|User Control & Deletion
33_nbcuniversal.com,33,Other/Unclear|Third-Party Sharing,1,0.58816546,0.1883059,0.4109064,0.43926764,0.11467122,0.5991765,0.16733818,Data Collection|Third-Party Sharing
33_nbcuniversal.com,34,Data Security|Other/Unclear|Third-Party Sharing,1,0.45049942,0.5291018,0.85036814,0.52097577,0.2452414,0.54707366,0.22758336,Data Retention|Data Security|Other/Unclear|Third-Party Sharing
33_nbcuniversal.com,35,Other/Unclear|Third-Party Sharing,1,0.61066735,0.25787878,0.13150615,0.46340668,0.119500145,0.48603043,0.6926705,Data Collection|User Control & Deletion
33_nbcuniversal.com,36,Third-Party Sharing,1,0.66326946,0.14818577,0.22928394,0.39449903,0.10550826,0.61896366,0.2279297,Data Collection|Third-Party Sharing
33_nbcuniversal.com,37,Third-Party Sharing,1,0.6691638,0.22813049,0.36270142,0.39520678,0.09174029,0.64619404,0.20014988,Data Collection|Third-Party Sharing
33_nbcuniversal.com,38,Other/Unclear|Third-Party Sharing|User Control & Deletion,1,0.5827074,0.17272638,0.31953394,0.4649197,0.09547899,0.69826317,0.20254263,Data Collection|Third-Party Sharing
33_nbcuniversal.com,39,Third-Party Sharing,1,0.59212935,0.24487847,0.5168615,0.3873216,0.11497308,0.67735815,0.17270084,Data Collection|Data Security|Third-Party Sharing
33_nbcuniversal.com,40,Third-Party Sharing,1,0.5009719,0.46333414,0.23521358,0.4901875,0.18989894,0.6410587,0.62368405,Data Collection|Third-Party Sharing|User Control & Deletion
33_nbcuniversal.com,41,Data Collection|Other/Unclear,1,0.44846818,0.5881611,0.28984553,0.5764059,0.17704177,0.5209752,0.5846269,Data Retention|Other/Unclear|Third-Party Sharing|User Control & Deletion
33_nbcuniversal.com,42,Other/Unclear,1,0.44091716,0.19094968,0.15185885,0.53040105,0.19142477,0.45316195,0.6366347,Other/Unclear|User Control & Deletion
33_nbcuniversal.com,43,Other/Unclear,1,0.2843815,0.4198717,0.18265893,0.64814836,0.48366064,0.39345896,0.67775035,Other/Unclear|User Control & Deletion
33_nbcuniversal.com,44,Data Security|Other/Unclear,1,0.41039145,0.45654917,0.8932979,0.5321871,0.24275897,0.4884381,0.21260315,Data Security|Other/Unclear
33_nbcuniversal.com,45,Data Security|Other/Unclear,1,0.40192503,0.39589664,0.8475839,0.5483289,0.19226103,0.45907763,0.24940436,Data Security|Other/Unclear
33_nbcuniversal.com,46,User Control & Deletion,1,0.52822065,0.39196554,0.13221359,0.45560315,0.18473694,0.36114192,0.850365,Data Collection|User Control & Deletion
33_nbcuniversal.com,47,Other/Unclear|User Control & Deletion,1,0.5647974,0.13910615,0.1429999,0.42585075,0.14299054,0.41843566,0.51694304,Data Collection|User Control & Deletion
33_nbcuniversal.com,48,User Control & Deletion,1,0.6199415,0.12611666,0.19329838,0.4474435,0.12371974,0.5338371,0.30044183,Data Collection|Third-Party Sharing
33_nbcuniversal.com,49,User Control & Deletion,1,0.59863514,0.45035675,0.18915707,0.44547004,0.20405348,0.37200728,0.68173075,Data Collection|User Control & Deletion
33_nbcuniversal.com,50,Data Security|Other/Unclear|User Control & Deletion,1,0.3044095,0.36748147,0.6739499,0.65061194,0.33023354,0.39526314,0.329824,Data Security|Other/Unclear
33_nbcuniversal.com,51,Data Retention|User Control & Deletion,1,0.36738557,0.8324336,0.38630804,0.5636115,0.6933366,0.33725867,0.6959536,Data Retention|Other/Unclear|Policy Change|User Control & Deletion
33_nbcuniversal.com,52,Other/Unclear|Third-Party Sharing,1,0.49187532,0.3234207,0.78131676,0.50586325,0.15127622,0.543913,0.15024433,Data Security|Other/Unclear|Third-Party Sharing
33_nbcuniversal.com,53,Other/Unclear,1,0.5627129,0.29349115,0.39627165,0.4584421,0.07501499,0.5944389,0.26540127,Data Collection|Third-Party Sharing
33_nbcuniversal.com,54,Other/Unclear,1,0.6015961,0.17849445,0.31518134,0.43281123,0.084673375,0.5913276,0.21172439,Data Collection|Third-Party Sharing
33_nbcuniversal.com,55,Other/Unclear|User Control & Deletion,1,0.3485531,0.5233086,0.27629057,0.6237559,0.5572325,0.38097245,0.6423017,Data Retention|Other/Unclear|Policy Change|User Control & Deletion
33_nbcuniversal.com,56,Other/Unclear,1,0.5254649,0.13110656,0.23295903,0.5193281,0.17161494,0.46839345,0.27750665,Data Collection|Other/Unclear
33_nbcuniversal.com,57,Other/Unclear,1,0.3602646,0.26955533,0.20042643,0.630791,0.2508446,0.3705309,0.6394708,Other/Unclear|User Control & Deletion
33_nbcuniversal.com,58,Other/Unclear,1,0.33575705,0.35866448,0.50532854,0.6510746,0.5114724,0.39580843,0.3546174,Data Security|Other/Unclear|Policy Change
33_nbcuniversal.com,59,Data Security|Other/Unclear,1,0.43956742,0.1955498,0.20309438,0.584851,0.13497098,0.6054827,0.4453839,Other/Unclear|Third-Party Sharing
33_nbcuniversal.com,60,Data Security|Other/Unclear,1,0.28637907,0.1599165,0.3343588,0.68734294,0.33230308,0.33699882,0.37161902,Other/Unclear
33_nbcuniversal.com,61,Policy Change,1,0.2931314,0.46366096,0.3574988,0.6347835,0.9259072,0.3073521,0.5035025,Other/Unclear|Policy Change|User Control & Deletion
33_nbcuniversal.com,62,Other/Unclear|Policy Change,1,0.24719201,0.38943946,0.3422594,0.651758,0.9214821,0.2972708,0.5097234,Other/Unclear|Policy Change|User Control & Deletion
33_nbcuniversal.com,63,Other/Unclear,1,0.23520434,0.18822019,0.33978477,0.7262515,0.5070958,0.28489882,0.38207623,Other/Unclear|Policy Change
33_nbcuniversal.com,64,Other/Unclear,1,0.27883464,0.18235175,0.33641967,0.7021576,0.36857978,0.30300605,0.38827938,Other/Unclear
359_vikings.com,0,Other/Unclear,2,0.34317505,0.2014157,0.3223232,0.65761244,0.4196402,0.33233958,0.30369338,Other/Unclear
359_vikings.com,1,Other/Unclear,2,0.33899003,0.3407278,0.30879155,0.6415938,0.7907425,0.2808838,0.48607233,Other/Unclear|Policy Change
359_vikings.com,2,Other/Unclear,2,0.27914062,0.22597237,0.3007183,0.69319534,0.5283186,0.38126534,0.37223396,Other/Unclear|Policy Change
359_vikings.com,3,Other/Unclear,2,0.4739481,0.3304465,0.4039433,0.53957754,0.31021795,0.45417163,0.3920904,Other/Unclear
359_vikings.com,4,Data Security|Other/Unclear,2,0.2832199,0.30269614,0.6994419,0.6864898,0.5000884,0.3674403,0.24011272,Data Security|Other/Unclear|Policy Change
359_vikings.com,5,Data Collection|Other/Unclear,2,0.4921733,0.18623139,0.30139935,0.60292643,0.1914963,0.54833645,0.22819671,Other/Unclear|Third-Party Sharing
359_vikings.com,6,Other/Unclear,2,0.23993826,0.36909682,0.3379947,0.63608843,0.9019809,0.2756002,0.45667636,Other/Unclear|Policy Change
359_vikings.com,7,Data Collection|Other/Unclear,2,0.657717,0.21376102,0.24028327,0.4178241,0.1262364,0.55630773,0.27351812,Data Collection|Third-Party Sharing
359_vikings.com,8,Data Collection,2,0.7489823,0.20082058,0.16199042,0.3432337,0.08280899,0.5609751,0.31225204,Data Collection|Third-Party Sharing
359_vikings.com,9,Data Collection|Other/Unclear,2,0.70777756,0.28136292,0.15880679,0.38263285,0.07577887,0.51275295,0.52431464,Data Collection|Third-Party Sharing|User Control & Deletion
359_vikings.com,10,Data Collection|Other/Unclear|User Control & Deletion,2,0.64601976,0.52513814,0.24822268,0.41904593,0.106405236,0.49197203,0.6049961,Data Collection|Data Retention|User Control & Deletion
359_vikings.com,11,Data Collection|Other/Unclear,2,0.7097225,0.1813978,0.16940781,0.39302185,0.10942893,0.5363049,0.27200878,Data Collection|Third-Party Sharing
359_vikings.com,12,Data Collection,2,0.62032455,0.2518342,0.15070593,0.40151212,0.1180709,0.47800896,0.6303355,Data Collection|User Control & Deletion
359_vikings.com,13,Data Collection|Data Retention|Other/Unclear,2,0.60909367,0.47622374,0.22459899,0.39548907,0.08728096,0.47179705,0.65915835,Data Collection|User Control & Deletion
359_vikings.com,14,Other/Unclear|User Control & Deletion,2,0.34528205,0.5748336,0.20636551,0.59373367,0.39375076,0.3084534,0.7717563,Data Retention|Other/Unclear|User Control & Deletion
359_vikings.com,15,Data Collection|Other/Unclear|User Control & Deletion,2,0.5257066,0.29117864,0.1407899,0.4496689,0.16097161,0.43131405,0.75128543,Data Collection|User Control & Deletion
359_vikings.com,16,Data Collection|Other/Unclear|Third-Party Sharing|User Control & Deletion,2,0.56304663,0.39791265,0.2777729,0.4999442,0.09942057,0.6478731,0.47823015,Data Collection|Third-Party Sharing
359_vikings.com,17,Data Collection|User Control & Deletion,2,0.62290645,0.20502332,0.14723247,0.41437912,0.10220593,0.52666366,0.45685753,Data Collection|Third-Party Sharing
359_vikings.com,18,Data Collection,2,0.67137814,0.4258786,0.1795663,0.3987025,0.12134257,0.39960152,0.75305104,Data Collection|User Control & Deletion
359_vikings.com,19,Other/Unclear|Third-Party Sharing,2,0.574601,0.28850383,0.4438485,0.49885055,0.07339246,0.66523206,0.24992377,Data Collection|Third-Party Sharing
359_vikings.com,20,Data Collection|Other/Unclear,2,0.74437875,0.20418589,0.26371992,0.38285372,0.08340313,0.6035672,0.18903941,Data Collection|Third-Party Sharing
359_vikings.com,21,Data Collection|Other/Unclear|Third-Party Sharing,2,0.75391954,0.24268775,0.23800533,0.35059348,0.083213225,0.6404982,0.22041832,Data Collection|Third-Party Sharing
359_vikings.com,22,Data Collection|Data Security,2,0.55292046,0.4888259,0.6758231,0.3951249,0.10827571,0.6288991,0.2573282,Data Collection|Data Security|Third-Party Sharing
359_vikings.com,23,Data Collection,2,0.71918136,0.2721569,0.13874695,0.33946726,0.11148685,0.5113912,0.45616847,Data Collection|Third-Party Sharing
359_vikings.com,24,Other/Unclear|Third-Party Sharing,2,0.61355776,0.28789183,0.1284677,0.411617,0.12059796,0.51755035,0.6752546,Data Collection|Third-Party Sharing|User Control & Deletion
359_vikings.com,25,Data Security|Third-Party Sharing,2,0.67872345,0.33922052,0.43766612,0.35200745,0.08848718,0.7123258,0.1940747,Data Collection|Third-Party Sharing
359_vikings.com,26,Data Security|Other/Unclear,2,0.3329988,0.2520637,0.25050336,0.6839283,0.34983972,0.4176651,0.49714667,Other/Unclear
359_vikings.com,27,Third-Party Sharing,2,0.6745828,0.2656149,0.27130213,0.37767592,0.07530741,0.7186651,0.21212228,Data Collection|Third-Party Sharing
359_vikings.com,28,Other/Unclear|Third-Party Sharing|User Control & Deletion,2,0.53037536,0.31766084,0.12488428,0.43657723,0.17533197,0.3571408,0.8298876,Data Collection|User Control & Deletion
359_vikings.com,29,Data Collection|Policy Change|Third-Party Sharing|User Control & Deletion,2,0.62710875,0.24200998,0.21650194,0.4417494,0.062863186,0.6448513,0.44098347,Data Collection|Third-Party Sharing
359_vikings.com,30,Third-Party Sharing,2,0.59525,0.3482839,0.34090462,0.391132,0.09542501,0.7190718,0.20973378,Data Collection|Third-Party Sharing
359_vikings.com,31,Other/Unclear|Third-Party Sharing,2,0.6346483,0.19453382,0.15073308,0.4476389,0.082157835,0.55287,0.49828961,Data Collection|Third-Party Sharing
359_vikings.com,32,Data Security,2,0.34411758,0.5415202,0.9006644,0.543061,0.4323605,0.39730188,0.29079297,Data Retention|Data Security|Other/Unclear
359_vikings.com,33,Other/Unclear,2,0.2789322,0.22890595,0.35528675,0.7377694,0.41935122,0.3418222,0.34803182,Other/Unclear
359_vikings.com,34,Other/Unclear,2,0.59375733,0.17020193,0.28232723,0.5046021,0.16775551,0.42396307,0.27983108,Data Collection|Other/Unclear
359_vikings.com,35,Other/Unclear|Policy Change,2,0.22973691,0.42190245,0.301016,0.6096312,0.921333,0.28663066,0.58097655,Other/Unclear|Policy Change|User Control & Deletion
359_vikings.com,36,Other/Unclear|User Control & Deletion,2,0.42472467,0.6674434,0.23529682,0.49116242,0.5735582,0.29060614,0.8278298,Data Retention|Policy Change|User Control & Deletion
359_vikings.com,37,Data Retention|Other/Unclear|User Control & Deletion,2,0.3691742,0.8390496,0.5250032,0.5119313,0.58593625,0.45040265,0.6287231,Data Retention|Data Security|Other/Unclear|Policy Change|User Control & Deletion
359_vikings.com,38,Other/Unclear|User Control & Deletion,2,0.22659014,0.3225518,0.31319404,0.67679,0.42548043,0.4232499,0.5517779,Other/Unclear|User Control & Deletion
359_vikings.com,39,Other/Unclear,2,0.25024378,0.21842603,0.20843782,0.67321634,0.45366034,0.29441333,0.6378419,Other/Unclear|User Control & Deletion
359_vikings.com,40,Other/Unclear,2,0.23553883,0.20936047,0.28924975,0.6896477,0.71619165,0.26771128,0.40893364,Other/Unclear|Policy Change
414_washingtonian.com,0,Data Collection,1,0.27731013,0.16539457,0.28397956,0.6835216,0.32330856,0.4176389,0.35682258,Other/Unclear
414_washingtonian.com,1,Data Collection,1,0.68880975,0.21359225,0.12383122,0.37516445,0.10172483,0.4915911,0.64142585,Data Collection|User Control & Deletion
414_washingtonian.com,2,Data Collection,1,0.67679197,0.18436486,0.22057079,0.38458183,0.09380676,0.5392945,0.26695198,Data Collection|Third-Party Sharing
414_washingtonian.com,3,Data Collection|User Control & Deletion,1,0.6400222,0.45916423,0.18553858,0.41144463,0.11525018,0.46686634,0.75052345,Data Collection|User Control & Deletion
414_washingtonian.com,4,Data Collection|Other/Unclear|Third-Party Sharing,1,0.712151,0.30630285,0.4391052,0.3840849,0.07886076,0.69508886,0.1869658,Data Collection|Third-Party Sharing
414_washingtonian.com,5,Data Collection|Other/Unclear|Third-Party Sharing,1,0.7622718,0.26065806,0.23584577,0.3322963,0.08704989,0.6867593,0.23449714,Data Collection|Third-Party Sharing
414_washingtonian.com,6,Data Collection|Third-Party Sharing,1,0.5710242,0.20727442,0.15295461,0.4748149,0.1099199,0.61116976,0.49124652,Data Collection|Third-Party Sharing
414_washingtonian.com,7,Data Collection|Third-Party Sharing,1,0.6507026,0.2486083,0.39992082,0.37056398,0.0867901,0.7134642,0.16990767,Data Collection|Third-Party Sharing
414_washingtonian.com,8,Third-Party Sharing,1,0.6486978,0.23786819,0.21508078,0.38561243,0.08594888,0.7266978,0.37708002,Data Collection|Third-Party Sharing
414_washingtonian.com,9,Other/Unclear|Third-Party Sharing,1,0.57907206,0.2564393,0.34868574,0.4173494,0.104148135,0.7543582,0.24399385,Data Collection|Third-Party Sharing
414_washingtonian.com,10,Other/Unclear|User Control & Deletion,1,0.47805822,0.629326,0.16761896,0.49038798,0.32128048,0.31771654,0.8796929,Data Retention|User Control & Deletion
414_washingtonian.com,11,Other/Unclear|User Control & Deletion,1,0.29706252,0.44175437,0.22916257,0.6133218,0.7311794,0.25359842,0.6735066,Other/Unclear|Policy Change|User Control & Deletion
414_washingtonian.com,12,Data Security,1,0.43433806,0.40060234,0.86754,0.5267516,0.21736722,0.4388902,0.18865263,Data Security|Other/Unclear
414_washingtonian.com,13,Other/Unclear|Third-Party Sharing,1,0.34124392,0.1668175,0.30889952,0.66275406,0.18751575,0.48577774,0.38670382,Other/Unclear
414_washingtonian.com,14,Data Collection|Other/Unclear,1,0.69992113,0.19570225,0.31447175,0.38492644,0.07774717,0.61101305,0.19674249,Data Collection|Third-Party Sharing
414_washingtonian.com,15,Other/Unclear|Third-Party Sharing|User Control & Deletion,1,0.37370414,0.15723103,0.22674723,0.6265611,0.20675239,0.36051765,0.494136,Other/Unclear
414_washingtonian.com,16,Other/Unclear,1,0.33878326,0.3896818,0.2826576,0.6422177,0.19798216,0.3823172,0.55965894,Other/Unclear|User Control & Deletion
414_washingtonian.com,17,Other/Unclear,1,0.3385367,0.17065386,0.30297515,0.69067305,0.27995843,0.30019128,0.41500825,Other/Unclear
414_washingtonian.com,18,Other/Unclear|Policy Change,1,0.29278144,0.4527581,0.3662383,0.6431166,0.92835575,0.29967698,0.51619154,Other/Unclear|Policy Change|User Control & Deletion
414_washingtonian.com,19,Other/Unclear,1,0.28338355,0.43328643,0.4664596,0.6416727,0.47533464,0.51831144,0.42969155,Other/Unclear|Third-Party Sharing
414_washingtonian.com,20,Other/Unclear,1,0.5913223,0.15682085,0.15104157,0.43246195,0.1111028,0.5166359,0.47962037,Data Collection|Third-Party Sharing
414_washingtonian.com,21,Other/Unclear,1,0.29934308,0.39975524,0.1950708,0.6390963,0.32369557,0.42243364,0.70634395,Other/Unclear|User Control & Deletion
414_washingtonian.com,22,Other/Unclear|Policy Change,1,0.24187793,0.38628262,0.42394406,0.66855454,0.90224516,0.2826756,0.45612794,Other/Unclear|Policy Change
456_boardgamegeek.com,0,Other/Unclear,3,0.29291448,0.17876458,0.42618006,0.70140684,0.44808874,0.26556864,0.28117013,Other/Unclear
456_boardgamegeek.com,1,Third-Party Sharing,3,0.64710903,0.30950934,0.18756029,0.4189561,0.08364343,0.52148956,0.63003623,Data Collection|Third-Party Sharing|User Control & Deletion
456_boardgamegeek.com,2,Data Collection,3,0.7633867,0.2098709,0.18119161,0.34947073,0.09374523,0.5326404,0.31782752,Data Collection|Third-Party Sharing
456_boardgamegeek.com,3,Data Collection,3,0.7188136,0.3374306,0.19325007,0.378423,0.07073847,0.5132812,0.49833182,Data Collection|Third-Party Sharing
456_boardgamegeek.com,4,Data Collection,3,0.69386643,0.23960802,0.33527142,0.38937846,0.10681057,0.46202686,0.23884252,Data Collection
456_boardgamegeek.com,5,Data Collection,3,0.74637526,0.29452297,0.2900716,0.37390345,0.08463424,0.42530936,0.38610625,Data Collection
456_boardgamegeek.com,6,Data Collection,3,0.7621925,0.22171555,0.23739503,0.35724816,0.09045573,0.53348,0.22520329,Data Collection|Third-Party Sharing
456_boardgamegeek.com,7,Third-Party Sharing,3,0.68702525,0.21402615,0.15009087,0.4040752,0.0946748,0.45088416,0.5759963,Data Collection|User Control & Deletion
456_boardgamegeek.com,8,Policy Change,3,0.20905077,0.48877358,0.3824919,0.6602797,0.86524254,0.31147295,0.56653297,Other/Unclear|Policy Change|User Control & Deletion
456_boardgamegeek.com,9,Third-Party Sharing,3,0.49790677,0.2685731,0.47658494,0.4818266,0.11387329,0.64024395,0.17778079,Third-Party Sharing
503_buffalowildwings.com,0,Other/Unclear,1,0.3968173,0.17265701,0.5210372,0.6249908,0.23472133,0.49106148,0.1918597,Data Security|Other/Unclear
503_buffalowildwings.com,1,Other/Unclear,1,0.3889954,0.15462722,0.26629612,0.6331994,0.24831308,0.4297241,0.33634752,Other/Unclear
503_buffalowildwings.com,2,Data Collection|Data Retention|User Control & Deletion,1,0.68438977,0.50176626,0.224323,0.391683,0.08441037,0.60887724,0.58598506,Data Collection|Data Retention|Third-Party Sharing|User Control & Deletion
503_buffalowildwings.com,3,Data Collection,1,0.7595889,0.2499899,0.34072268,0.3519541,0.08676344,0.60164255,0.2101825,Data Collection|Third-Party Sharing
503_buffalowildwings.com,4,Other/Unclear|User Control & Deletion,1,0.5031922,0.49269283,0.18442984,0.4791533,0.18187782,0.36957878,0.8318537,Data Collection|User Control & Deletion
503_buffalowildwings.com,5,Data Collection|Other/Unclear,1,0.6289929,0.1794761,0.15495573,0.46187395,0.11264316,0.6577546,0.37045428,Data Collection|Third-Party Sharing
503_buffalowildwings.com,6,Data Collection|Data Retention|Other/Unclear|User Control & Deletion,1,0.5097274,0.83137363,0.38646716,0.488268,0.26708612,0.46092984,0.72851247,Data Collection|Data Retention|User Control & Deletion
503_buffalowildwings.com,7,Other/Unclear|Third-Party Sharing,1,0.54156226,0.37775645,0.14796074,0.44381624,0.13928707,0.41073906,0.7959295,Data Collection|User Control & Deletion
503_buffalowildwings.com,8,Data Security|Third-Party Sharing,1,0.48101676,0.4214515,0.6979443,0.49118322,0.13783236,0.71721715,0.20766558,Data Security|Third-Party Sharing
503_buffalowildwings.com,9,Third-Party Sharing,1,0.596784,0.25483862,0.48760182,0.37148845,0.12087028,0.7338688,0.1611022,Data Collection|Third-Party Sharing
503_buffalowildwings.com,10,Data Security|Other/Unclear|Third-Party Sharing,1,0.5272487,0.31576118,0.5173985,0.47293046,0.10413568,0.71221954,0.21322194,Data Collection|Data Security|Third-Party Sharing
503_buffalowildwings.com,11,Data Collection|Data Security|User Control & Deletion,1,0.45904568,0.54014397,0.86595213,0.50329846,0.2177585,0.48703182,0.2682788,Data Retention|Data Security|Other/Unclear
503_buffalowildwings.com,12,Data Security,1,0.43857765,0.4702658,0.8715814,0.5513887,0.26095352,0.43516663,0.24604219,Data Security|Other/Unclear
503_buffalowildwings.com,13,Other/Unclear,1,0.37885687,0.20253812,0.4863482,0.63826364,0.1639462,0.49419957,0.23933977,Other/Unclear
503_buffalowildwings.com,14,Other/Unclear|Third-Party Sharing,1,0.3534504,0.16731524,0.19656572,0.6097838,0.18445857,0.39660814,0.5413483,Other/Unclear|User Control & Deletion
503_buffalowildwings.com,15,Other/Unclear,1,0.30999982,0.29182112,0.2670011,0.6650309,0.24969909,0.36618108,0.5865336,Other/Unclear|User Control & Deletion
503_buffalowildwings.com,16,Policy Change,1,0.26852834,0.42622373,0.36561987,0.6452555,0.9249721,0.29837823,0.50207216,Other/Unclear|Policy Change|User Control & Deletion
503_buffalowildwings.com,17,Other/Unclear,1,0.24718003,0.3697751,0.41336066,0.6764605,0.9057278,0.27767608,0.43093783,Other/Unclear|Policy Change
503_buffalowildwings.com,18,Other/Unclear,1,0.29274073,0.40503928,0.37532014,0.65176046,0.90512794,0.27256182,0.4446612,Other/Unclear|Policy Change
503_buffalowildwings.com,19,Other/Unclear,1,0.24624738,0.19984303,0.3502853,0.72032225,0.49220568,0.27481776,0.4056576,Other/Unclear
517_kaleidahealth.org,0,Other/Unclear,2,0.23181844,0.25593954,0.31229037,0.6919704,0.70376116,0.28709662,0.44038367,Other/Unclear|Policy Change
517_kaleidahealth.org,1,Data Security|Other/Unclear,2,0.22215937,0.34952447,0.5542532,0.68621266,0.5379104,0.3179558,0.4537812,Data Security|Other/Unclear|Policy Change
517_kaleidahealth.org,2,Other/Unclear,2,0.25331184,0.24986593,0.27566466,0.681579,0.6627534,0.2565963,0.48503378,Other/Unclear|Policy Change
517_kaleidahealth.org,3,Other/Unclear,2,0.38509017,0.18594876,0.36709607,0.6416642,0.27295807,0.47608662,0.23918909,Other/Unclear
517_kaleidahealth.org,4,Data Collection|Third-Party Sharing|User Control & Deletion,2,0.33124414,0.41665983,0.31392568,0.57792616,0.3418125,0.5031435,0.54934186,Other/Unclear|Third-Party Sharing|User Control & Deletion
517_kaleidahealth.org,5,Data Collection|Other/Unclear|Third-Party Sharing|User Control & Deletion,2,0.27468756,0.6640666,0.34889263,0.5766055,0.53938705,0.30353728,0.76947606,Data Retention|Other/Unclear|Policy Change|User Control & Deletion
517_kaleidahealth.org,6,Data Collection|Third-Party Sharing,2,0.38265267,0.41230965,0.36921114,0.5593861,0.22108816,0.6220104,0.49266252,Other/Unclear|Third-Party Sharing
517_kaleidahealth.org,7,Data Collection|Third-Party Sharing|User Control & Deletion,2,0.26918444,0.23304199,0.260613,0.67774934,0.39623803,0.38798985,0.54087716,Other/Unclear|User Control & Deletion
517_kaleidahealth.org,8,Data Collection|Third-Party Sharing,2,0.62008214,0.18548407,0.21227777,0.44597322,0.09619158,0.6327029,0.2442458,Data Collection|Third-Party Sharing
517_kaleidahealth.org,9,Data Collection|Third-Party Sharing,2,0.27431977,0.4907111,0.4118664,0.65632564,0.32613975,0.4841071,0.4927903,Other/Unclear
517_kaleidahealth.org,10,Data Collection|Third-Party Sharing|User Control & Deletion,2,0.38442314,0.41027856,0.27593276,0.564414,0.20919888,0.6887185,0.48599228,Other/Unclear|Third-Party Sharing
517_kaleidahealth.org,11,Other/Unclear,2,0.38324496,0.29948097,0.37750268,0.6067996,0.15198714,0.538861,0.4028733,Other/Unclear|Third-Party Sharing
517_kaleidahealth.org,12,Other/Unclear,2,0.29282835,0.23271611,0.4507768,0.6808304,0.3412715,0.40381977,0.32916224,Other/Unclear
517_kaleidahealth.org,13,Other/Unclear|User Control & Deletion,2,0.26406515,0.31719464,0.213733,0.6212075,0.61918104,0.283624,0.6761404,Other/Unclear|Policy Change|User Control & Deletion
517_kaleidahealth.org,14,Other/Unclear|Policy Change,2,0.23816556,0.40742773,0.32157975,0.6153184,0.9157677,0.2741968,0.5571955,Other/Unclear|Policy Change|User Control & Deletion
517_kaleidahealth.org,15,Other/Unclear,2,0.2703831,0.31314975,0.26977837,0.6584313,0.35694382,0.374912,0.52990997,Other/Unclear|User Control & Deletion
517_kaleidahealth.org,16,Data Collection,2,0.59106183,0.24805403,0.39941573,0.45183247,0.091783844,0.61293006,0.19650576,Data Collection|Third-Party Sharing
517_kaleidahealth.org,17,Data Collection|Third-Party Sharing,2,0.62907517,0.29663047,0.32972723,0.4061257,0.101884045,0.74258524,0.22145872,Data Collection|Third-Party Sharing
517_kaleidahealth.org,18,Third-Party Sharing,2,0.7300334,0.22887461,0.19553933,0.34253666,0.08707743,0.6656177,0.26503187,Data Collection|Third-Party Sharing
517_kaleidahealth.org,19,Data Collection|Third-Party Sharing,2,0.695982,0.29008663,0.23994856,0.3557983,0.080229804,0.7225739,0.30275252,Data Collection|Third-Party Sharing
517_kaleidahealth.org,20,Data Collection|Third-Party Sharing,2,0.58278877,0.31592935,0.44325748,0.42875856,0.08385487,0.7354007,0.19224173,Data Collection|Third-Party Sharing
517_kaleidahealth.org,21,Data Collection,2,0.6233992,0.18798731,0.12629257,0.4296007,0.1309997,0.4567547,0.5266392,Data Collection|User Control & Deletion
517_kaleidahealth.org,22,Data Collection|Third-Party Sharing|User Control & Deletion,2,0.61410713,0.21350297,0.1266418,0.40626672,0.124086976,0.49290845,0.61298203,Data Collection|User Control & Deletion
517_kaleidahealth.org,23,Data Security|Third-Party Sharing,2,0.50431764,0.37184778,0.6914443,0.45969367,0.1263647,0.72484314,0.17503983,Data Collection|Data Security|Third-Party Sharing
517_kaleidahealth.org,24,Other/Unclear|Third-Party Sharing|User Control & Deletion,2,0.24815714,0.6507928,0.32676786,0.6083516,0.61284685,0.3394754,0.74463403,Data Retention|Other/Unclear|Policy Change|User Control & Deletion
517_kaleidahealth.org,25,Data Collection|Third-Party Sharing,2,0.38274148,0.45774475,0.2002555,0.53934896,0.28418258,0.41240135,0.758814,Other/Unclear|User Control & Deletion
517_kaleidahealth.org,26,Data Collection|Third-Party Sharing,2,0.38750365,0.37639397,0.2840495,0.5782116,0.17262287,0.5214205,0.53772265,Other/Unclear|Third-Party Sharing|User Control & Deletion
517_kaleidahealth.org,27,Third-Party Sharing,2,0.66926163,0.24505234,0.20471336,0.4149387,0.077526845,0.6524109,0.3341001,Data Collection|Third-Party Sharing
517_kaleidahealth.org,28,Other/Unclear|User Control & Deletion,2,0.36295336,0.4160901,0.26630133,0.5829032,0.5009479,0.39874643,0.594182,Other/Unclear|Policy Change|User Control & Deletion
517_kaleidahealth.org,29,Data Collection|Third-Party Sharing,2,0.6918088,0.1759855,0.18037347,0.3970554,0.10343623,0.5803594,0.24853875,Data Collection|Third-Party Sharing
517_kaleidahealth.org,30,Other/Unclear|User Control & Deletion,2,0.28054398,0.4046125,0.28135464,0.5984141,0.36148503,0.46546477,0.5952797,Other/Unclear|User Control & Deletion
517_kaleidahealth.org,31,Data Collection|Third-Party Sharing,2,0.361626,0.46725008,0.4215868,0.55022955,0.23063686,0.56401986,0.46267205,Other/Unclear|Third-Party Sharing
517_kaleidahealth.org,32,Data Collection|Third-Party Sharing|User Control & Deletion,2,0.4713198,0.32676715,0.4878846,0.56551975,0.13117634,0.56142706,0.23863597,Other/Unclear|Third-Party Sharing
517_kaleidahealth.org,33,Data Collection|Third-Party Sharing,2,0.3396582,0.31660947,0.27781337,0.6061105,0.293969,0.50037396,0.43830478,Other/Unclear|Third-Party Sharing
517_kaleidahealth.org,34,Third-Party Sharing,2,0.5963667,0.3215743,0.5056877,0.42059153,0.08922434,0.718233,0.16639309,Data Collection|Data Security|Third-Party Sharing
517_kaleidahealth.org,35,Third-Party Sharing,2,0.51313996,0.4224761,0.4275982,0.4979831,0.09785146,0.6855125,0.2795538,Data Collection|Third-Party Sharing
517_kaleidahealth.org,36,Third-Party Sharing,2,0.5491658,0.3251299,0.6544261,0.46305054,0.12354866,0.618736,0.15790895,Data Collection|Data Security|Third-Party Sharing
517_kaleidahealth.org,37,Third-Party Sharing,2,0.5841363,0.3062972,0.35179168,0.4030915,0.10264556,0.64923066,0.22473568,Data Collection|Third-Party Sharing
517_kaleidahealth.org,38,Third-Party Sharing,2,0.57960427,0.22319564,0.24863003,0.4450885,0.09466207,0.6797102,0.23635858,Data Collection|Third-Party Sharing
517_kaleidahealth.org,39,Third-Party Sharing,2,0.58997434,0.29163465,0.4332983,0.40046486,0.11002284,0.66634554,0.22344695,Data Collection|Third-Party Sharing
517_kaleidahealth.org,40,Data Collection|Third-Party Sharing,2,0.55833304,0.3201508,0.507231,0.4215246,0.106947005,0.6745703,0.16975832,Data Collection|Data Security|Third-Party Sharing
517_kaleidahealth.org,41,Third-Party Sharing,2,0.54763365,0.2517732,0.47535613,0.4411769,0.09568059,0.63758755,0.17525727,Data Collection|Third-Party Sharing
517_kaleidahealth.org,42,Other/Unclear|Third-Party Sharing,2,0.5636193,0.2686985,0.38174012,0.4577791,0.08601727,0.68348795,0.17443584,Data Collection|Third-Party Sharing
517_kaleidahealth.org,43,Third-Party Sharing,2,0.54296833,0.3110615,0.54607767,0.42262724,0.103556134,0.67047095,0.17428061,Data Collection|Data Security|Third-Party Sharing
517_kaleidahealth.org,44,Third-Party Sharing,2,0.53667885,0.1935262,0.22594513,0.4855737,0.11668456,0.5889242,0.27975157,Data Collection|Third-Party Sharing
517_kaleidahealth.org,45,Third-Party Sharing,2,0.59778863,0.27689356,0.2946884,0.44631565,0.100735165,0.67918354,0.26043805,Data Collection|Third-Party Sharing
517_kaleidahealth.org,46,Third-Party Sharing,2,0.5296657,0.2971396,0.38457015,0.48181543,0.09617982,0.67402285,0.2079952,Data Collection|Third-Party Sharing
517_kaleidahealth.org,47,Data Collection|Third-Party Sharing|User Control & Deletion,2,0.4137497,0.6209484,0.6359604,0.52775055,0.17213833,0.6716823,0.35372418,Data Retention|Data Security|Other/Unclear|Third-Party Sharing
517_kaleidahealth.org,48,Data Collection|Third-Party Sharing,2,0.3681176,0.5142865,0.42772803,0.6007356,0.18096164,0.58507574,0.39647946,Data Retention|Other/Unclear|Third-Party Sharing
517_kaleidahealth.org,49,Other/Unclear,2,0.61215806,0.38973942,0.23534624,0.41461986,0.09428777,0.5823828,0.40952152,Data Collection|Third-Party Sharing
517_kaleidahealth.org,50,Data Security,2,0.3114528,0.42583245,0.6456616,0.6022336,0.25059,0.59064883,0.27823249,Data Security|Other/Unclear|Third-Party Sharing
517_kaleidahealth.org,51,Other/Unclear|User Control & Deletion,2,0.50413185,0.31560817,0.43659422,0.5114843,0.12036831,0.5548157,0.27581087,Data Collection|Other/Unclear|Third-Party Sharing
517_kaleidahealth.org,52,User Control & Deletion,2,0.40554532,0.5891025,0.23597476,0.5235079,0.27229822,0.39674875,0.810502,Data Retention|Other/Unclear|User Control & Deletion
517_kaleidahealth.org,53,Other/Unclear|User Control & Deletion,2,0.3044922,0.68479127,0.57297516,0.55139875,0.5454032,0.36254776,0.6163149,Data Retention|Data Security|Other/Unclear|Policy Change|User Control & Deletion
517_kaleidahealth.org,54,Other/Unclear,2,0.26779413,0.66390234,0.33702913,0.5757699,0.6342994,0.369661,0.7428834,Data Retention|Other/Unclear|Policy Change|User Control & Deletion
517_kaleidahealth.org,55,Other/Unclear|User Control & Deletion,2,0.2445745,0.49405864,0.3063963,0.6299691,0.83940154,0.2817576,0.63531905,Other/Unclear|Policy Change|User Control & Deletion
517_kaleidahealth.org,56,Other/Unclear,2,0.27607536,0.463719,0.24316753,0.5989868,0.597186,0.38108563,0.6761363,Other/Unclear|Policy Change|User Control & Deletion
517_kaleidahealth.org,57,Other/Unclear|Third-Party Sharing|User Control & Deletion,2,0.27423412,0.33389807,0.36395204,0.65473014,0.44474095,0.45009896,0.44611618,Other/Unclear
517_kaleidahealth.org,58,Other/Unclear|User Control & Deletion,2,0.44395867,0.31566614,0.37685224,0.5076582,0.18992652,0.6520683,0.27198952,Other/Unclear|Third-Party Sharing
517_kaleidahealth.org,59,Other/Unclear,2,0.26517743,0.20778438,0.29871097,0.6871909,0.44962418,0.2936305,0.40022168,Other/Unclear
517_kaleidahealth.org,60,Other/Unclear|User Control & Deletion,2,0.3312773,0.6538865,0.2307188,0.5230021,0.49148414,0.3533964,0.84032327,Data Retention|Other/Unclear|User Control & Deletion
517_kaleidahealth.org,61,Other/Unclear|User Control & Deletion,2,0.33433977,0.6671557,0.585991,0.5555804,0.45162624,0.43052635,0.59296596,Data Retention|Data Security|Other/Unclear|User Control & Deletion
517_kaleidahealth.org,62,Other/Unclear|User Control & Deletion,2,0.25756687,0.3961596,0.25031227,0.6440481,0.50904125,0.34098583,0.7176865,Other/Unclear|Policy Change|User Control & Deletion
517_kaleidahealth.org,63,Other/Unclear,2,0.2610082,0.60852355,0.36302063,0.57025826,0.7592341,0.33003578,0.7211483,Data Retention|Other/Unclear|Policy Change|User Control & Deletion
517_kaleidahealth.org,64,Other/Unclear|User Control & Deletion,2,0.5806357,0.28566596,0.1746771,0.45267963,0.083381094,0.525231,0.56003594,Data Collection|Third-Party Sharing|User Control & Deletion
517_kaleidahealth.org,65,Other/Unclear,2,0.26649612,0.43508005,0.35089132,0.6217446,0.42002767,0.30763316,0.6665184,Other/Unclear|User Control & Deletion
523_usa.gov,0,Other/Unclear,3,0.38434845,0.19754922,0.44575897,0.601558,0.31089932,0.3606878,0.23440252,Other/Unclear
523_usa.gov,1,Data Collection,3,0.5577225,0.2702757,0.19202569,0.44852296,0.08718188,0.43075633,0.6097349,Data Collection|User Control & Deletion
523_usa.gov,2,Other/Unclear,3,0.48341653,0.36983788,0.65175813,0.53685355,0.1437422,0.36078066,0.3181409,Data Security|Other/Unclear
523_usa.gov,3,Data Collection|Data Retention,3,0.727223,0.3000356,0.16170698,0.35642123,0.08859245,0.4351624,0.53598833,Data Collection|User Control & Deletion
523_usa.gov,4,Data Collection|Third-Party Sharing,3,0.6896885,0.3134839,0.32874358,0.3933558,0.10197165,0.7009627,0.20197336,Data Collection|Third-Party Sharing
523_usa.gov,5,Data Security,3,0.43212622,0.42186388,0.8744043,0.5406677,0.23485875,0.4611435,0.1988411,Data Security|Other/Unclear
523_usa.gov,6,Data Collection|Data Retention,3,0.41343796,0.5532751,0.7421633,0.602196,0.3437664,0.4322478,0.3160702,Data Retention|Data Security|Other/Unclear
523_usa.gov,7,Other/Unclear,3,0.41282657,0.38142744,0.67187965,0.5758175,0.17002486,0.55632555,0.2323241,Data Security|Other/Unclear|Third-Party Sharing
523_usa.gov,8,Data Collection,3,0.66340154,0.4078415,0.46100685,0.46879926,0.100402705,0.5088547,0.3004396,Data Collection|Third-Party Sharing
523_usa.gov,9,Data Collection,3,0.55929786,0.47960824,0.298054,0.48131984,0.11856848,0.37332812,0.70153236,Data Collection|User Control & Deletion
523_usa.gov,10,Data Collection|Third-Party Sharing,3,0.7330464,0.26067072,0.33905664,0.41068563,0.082992405,0.52240336,0.1972822,Data Collection|Third-Party Sharing
523_usa.gov,11,Data Collection,3,0.76828015,0.22214995,0.16742435,0.36256856,0.0894166,0.51523244,0.33175617,Data Collection|Third-Party Sharing
523_usa.gov,12,Other/Unclear|User Control & Deletion,3,0.5929304,0.39305422,0.1912167,0.44914508,0.17565891,0.30498052,0.832217,Data Collection|User Control & Deletion
523_usa.gov,13,Other/Unclear,3,0.29885978,0.25940824,0.41759217,0.68050843,0.4595598,0.35981554,0.31494465,Other/Unclear
523_usa.gov,14,Other/Unclear,3,0.70192057,0.27840537,0.16271885,0.39855918,0.09020131,0.3709918,0.62043124,Data Collection|User Control & Deletion
523_usa.gov,15,Other/Unclear|Third-Party Sharing,3,0.30421633,0.23995121,0.25950685,0.64653796,0.20499693,0.38489994,0.52462476,Other/Unclear|User Control & Deletion
523_usa.gov,16,Data Collection|Third-Party Sharing,3,0.6082005,0.34069607,0.46692133,0.46199745,0.08688601,0.67959464,0.19450493,Data Collection|Third-Party Sharing
523_usa.gov,17,Data Collection|User Control & Deletion,3,0.7530962,0.48642156,0.24392684,0.35532573,0.0869494,0.5811498,0.54830414,Data Collection|Third-Party Sharing|User Control & Deletion
523_usa.gov,18,Data Collection|Third-Party Sharing,3,0.65392935,0.30290467,0.27580732,0.42454067,0.079069324,0.6624649,0.2581743,Data Collection|Third-Party Sharing
531_archives.gov,0,Data Security|Other/Unclear,2,0.30935243,0.21662882,0.491426,0.6919881,0.36087716,0.30496088,0.3080649,Other/Unclear
531_archives.gov,1,Other/Unclear|User Control & Deletion,2,0.5110721,0.20139539,0.1624635,0.49809802,0.123681374,0.383249,0.59112084,Data Collection|User Control & Deletion
531_archives.gov,2,Data Collection|Data Security|Third-Party Sharing,2,0.62823004,0.34061468,0.3171997,0.38152283,0.086611465,0.73914504,0.25812706,Data Collection|Third-Party Sharing
531_archives.gov,3,Data Collection|Data Retention|Data Security|Other/Unclear|Third-Party Sharing,2,0.33768928,0.74897027,0.78973484,0.545895,0.3554978,0.47261116,0.47192258,Data Retention|Data Security|Other/Unclear
531_archives.gov,4,Data Security|Other/Unclear,2,0.3926788,0.43996927,0.8675719,0.5472553,0.20016642,0.4955516,0.25607792,Data Security|Other/Unclear
531_archives.gov,5,Data Collection|Third-Party Sharing,2,0.6353031,0.3886887,0.36332056,0.40555134,0.08026546,0.666478,0.3233279,Data Collection|Third-Party Sharing
531_archives.gov,6,Data Collection|Other/Unclear,2,0.70758396,0.4449277,0.18973415,0.37961948,0.09312824,0.49104396,0.6735893,Data Collection|User Control & Deletion
531_archives.gov,7,Data Collection|Other/Unclear|Third-Party Sharing|User Control & Deletion,2,0.40443465,0.54613256,0.2343803,0.5329739,0.22104257,0.35967648,0.8217651,Data Retention|Other/Unclear|User Control & Deletion
531_archives.gov,8,Data Collection,2,0.7001123,0.25033733,0.22210859,0.41877797,0.12805097,0.47113475,0.31863388,Data Collection
531_archives.gov,9,Data Collection,2,0.3297251,0.6625274,0.2822255,0.5620047,0.5480508,0.29125315,0.80416936,Data Retention|Other/Unclear|Policy Change|User Control & Deletion
531_archives.gov,10,Data Collection,2,0.60936886,0.22853237,0.14076254,0.42827606,0.10118687,0.405615,0.60449773,Data Collection|User Control & Deletion
531_archives.gov,11,Data Collection|Third-Party Sharing|User Control & Deletion,2,0.64687335,0.61321914,0.2868796,0.39334434,0.11798443,0.47300065,0.69286335,Data Collection|Data Retention|User Control & Deletion
531_archives.gov,12,Other/Unclear,2,0.71097356,0.24412021,0.2650036,0.40699145,0.09953907,0.63218963,0.19261202,Data Collection|Third-Party Sharing
531_archives.gov,13,Data Collection|Other/Unclear|Third-Party Sharing,2,0.57814956,0.37310082,0.5393353,0.4631594,0.08846232,0.6763401,0.2050622,Data Collection|Data Security|Third-Party Sharing
531_archives.gov,14,Other/Unclear,2,0.5908314,0.36284003,0.25456065,0.477402,0.15311766,0.5372473,0.4264046,Data Collection|Third-Party Sharing
531_archives.gov,15,Other/Unclear,2,0.57468134,0.2100188,0.39446157,0.5534002,0.14429252,0.54775244,0.19381084,Data Collection|Other/Unclear|Third-Party Sharing
531_archives.gov,16,Other/Unclear|Third-Party Sharing,2,0.5897017,0.26964408,0.4339886,0.47994483,0.13210255,0.6206944,0.1843216,Data Collection|Third-Party Sharing
531_archives.gov,17,Data Collection|Data Retention|Data Security,2,0.34307724,0.78490084,0.7245826,0.53722185,0.52482307,0.4561445,0.45900258,Data Retention|Data Security|Other/Unclear|Policy Change
531_archives.gov,18,Data Retention|Other/Unclear|Third-Party Sharing,2,0.380958,0.7781293,0.51447314,0.543681,0.33778778,0.56405747,0.544727,Data Retention|Data Security|Other/Unclear|Third-Party Sharing|User Control & Deletion
531_archives.gov,19,Data Security|Other/Unclear|Third-Party Sharing,2,0.47633836,0.34387088,0.6163574,0.5776117,0.12836444,0.5818532,0.22972946,Data Security|Other/Unclear|Third-Party Sharing
531_archives.gov,20,Data Collection,2,0.72526914,0.36476326,0.21555541,0.34205088,0.09027349,0.5318437,0.4450142,Data Collection|Third-Party Sharing
531_archives.gov,21,Data Collection|Data Retention|Third-Party Sharing,2,0.43419832,0.7889317,0.6077618,0.52049315,0.5190166,0.4757151,0.5138597,Data Retention|Data Security|Other/Unclear|Policy Change|User Control & Deletion
531_archives.gov,22,Data Collection,2,0.75593734,0.30099368,0.16761568,0.34531623,0.081716046,0.53989655,0.4919094,Data Collection|Third-Party Sharing
531_archives.gov,23,Data Collection,2,0.6250031,0.28798726,0.12846985,0.42077765,0.10914282,0.44200614,0.6018492,Data Collection|User Control & Deletion
531_archives.gov,24,Other/Unclear|Third-Party Sharing|User Control & Deletion,2,0.4315212,0.30041137,0.1917288,0.555644,0.15692429,0.36193165,0.7354463,Other/Unclear|User Control & Deletion
531_archives.gov,25,Other/Unclear,2,0.54063123,0.22097698,0.22922003,0.48447573,0.15009184,0.5776882,0.3423551,Data Collection|Third-Party Sharing
531_archives.gov,26,Other/Unclear,2,0.58596665,0.20247203,0.31301025,0.5080447,0.11449194,0.5795164,0.21946786,Data Collection|Other/Unclear|Third-Party Sharing
531_archives.gov,27,Data Security|Other/Unclear,2,0.49164775,0.36038303,0.6161771,0.5180134,0.10545714,0.6650521,0.17464907,Data Security|Other/Unclear|Third-Party Sharing
531_archives.gov,28,Other/Unclear|User Control & Deletion,2,0.46088457,0.36926013,0.2522894,0.5337197,0.15858924,0.53636605,0.52289736,Other/Unclear|Third-Party Sharing|User Control & Deletion
531_archives.gov,29,Other/Unclear,2,0.41620684,0.59089845,0.22714233,0.5758934,0.22984357,0.51350164,0.6318947,Data Retention|Other/Unclear|Third-Party Sharing|User Control & Deletion
531_archives.gov,30,Data Security|Other/Unclear|Policy Change,2,0.26155216,0.40721565,0.21547315,0.63998693,0.59648013,0.33798456,0.63818836,Other/Unclear|Policy Change|User Control & Deletion
531_archives.gov,31,Other/Unclear,2,0.3423261,0.31302318,0.25310493,0.64371055,0.3212469,0.4428816,0.48520634,Other/Unclear
531_archives.gov,32,Other/Unclear,2,0.38308603,0.29420358,0.18606105,0.6088839,0.22585401,0.43065128,0.54494303,Other/Unclear|User Control & Deletion
531_archives.gov,33,Other/Unclear,2,0.349235,0.37251675,0.29602545,0.6294608,0.32056037,0.37241602,0.5465259,Other/Unclear|User Control & Deletion
531_archives.gov,34,Data Security|Other/Unclear,2,0.4594559,0.42364168,0.6939143,0.476991,0.15382606,0.55307615,0.28990585,Data Security|Third-Party Sharing
531_archives.gov,35,Other/Unclear|User Control & Deletion,2,0.5807401,0.29347157,0.17995666,0.50924814,0.096016385,0.5877267,0.44885164,Data Collection|Other/Unclear|Third-Party Sharing
531_archives.gov,36,Other/Unclear,2,0.7078902,0.29025865,0.13602282,0.38154426,0.08498622,0.52923816,0.50020814,Data Collection|Third-Party Sharing|User Control & Deletion
531_archives.gov,37,Other/Unclear|User Control & Deletion,2,0.524042,0.24246623,0.25122392,0.52582717,0.1265607,0.65264183,0.29115352,Data Collection|Other/Unclear|Third-Party Sharing
531_archives.gov,38,Data Collection|Other/Unclear,2,0.3631872,0.78244036,0.42339036,0.52848595,0.36801746,0.37384665,0.8062168,Data Retention|Other/Unclear|User Control & Deletion
531_archives.gov,39,Other/Unclear,2,0.28536984,0.35573456,0.2730343,0.6632146,0.39818278,0.38014287,0.61068565,Other/Unclear|User Control & Deletion
531_archives.gov,40,Other/Unclear,2,0.35313925,0.28892943,0.22941463,0.6429223,0.30970573,0.42927128,0.5393683,Other/Unclear|User Control & Deletion
531_archives.gov,41,Other/Unclear,2,0.41191354,0.35950643,0.37945133,0.5920397,0.18175589,0.62943673,0.35246703,Other/Unclear|Third-Party Sharing
531_archives.gov,42,Data Collection|Other/Unclear,2,0.23922104,0.43337134,0.33654717,0.64706266,0.5515567,0.39682496,0.60673535,Other/Unclear|Policy Change|User Control & Deletion
531_archives.gov,43,Other/Unclear,2,0.5187796,0.5329639,0.5479346,0.51029027,0.11787472,0.5945356,0.32343158,Data Collection|Data Retention|Data Security|Other/Unclear|Third-Party Sharing
531_archives.gov,44,Other/Unclear,2,0.36820143,0.60262764,0.38316268,0.5456472,0.75935197,0.2861247,0.6208869,Data Retention|Other/Unclear|Policy Change|User Control & Deletion
531_archives.gov,45,Data Security|Other/Unclear,2,0.24147648,0.3844708,0.4741769,0.6919208,0.53486085,0.3616869,0.4136781,Other/Unclear|Policy Change
531_archives.gov,46,Other/Unclear,2,0.49991092,0.5584243,0.6863254,0.4981702,0.123861074,0.5749278,0.2826874,Data Retention|Data Security|Third-Party Sharing
531_archives.gov,47,Other/Unclear,2,0.4186257,0.43784493,0.71244335,0.601709,0.21209377,0.5395957,0.25211638,Data Security|Other/Unclear|Third-Party Sharing
531_archives.gov,48,Other/Unclear,2,0.35304463,0.41529095,0.49168915,0.5970455,0.24411978,0.63786,0.35119867,Other/Unclear|Third-Party Sharing
531_archives.gov,49,Other/Unclear,2,0.41804162,0.38571277,0.43719876,0.5827585,0.22133867,0.42866766,0.44088492,Other/Unclear
531_archives.gov,50,Data Security|Other/Unclear,2,0.39670724,0.5154856,0.90302837,0.53006303,0.2762462,0.4519882,0.2604766,Data Retention|Data Security|Other/Unclear
531_archives.gov,51,Data Security|Third-Party Sharing|User Control & Deletion,2,0.37252516,0.48174143,0.88790447,0.528937,0.2579009,0.49730775,0.22632584,Data Security|Other/Unclear
559_www.loc.gov,0,Data Collection|Data Security|Other/Unclear|Third-Party Sharing,2,0.35653794,0.45958176,0.87960166,0.57750094,0.23191324,0.5197221,0.21011585,Data Security|Other/Unclear|Third-Party Sharing
559_www.loc.gov,1,Other/Unclear,2,0.49036413,0.15799312,0.26854298,0.5818043,0.16748962,0.39966756,0.262664,Other/Unclear
559_www.loc.gov,2,Data Collection|Other/Unclear,2,0.7087088,0.25855833,0.32037228,0.38215995,0.091882534,0.5827636,0.2095607,Data Collection|Third-Party Sharing
559_www.loc.gov,3,Data Security,2,0.32854372,0.48093376,0.86495286,0.55595607,0.39524645,0.4090262,0.26885292,Data Security|Other/Unclear
559_www.loc.gov,4,Data Collection,2,0.7386259,0.29168642,0.2592046,0.35684592,0.08354305,0.5198266,0.31074718,Data Collection|Third-Party Sharing
559_www.loc.gov,5,Data Collection,2,0.73665416,0.23279017,0.24049985,0.39445227,0.11041152,0.5385269,0.22161907,Data Collection|Third-Party Sharing
559_www.loc.gov,6,Data Collection,2,0.48717874,0.4568876,0.18437687,0.44619206,0.21284829,0.29474032,0.86515975,User Control & Deletion
559_www.loc.gov,7,Data Collection|Data Retention,2,0.48012084,0.71591693,0.68478477,0.5046386,0.37796855,0.5073474,0.40359634,Data Retention|Data Security|Other/Unclear|Third-Party Sharing
559_www.loc.gov,8,Data Collection|User Control & Deletion,2,0.5746661,0.57019264,0.19624183,0.41576543,0.18597849,0.38481367,0.8366306,Data Collection|Data Retention|User Control & Deletion
559_www.loc.gov,9,Data Collection|Other/Unclear,2,0.64585054,0.49284673,0.39032933,0.42454907,0.08474567,0.57191944,0.44966236,Data Collection|Third-Party Sharing
559_www.loc.gov,10,Data Collection,2,0.72381574,0.41938895,0.29068664,0.3624142,0.07921605,0.5617297,0.38918006,Data Collection|Third-Party Sharing
559_www.loc.gov,11,Data Collection,2,0.72109723,0.42349052,0.23490742,0.36567432,0.104108825,0.4861518,0.48847872,Data Collection
559_www.loc.gov,12,Data Collection|Other/Unclear|User Control & Deletion,2,0.61003584,0.36221662,0.13121425,0.41063586,0.13902509,0.45211926,0.73665994,Data Collection|User Control & Deletion
559_www.loc.gov,13,Other/Unclear|Third-Party Sharing,2,0.61147267,0.30626655,0.32056257,0.4361145,0.08157208,0.7095631,0.27381927,Data Collection|Third-Party Sharing
559_www.loc.gov,14,Other/Unclear,2,0.32500044,0.19573008,0.44944218,0.70932066,0.3591443,0.37154394,0.25670207,Other/Unclear
559_www.loc.gov,15,Data Collection|Data Retention|Other/Unclear,2,0.44147855,0.84827805,0.43948314,0.512541,0.3739422,0.44471243,0.7167709,Data Retention|Other/Unclear|User Control & Deletion
559_www.loc.gov,16,Other/Unclear,2,0.42984387,0.7763586,0.3076325,0.5071416,0.36409298,0.35060766,0.80081344,Data Retention|Other/Unclear|User Control & Deletion
559_www.loc.gov,17,Other/Unclear|Third-Party Sharing,2,0.4803817,0.30013815,0.52580047,0.5127539,0.13447526,0.60260296,0.1785408,Data Security|Other/Unclear|Third-Party Sharing
559_www.loc.gov,18,Other/Unclear|User Control & Deletion,2,0.4264089,0.3640254,0.16055539,0.5632248,0.19932956,0.33575663,0.73037153,Other/Unclear|User Control & Deletion
559_www.loc.gov,19,Other/Unclear,2,0.4429457,0.31221497,0.22579457,0.59659386,0.15249023,0.5544212,0.49630496,Other/Unclear|Third-Party Sharing
559_www.loc.gov,20,Data Collection|Third-Party Sharing,2,0.66087437,0.2213834,0.23632544,0.43260834,0.092837185,0.6033263,0.28052557,Data Collection|Third-Party Sharing
559_www.loc.gov,21,Data Collection|Other/Unclear|Third-Party Sharing,2,0.5903632,0.4612701,0.17724933,0.41035387,0.15964583,0.36304206,0.8357563,Data Collection|User Control & Deletion
559_www.loc.gov,22,Other/Unclear,2,0.39163768,0.315415,0.1891836,0.5355917,0.43803167,0.25291598,0.69538724,Other/Unclear|User Control & Deletion
559_www.loc.gov,23,Other/Unclear,2,0.36496234,0.35903203,0.43669036,0.6340382,0.6986068,0.33479124,0.3800803,Other/Unclear|Policy Change
581_coffeereview.com,0,Other/Unclear,1,0.24983828,0.31617847,0.55299795,0.71693254,0.589689,0.34522748,0.26958805,Data Security|Other/Unclear|Policy Change
581_coffeereview.com,1,Data Collection,1,0.7590085,0.21079941,0.27260807,0.34817666,0.10010968,0.59111625,0.19516137,Data Collection|Third-Party Sharing
581_coffeereview.com,2,Data Collection,1,0.69284916,0.33746615,0.19413118,0.41259533,0.08863679,0.46256852,0.6429529,Data Collection|User Control & Deletion
581_coffeereview.com,3,Data Collection,1,0.7070981,0.28142253,0.23192765,0.39499184,0.10968905,0.5345368,0.3224821,Data Collection|Third-Party Sharing
581_coffeereview.com,4,Data Collection|User Control & Deletion,1,0.52403176,0.35508755,0.15233427,0.47792497,0.21602204,0.32876915,0.8101124,Data Collection|User Control & Deletion
581_coffeereview.com,5,Data Collection|User Control & Deletion,1,0.7085933,0.4408378,0.24643874,0.40876698,0.14702171,0.5386902,0.51434046,Data Collection|Third-Party Sharing|User Control & Deletion
581_coffeereview.com,6,Data Collection|Third-Party Sharing|User Control & Deletion,1,0.70064753,0.22944012,0.1357736,0.3688062,0.088275954,0.55164444,0.5786468,Data Collection|Third-Party Sharing|User Control & Deletion
581_coffeereview.com,7,Data Collection,1,0.7249314,0.17901143,0.20059054,0.33376452,0.0892075,0.61446816,0.24297622,Data Collection|Third-Party Sharing
581_coffeereview.com,8,Data Collection|Other/Unclear|Third-Party Sharing,1,0.49785027,0.2186212,0.3094456,0.4991496,0.12582667,0.7102231,0.26626143,Third-Party Sharing
581_coffeereview.com,9,Third-Party Sharing,1,0.55332816,0.19726174,0.4228473,0.44546664,0.10923105,0.64456755,0.17512849,Data Collection|Third-Party Sharing
581_coffeereview.com,10,Third-Party Sharing,1,0.56919694,0.1760336,0.3408466,0.43860692,0.10236809,0.6432382,0.18447037,Data Collection|Third-Party Sharing
581_coffeereview.com,11,Data Collection|Third-Party Sharing,1,0.54290044,0.28051892,0.5959772,0.46280345,0.13646318,0.7052758,0.16661349,Data Collection|Data Security|Third-Party Sharing
581_coffeereview.com,12,Data Collection,1,0.77732676,0.31402248,0.24969451,0.33648676,0.07715686,0.58582145,0.3389657,Data Collection|Third-Party Sharing
581_coffeereview.com,13,Data Collection|Third-Party Sharing,1,0.6925461,0.2166404,0.37249035,0.3976552,0.08688944,0.66099197,0.17204852,Data Collection|Third-Party Sharing
581_coffeereview.com,14,Data Collection|Third-Party Sharing,1,0.6230659,0.37120935,0.44408333,0.42937428,0.104599565,0.7249322,0.22748499,Data Collection|Third-Party Sharing
581_coffeereview.com,15,Other/Unclear,1,0.39894792,0.17788614,0.3738244,0.6470627,0.16924748,0.4737754,0.27347502,Other/Unclear
586_cariboucoffee.com,0,Other/Unclear,1,0.35076812,0.27753493,0.4525073,0.6590107,0.386186,0.31540063,0.35199293,Other/Unclear
586_cariboucoffee.com,1,Other/Unclear,1,0.2790587,0.22213706,0.4015901,0.70145184,0.5927155,0.30028793,0.34827915,Other/Unclear|Policy Change
586_cariboucoffee.com,2,Data Collection|Data Security|Other/Unclear,1,0.4184234,0.17877196,0.54777974,0.6277586,0.18836752,0.4918255,0.20030966,Data Security|Other/Unclear
586_cariboucoffee.com,3,Policy Change|User Control & Deletion,1,0.25615194,0.49888432,0.30620286,0.65256953,0.90324277,0.27243045,0.58221316,Other/Unclear|Policy Change|User Control & Deletion
586_cariboucoffee.com,4,Other/Unclear|Policy Change|User Control & Deletion,1,0.2804723,0.4709082,0.32921404,0.6318421,0.91703653,0.2807649,0.5420358,Other/Unclear|Policy Change|User Control & Deletion
586_cariboucoffee.com,5,Data Collection|Other/Unclear,1,0.7226635,0.29562473,0.23880635,0.36784306,0.09652488,0.5878715,0.36413115,Data Collection|Third-Party Sharing
586_cariboucoffee.com,6,Data Collection|Other/Unclear|Third-Party Sharing,1,0.46324432,0.23234646,0.51704067,0.54675287,0.11805039,0.6512282,0.19310495,Data Security|Other/Unclear|Third-Party Sharing
586_cariboucoffee.com,7,Third-Party Sharing,1,0.5206867,0.28768587,0.6676526,0.5135946,0.14603265,0.57850635,0.1640939,Data Collection|Data Security|Other/Unclear|Third-Party Sharing
586_cariboucoffee.com,8,Data Security|Other/Unclear,1,0.37146968,0.36344272,0.80353785,0.5699873,0.16839823,0.5719969,0.21050192,Data Security|Other/Unclear|Third-Party Sharing
586_cariboucoffee.com,9,Data Security,1,0.3880901,0.39504007,0.83655775,0.58575565,0.20091403,0.54393226,0.19475003,Data Security|Other/Unclear|Third-Party Sharing
586_cariboucoffee.com,10,Data Collection|Third-Party Sharing,1,0.46841186,0.5030344,0.844473,0.5104086,0.1699184,0.5728664,0.23693152,Data Retention|Data Security|Other/Unclear|Third-Party Sharing
586_cariboucoffee.com,11,Data Collection,1,0.5666331,0.6675286,0.49702942,0.49504355,0.17761545,0.48464245,0.48515177,Data Collection|Data Retention
586_cariboucoffee.com,12,Data Collection|Third-Party Sharing,1,0.74487007,0.28627712,0.2018463,0.34830964,0.08194156,0.6380866,0.36852592,Data Collection|Third-Party Sharing
586_cariboucoffee.com,13,Data Retention|Third-Party Sharing|User Control & Deletion,1,0.67050403,0.29567584,0.1752416,0.39386013,0.08557663,0.47614715,0.5757712,Data Collection|User Control & Deletion
586_cariboucoffee.com,14,Third-Party Sharing,1,0.51666147,0.18835986,0.3721212,0.4926499,0.10537673,0.61119306,0.21377139,Data Collection|Third-Party Sharing
586_cariboucoffee.com,15,Data Collection,1,0.72143143,0.39845955,0.4136187,0.35907087,0.09106396,0.523932,0.30883765,Data Collection|Third-Party Sharing
586_cariboucoffee.com,16,Data Collection,1,0.76269525,0.21635614,0.29176214,0.3667784,0.10267374,0.5840015,0.20213805,Data Collection|Third-Party Sharing
586_cariboucoffee.com,17,Data Collection|Other/Unclear,1,0.75669587,0.30410582,0.35425636,0.36482665,0.09375309,0.56366765,0.24552813,Data Collection|Third-Party Sharing
586_cariboucoffee.com,18,User Control & Deletion,1,0.54292065,0.49867943,0.18160518,0.43962058,0.19664977,0.37385666,0.8561822,Data Collection|User Control & Deletion
586_cariboucoffee.com,19,Data Collection|Other/Unclear|Third-Party Sharing,1,0.74266773,0.23373526,0.3489573,0.37629682,0.0896047,0.5959921,0.22427057,Data Collection|Third-Party Sharing
586_cariboucoffee.com,20,Data Collection|Third-Party Sharing|User Control & Deletion,1,0.49041915,0.2003228,0.46784768,0.5936387,0.10951151,0.5056473,0.25181004,Other/Unclear|Third-Party Sharing
586_cariboucoffee.com,21,Data Security,1,0.4366345,0.43114015,0.8809121,0.5233647,0.2398353,0.43487734,0.20871694,Data Security|Other/Unclear
586_cariboucoffee.com,22,Data Security|Other/Unclear,1,0.43376547,0.39156774,0.8843517,0.5135269,0.22877511,0.44031698,0.20731358,Data Security|Other/Unclear
586_cariboucoffee.com,23,Other/Unclear|User Control & Deletion,1,0.5223137,0.30243304,0.13259572,0.46059296,0.16101132,0.35003266,0.8079353,Data Collection|User Control & Deletion
586_cariboucoffee.com,24,Data Collection|Other/Unclear|User Control & Deletion,1,0.38022253,0.36333245,0.18378061,0.5465334,0.30550745,0.27974033,0.7774607,Other/Unclear|User Control & Deletion
586_cariboucoffee.com,25,Other/Unclear,1,0.4585367,0.28809622,0.6542393,0.61713105,0.13049257,0.5447664,0.1923922,Data Security|Other/Unclear|Third-Party Sharing
586_cariboucoffee.com,26,User Control & Deletion,1,0.4599553,0.5041853,0.15958719,0.5090532,0.39083052,0.2842799,0.84614605,Data Retention|Other/Unclear|User Control & Deletion
586_cariboucoffee.com,27,Other/Unclear,1,0.28583977,0.26603007,0.21273448,0.64791226,0.3725824,0.34597385,0.55814976,Other/Unclear|User Control & Deletion
586_cariboucoffee.com,28,Data Collection,1,0.36075726,0.5059039,0.21571049,0.59266496,0.42253575,0.4985961,0.6509822,Data Retention|Other/Unclear|User Control & Deletion
586_cariboucoffee.com,29,Other/Unclear,1,0.59968585,0.20153257,0.3456858,0.41871548,0.09485316,0.6689108,0.19864286,Data Collection|Third-Party Sharing
586_cariboucoffee.com,30,Other/Unclear,1,0.32736185,0.17150399,0.19620521,0.6289957,0.24918427,0.36495999,0.5547261,Other/Unclear|User Control & Deletion
586_cariboucoffee.com,31,User Control & Deletion,1,0.5505137,0.28710127,0.17299482,0.46299237,0.106090404,0.51723546,0.66637266,Data Collection|Third-Party Sharing|User Control & Deletion
586_cariboucoffee.com,32,Data Security|Other/Unclear|Third-Party Sharing,1,0.62338394,0.24535635,0.38862664,0.42776996,0.0808664,0.62600154,0.22893383,Data Collection|Third-Party Sharing
586_cariboucoffee.com,33,Other/Unclear,1,0.3341286,0.24759933,0.22549032,0.6501886,0.39310429,0.40478307,0.43023503,Other/Unclear
58_esquire.com,0,Other/Unclear|Policy Change,0,0.2834105,0.3572922,0.37627795,0.6307673,0.9010532,0.27850378,0.443442,Other/Unclear|Policy Change
58_esquire.com,1,Data Collection|Other/Unclear|Third-Party Sharing,0,0.30183136,0.25792202,0.42162818,0.673185,0.35765836,0.5100533,0.3246774,Other/Unclear|Third-Party Sharing
58_esquire.com,2,Other/Unclear,0,0.24541664,0.24166596,0.32808515,0.6971827,0.5841579,0.36936218,0.4846101,Other/Unclear|Policy Change
58_esquire.com,3,Other/Unclear,0,0.4478232,0.19788681,0.2523684,0.57025355,0.17364596,0.6121157,0.3518482,Other/Unclear|Third-Party Sharing
58_esquire.com,4,Data Collection|Other/Unclear|Third-Party Sharing,0,0.3517975,0.24069917,0.17974253,0.60199094,0.27686858,0.38908726,0.71723884,Other/Unclear|User Control & Deletion
58_esquire.com,5,Other/Unclear,0,0.28261834,0.25380906,0.24170429,0.6570855,0.6890206,0.4037331,0.50691956,Other/Unclear|Policy Change|User Control & Deletion
58_esquire.com,6,Data Collection|Third-Party Sharing,0,0.7379504,0.27073747,0.14139165,0.35266995,0.09262428,0.62346166,0.4216716,Data Collection|Third-Party Sharing
58_esquire.com,7,Data Collection|Third-Party Sharing,0,0.7488691,0.33381447,0.2626053,0.3513327,0.08552123,0.7302137,0.23493136,Data Collection|Third-Party Sharing
58_esquire.com,8,Other/Unclear|Third-Party Sharing,0,0.56300145,0.33280995,0.50926733,0.45634744,0.09870154,0.7455181,0.18844582,Data Collection|Data Security|Third-Party Sharing
58_esquire.com,9,Other/Unclear|User Control & Deletion,0,0.6167983,0.5060756,0.16963167,0.43923083,0.17661908,0.41215488,0.7991214,Data Collection|Data Retention|User Control & Deletion
58_esquire.com,10,Data Collection,0,0.75512004,0.21447162,0.18388651,0.37718195,0.084499136,0.58879167,0.28885028,Data Collection|Third-Party Sharing
58_esquire.com,11,Data Collection,0,0.6791542,0.36720157,0.4080179,0.36136174,0.08743725,0.6988975,0.1800115,Data Collection|Third-Party Sharing
58_esquire.com,12,Data Collection|Third-Party Sharing,0,0.66034937,0.23731549,0.20073022,0.41053766,0.079997525,0.64194286,0.33820078,Data Collection|Third-Party Sharing
58_esquire.com,13,Data Collection|Other/Unclear,0,0.4444388,0.18846966,0.394243,0.5849072,0.1283835,0.60750467,0.20596175,Other/Unclear|Third-Party Sharing
58_esquire.com,14,Other/Unclear,0,0.50616884,0.24580112,0.14782491,0.52232337,0.18397644,0.34896815,0.70939976,Data Collection|Other/Unclear|User Control & Deletion
58_esquire.com,15,Other/Unclear,0,0.73763096,0.25972888,0.18759531,0.39940023,0.082225695,0.5673649,0.3653136,Data Collection|Third-Party Sharing
58_esquire.com,16,Data Collection,0,0.77388597,0.34514818,0.15867673,0.32946816,0.11414041,0.64391696,0.3809102,Data Collection|Third-Party Sharing
58_esquire.com,17,Data Collection|Other/Unclear,0,0.719674,0.21471088,0.19029078,0.34201542,0.10042256,0.6713084,0.2118514,Data Collection|Third-Party Sharing
58_esquire.com,18,Data Collection|Data Retention|Other/Unclear|User Control & Deletion,0,0.5756168,0.5654105,0.17965268,0.4690334,0.30537885,0.47252783,0.78381115,Data Collection|Data Retention|User Control & Deletion
58_esquire.com,19,Data Collection|Other/Unclear,0,0.7419148,0.27641234,0.14960818,0.34693012,0.10337596,0.61544484,0.40439618,Data Collection|Third-Party Sharing
58_esquire.com,20,Data Collection|Other/Unclear|Third-Party Sharing,0,0.58366114,0.38116512,0.5941232,0.45306104,0.10822215,0.70427865,0.15529262,Data Collection|Data Security|Third-Party Sharing
58_esquire.com,21,Other/Unclear|Third-Party Sharing,0,0.47916874,0.20736834,0.24156402,0.49877658,0.13998285,0.6810246,0.30819452,Third-Party Sharing
58_esquire.com,22,Data Security|Third-Party Sharing,0,0.4688888,0.45503676,0.7644691,0.5056702,0.14182366,0.679961,0.20381968,Data Security|Other/Unclear|Third-Party Sharing
58_esquire.com,23,Other/Unclear|Third-Party Sharing|User Control & Deletion,0,0.4521919,0.24898821,0.20307977,0.59298563,0.18303584,0.55154866,0.5699783,Other/Unclear|Third-Party Sharing|User Control & Deletion
58_esquire.com,24,Third-Party Sharing,0,0.5213088,0.25781852,0.33607724,0.47602946,0.1320638,0.65964776,0.20723233,Data Collection|Third-Party Sharing
58_esquire.com,25,Third-Party Sharing,0,0.503308,0.25442043,0.38662836,0.49429917,0.13161771,0.633765,0.2088236,Data Collection|Third-Party Sharing
58_esquire.com,26,Third-Party Sharing|User Control & Deletion,0,0.49806,0.21136934,0.1738946,0.4658979,0.1896862,0.4692787,0.52039254,User Control & Deletion
58_esquire.com,27,Third-Party Sharing,0,0.5365453,0.22733071,0.38159308,0.49200508,0.13048792,0.6147546,0.17857264,Data Collection|Third-Party Sharing
58_esquire.com,28,Third-Party Sharing,0,0.63467467,0.23152949,0.2392477,0.40794316,0.084688455,0.6522846,0.25980145,Data Collection|Third-Party Sharing
58_esquire.com,29,Third-Party Sharing,0,0.5384088,0.27595472,0.5282973,0.46138853,0.11086965,0.6323389,0.17875695,Data Collection|Data Security|Third-Party Sharing
58_esquire.com,30,Third-Party Sharing,0,0.40326717,0.36417246,0.34847263,0.5406797,0.3038623,0.67714226,0.36764953,Other/Unclear|Third-Party Sharing
58_esquire.com,31,Data Collection|Other/Unclear|Third-Party Sharing,0,0.5260683,0.31607682,0.1648211,0.5122152,0.16673164,0.5783946,0.562247,Data Collection|Other/Unclear|Third-Party Sharing|User Control & Deletion
58_esquire.com,32,Data Collection|Other/Unclear|Third-Party Sharing,0,0.6311065,0.35319912,0.27769628,0.42639625,0.10251737,0.75437677,0.3614394,Data Collection|Third-Party Sharing
58_esquire.com,33,Data Collection|Third-Party Sharing,0,0.7403142,0.25342607,0.25926825,0.35411248,0.08873005,0.72595125,0.2175776,Data Collection|Third-Party Sharing
58_esquire.com,34,Other/Unclear|Third-Party Sharing,0,0.5903513,0.51505053,0.29027614,0.46747532,0.12808633,0.63076943,0.5762682,Data Collection|Data Retention|Third-Party Sharing|User Control & Deletion
58_esquire.com,35,Other/Unclear|Third-Party Sharing|User Control & Deletion,0,0.5345308,0.29860663,0.13891944,0.47025678,0.16960791,0.44983935,0.76643133,Data Collection|User Control & Deletion
58_esquire.com,36,Other/Unclear|User Control & Deletion,0,0.35360804,0.24466683,0.1803062,0.5780922,0.2610719,0.44152623,0.7425038,Other/Unclear|User Control & Deletion
58_esquire.com,37,User Control & Deletion,0,0.53215027,0.35240573,0.14576285,0.45505634,0.19219579,0.3639144,0.82969743,Data Collection|User Control & Deletion
58_esquire.com,38,Other/Unclear|User Control & Deletion,0,0.5802171,0.33009115,0.12726186,0.44085914,0.1642,0.41663262,0.8161079,Data Collection|User Control & Deletion
58_esquire.com,39,Other/Unclear|Third-Party Sharing|User Control & Deletion,0,0.5029462,0.3098845,0.1487035,0.49735305,0.15316443,0.50857776,0.7544553,Data Collection|Third-Party Sharing|User Control & Deletion
58_esquire.com,40,Other/Unclear,0,0.47373775,0.48978326,0.16595852,0.49584684,0.33898532,0.4623243,0.8030261,User Control & Deletion
58_esquire.com,41,User Control & Deletion,0,0.5663918,0.23363292,0.118485786,0.44219747,0.18792003,0.34326008,0.7364202,Data Collection|User Control & Deletion
58_esquire.com,42,Data Collection|Other/Unclear|Third-Party Sharing|User Control & Deletion,0,0.58794147,0.41549072,0.3296113,0.4706438,0.09973837,0.71568435,0.42772317,Data Collection|Third-Party Sharing
58_esquire.com,43,Data Security,0,0.3959261,0.44210368,0.8934638,0.53711313,0.23954573,0.4820535,0.23974898,Data Security|Other/Unclear
58_esquire.com,44,Other/Unclear|User Control & Deletion,0,0.3497674,0.60495895,0.22308818,0.57728815,0.55041975,0.2947727,0.8264071,Data Retention|Other/Unclear|Policy Change|User Control & Deletion
58_esquire.com,45,Other/Unclear,0,0.39561254,0.31820646,0.23445772,0.5549146,0.17890254,0.48549607,0.64060456,Other/Unclear|User Control & Deletion
58_esquire.com,46,Other/Unclear|Policy Change,0,0.2861216,0.41536373,0.3534153,0.6114239,0.9302587,0.30921584,0.5129988,Other/Unclear|Policy Change|User Control & Deletion
591_google.com,0,Other/Unclear|User Control & Deletion,1,0.34848768,0.39204466,0.81031615,0.65368515,0.38074392,0.36809984,0.28695372,Data Security|Other/Unclear
591_google.com,1,Other/Unclear|Policy Change,1,0.24135995,0.34850162,0.3530878,0.6716578,0.8942603,0.25253338,0.47202417,Other/Unclear|Policy Change
591_google.com,2,Data Collection|Other/Unclear,1,0.66786104,0.21602196,0.34358042,0.4437709,0.091368146,0.5573506,0.24743965,Data Collection|Third-Party Sharing
591_google.com,3,Other/Unclear,1,0.42329952,0.18836357,0.45844558,0.6137223,0.24482462,0.4328553,0.21144836,Other/Unclear
591_google.com,4,Data Collection|Other/Unclear,1,0.33146602,0.27344334,0.326292,0.6460327,0.32461044,0.29590067,0.5146869,Other/Unclear|User Control & Deletion
591_google.com,5,Data Collection,1,0.7468271,0.20265096,0.27739075,0.3326416,0.08958383,0.59666795,0.20434847,Data Collection|Third-Party Sharing
591_google.com,6,Data Collection,1,0.7706375,0.26815963,0.18874013,0.3327118,0.07545727,0.6085981,0.40570825,Data Collection|Third-Party Sharing
591_google.com,7,Data Collection,1,0.73027796,0.16534203,0.17798164,0.3590399,0.08716843,0.5904788,0.27666336,Data Collection|Third-Party Sharing
591_google.com,8,Data Collection|Other/Unclear,1,0.7444276,0.18481079,0.21438116,0.33705637,0.084765546,0.5985028,0.2496097,Data Collection|Third-Party Sharing
591_google.com,9,Data Collection,1,0.7646677,0.27036843,0.2114655,0.33965904,0.07684708,0.5595255,0.3632118,Data Collection|Third-Party Sharing
591_google.com,10,Data Collection,1,0.7269761,0.22329354,0.39045167,0.3740866,0.091781184,0.5979438,0.18148386,Data Collection|Third-Party Sharing
591_google.com,11,Data Collection,1,0.74572515,0.36394334,0.22961308,0.35170013,0.07725226,0.5932388,0.432304,Data Collection|Third-Party Sharing
591_google.com,12,Data Collection|Other/Unclear,1,0.71889764,0.27432817,0.4090123,0.36454636,0.0871239,0.59383416,0.20891406,Data Collection|Third-Party Sharing
591_google.com,13,Data Collection|Other/Unclear|Third-Party Sharing,1,0.7536802,0.194219,0.2662229,0.33941364,0.08964253,0.6502545,0.19936603,Data Collection|Third-Party Sharing
591_google.com,14,Data Collection|Other/Unclear|User Control & Deletion,1,0.39413112,0.48530838,0.16812429,0.5929092,0.3096321,0.34724215,0.73560554,Other/Unclear|User Control & Deletion
591_google.com,15,Data Collection,1,0.57751274,0.3205271,0.68126845,0.44341254,0.13275047,0.5489809,0.17117241,Data Collection|Data Security|Third-Party Sharing
591_google.com,16,Data Collection|Third-Party Sharing,1,0.75460166,0.38290676,0.16559127,0.34640047,0.11817025,0.59609526,0.48825014,Data Collection|Third-Party Sharing
591_google.com,17,Data Collection|Third-Party Sharing,1,0.6794811,0.2338594,0.13085996,0.40203014,0.10094966,0.5225566,0.5922829,Data Collection|Third-Party Sharing|User Control & Deletion
591_google.com,18,Data Collection,1,0.6494781,0.5067314,0.20761542,0.42805755,0.20591807,0.47606185,0.55991024,Data Collection|Data Retention|User Control & Deletion
591_google.com,19,Data Collection|Other/Unclear,1,0.7333667,0.29097417,0.23110208,0.4087853,0.08305879,0.57457906,0.41265282,Data Collection|Third-Party Sharing
591_google.com,20,Data Collection,1,0.6968708,0.22171809,0.47926456,0.3736452,0.09729148,0.5746175,0.16196223,Data Collection|Third-Party Sharing
591_google.com,21,Data Collection|Other/Unclear|User Control & Deletion,1,0.7217882,0.21472947,0.19278722,0.3723487,0.08831446,0.6305777,0.34356898,Data Collection|Third-Party Sharing
591_google.com,22,User Control & Deletion,1,0.27576014,0.22149567,0.3232602,0.6813131,0.38407224,0.39684424,0.37823465,Other/Unclear
591_google.com,23,Data Collection|Other/Unclear,1,0.7194069,0.20227477,0.29418245,0.3539193,0.07714892,0.61031514,0.2144937,Data Collection|Third-Party Sharing
591_google.com,24,Other/Unclear|User Control & Deletion,1,0.6295972,0.2459498,0.12985069,0.423688,0.15751246,0.40711033,0.71439224,Data Collection|User Control & Deletion
591_google.com,25,User Control & Deletion,1,0.5979771,0.59738433,0.22336511,0.46372885,0.1949896,0.39943546,0.8136223,Data Collection|Data Retention|User Control & Deletion
591_google.com,26,Other/Unclear|Third-Party Sharing,1,0.66030777,0.31992376,0.13592695,0.43452242,0.11561372,0.53372264,0.60370696,Data Collection|Third-Party Sharing|User Control & Deletion
591_google.com,27,Data Retention|Data Security|Other/Unclear|User Control & Deletion,1,0.52856934,0.8176915,0.46980128,0.4842365,0.27849597,0.45116818,0.624765,Data Collection|Data Retention|User Control & Deletion
591_google.com,28,Other/Unclear|User Control & Deletion,1,0.5550748,0.41082177,0.63209534,0.4833924,0.13165557,0.55913395,0.26488307,Data Collection|Data Security|Third-Party Sharing
591_google.com,29,Data Retention|Other/Unclear|User Control & Deletion,1,0.44996622,0.7896146,0.7132932,0.5131321,0.35552344,0.43104434,0.50203735,Data Retention|Data Security|Other/Unclear|User Control & Deletion
591_google.com,30,Other/Unclear|Third-Party Sharing,1,0.55757385,0.1610724,0.2634603,0.47546026,0.11338796,0.63049114,0.24527809,Data Collection|Third-Party Sharing
591_google.com,31,Third-Party Sharing|User Control & Deletion,1,0.52919465,0.16093129,0.22353727,0.5109624,0.10334946,0.58648115,0.36568698,Data Collection|Other/Unclear|Third-Party Sharing
591_google.com,32,Third-Party Sharing,1,0.4391635,0.7681788,0.2982798,0.53803426,0.32525373,0.39902282,0.7831655,Data Retention|Other/Unclear|User Control & Deletion
591_google.com,33,Data Security|Third-Party Sharing,1,0.44922295,0.3817552,0.8492319,0.5074052,0.2026182,0.5207,0.19399053,Data Security|Other/Unclear|Third-Party Sharing
591_google.com,34,Third-Party Sharing,1,0.52799785,0.24653767,0.6283473,0.44930822,0.121177875,0.610117,0.15330884,Data Collection|Data Security|Third-Party Sharing
591_google.com,35,Third-Party Sharing,1,0.68373907,0.16425312,0.21710245,0.36892426,0.104151174,0.65825427,0.21980523,Data Collection|Third-Party Sharing
591_google.com,36,Policy Change|Third-Party Sharing,1,0.3352577,0.5636497,0.7904259,0.6038984,0.4219165,0.5361597,0.2874654,Data Retention|Data Security|Other/Unclear|Third-Party Sharing
591_google.com,37,Data Security,1,0.4194439,0.45814192,0.8934117,0.5304473,0.22250322,0.49429876,0.21351148,Data Security|Other/Unclear
591_google.com,38,Other/Unclear,1,0.22767928,0.21768242,0.37885806,0.7216762,0.60675126,0.3929155,0.360383,Other/Unclear|Policy Change
591_google.com,39,Other/Unclear,1,0.3608737,0.18926762,0.41515136,0.64970934,0.21047671,0.514377,0.2522036,Other/Unclear|Third-Party Sharing
591_google.com,40,Data Security|Other/Unclear,1,0.41192302,0.4545729,0.80567604,0.58618456,0.32092887,0.5175977,0.2181888,Data Security|Other/Unclear|Third-Party Sharing
591_google.com,41,Other/Unclear|Policy Change,1,0.260156,0.40916702,0.36238378,0.65397716,0.9251247,0.2967174,0.49325034,Other/Unclear|Policy Change
591_google.com,42,Other/Unclear,1,0.3077871,0.15151463,0.35486683,0.68141836,0.28347355,0.41421846,0.3072688,Other/Unclear
591_google.com,43,Other/Unclear,1,0.37464064,0.15470153,0.26995355,0.642318,0.26574418,0.32834095,0.42274535,Other/Unclear
591_google.com,44,Other/Unclear,1,0.51927173,0.17091851,0.5327641,0.51686186,0.14308506,0.52066463,0.17014053,Data Collection|Data Security|Other/Unclear|Third-Party Sharing
59_liquor.com,0,Other/Unclear,4,0.3152425,0.20500895,0.550298,0.6741816,0.30853918,0.46843204,0.18765096,Data Security|Other/Unclear
59_liquor.com,1,Data Collection|Third-Party Sharing,4,0.63545763,0.4852902,0.3928528,0.42889053,0.103059,0.76966417,0.30240703,Data Collection|Third-Party Sharing
59_liquor.com,2,Data Collection|Third-Party Sharing,4,0.758054,0.3568564,0.18717916,0.36451164,0.08824326,0.6898988,0.33599064,Data Collection|Third-Party Sharing
59_liquor.com,3,Data Collection,4,0.7892479,0.29107198,0.21868479,0.33362234,0.09056219,0.64670795,0.22117676,Data Collection|Third-Party Sharing
59_liquor.com,4,User Control & Deletion,4,0.5138388,0.52511525,0.15446697,0.4653678,0.28887618,0.28414944,0.8332507,Data Collection|Data Retention|User Control & Deletion
59_liquor.com,5,User Control & Deletion,4,0.3957299,0.56774884,0.18643895,0.5221902,0.28449085,0.31054366,0.8692242,Data Retention|Other/Unclear|User Control & Deletion
59_liquor.com,6,Third-Party Sharing,4,0.72379893,0.22821273,0.23687795,0.3787987,0.084742785,0.65741813,0.22012798,Data Collection|Third-Party Sharing
59_liquor.com,7,Data Collection|Other/Unclear|Third-Party Sharing,4,0.6687645,0.40503317,0.23637344,0.39487493,0.06613478,0.5859365,0.55071265,Data Collection|Third-Party Sharing|User Control & Deletion
59_liquor.com,8,Data Collection,4,0.775749,0.27765605,0.21504782,0.34972706,0.08459424,0.58264124,0.22686549,Data Collection|Third-Party Sharing
59_liquor.com,9,Other/Unclear,4,0.36326715,0.23738246,0.27084106,0.6212036,0.20338027,0.41838318,0.513101,Other/Unclear|User Control & Deletion
59_liquor.com,10,Other/Unclear|Third-Party Sharing,4,0.41308784,0.19447371,0.24512385,0.6312438,0.15139438,0.54256684,0.36759928,Other/Unclear|Third-Party Sharing
59_liquor.com,11,Data Security,4,0.40789393,0.41561678,0.860976,0.51907176,0.22042684,0.46055037,0.23190545,Data Security|Other/Unclear
59_liquor.com,12,Other/Unclear|Policy Change,4,0.27823308,0.40282246,0.38352492,0.6298844,0.92087775,0.339645,0.49721524,Other/Unclear|Policy Change
627_dairyqueen.com,0,Other/Unclear|Policy Change|User Control & Deletion,4,0.22499403,0.37595093,0.33245358,0.65018374,0.90039235,0.32356897,0.5314402,Other/Unclear|Policy Change|User Control & Deletion
627_dairyqueen.com,1,Data Collection|Other/Unclear,4,0.7519794,0.20165439,0.23291197,0.3965069,0.13999201,0.5190705,0.19571362,Data Collection|Third-Party Sharing
627_dairyqueen.com,2,Data Collection|User Control & Deletion,4,0.71299815,0.31039706,0.12166799,0.3893678,0.08959991,0.48764762,0.56262964,Data Collection|User Control & Deletion
627_dairyqueen.com,3,Other/Unclear|Third-Party Sharing,4,0.31072178,0.36106735,0.5845387,0.65087104,0.25053796,0.587006,0.30520746,Data Security|Other/Unclear|Third-Party Sharing
627_dairyqueen.com,4,Data Collection|Other/Unclear|Third-Party Sharing|User Control & Deletion,4,0.75951356,0.40038133,0.3192965,0.34744528,0.08496862,0.72589624,0.24185185,Data Collection|Third-Party Sharing
627_dairyqueen.com,5,Other/Unclear|Third-Party Sharing,4,0.4299811,0.15536365,0.2448512,0.61050904,0.17931826,0.5760577,0.28843552,Other/Unclear|Third-Party Sharing
627_dairyqueen.com,6,Other/Unclear|Third-Party Sharing,4,0.70248526,0.31098032,0.30896404,0.3638522,0.10693685,0.68597126,0.2647776,Data Collection|Third-Party Sharing
627_dairyqueen.com,7,Third-Party Sharing,4,0.66987354,0.25296584,0.34355617,0.3448133,0.11466526,0.71346164,0.17748114,Data Collection|Third-Party Sharing
627_dairyqueen.com,8,Other/Unclear|Third-Party Sharing,4,0.686611,0.3192378,0.409056,0.35297707,0.098192684,0.720891,0.17511988,Data Collection|Third-Party Sharing
627_dairyqueen.com,9,Data Collection|Third-Party Sharing,4,0.7266872,0.18673262,0.19296864,0.37874717,0.14465839,0.45515653,0.23541789,Data Collection
627_dairyqueen.com,10,Other/Unclear|Third-Party Sharing,4,0.6301324,0.17351557,0.32597584,0.49658555,0.124894366,0.5086938,0.21422288,Data Collection|Third-Party Sharing
627_dairyqueen.com,11,Third-Party Sharing,4,0.5185548,0.2574409,0.27449852,0.44282553,0.22379036,0.7283725,0.27884248,Data Collection|Third-Party Sharing
627_dairyqueen.com,12,Third-Party Sharing,4,0.5559827,0.2604306,0.4036368,0.42667755,0.17655253,0.51300794,0.26965117,Data Collection|Third-Party Sharing
627_dairyqueen.com,13,Third-Party Sharing,4,0.71203053,0.24130896,0.28776097,0.36558563,0.10172538,0.68791586,0.17540362,Data Collection|Third-Party Sharing
627_dairyqueen.com,14,Data Collection|Third-Party Sharing,4,0.7286827,0.22164623,0.15206417,0.3636642,0.11693019,0.53938156,0.30551717,Data Collection|Third-Party Sharing
627_dairyqueen.com,15,Other/Unclear,4,0.2957419,0.25609118,0.4898971,0.6581581,0.27452505,0.4931149,0.3132617,Other/Unclear
627_dairyqueen.com,16,Other/Unclear|Third-Party Sharing,4,0.39214224,0.21881506,0.45057458,0.64511746,0.17407398,0.5657239,0.21706763,Other/Unclear|Third-Party Sharing
627_dairyqueen.com,17,Other/Unclear,4,0.3350952,0.19623123,0.4056749,0.64199,0.21435027,0.5532271,0.31296274,Other/Unclear|Third-Party Sharing
627_dairyqueen.com,18,Other/Unclear,4,0.38850507,0.18389226,0.35845822,0.6506856,0.23461068,0.48324588,0.2204801,Other/Unclear
627_dairyqueen.com,19,Data Collection|Other/Unclear,4,0.2358575,0.20368414,0.35528678,0.71273625,0.43286467,0.4114236,0.43604565,Other/Unclear
627_dairyqueen.com,20,Data Security,4,0.39787912,0.41448262,0.89063144,0.5121054,0.25055492,0.47715342,0.21124138,Data Security|Other/Unclear
627_dairyqueen.com,21,Other/Unclear,4,0.2533008,0.19112654,0.41687664,0.7137883,0.4639528,0.28115618,0.32036236,Other/Unclear
635_playstation.com,0,Other/Unclear,4,0.27474102,0.34673116,0.4045079,0.64512366,0.8895923,0.2866556,0.41022584,Other/Unclear|Policy Change
635_playstation.com,1,Other/Unclear,4,0.23125197,0.22379203,0.51658255,0.7203483,0.43052864,0.39121208,0.2849693,Data Security|Other/Unclear
635_playstation.com,2,Data Security|Other/Unclear,4,0.309091,0.3806849,0.82846916,0.63344365,0.5009464,0.4136782,0.23496148,Data Security|Other/Unclear|Policy Change
635_playstation.com,3,Data Security|Other/Unclear,4,0.3914346,0.28614554,0.7491214,0.5890831,0.22664426,0.5533136,0.15580879,Data Security|Other/Unclear|Third-Party Sharing
635_playstation.com,4,Data Security|Other/Unclear,4,0.4376837,0.4522435,0.49761283,0.5603989,0.15546788,0.48679426,0.43515232,Other/Unclear
635_playstation.com,5,Data Collection|Other/Unclear|User Control & Deletion,4,0.25371122,0.25074607,0.23817983,0.679407,0.6290135,0.37512746,0.5627342,Other/Unclear|Policy Change|User Control & Deletion
635_playstation.com,6,Data Collection|Other/Unclear,4,0.3264641,0.18910484,0.33067,0.66627216,0.22440833,0.47063023,0.427039,Other/Unclear
635_playstation.com,7,Other/Unclear,4,0.39915743,0.2040644,0.34981978,0.6022137,0.15895161,0.63034207,0.26397383,Other/Unclear|Third-Party Sharing
635_playstation.com,8,Data Collection,4,0.7068373,0.2900579,0.21911053,0.40030074,0.085565194,0.64218515,0.36971363,Data Collection|Third-Party Sharing
635_playstation.com,9,Data Collection,4,0.7428017,0.23982693,0.23088586,0.39641577,0.092329204,0.5321665,0.22948693,Data Collection|Third-Party Sharing
635_playstation.com,10,Data Collection|Data Security|Other/Unclear,4,0.3842135,0.29430526,0.5224836,0.6572841,0.13397035,0.4846531,0.3328399,Data Security|Other/Unclear
635_playstation.com,11,Other/Unclear,4,0.58207965,0.21404022,0.20968772,0.45986485,0.12349526,0.5138831,0.42167923,Data Collection|Third-Party Sharing
635_playstation.com,12,Data Collection,4,0.7608119,0.27865878,0.2919392,0.35472932,0.10038407,0.5861687,0.18885882,Data Collection|Third-Party Sharing
635_playstation.com,13,Data Collection,4,0.7489263,0.39401102,0.17039262,0.37147787,0.08434918,0.4774133,0.5546114,Data Collection|User Control & Deletion
635_playstation.com,14,Data Collection,4,0.78684974,0.27745858,0.22570924,0.3477888,0.08642188,0.6112388,0.21766195,Data Collection|Third-Party Sharing
635_playstation.com,15,Data Collection,4,0.810865,0.33181217,0.22207345,0.3429431,0.089002006,0.6058953,0.2586826,Data Collection|Third-Party Sharing
635_playstation.com,16,Data Collection|Third-Party Sharing,4,0.7385055,0.3034534,0.4145436,0.3783072,0.1002574,0.6542182,0.16246568,Data Collection|Third-Party Sharing
635_playstation.com,17,Data Collection|Third-Party Sharing,4,0.68373597,0.22115017,0.3463479,0.42764765,0.11048886,0.6121198,0.17841212,Data Collection|Third-Party Sharing
635_playstation.com,18,Data Collection|Data Retention|Third-Party Sharing|User Control & Deletion,4,0.6537911,0.33533454,0.13589409,0.40201882,0.11817473,0.45339552,0.73946804,Data Collection|User Control & Deletion
635_playstation.com,19,Data Collection|Other/Unclear,4,0.68741536,0.2152303,0.2737812,0.42869392,0.0979227,0.6186974,0.24123746,Data Collection|Third-Party Sharing
635_playstation.com,20,Data Collection,4,0.74947125,0.27896276,0.21675512,0.38563782,0.09194145,0.64781004,0.30111107,Data Collection|Third-Party Sharing
635_playstation.com,21,Data Collection,4,0.7479184,0.25913563,0.20033273,0.3909385,0.10156613,0.5680623,0.26105672,Data Collection|Third-Party Sharing
635_playstation.com,22,Data Collection|Data Retention,4,0.44649404,0.7290018,0.562239,0.54279256,0.32871047,0.51808655,0.4790199,Data Retention|Data Security|Other/Unclear|Third-Party Sharing
635_playstation.com,23,Data Collection,4,0.7294418,0.18613222,0.20783155,0.38802066,0.12550029,0.5638567,0.20099789,Data Collection|Third-Party Sharing
635_playstation.com,24,Data Collection|Data Retention|Other/Unclear,4,0.55990267,0.42503774,0.66454566,0.4505825,0.12231076,0.745528,0.20075186,Data Collection|Data Security|Third-Party Sharing
635_playstation.com,25,Data Collection,4,0.7266983,0.22040392,0.22512503,0.37685895,0.10687092,0.6256832,0.20486417,Data Collection|Third-Party Sharing
635_playstation.com,26,Third-Party Sharing,4,0.69594705,0.29754627,0.46029225,0.3633939,0.12829113,0.70590353,0.1631863,Data Collection|Third-Party Sharing
635_playstation.com,27,Third-Party Sharing,4,0.6623969,0.26297295,0.35568655,0.37716445,0.115501575,0.6902173,0.16380024,Data Collection|Third-Party Sharing
635_playstation.com,28,Third-Party Sharing,4,0.672965,0.22126898,0.28285846,0.3952094,0.12501886,0.6734109,0.17816158,Data Collection|Third-Party Sharing
635_playstation.com,29,Third-Party Sharing,4,0.7469431,0.32050833,0.23014036,0.35759372,0.08293005,0.715761,0.26242113,Data Collection|Third-Party Sharing
635_playstation.com,30,Data Security|Other/Unclear|User Control & Deletion,4,0.40628552,0.43706438,0.8330383,0.5158744,0.18538916,0.6626241,0.20964174,Data Security|Other/Unclear|Third-Party Sharing
635_playstation.com,31,Other/Unclear,4,0.25068796,0.250716,0.22508727,0.6672413,0.37327868,0.35032043,0.6474942,Other/Unclear|User Control & Deletion
635_playstation.com,32,Other/Unclear,4,0.44920218,0.19260134,0.3692479,0.578227,0.1549318,0.4744705,0.21278366,Other/Unclear
635_playstation.com,33,Other/Unclear,4,0.62731016,0.3052523,0.18963854,0.41917047,0.10316841,0.5735487,0.42413482,Data Collection|Third-Party Sharing
635_playstation.com,34,Data Security|Other/Unclear|User Control & Deletion,4,0.3957814,0.2520405,0.45649248,0.6365442,0.17225544,0.5231423,0.27757025,Other/Unclear|Third-Party Sharing
635_playstation.com,35,Data Collection|User Control & Deletion,4,0.6710308,0.44527817,0.14418247,0.3993022,0.105850264,0.41575363,0.7205156,Data Collection|User Control & Deletion
635_playstation.com,36,Other/Unclear|Third-Party Sharing,4,0.7195131,0.2662419,0.27162144,0.36633664,0.11016785,0.7220752,0.18891689,Data Collection|Third-Party Sharing
635_playstation.com,37,Data Security,4,0.3983939,0.465299,0.9075058,0.49553806,0.2783781,0.49774253,0.2339717,Data Security
635_playstation.com,38,Other/Unclear,4,0.3963745,0.34946394,0.7796816,0.5877506,0.1791336,0.58490753,0.17307913,Data Security|Other/Unclear|Third-Party Sharing
635_playstation.com,39,Other/Unclear|Third-Party Sharing,4,0.34270683,0.54806966,0.2871462,0.5706169,0.36807445,0.5763314,0.670971,Data Retention|Other/Unclear|Third-Party Sharing|User Control & Deletion
635_playstation.com,40,Data Retention,4,0.29475802,0.75661373,0.4377126,0.5826989,0.7570025,0.41656658,0.64071614,Data Retention|Other/Unclear|Policy Change|User Control & Deletion
635_playstation.com,41,Policy Change,4,0.2723125,0.42164114,0.3755767,0.6265416,0.9247928,0.32488117,0.5112988,Other/Unclear|Policy Change|User Control & Deletion
635_playstation.com,42,Other/Unclear,4,0.23541905,0.35978046,0.26358673,0.6874107,0.74881864,0.2514772,0.59018457,Other/Unclear|Policy Change|User Control & Deletion
635_playstation.com,43,Other/Unclear,4,0.28540978,0.18110332,0.44499502,0.6863666,0.31929234,0.38444534,0.28172228,Other/Unclear
640_gamestop.com,0,Data Collection|Other/Unclear,3,0.2107668,0.24140552,0.31535122,0.70810205,0.79233915,0.26224542,0.4067855,Other/Unclear|Policy Change
640_gamestop.com,1,Other/Unclear|User Control & Deletion,3,0.44886297,0.1656727,0.19771859,0.5657827,0.14860176,0.4161688,0.4078913,Other/Unclear
640_gamestop.com,2,Other/Unclear,3,0.3729257,0.22317939,0.5126597,0.65824825,0.2002369,0.511035,0.22000921,Data Security|Other/Unclear|Third-Party Sharing
640_gamestop.com,3,Data Collection|Data Retention,3,0.6537144,0.4021808,0.16073583,0.39547074,0.12831897,0.42399076,0.78590274,Data Collection|User Control & Deletion
640_gamestop.com,4,Data Collection,3,0.5273953,0.53336054,0.20966071,0.46602228,0.2091293,0.36740473,0.8517088,Data Collection|Data Retention|User Control & Deletion
640_gamestop.com,5,Data Collection|User Control & Deletion,3,0.6660377,0.33642507,0.13701592,0.39194077,0.11072469,0.36904225,0.7477571,Data Collection|User Control & Deletion
640_gamestop.com,6,Data Collection,3,0.78973144,0.27484995,0.15757614,0.30730686,0.09766694,0.593207,0.35373682,Data Collection|Third-Party Sharing
640_gamestop.com,7,Data Collection,3,0.77574855,0.29328263,0.24529299,0.3549337,0.08556665,0.559653,0.2727186,Data Collection|Third-Party Sharing
640_gamestop.com,8,Data Collection|Third-Party Sharing,3,0.7547332,0.2515714,0.2555892,0.34810904,0.09848894,0.61615103,0.21462435,Data Collection|Third-Party Sharing
640_gamestop.com,9,Other/Unclear|Third-Party Sharing,3,0.58106005,0.3699497,0.1499868,0.44289207,0.12795614,0.3927343,0.81101435,Data Collection|User Control & Deletion
640_gamestop.com,10,Data Collection|Third-Party Sharing,3,0.74976075,0.4403012,0.22999698,0.3813549,0.08060439,0.65985733,0.46226785,Data Collection|Third-Party Sharing
640_gamestop.com,11,Data Collection,3,0.7831024,0.32258573,0.14157802,0.31727985,0.10047189,0.5072924,0.51764417,Data Collection|Third-Party Sharing|User Control & Deletion
640_gamestop.com,12,Data Collection|Other/Unclear,3,0.6004003,0.7433596,0.39441484,0.44835868,0.23514664,0.56075466,0.6617159,Data Collection|Data Retention|Third-Party Sharing|User Control & Deletion
640_gamestop.com,13,Data Collection,3,0.7695729,0.33377433,0.25890124,0.34139308,0.0962374,0.70093346,0.25751156,Data Collection|Third-Party Sharing
640_gamestop.com,14,Data Collection|Other/Unclear,3,0.75123066,0.24273697,0.2308412,0.3763702,0.08704708,0.5076765,0.294921,Data Collection|Third-Party Sharing
640_gamestop.com,15,User Control & Deletion,3,0.5467173,0.40872863,0.20510487,0.45156974,0.17360865,0.29981667,0.8534884,Data Collection|User Control & Deletion
640_gamestop.com,16,Data Collection|Other/Unclear|Third-Party Sharing,3,0.7173895,0.28598604,0.14501569,0.39800128,0.08102005,0.47966182,0.59694415,Data Collection|User Control & Deletion
640_gamestop.com,17,Third-Party Sharing,3,0.7925454,0.2944652,0.16204557,0.331934,0.08131475,0.5497045,0.46283707,Data Collection|Third-Party Sharing
640_gamestop.com,18,Third-Party Sharing,3,0.69465166,0.25534678,0.25118336,0.34374446,0.10740232,0.72831935,0.21346718,Data Collection|Third-Party Sharing
640_gamestop.com,19,Data Security|Third-Party Sharing,3,0.6154147,0.33044815,0.46274075,0.4004547,0.11761357,0.7666719,0.191086,Data Collection|Third-Party Sharing
640_gamestop.com,20,Data Collection|User Control & Deletion,3,0.5989209,0.39071786,0.12971556,0.42207995,0.1519266,0.37930828,0.83469623,Data Collection|User Control & Deletion
640_gamestop.com,21,Data Collection|Third-Party Sharing,3,0.4664573,0.5636043,0.53029746,0.4967651,0.3336522,0.76427084,0.349722,Data Retention|Data Security|Third-Party Sharing
640_gamestop.com,22,Data Collection|Third-Party Sharing,3,0.4529035,0.5112891,0.7641305,0.47829786,0.20355272,0.70611036,0.23946239,Data Retention|Data Security|Third-Party Sharing
640_gamestop.com,23,Third-Party Sharing|User Control & Deletion,3,0.4960771,0.3791089,0.16850737,0.48608533,0.14135368,0.49382097,0.72942805,User Control & Deletion
640_gamestop.com,24,Other/Unclear|Third-Party Sharing,3,0.7139354,0.37230197,0.24980778,0.37182933,0.07112702,0.6576862,0.46285388,Data Collection|Third-Party Sharing
640_gamestop.com,25,Other/Unclear|Third-Party Sharing,3,0.7043313,0.24858646,0.32881686,0.39485267,0.071390554,0.59872305,0.22274919,Data Collection|Third-Party Sharing
640_gamestop.com,26,Data Collection|Third-Party Sharing,3,0.73454684,0.26487154,0.17283762,0.396393,0.09132496,0.55563986,0.3755859,Data Collection|Third-Party Sharing
640_gamestop.com,27,Third-Party Sharing,3,0.46519688,0.31901407,0.15704945,0.49529105,0.24690042,0.25764704,0.8095275,User Control & Deletion
640_gamestop.com,28,Third-Party Sharing,3,0.7276154,0.37096974,0.24636434,0.36547783,0.069385566,0.69111234,0.40071413,Data Collection|Third-Party Sharing
640_gamestop.com,29,Data Security|Other/Unclear,3,0.27149713,0.19050205,0.3439234,0.68933266,0.36911494,0.40199038,0.33494234,Other/Unclear
640_gamestop.com,30,Data Collection|Other/Unclear|Third-Party Sharing,3,0.6947869,0.2738358,0.20359151,0.41654214,0.07890797,0.6789485,0.33152437,Data Collection|Third-Party Sharing
640_gamestop.com,31,Data Security|Third-Party Sharing,3,0.47261974,0.47778234,0.8695943,0.50751257,0.19459477,0.48871925,0.2444573,Data Security|Other/Unclear
640_gamestop.com,32,Data Security|Other/Unclear,3,0.49661928,0.45664674,0.7806995,0.46604154,0.11634512,0.61505175,0.23889302,Data Security|Third-Party Sharing
640_gamestop.com,33,Other/Unclear|User Control & Deletion,3,0.51426226,0.32004914,0.14187647,0.46074352,0.23909086,0.2737279,0.8223718,Data Collection|User Control & Deletion
640_gamestop.com,34,Other/Unclear|User Control & Deletion,3,0.3525253,0.42242736,0.16566251,0.56552905,0.36010256,0.28782874,0.84161997,Other/Unclear|User Control & Deletion
640_gamestop.com,35,Data Retention|User Control & Deletion,3,0.47202578,0.5805641,0.2329902,0.48487103,0.26432884,0.348657,0.8660841,Data Retention|User Control & Deletion
640_gamestop.com,36,User Control & Deletion,3,0.48393255,0.39266142,0.15980771,0.4903369,0.22421487,0.29323998,0.8567678,User Control & Deletion
640_gamestop.com,37,Other/Unclear,3,0.4149034,0.25623986,0.31402576,0.6418038,0.19960932,0.37191823,0.5218237,Other/Unclear|User Control & Deletion
640_gamestop.com,38,Other/Unclear,3,0.30985224,0.40997866,0.58714783,0.6667388,0.2771051,0.4022973,0.33532944,Data Security|Other/Unclear
640_gamestop.com,39,Other/Unclear,3,0.35484776,0.15693276,0.26113778,0.6560317,0.32736263,0.2740582,0.4368271,Other/Unclear
640_gamestop.com,40,Other/Unclear,3,0.20049247,0.22327334,0.25958994,0.6930663,0.7480869,0.27988064,0.488598,Other/Unclear|Policy Change
640_gamestop.com,41,Policy Change,3,0.22148484,0.3504869,0.27597603,0.6310151,0.9131446,0.27812585,0.5930303,Other/Unclear|Policy Change|User Control & Deletion
641_cbsinteractive.com,0,Other/Unclear,2,0.3417797,0.3001706,0.6898923,0.6391962,0.45563108,0.38971388,0.21866448,Data Security|Other/Unclear
641_cbsinteractive.com,1,Other/Unclear|Policy Change,2,0.2196315,0.25300926,0.31810483,0.67679334,0.8673108,0.26107076,0.43481007,Other/Unclear|Policy Change
641_cbsinteractive.com,2,Other/Unclear,2,0.24528831,0.23262851,0.43315327,0.71202666,0.5926609,0.35116386,0.28343043,Other/Unclear|Policy Change
641_cbsinteractive.com,3,Data Collection,2,0.6954156,0.19055727,0.24289645,0.39542833,0.08923862,0.58847594,0.1971348,Data Collection|Third-Party Sharing
641_cbsinteractive.com,4,Data Collection,2,0.7075493,0.20281534,0.12813082,0.36856252,0.11635358,0.48428044,0.44316274,Data Collection
641_cbsinteractive.com,5,Third-Party Sharing,2,0.48784757,0.22493826,0.3465858,0.49472743,0.1375927,0.6485923,0.22519211,Third-Party Sharing
641_cbsinteractive.com,6,Data Collection|Third-Party Sharing|User Control & Deletion,2,0.47908798,0.38355458,0.14623086,0.45815334,0.25308642,0.30884945,0.8627037,User Control & Deletion
641_cbsinteractive.com,7,Data Security|Other/Unclear,2,0.29161346,0.4148942,0.86244816,0.62358403,0.44280773,0.38111216,0.2542069,Data Security|Other/Unclear
641_cbsinteractive.com,8,Other/Unclear,2,0.30836132,0.21214138,0.16750053,0.6261942,0.38811854,0.26742584,0.6271637,Other/Unclear|User Control & Deletion
641_cbsinteractive.com,9,Other/Unclear,2,0.27790132,0.22823516,0.35637304,0.6761497,0.43490636,0.29843926,0.37479892,Other/Unclear
641_cbsinteractive.com,10,Other/Unclear,2,0.36606488,0.2873019,0.20433971,0.62812895,0.20484245,0.40603074,0.61126477,Other/Unclear|User Control & Deletion
652_randomhouse.com,0,Other/Unclear,2,0.23524962,0.2725329,0.3152727,0.664465,0.848195,0.26039362,0.41493607,Other/Unclear|Policy Change
652_randomhouse.com,1,Other/Unclear|Policy Change|User Control & Deletion,2,0.22251861,0.33909962,0.3046037,0.655545,0.8985815,0.28401184,0.50478125,Other/Unclear|Policy Change|User Control & Deletion
652_randomhouse.com,2,Other/Unclear,2,0.21535142,0.33577275,0.25351843,0.6699088,0.8155015,0.25279862,0.5885193,Other/Unclear|Policy Change|User Control & Deletion
652_randomhouse.com,3,Data Collection,2,0.7229412,0.21194349,0.2391778,0.36104184,0.09275236,0.6268236,0.20024122,Data Collection|Third-Party Sharing
652_randomhouse.com,4,Data Collection,2,0.73270607,0.19918196,0.1607189,0.34649828,0.08032071,0.60314405,0.32040977,Data Collection|Third-Party Sharing
652_randomhouse.com,5,Data Collection|Third-Party Sharing,2,0.71467745,0.23116222,0.28051364,0.3699279,0.06984356,0.65734434,0.19354564,Data Collection|Third-Party Sharing
652_randomhouse.com,6,Data Collection,2,0.74753034,0.23589927,0.24829218,0.3548151,0.08111187,0.611894,0.1993223,Data Collection|Third-Party Sharing
652_randomhouse.com,7,Data Collection,2,0.7491131,0.25501972,0.13876373,0.34343812,0.08565039,0.52463305,0.4305124,Data Collection|Third-Party Sharing
652_randomhouse.com,8,Data Collection|User Control & Deletion,2,0.5604027,0.7667445,0.3480971,0.41004914,0.17000656,0.50272346,0.72623265,Data Collection|Data Retention|Third-Party Sharing|User Control & Deletion
652_randomhouse.com,9,Data Collection,2,0.5787155,0.44188446,0.20290773,0.425428,0.112497486,0.39196312,0.7998473,Data Collection|User Control & Deletion
652_randomhouse.com,10,Data Collection|Other/Unclear|User Control & Deletion,2,0.5495171,0.36521307,0.16892584,0.48168954,0.13991913,0.36424562,0.7981199,Data Collection|User Control & Deletion
652_randomhouse.com,11,Data Collection,2,0.7444705,0.2422853,0.24504513,0.36497626,0.069670714,0.5868159,0.28343612,Data Collection|Third-Party Sharing
652_randomhouse.com,12,Data Collection|Data Security|Other/Unclear|Third-Party Sharing,2,0.5656353,0.29900473,0.31538296,0.49861085,0.06491797,0.6669407,0.38995218,Data Collection|Third-Party Sharing
652_randomhouse.com,13,Data Collection|Other/Unclear,2,0.53632075,0.30307347,0.29593956,0.50893146,0.0772569,0.61758405,0.38998547,Data Collection|Other/Unclear|Third-Party Sharing
652_randomhouse.com,14,Data Collection,2,0.760129,0.24036787,0.18082991,0.3269821,0.09551524,0.62858284,0.24977079,Data Collection|Third-Party Sharing
652_randomhouse.com,15,Data Collection,2,0.73052686,0.20360911,0.20248432,0.37635836,0.12289157,0.56211126,0.23526698,Data Collection|Third-Party Sharing
652_randomhouse.com,16,Data Collection,2,0.5675368,0.42845017,0.22795635,0.43720725,0.24503112,0.47689262,0.49199516,Data Collection
652_randomhouse.com,17,Data Collection|Other/Unclear,2,0.7607917,0.3162079,0.22837643,0.31136048,0.10234584,0.6153798,0.27650496,Data Collection|Third-Party Sharing
652_randomhouse.com,18,Third-Party Sharing,2,0.45782888,0.3837289,0.49256665,0.5347176,0.13880691,0.7498249,0.2697271,Other/Unclear|Third-Party Sharing
652_randomhouse.com,19,Data Security|Third-Party Sharing,2,0.42593458,0.4969172,0.86721426,0.4919475,0.17663617,0.6178398,0.24224956,Data Security|Third-Party Sharing
652_randomhouse.com,20,Other/Unclear|Third-Party Sharing,2,0.3335926,0.33813286,0.2002012,0.59849983,0.23644593,0.52260435,0.61535424,Other/Unclear|Third-Party Sharing|User Control & Deletion
652_randomhouse.com,21,Other/Unclear|Third-Party Sharing,2,0.30377173,0.55464274,0.73329395,0.6444465,0.44518524,0.57435167,0.2990909,Data Retention|Data Security|Other/Unclear|Third-Party Sharing
652_randomhouse.com,22,Third-Party Sharing,2,0.68382317,0.19280784,0.22851641,0.37444964,0.098679475,0.6677359,0.1902323,Data Collection|Third-Party Sharing
652_randomhouse.com,23,Third-Party Sharing,2,0.524998,0.2667193,0.4665589,0.4381469,0.11995716,0.6924512,0.18732911,Data Collection|Third-Party Sharing
652_randomhouse.com,24,Other/Unclear|Third-Party Sharing,2,0.31806284,0.25892833,0.375566,0.6725263,0.23366976,0.55177104,0.29768834,Other/Unclear|Third-Party Sharing
652_randomhouse.com,25,Data Collection|Other/Unclear|User Control & Deletion,2,0.42589265,0.45700818,0.5319024,0.57075965,0.13893905,0.65409625,0.34444365,Data Security|Other/Unclear|Third-Party Sharing
652_randomhouse.com,26,Data Collection|Data Retention|User Control & Deletion,2,0.51556444,0.27835023,0.19767551,0.5193898,0.1036861,0.48621354,0.56514025,Data Collection|Other/Unclear|User Control & Deletion
652_randomhouse.com,27,Data Collection|Other/Unclear,2,0.30513158,0.23580016,0.44831833,0.7087413,0.30705366,0.40921587,0.2719233,Other/Unclear
652_randomhouse.com,28,Data Collection|Other/Unclear,2,0.7006179,0.19010995,0.21348172,0.4061145,0.086393364,0.62870413,0.2528793,Data Collection|Third-Party Sharing
652_randomhouse.com,29,Data Collection|Data Retention|Other/Unclear,2,0.490091,0.72586447,0.31208542,0.4681611,0.18633962,0.4039524,0.77381474,Data Retention|User Control & Deletion
652_randomhouse.com,30,Data Collection|Data Retention|Other/Unclear,2,0.51449615,0.6681267,0.57034826,0.44323477,0.12969969,0.5697179,0.52500135,Data Collection|Data Retention|Data Security|Third-Party Sharing|User Control & Deletion
652_randomhouse.com,31,Data Collection|Data Retention|Other/Unclear|User Control & Deletion,2,0.39775506,0.7883468,0.2894135,0.4977755,0.37780774,0.3517073,0.84591883,Data Retention|User Control & Deletion
652_randomhouse.com,32,Data Collection|Data Retention|Other/Unclear,2,0.5662652,0.37594256,0.1723526,0.45094612,0.1695848,0.5080484,0.6867831,Data Collection|Third-Party Sharing|User Control & Deletion
652_randomhouse.com,33,Data Collection|Other/Unclear,2,0.7040238,0.35361615,0.4371187,0.39922294,0.07430605,0.62899464,0.20928992,Data Collection|Third-Party Sharing
652_randomhouse.com,34,Other/Unclear|Third-Party Sharing,2,0.5813962,0.21313202,0.3569705,0.43533525,0.10668466,0.69000643,0.19924626,Data Collection|Third-Party Sharing
652_randomhouse.com,35,Other/Unclear|User Control & Deletion,2,0.28851247,0.43763548,0.19124192,0.64152426,0.41588035,0.2948736,0.76350546,Other/Unclear|User Control & Deletion
652_randomhouse.com,36,Data Security|Other/Unclear,2,0.37170002,0.42035905,0.8937771,0.5217096,0.2581789,0.43874905,0.24113871,Data Security|Other/Unclear
652_randomhouse.com,37,Other/Unclear|Third-Party Sharing,2,0.4439237,0.25415194,0.49413362,0.5831807,0.12392397,0.6589868,0.19033924,Other/Unclear|Third-Party Sharing
652_randomhouse.com,38,Other/Unclear|Third-Party Sharing,2,0.4631519,0.22721037,0.14462194,0.5577474,0.20354427,0.39245316,0.5928349,Other/Unclear|User Control & Deletion
652_randomhouse.com,39,Data Security|Other/Unclear,2,0.3174965,0.34589568,0.74616414,0.6627211,0.24548586,0.49458006,0.22018069,Data Security|Other/Unclear
652_randomhouse.com,40,Other/Unclear|Third-Party Sharing,2,0.31732082,0.5952723,0.5262616,0.5702648,0.57473606,0.6182204,0.44192445,Data Retention|Data Security|Other/Unclear|Policy Change|Third-Party Sharing
652_randomhouse.com,41,Other/Unclear,2,0.30506727,0.53380394,0.31022412,0.6115413,0.2887905,0.42662743,0.7188548,Data Retention|Other/Unclear|User Control & Deletion
652_randomhouse.com,42,Policy Change,2,0.27054974,0.4225438,0.3732418,0.61844903,0.93182486,0.29336837,0.4885951,Other/Unclear|Policy Change
652_randomhouse.com,43,Other/Unclear|User Control & Deletion,2,0.4354086,0.49745864,0.17725837,0.471888,0.29870784,0.29959804,0.8760616,User Control & Deletion
652_randomhouse.com,44,Other/Unclear|User Control & Deletion,2,0.30595237,0.19797876,0.24674135,0.672133,0.2358972,0.38351744,0.47872445,Other/Unclear
676_restaurantnews.com,0,Other/Unclear,0,0.37263292,0.19751254,0.38637316,0.6749372,0.30865192,0.33590743,0.29038033,Other/Unclear
676_restaurantnews.com,1,Other/Unclear,0,0.30646616,0.33207807,0.7037494,0.68665594,0.36151275,0.36603788,0.28623793,Data Security|Other/Unclear
676_restaurantnews.com,2,Third-Party Sharing,0,0.7001349,0.22912216,0.28177473,0.41532558,0.083702326,0.64893806,0.2254529,Data Collection|Third-Party Sharing
676_restaurantnews.com,3,Other/Unclear|User Control & Deletion,0,0.30149096,0.22597569,0.20333855,0.6287702,0.4029561,0.2820483,0.7503834,Other/Unclear|User Control & Deletion
676_restaurantnews.com,4,Other/Unclear|Third-Party Sharing,0,0.57524467,0.2829871,0.39905614,0.46868393,0.08013063,0.7010321,0.21334614,Data Collection|Third-Party Sharing
676_restaurantnews.com,5,Data Collection,0,0.70312613,0.41300833,0.33509585,0.41629502,0.08596309,0.63030326,0.26354855,Data Collection|Third-Party Sharing
676_restaurantnews.com,6,Other/Unclear,0,0.3009428,0.21863827,0.47037724,0.7103532,0.33656958,0.43176857,0.27524215,Other/Unclear
676_restaurantnews.com,7,Policy Change,0,0.26057014,0.38579735,0.3419585,0.60809314,0.913196,0.2846709,0.53229314,Other/Unclear|Policy Change|User Control & Deletion
676_restaurantnews.com,8,Other/Unclear,0,0.30540395,0.16627105,0.20381926,0.6332561,0.33133528,0.29074618,0.5855809,Other/Unclear|User Control & Deletion
676_restaurantnews.com,9,Other/Unclear,0,0.26740444,0.37870166,0.34641847,0.6414495,0.86720324,0.27742445,0.45173573,Other/Unclear|Policy Change
70_meredith.com,0,Other/Unclear,4,0.27987534,0.29658926,0.38240314,0.64807534,0.79431814,0.284278,0.41343078,Other/Unclear|Policy Change
70_meredith.com,1,Other/Unclear,4,0.27429712,0.3719823,0.35517213,0.6516818,0.8727887,0.30531457,0.47612065,Other/Unclear|Policy Change
70_meredith.com,2,Other/Unclear,4,0.2780122,0.19402565,0.28493974,0.68872815,0.63107574,0.29636776,0.39650938,Other/Unclear|Policy Change
70_meredith.com,3,Other/Unclear|User Control & Deletion,4,0.29995072,0.25993848,0.21199846,0.64337355,0.243594,0.40078273,0.66376585,Other/Unclear|User Control & Deletion
70_meredith.com,4,Other/Unclear,4,0.3010763,0.27311587,0.5254712,0.6893328,0.21200632,0.48374376,0.31900877,Data Security|Other/Unclear
70_meredith.com,5,Data Collection,4,0.7599775,0.26613605,0.24354665,0.35665578,0.083675236,0.61200756,0.21295433,Data Collection|Third-Party Sharing
70_meredith.com,6,Data Collection,4,0.79095083,0.2123147,0.16630606,0.3398734,0.11345936,0.52757365,0.24928987,Data Collection|Third-Party Sharing
70_meredith.com,7,Third-Party Sharing,4,0.587238,0.29545644,0.41353628,0.41419783,0.13409199,0.7533312,0.18227215,Data Collection|Third-Party Sharing
70_meredith.com,8,Other/Unclear|Third-Party Sharing|User Control & Deletion,4,0.4492116,0.44744608,0.15508683,0.49148023,0.23829843,0.30740002,0.8715174,User Control & Deletion
70_meredith.com,9,Data Security|Other/Unclear,4,0.2781081,0.39291596,0.8408874,0.6320626,0.49151632,0.40110514,0.27053377,Data Security|Other/Unclear
70_meredith.com,10,Other/Unclear,4,0.22586758,0.2570523,0.36847535,0.6818285,0.80504185,0.28572333,0.41277027,Other/Unclear|Policy Change
70_meredith.com,11,Other/Unclear,4,0.24544905,0.18275382,0.3717233,0.72260517,0.48690593,0.36055595,0.3277648,Other/Unclear
70_meredith.com,12,Other/Unclear,4,0.20007315,0.27906987,0.32136664,0.69862646,0.65696055,0.3215223,0.5579506,Other/Unclear|Policy Change|User Control & Deletion
70_meredith.com,13,Other/Unclear,4,0.24959737,0.41516754,0.34859708,0.6755215,0.8543416,0.30179974,0.49614382,Other/Unclear|Policy Change
70_meredith.com,14,Other/Unclear,4,0.22872135,0.181454,0.33183873,0.70332134,0.51554984,0.27915493,0.3870738,Other/Unclear|Policy Change
70_meredith.com,15,Other/Unclear,4,0.3819168,0.24611592,0.41404876,0.6476441,0.15327075,0.5027321,0.3230164,Other/Unclear|Third-Party Sharing
70_meredith.com,16,Data Collection|Other/Unclear|Third-Party Sharing,4,0.71704894,0.30892703,0.33086506,0.36255595,0.094610676,0.7526855,0.19643378,Data Collection|Third-Party Sharing
70_meredith.com,17,Data Collection|Other/Unclear|Third-Party Sharing|User Control & Deletion,4,0.8071176,0.40447384,0.1584717,0.3105658,0.0961877,0.5912177,0.4274936,Data Collection|Third-Party Sharing
70_meredith.com,18,Data Collection|Other/Unclear|Third-Party Sharing,4,0.5970529,0.42175746,0.3803713,0.46707374,0.13457736,0.7722338,0.28757423,Data Collection|Third-Party Sharing
70_meredith.com,19,Data Collection|Other/Unclear|Third-Party Sharing,4,0.70117867,0.2695833,0.27679154,0.35726467,0.0811822,0.67684007,0.24653506,Data Collection|Third-Party Sharing
70_meredith.com,20,Data Collection|Third-Party Sharing,4,0.6871248,0.17882827,0.15549578,0.40354735,0.12024785,0.44249192,0.33303973,Data Collection
70_meredith.com,21,Data Collection|Third-Party Sharing,4,0.7168123,0.18498491,0.17236724,0.37717515,0.12146433,0.48624232,0.25465238,Data Collection
70_meredith.com,22,Data Collection|Third-Party Sharing,4,0.7026913,0.19398105,0.14563556,0.39990392,0.13152665,0.39311734,0.37477848,Data Collection
70_meredith.com,23,Data Collection|Third-Party Sharing,4,0.6223997,0.17671429,0.15203293,0.431351,0.13820992,0.3654939,0.45058227,Data Collection
70_meredith.com,24,Data Collection|Third-Party Sharing,4,0.7442206,0.26508224,0.20567355,0.35687408,0.0959167,0.49371234,0.30520776,Data Collection
70_meredith.com,25,Data Collection|Third-Party Sharing,4,0.69259465,0.18147306,0.14492771,0.41071102,0.1184228,0.42752752,0.36691836,Data Collection
70_meredith.com,26,Data Collection|Third-Party Sharing,4,0.705517,0.21633138,0.23200314,0.3682988,0.11884305,0.5241355,0.23458616,Data Collection|Third-Party Sharing
70_meredith.com,27,Data Collection|Third-Party Sharing,4,0.6697796,0.1996847,0.1717092,0.42473,0.120691784,0.39175647,0.365318,Data Collection
70_meredith.com,28,Data Collection|Third-Party Sharing,4,0.67187256,0.23186678,0.23452672,0.39337134,0.13164075,0.44882363,0.3295562,Data Collection
70_meredith.com,29,Data Collection|Third-Party Sharing,4,0.6890775,0.1943063,0.25289196,0.40941727,0.10859156,0.4798057,0.22652352,Data Collection
70_meredith.com,30,Data Collection|Other/Unclear|Third-Party Sharing|User Control & Deletion,4,0.7344817,0.41437167,0.24053828,0.38453647,0.06517961,0.6190554,0.4568911,Data Collection|Third-Party Sharing
70_meredith.com,31,Other/Unclear,4,0.777139,0.2806855,0.22492282,0.38231352,0.07347902,0.55125993,0.2859751,Data Collection|Third-Party Sharing
70_meredith.com,32,Data Collection|Other/Unclear|User Control & Deletion,4,0.7738782,0.29013002,0.2827918,0.35520133,0.079595216,0.60702306,0.23689352,Data Collection|Third-Party Sharing
70_meredith.com,33,Other/Unclear|Third-Party Sharing,4,0.67658126,0.21697636,0.22291853,0.46204022,0.08263496,0.62541455,0.30395964,Data Collection|Third-Party Sharing
70_meredith.com,34,Other/Unclear|Third-Party Sharing|User Control & Deletion,4,0.630678,0.27725032,0.21561578,0.46533906,0.09739426,0.6505406,0.3853116,Data Collection|Third-Party Sharing
70_meredith.com,35,Data Collection|Other/Unclear,4,0.7577467,0.24906169,0.2431099,0.34313175,0.09909703,0.65277714,0.18844774,Data Collection|Third-Party Sharing
70_meredith.com,36,Data Collection,4,0.750271,0.31676888,0.39383867,0.3477423,0.09986007,0.67706794,0.16868134,Data Collection|Third-Party Sharing
70_meredith.com,37,Data Collection|Other/Unclear|Third-Party Sharing,4,0.7052118,0.24711175,0.3288256,0.39257637,0.09136702,0.665123,0.17325255,Data Collection|Third-Party Sharing
70_meredith.com,38,Data Collection|Third-Party Sharing,4,0.73894924,0.2330762,0.1486644,0.37020016,0.12876412,0.39889762,0.41094598,Data Collection
70_meredith.com,39,Data Collection|Third-Party Sharing,4,0.75623584,0.247542,0.2348638,0.33859605,0.1307885,0.5004396,0.24090993,Data Collection|Third-Party Sharing
70_meredith.com,40,Data Collection|Third-Party Sharing,4,0.5766619,0.3100202,0.14535207,0.45410264,0.15856393,0.2772317,0.6963542,Data Collection|User Control & Deletion
70_meredith.com,41,Data Collection|Third-Party Sharing,4,0.72892475,0.19394463,0.14183871,0.38058788,0.12904592,0.41073593,0.37493438,Data Collection
70_meredith.com,42,Data Collection|Third-Party Sharing,4,0.7422072,0.20725402,0.14412571,0.37244245,0.11370262,0.47423917,0.31929404,Data Collection
70_meredith.com,43,Data Collection|Third-Party Sharing,4,0.71506405,0.19046915,0.21357788,0.3755934,0.115980834,0.4999024,0.2436861,Data Collection
70_meredith.com,44,Data Collection|Third-Party Sharing,4,0.6659092,0.19153458,0.23433584,0.37209922,0.13080284,0.5563541,0.24042359,Data Collection|Third-Party Sharing
70_meredith.com,45,Data Collection|Third-Party Sharing,4,0.7456457,0.2249609,0.20033795,0.3248929,0.113304205,0.6054674,0.2563897,Data Collection|Third-Party Sharing
70_meredith.com,46,Data Collection|Third-Party Sharing,4,0.74035954,0.21074897,0.2102717,0.3712148,0.14991996,0.46940866,0.22336304,Data Collection
70_meredith.com,47,Data Collection|Third-Party Sharing,4,0.66818,0.22281158,0.25519082,0.34812227,0.17426997,0.5951979,0.24568628,Data Collection|Third-Party Sharing
70_meredith.com,48,Data Collection|Third-Party Sharing,4,0.65462846,0.18714912,0.16787507,0.4451109,0.13276517,0.34218177,0.41127872,Data Collection
70_meredith.com,49,Data Collection|Third-Party Sharing,4,0.4993612,0.26572815,0.4559842,0.4830607,0.19740747,0.484569,0.23896728,
70_meredith.com,50,Data Collection|Third-Party Sharing,4,0.62071025,0.31712848,0.35763627,0.40101644,0.096976146,0.65136194,0.20526087,Data Collection|Third-Party Sharing
70_meredith.com,51,Other/Unclear|Third-Party Sharing,4,0.64883935,0.25153464,0.21015291,0.43548888,0.1097088,0.73061687,0.2876049,Data Collection|Third-Party Sharing
70_meredith.com,52,Data Security|Other/Unclear|Third-Party Sharing,4,0.6742593,0.42698792,0.53803414,0.40753585,0.10337041,0.742229,0.20187677,Data Collection|Data Security|Third-Party Sharing
70_meredith.com,53,Third-Party Sharing|User Control & Deletion,4,0.4377117,0.46863157,0.2978842,0.5080892,0.27099708,0.7320942,0.57069445,Other/Unclear|Third-Party Sharing|User Control & Deletion
70_meredith.com,54,Third-Party Sharing|User Control & Deletion,4,0.69977814,0.26480973,0.15009956,0.37072408,0.0850914,0.59670484,0.46992898,Data Collection|Third-Party Sharing
70_meredith.com,55,Third-Party Sharing,4,0.53383994,0.32777584,0.5669681,0.4665288,0.13565181,0.77349025,0.19879846,Data Collection|Data Security|Third-Party Sharing
70_meredith.com,56,Data Collection|Other/Unclear|Third-Party Sharing,4,0.71139705,0.38145828,0.32438898,0.37050134,0.10340623,0.75424844,0.20483647,Data Collection|Third-Party Sharing
70_meredith.com,57,Other/Unclear|Third-Party Sharing,4,0.50968695,0.37215707,0.6238539,0.5190357,0.1204906,0.65590096,0.1872688,Data Collection|Data Security|Other/Unclear|Third-Party Sharing
70_meredith.com,58,Third-Party Sharing,4,0.5387054,0.49814156,0.5609333,0.44065824,0.22552069,0.80078506,0.26462778,Data Collection|Data Security|Third-Party Sharing
70_meredith.com,59,Third-Party Sharing|User Control & Deletion,4,0.33364245,0.3657394,0.17260078,0.5765447,0.31185955,0.28276864,0.83836824,Other/Unclear|User Control & Deletion
70_meredith.com,60,Data Collection|User Control & Deletion,4,0.41322917,0.48308796,0.1821035,0.5028141,0.22321507,0.29880458,0.87951356,Other/Unclear|User Control & Deletion
70_meredith.com,61,Other/Unclear|User Control & Deletion,4,0.33727568,0.37002856,0.18783003,0.53965455,0.28753528,0.34397405,0.85265833,Other/Unclear|User Control & Deletion
70_meredith.com,62,Other/Unclear|User Control & Deletion,4,0.32663107,0.28894994,0.1750153,0.55236465,0.34035337,0.32317346,0.82391906,Other/Unclear|User Control & Deletion
70_meredith.com,63,Other/Unclear|Third-Party Sharing,4,0.5039699,0.20633347,0.14166208,0.51001716,0.18357226,0.38181207,0.64434886,Data Collection|Other/Unclear|User Control & Deletion
70_meredith.com,64,Other/Unclear,4,0.21175966,0.33513027,0.41896594,0.6808872,0.7601874,0.32870182,0.50835484,Other/Unclear|Policy Change|User Control & Deletion
70_meredith.com,65,Other/Unclear,4,0.62350124,0.22352155,0.31139058,0.42678598,0.10823678,0.65555686,0.19229908,Data Collection|Third-Party Sharing
70_meredith.com,66,Other/Unclear|User Control & Deletion,4,0.43555722,0.4553654,0.16207486,0.52281076,0.25526416,0.25652465,0.82425,Other/Unclear|User Control & Deletion
70_meredith.com,67,Data Security|Other/Unclear,4,0.39604843,0.4515911,0.9001811,0.51391464,0.2582048,0.5046409,0.22471915,Data Security|Other/Unclear|Third-Party Sharing
70_meredith.com,68,Data Collection|Third-Party Sharing,4,0.4821273,0.3569929,0.32421955,0.5133328,0.1214512,0.67100465,0.37779772,Other/Unclear|Third-Party Sharing
70_meredith.com,69,Other/Unclear,4,0.2891785,0.26858658,0.21108904,0.6493414,0.26951557,0.41592374,0.67273206,Other/Unclear|User Control & Deletion
70_meredith.com,70,Policy Change,4,0.29387537,0.42381707,0.40361848,0.6306905,0.9221268,0.3272557,0.47770593,Other/Unclear|Policy Change
744_minecraft.gamepedia.com,0,Other/Unclear|Policy Change,0,0.22955532,0.35119703,0.54007435,0.70698065,0.6485092,0.34670597,0.42616248,Data Security|Other/Unclear|Policy Change
744_minecraft.gamepedia.com,1,Data Collection,0,0.63818645,0.37562475,0.22268258,0.42277905,0.085228495,0.52584076,0.5934414,Data Collection|Third-Party Sharing|User Control & Deletion
744_minecraft.gamepedia.com,2,Data Collection,0,0.7406154,0.25687996,0.15582715,0.3212673,0.11760238,0.5904824,0.3850024,Data Collection|Third-Party Sharing
744_minecraft.gamepedia.com,3,Data Collection|Third-Party Sharing,0,0.7147671,0.38556236,0.14453366,0.36073524,0.13263951,0.50342035,0.7105511,Data Collection|Third-Party Sharing|User Control & Deletion
744_minecraft.gamepedia.com,4,Data Collection,0,0.73750174,0.20552875,0.1841779,0.3647805,0.1013223,0.6190079,0.24247088,Data Collection|Third-Party Sharing
744_minecraft.gamepedia.com,5,Data Collection,0,0.7688096,0.4580407,0.19877149,0.32923353,0.11593298,0.6026825,0.4572831,Data Collection|Third-Party Sharing
744_minecraft.gamepedia.com,6,Data Collection|Third-Party Sharing,0,0.7515595,0.39436513,0.23325337,0.38383764,0.0747716,0.66513497,0.41900846,Data Collection|Third-Party Sharing
744_minecraft.gamepedia.com,7,Data Collection,0,0.7584834,0.4439905,0.23614497,0.35209894,0.12068303,0.5419594,0.39733288,Data Collection|Third-Party Sharing
744_minecraft.gamepedia.com,8,Data Collection|Other/Unclear,0,0.5221247,0.18820447,0.39813706,0.5706677,0.1229978,0.4831513,0.20498425,Data Collection|Other/Unclear
744_minecraft.gamepedia.com,9,Third-Party Sharing,0,0.6952333,0.22612758,0.24229798,0.35452136,0.10419087,0.7144323,0.1831809,Data Collection|Third-Party Sharing
744_minecraft.gamepedia.com,10,Third-Party Sharing,0,0.48316878,0.31314296,0.5926243,0.4783196,0.15834467,0.67079073,0.15944159,Data Security|Third-Party Sharing
744_minecraft.gamepedia.com,11,Third-Party Sharing,0,0.57147825,0.45076555,0.31003183,0.42850432,0.1995982,0.70757246,0.35753557,Data Collection|Third-Party Sharing
744_minecraft.gamepedia.com,12,Data Security|Third-Party Sharing,0,0.51621246,0.37998247,0.74461836,0.4531417,0.14250417,0.6753906,0.15816924,Data Collection|Data Security|Third-Party Sharing
744_minecraft.gamepedia.com,13,Other/Unclear|Third-Party Sharing|User Control & Deletion,0,0.51715755,0.40814245,0.23090026,0.49446082,0.16844165,0.6867601,0.58342785,Data Collection|Third-Party Sharing|User Control & Deletion
744_minecraft.gamepedia.com,14,Other/Unclear,0,0.2977019,0.21088651,0.46511957,0.6988725,0.2681822,0.50657225,0.2863789,Other/Unclear|Third-Party Sharing
744_minecraft.gamepedia.com,15,Other/Unclear,0,0.265327,0.2742573,0.23567796,0.6873503,0.5523519,0.31015873,0.6601478,Other/Unclear|Policy Change|User Control & Deletion
744_minecraft.gamepedia.com,16,Other/Unclear|Third-Party Sharing,0,0.6580341,0.3006292,0.13614677,0.4280519,0.118556485,0.46683502,0.636958,Data Collection|User Control & Deletion
744_minecraft.gamepedia.com,17,Third-Party Sharing|User Control & Deletion,0,0.6672529,0.16378595,0.16911055,0.42527074,0.09452595,0.6131851,0.34399945,Data Collection|Third-Party Sharing
744_minecraft.gamepedia.com,18,Data Retention|User Control & Deletion,0,0.44985345,0.7330879,0.24586152,0.5001659,0.46041325,0.35525626,0.8380056,Data Retention|Other/Unclear|User Control & Deletion
744_minecraft.gamepedia.com,19,User Control & Deletion,0,0.50560296,0.37701544,0.14725527,0.47997004,0.23468718,0.33838725,0.8606479,Data Collection|User Control & Deletion
744_minecraft.gamepedia.com,20,Other/Unclear,0,0.39083588,0.3939777,0.2717646,0.5314446,0.3030815,0.5495629,0.5989874,Other/Unclear|Third-Party Sharing|User Control & Deletion
744_minecraft.gamepedia.com,21,Other/Unclear,0,0.45074272,0.18023482,0.1720049,0.49992454,0.18956739,0.5075065,0.4604496,Third-Party Sharing
744_minecraft.gamepedia.com,22,Data Security,0,0.3902269,0.54698795,0.90186393,0.52723664,0.3000445,0.483896,0.2792659,Data Retention|Data Security|Other/Unclear
744_minecraft.gamepedia.com,23,Other/Unclear,0,0.3097306,0.34510761,0.80227727,0.6159498,0.3203334,0.43295828,0.25262332,Data Security|Other/Unclear
744_minecraft.gamepedia.com,24,Policy Change,0,0.26689854,0.37428623,0.3296032,0.62330854,0.9235547,0.28696096,0.5401407,Other/Unclear|Policy Change|User Control & Deletion
744_minecraft.gamepedia.com,25,Other/Unclear,0,0.2654976,0.18869603,0.28627822,0.70031977,0.41630664,0.2535537,0.48068863,Other/Unclear
745_eatchicken.com,0,Other/Unclear,0,0.32399487,0.20345639,0.3704617,0.6623081,0.41334715,0.3428324,0.26433328,Other/Unclear
745_eatchicken.com,1,Data Collection,0,0.715117,0.36854294,0.30602166,0.40601847,0.067253724,0.6016607,0.3048247,Data Collection|Third-Party Sharing
745_eatchicken.com,2,Other/Unclear,0,0.34518805,0.30050817,0.46625748,0.63156873,0.29043937,0.42492518,0.34788448,Other/Unclear
745_eatchicken.com,3,Other/Unclear,0,0.43707576,0.33424103,0.6629905,0.5398216,0.13549413,0.6314727,0.18218125,Data Security|Other/Unclear|Third-Party Sharing
746_kraftrecipes.com,0,Other/Unclear|Policy Change,0,0.29931137,0.25014275,0.45796075,0.70920926,0.3658389,0.3850941,0.311853,Other/Unclear
746_kraftrecipes.com,1,Data Collection,0,0.7734544,0.28544146,0.16415825,0.34953868,0.09015237,0.5963534,0.37774572,Data Collection|Third-Party Sharing
746_kraftrecipes.com,2,Data Collection,0,0.7081361,0.3640757,0.13726136,0.36555687,0.14583161,0.46985254,0.6893763,Data Collection|User Control & Deletion
746_kraftrecipes.com,3,Data Collection,0,0.7030759,0.1963836,0.17835954,0.38050663,0.09078485,0.60982084,0.29141533,Data Collection|Third-Party Sharing
746_kraftrecipes.com,4,Data Collection|User Control & Deletion,0,0.7041056,0.26687855,0.12789688,0.3742075,0.091151714,0.48316893,0.6342696,Data Collection|User Control & Deletion
746_kraftrecipes.com,5,Data Collection,0,0.6971864,0.28963283,0.15457606,0.36657116,0.102950536,0.56726927,0.5182453,Data Collection|Third-Party Sharing|User Control & Deletion
746_kraftrecipes.com,6,Data Collection|Other/Unclear|Third-Party Sharing,0,0.6788522,0.2609246,0.20315658,0.40919223,0.07298159,0.6414803,0.42443526,Data Collection|Third-Party Sharing
746_kraftrecipes.com,7,Data Collection,0,0.7742915,0.23199451,0.14610456,0.35239542,0.08227664,0.5862153,0.3436091,Data Collection|Third-Party Sharing
746_kraftrecipes.com,8,Data Collection|Other/Unclear|User Control & Deletion,0,0.5828166,0.28716138,0.12019723,0.43698978,0.18768074,0.35058773,0.7820643,Data Collection|User Control & Deletion
746_kraftrecipes.com,9,Data Collection,0,0.7176678,0.4228213,0.29466987,0.36347714,0.085850045,0.63233215,0.36125797,Data Collection|Third-Party Sharing
746_kraftrecipes.com,10,Data Collection|Data Retention|User Control & Deletion,0,0.66948944,0.5054183,0.16951483,0.40494284,0.12222002,0.48772123,0.7263405,Data Collection|Data Retention|User Control & Deletion
746_kraftrecipes.com,11,Data Collection,0,0.6079305,0.25341654,0.115171194,0.4383361,0.20488063,0.39139026,0.67763644,Data Collection|User Control & Deletion
746_kraftrecipes.com,12,Data Collection,0,0.696778,0.1638759,0.16352329,0.41249087,0.11115414,0.55741,0.26805863,Data Collection|Third-Party Sharing
746_kraftrecipes.com,13,Data Collection,0,0.7888249,0.25777465,0.17093393,0.34143293,0.0946777,0.583639,0.3086636,Data Collection|Third-Party Sharing
746_kraftrecipes.com,14,Third-Party Sharing,0,0.738791,0.24534963,0.21475859,0.35715044,0.079830006,0.6965243,0.2767433,Data Collection|Third-Party Sharing
746_kraftrecipes.com,15,Other/Unclear|User Control & Deletion,0,0.5330527,0.38803646,0.15605386,0.46732235,0.22960214,0.348943,0.85545814,Data Collection|User Control & Deletion
746_kraftrecipes.com,16,Data Collection,0,0.74217147,0.25159943,0.24815553,0.3535369,0.09756911,0.66707593,0.17844956,Data Collection|Third-Party Sharing
746_kraftrecipes.com,17,Data Collection|Other/Unclear,0,0.75666547,0.24136542,0.15900293,0.34962946,0.09649972,0.6505286,0.29288596,Data Collection|Third-Party Sharing
746_kraftrecipes.com,18,Other/Unclear|Third-Party Sharing,0,0.47303554,0.20343705,0.29409176,0.5460929,0.124270536,0.59696215,0.2867152,Other/Unclear|Third-Party Sharing
746_kraftrecipes.com,19,Data Security|Third-Party Sharing,0,0.56904155,0.4649254,0.6228394,0.395987,0.14930241,0.76480025,0.19361192,Data Collection|Data Security|Third-Party Sharing
746_kraftrecipes.com,20,Third-Party Sharing|User Control & Deletion,0,0.63206226,0.24578561,0.11938716,0.41580987,0.118053995,0.5013144,0.69174683,Data Collection|Third-Party Sharing|User Control & Deletion
746_kraftrecipes.com,21,Third-Party Sharing|User Control & Deletion,0,0.5830878,0.3711328,0.3273163,0.4313658,0.12397297,0.7758577,0.2923912,Data Collection|Third-Party Sharing
746_kraftrecipes.com,22,Other/Unclear|Third-Party Sharing,0,0.43471372,0.5974633,0.59934694,0.50782686,0.3018731,0.7075083,0.32816693,Data Retention|Data Security|Other/Unclear|Third-Party Sharing
746_kraftrecipes.com,23,Other/Unclear|Third-Party Sharing,0,0.37778115,0.1991467,0.1719743,0.5962023,0.2033955,0.41036236,0.67246747,Other/Unclear|User Control & Deletion
746_kraftrecipes.com,24,Other/Unclear,0,0.36221638,0.28802803,0.6720837,0.6593107,0.19139227,0.51687366,0.20513533,Data Security|Other/Unclear|Third-Party Sharing
746_kraftrecipes.com,25,User Control & Deletion,0,0.48644897,0.3990814,0.15368813,0.48380613,0.3604426,0.30056775,0.8591924,User Control & Deletion
746_kraftrecipes.com,26,Data Retention|Other/Unclear|User Control & Deletion,0,0.34681475,0.4377092,0.1805108,0.58142215,0.3614999,0.30570292,0.8108615,Other/Unclear|User Control & Deletion
746_kraftrecipes.com,27,Other/Unclear,0,0.5702668,0.21447879,0.30092934,0.503637,0.109924205,0.5889578,0.23552322,Data Collection|Other/Unclear|Third-Party Sharing
746_kraftrecipes.com,28,Data Security|Other/Unclear,0,0.39538005,0.48296854,0.8990437,0.53677046,0.28870305,0.4706385,0.24975368,Data Security|Other/Unclear
746_kraftrecipes.com,29,Policy Change,0,0.27502403,0.40920764,0.34067723,0.60555243,0.921302,0.28896275,0.56192195,Other/Unclear|Policy Change|User Control & Deletion
746_kraftrecipes.com,30,Other/Unclear,0,0.26225215,0.21035844,0.2832639,0.68656063,0.43131304,0.26988336,0.51190925,Other/Unclear|User Control & Deletion
746_kraftrecipes.com,31,Other/Unclear,0,0.5375727,0.22790553,0.23752259,0.48866487,0.18951124,0.4759177,0.36070254,Data Collection
760_si.edu,0,Other/Unclear,2,0.3727928,0.19864313,0.4281633,0.6591771,0.3500676,0.34861404,0.26365593,Other/Unclear
760_si.edu,1,Data Collection|Other/Unclear,2,0.38965377,0.25765833,0.23524186,0.61255646,0.21459228,0.3294259,0.5273284,Other/Unclear|User Control & Deletion
760_si.edu,2,Other/Unclear,2,0.36696112,0.16539866,0.3407307,0.6671783,0.23083153,0.43772265,0.30064666,Other/Unclear
760_si.edu,3,Data Collection|Data Retention,2,0.6846333,0.54447275,0.24661699,0.35927203,0.12142276,0.4965097,0.54891807,Data Collection|Data Retention|User Control & Deletion
760_si.edu,4,Data Collection|Data Retention|Third-Party Sharing|User Control & Deletion,2,0.511898,0.8129565,0.44707072,0.4628998,0.32161176,0.47153124,0.7062395,Data Collection|Data Retention|User Control & Deletion
760_si.edu,5,Data Collection|Third-Party Sharing,2,0.6149393,0.2163859,0.13027987,0.40608174,0.11093192,0.46733394,0.660576,Data Collection|User Control & Deletion
760_si.edu,6,Data Collection|Third-Party Sharing,2,0.64121884,0.3636813,0.16700351,0.40708533,0.08010445,0.5901304,0.59393734,Data Collection|Third-Party Sharing|User Control & Deletion
760_si.edu,7,Other/Unclear|User Control & Deletion,2,0.3463009,0.6453946,0.21520795,0.53140056,0.39803758,0.30772844,0.86324686,Data Retention|Other/Unclear|User Control & Deletion
760_si.edu,8,Data Security|Third-Party Sharing,2,0.59517795,0.4256107,0.30224466,0.40939322,0.08007208,0.6515317,0.48515233,Data Collection|Third-Party Sharing
760_si.edu,9,Other/Unclear|User Control & Deletion,2,0.4586371,0.48373494,0.15420799,0.4645327,0.2531603,0.3235767,0.8630273,User Control & Deletion
760_si.edu,10,Third-Party Sharing,2,0.5014739,0.29608718,0.44551107,0.47349906,0.12356756,0.6198517,0.23566768,Data Collection|Third-Party Sharing
760_si.edu,11,User Control & Deletion,2,0.3086015,0.3285541,0.22252531,0.5942613,0.36105198,0.4324138,0.56580937,Other/Unclear|User Control & Deletion
760_si.edu,12,Data Security,2,0.39732748,0.4379515,0.9059884,0.520459,0.25475556,0.43008927,0.23289967,Data Security|Other/Unclear
760_si.edu,13,Data Security,2,0.37537053,0.4653427,0.8889271,0.5423733,0.22201896,0.50244826,0.228005,Data Security|Other/Unclear|Third-Party Sharing
760_si.edu,14,Other/Unclear,2,0.37992358,0.37696946,0.81774944,0.6185514,0.18337712,0.5359726,0.20532294,Data Security|Other/Unclear|Third-Party Sharing
760_si.edu,15,Other/Unclear,2,0.43325204,0.18264265,0.28683487,0.65058035,0.16176157,0.48308924,0.27967677,Other/Unclear
760_si.edu,16,Other/Unclear,2,0.40160716,0.1767145,0.2976796,0.6664353,0.27559072,0.3628429,0.36007017,Other/Unclear
760_si.edu,17,Other/Unclear,2,0.31199947,0.41753784,0.39054826,0.60435504,0.9023164,0.31547132,0.4407437,Other/Unclear|Policy Change
777_education.jlab.org,0,Data Collection|Other/Unclear|Third-Party Sharing|User Control & Deletion,0,0.36274207,0.46558145,0.7790864,0.569337,0.21096933,0.53139997,0.2911922,Data Security|Other/Unclear|Third-Party Sharing
777_education.jlab.org,1,Other/Unclear,0,0.45663303,0.23934294,0.41216892,0.5487516,0.1497385,0.58004624,0.21686004,Other/Unclear|Third-Party Sharing
777_education.jlab.org,2,Data Collection|Third-Party Sharing,0,0.54692924,0.5893341,0.68335134,0.46488973,0.11880735,0.65124184,0.28234652,Data Collection|Data Retention|Data Security|Third-Party Sharing
807_lodgemfg.com,0,Data Security|Other/Unclear,0,0.40701613,0.731769,0.5941532,0.5559501,0.3117506,0.4816986,0.606292,Data Retention|Data Security|Other/Unclear|User Control & Deletion
807_lodgemfg.com,1,Other/Unclear,0,0.37478688,0.26863372,0.72335404,0.6336414,0.22764485,0.4364196,0.1835852,Data Security|Other/Unclear
807_lodgemfg.com,2,Data Collection|Other/Unclear,0,0.68055665,0.19777246,0.118858755,0.37628138,0.10408519,0.47554186,0.5477791,Data Collection|User Control & Deletion
807_lodgemfg.com,3,Data Collection|Other/Unclear,0,0.7376944,0.26831114,0.258978,0.34469035,0.07537891,0.62436163,0.23355225,Data Collection|Third-Party Sharing
807_lodgemfg.com,4,Data Collection,0,0.76649815,0.23311044,0.12542221,0.32569322,0.09532621,0.557253,0.4018972,Data Collection|Third-Party Sharing
807_lodgemfg.com,5,Data Security,0,0.411922,0.4688793,0.8784256,0.56119466,0.25855446,0.4465665,0.23905157,Data Security|Other/Unclear
807_lodgemfg.com,6,Data Security,0,0.40694058,0.500447,0.8765676,0.5256681,0.21382831,0.5115902,0.2512369,Data Retention|Data Security|Other/Unclear|Third-Party Sharing
807_lodgemfg.com,7,Data Security,0,0.39007515,0.49331278,0.8745707,0.5330908,0.25531787,0.48425287,0.23069124,Data Security|Other/Unclear
807_lodgemfg.com,8,Data Security,0,0.5104608,0.5506067,0.6552401,0.464034,0.13590863,0.6131025,0.29884717,Data Collection|Data Retention|Data Security|Third-Party Sharing
807_lodgemfg.com,9,Data Collection|Other/Unclear,0,0.78269154,0.30733696,0.21812017,0.36907417,0.09316812,0.58462393,0.2906293,Data Collection|Third-Party Sharing
807_lodgemfg.com,10,Data Collection,0,0.75360495,0.215273,0.17547716,0.37239638,0.08844536,0.53540426,0.3270322,Data Collection|Third-Party Sharing
807_lodgemfg.com,11,User Control & Deletion,0,0.58905166,0.35169855,0.15163915,0.4432835,0.21125202,0.32614625,0.82756114,Data Collection|User Control & Deletion
807_lodgemfg.com,12,Other/Unclear|User Control & Deletion,0,0.5452831,0.5964005,0.21460728,0.47216722,0.31131062,0.35304457,0.84718645,Data Collection|Data Retention|User Control & Deletion
807_lodgemfg.com,13,Third-Party Sharing,0,0.587261,0.23791681,0.3438591,0.41241068,0.096009575,0.7036269,0.20707008,Data Collection|Third-Party Sharing
807_lodgemfg.com,14,Other/Unclear|Third-Party Sharing,0,0.55473524,0.18625875,0.23209305,0.46853355,0.11187796,0.5985476,0.29740554,Data Collection|Third-Party Sharing
807_lodgemfg.com,15,Other/Unclear,0,0.5083739,0.20685212,0.28635588,0.5638099,0.25934204,0.3918482,0.37634674,Data Collection|Other/Unclear
807_lodgemfg.com,16,Data Collection|Other/Unclear,0,0.47974166,0.49697134,0.34988773,0.5766072,0.39999115,0.46351463,0.48985898,Other/Unclear
807_lodgemfg.com,17,Other/Unclear,0,0.3402094,0.24919567,0.54791486,0.6786017,0.35181347,0.39725506,0.2800777,Data Security|Other/Unclear
807_lodgemfg.com,18,Other/Unclear,0,0.4019621,0.3171181,0.42149514,0.5835871,0.41921207,0.42740858,0.35854152,Other/Unclear
807_lodgemfg.com,19,Data Security|Other/Unclear,0,0.6147203,0.19167487,0.14106394,0.47020987,0.11661371,0.43007022,0.5063832,Data Collection|User Control & Deletion
807_lodgemfg.com,20,Other/Unclear,0,0.25909704,0.34057084,0.23840722,0.6562055,0.8057478,0.28335476,0.5968059,Other/Unclear|Policy Change|User Control & Deletion
807_lodgemfg.com,21,Other/Unclear,0,0.28434962,0.17873418,0.33657968,0.69921696,0.4561039,0.31802088,0.33016327,Other/Unclear
807_lodgemfg.com,22,Policy Change,0,0.24356371,0.30911022,0.33516014,0.65477467,0.8971023,0.27181107,0.47965205,Other/Unclear|Policy Change
807_lodgemfg.com,23,User Control & Deletion,0,0.5775092,0.3387649,0.13467313,0.44953778,0.20720828,0.3323977,0.80555874,Data Collection|User Control & Deletion
807_lodgemfg.com,24,Other/Unclear,0,0.63755053,0.2555997,0.29803723,0.4730568,0.08344526,0.5405667,0.31819326,Data Collection|Third-Party Sharing
807_lodgemfg.com,25,Third-Party Sharing,0,0.5093401,0.20547901,0.28680134,0.5465195,0.13944775,0.5165682,0.39884952,Data Collection|Other/Unclear|Third-Party Sharing
807_lodgemfg.com,26,Other/Unclear,0,0.3988642,0.30721417,0.6795043,0.6352496,0.18275002,0.49508867,0.19855157,Data Security|Other/Unclear
807_lodgemfg.com,27,Other/Unclear,0,0.5279124,0.20085025,0.31576335,0.5203667,0.14441909,0.51941335,0.25358006,Data Collection|Other/Unclear|Third-Party Sharing
807_lodgemfg.com,28,Other/Unclear,0,0.42431378,0.27721286,0.66364497,0.6152511,0.29070222,0.4390893,0.1858771,Data Security|Other/Unclear
807_lodgemfg.com,29,Data Security|Other/Unclear,0,0.31507933,0.46327174,0.647808,0.6134314,0.5806469,0.42196184,0.28311056,Data Security|Other/Unclear|Policy Change
807_lodgemfg.com,30,Data Security|Other/Unclear,0,0.4252896,0.49891967,0.38412628,0.60989493,0.3661385,0.3831346,0.51486075,Other/Unclear|User Control & Deletion
807_lodgemfg.com,31,Data Security|Other/Unclear,0,0.43808687,0.5108912,0.36286485,0.5950208,0.3805364,0.3897529,0.5326766,Data Retention|Other/Unclear|User Control & Deletion
807_lodgemfg.com,32,Data Security|Other/Unclear,0,0.40605283,0.29854742,0.5869907,0.61412793,0.20259938,0.5414781,0.23724164,Data Security|Other/Unclear|Third-Party Sharing
807_lodgemfg.com,33,Other/Unclear|Policy Change,0,0.23413429,0.21808967,0.26014438,0.6918588,0.6738509,0.23084697,0.56393486,Other/Unclear|Policy Change|User Control & Deletion
817_ironhorsevineyards.com,0,Data Security|Other/Unclear,2,0.30269146,0.42522866,0.83180237,0.62194467,0.2800716,0.5019052,0.23731893,Data Security|Other/Unclear|Third-Party Sharing
817_ironhorsevineyards.com,1,Other/Unclear|Third-Party Sharing,2,0.6795538,0.2971685,0.36382753,0.3845276,0.0780316,0.7244427,0.16883455,Data Collection|Third-Party Sharing
817_ironhorsevineyards.com,2,Data Collection,2,0.71265256,0.30618218,0.4039586,0.3509629,0.088762596,0.65403897,0.17873457,Data Collection|Third-Party Sharing
817_ironhorsevineyards.com,3,Other/Unclear|Third-Party Sharing,2,0.68261325,0.27282372,0.33465266,0.35285962,0.08764569,0.73287934,0.18586753,Data Collection|Third-Party Sharing
817_ironhorsevineyards.com,4,Other/Unclear|User Control & Deletion,2,0.27381122,0.4303531,0.22419606,0.5619926,0.48728073,0.25308827,0.8238574,Other/Unclear|User Control & Deletion
817_ironhorsevineyards.com,5,Other/Unclear|User Control & Deletion,2,0.38211936,0.43800515,0.16648844,0.5039031,0.36083394,0.28724852,0.87011075,Other/Unclear|User Control & Deletion
817_ironhorsevineyards.com,6,Data Security,2,0.38446912,0.49096832,0.8985192,0.5188154,0.22924425,0.4792567,0.23469165,Data Security|Other/Unclear
82_sheknows.com,0,Other/Unclear,3,0.2275842,0.26563278,0.32216507,0.69097066,0.8524326,0.25283685,0.40148944,Other/Unclear|Policy Change
82_sheknows.com,1,Data Collection|Other/Unclear|Third-Party Sharing,3,0.22017992,0.34332168,0.35020024,0.6967962,0.49728122,0.5484445,0.45613235,Other/Unclear|Third-Party Sharing
82_sheknows.com,2,Data Collection,3,0.72241414,0.5698356,0.19625014,0.3913955,0.1689291,0.5318297,0.6515996,Data Collection|Data Retention|Third-Party Sharing|User Control & Deletion
82_sheknows.com,3,Data Collection|Third-Party Sharing,3,0.65808374,0.60762656,0.247118,0.4476925,0.14457433,0.4803859,0.7477163,Data Collection|Data Retention|User Control & Deletion
82_sheknows.com,4,Data Collection|Third-Party Sharing,3,0.48787326,0.48952076,0.27381417,0.5341992,0.13866848,0.6460083,0.64831996,Other/Unclear|Third-Party Sharing|User Control & Deletion
82_sheknows.com,5,Data Collection,3,0.7658141,0.34227088,0.22978061,0.35920414,0.07647812,0.49348387,0.45124614,Data Collection
82_sheknows.com,6,Other/Unclear,3,0.37214413,0.36743787,0.33544138,0.55853194,0.1454198,0.66109455,0.4190485,Other/Unclear|Third-Party Sharing
82_sheknows.com,7,Data Collection,3,0.78430283,0.33149064,0.25269812,0.3492954,0.078655496,0.59472245,0.26601458,Data Collection|Third-Party Sharing
82_sheknows.com,8,Data Collection|Other/Unclear,3,0.560261,0.38866982,0.6899353,0.49193987,0.16936381,0.5979868,0.17185088,Data Collection|Data Security|Third-Party Sharing
82_sheknows.com,9,Data Collection|Policy Change,3,0.7740453,0.30334517,0.14699131,0.35711434,0.088475816,0.5602964,0.45948216,Data Collection|Third-Party Sharing
82_sheknows.com,10,Data Retention|Other/Unclear|Third-Party Sharing,3,0.58317256,0.5478797,0.2387192,0.49048564,0.12468722,0.49660382,0.6807978,Data Collection|Data Retention|User Control & Deletion
82_sheknows.com,11,Data Collection,3,0.4803941,0.4406309,0.1551295,0.47159445,0.28482705,0.33336154,0.8767184,User Control & Deletion
82_sheknows.com,12,Data Collection|Third-Party Sharing,3,0.73812544,0.28976703,0.30080384,0.33784962,0.08273461,0.6753046,0.19468838,Data Collection|Third-Party Sharing
82_sheknows.com,13,Data Collection|Other/Unclear,3,0.30797344,0.41168997,0.5054612,0.60803086,0.32104248,0.6587766,0.4009494,Data Security|Other/Unclear|Third-Party Sharing
82_sheknows.com,14,Data Collection,3,0.78185576,0.29722586,0.21966591,0.30813408,0.10025989,0.5546492,0.31028658,Data Collection|Third-Party Sharing
82_sheknows.com,15,User Control & Deletion,3,0.5440694,0.41454867,0.16362886,0.46367028,0.1780914,0.3397724,0.8429789,Data Collection|User Control & Deletion
82_sheknows.com,16,Data Collection|Data Security|Other/Unclear|Third-Party Sharing,3,0.5876406,0.48303777,0.49158552,0.4510318,0.12635854,0.8010893,0.26716188,Data Collection|Third-Party Sharing
82_sheknows.com,17,Data Collection|Third-Party Sharing,3,0.48667258,0.2515622,0.32780033,0.50476956,0.12880862,0.63653094,0.22936903,Other/Unclear|Third-Party Sharing
82_sheknows.com,18,Data Collection,3,0.72868305,0.31338134,0.18614848,0.35052374,0.07378556,0.64320946,0.36295888,Data Collection|Third-Party Sharing
82_sheknows.com,19,Data Collection|Third-Party Sharing,3,0.6469033,0.28201014,0.3490171,0.4076095,0.08708786,0.6753884,0.20991945,Data Collection|Third-Party Sharing
82_sheknows.com,20,Third-Party Sharing,3,0.61820585,0.44477847,0.27722254,0.3982747,0.17861162,0.7738048,0.3562542,Data Collection|Third-Party Sharing
82_sheknows.com,21,Data Collection|Other/Unclear,3,0.6617124,0.3274928,0.2112576,0.39151156,0.07929977,0.6356092,0.37590846,Data Collection|Third-Party Sharing
82_sheknows.com,22,Data Collection|Third-Party Sharing,3,0.4310581,0.2813392,0.36240506,0.554435,0.1350433,0.69948125,0.29631954,Other/Unclear|Third-Party Sharing
82_sheknows.com,23,Data Retention|Other/Unclear|Third-Party Sharing,3,0.66952497,0.32683462,0.36087802,0.34756473,0.10076528,0.7496499,0.19548647,Data Collection|Third-Party Sharing
82_sheknows.com,24,Third-Party Sharing,3,0.65070796,0.37227204,0.3970002,0.37814704,0.1631011,0.754023,0.23307396,Data Collection|Third-Party Sharing
82_sheknows.com,25,Third-Party Sharing,3,0.36071298,0.28777626,0.47680452,0.5392181,0.20940645,0.68350905,0.24324553,Other/Unclear|Third-Party Sharing
82_sheknows.com,26,Third-Party Sharing,3,0.7393867,0.22256869,0.21896695,0.35214058,0.092469685,0.6417906,0.20978554,Data Collection|Third-Party Sharing
82_sheknows.com,27,Third-Party Sharing,3,0.72913533,0.2802961,0.30814993,0.35696226,0.080382526,0.6743012,0.21004644,Data Collection|Third-Party Sharing
82_sheknows.com,28,Third-Party Sharing,3,0.62040836,0.29129022,0.26123005,0.43253985,0.0784512,0.68819964,0.36481443,Data Collection|Third-Party Sharing
82_sheknows.com,29,Other/Unclear,3,0.2580108,0.22418474,0.4395561,0.70010704,0.3190967,0.48303896,0.323183,Other/Unclear
82_sheknows.com,30,Data Security,3,0.38713712,0.457495,0.8984598,0.5339857,0.28213397,0.48475316,0.24997684,Data Security|Other/Unclear
82_sheknows.com,31,Data Security,3,0.40983096,0.4608467,0.8794517,0.51114494,0.23048486,0.47152293,0.25816458,Data Security|Other/Unclear
82_sheknows.com,32,Data Security,3,0.30135447,0.4447751,0.8240112,0.5983728,0.44444162,0.46914107,0.2710674,Data Security|Other/Unclear
82_sheknows.com,33,User Control & Deletion,3,0.56747174,0.3417744,0.13192649,0.43905142,0.15811922,0.38346028,0.80293185,Data Collection|User Control & Deletion
82_sheknows.com,34,Data Collection|Other/Unclear,3,0.32274404,0.36163154,0.41643342,0.65660244,0.19459113,0.38642234,0.49242452,Other/Unclear
82_sheknows.com,35,Other/Unclear,3,0.3645835,0.27154225,0.6459521,0.62123054,0.18931244,0.61736757,0.18658565,Data Security|Other/Unclear|Third-Party Sharing
82_sheknows.com,36,Other/Unclear|Third-Party Sharing,3,0.4793611,0.3062173,0.5802121,0.55784833,0.11440222,0.6471328,0.18434477,Data Security|Other/Unclear|Third-Party Sharing
82_sheknows.com,37,Other/Unclear,3,0.20685342,0.35054225,0.4647621,0.71354693,0.6177694,0.4315275,0.45838445,Other/Unclear|Policy Change
82_sheknows.com,38,Third-Party Sharing,3,0.77068424,0.26382658,0.25942296,0.36550543,0.08262378,0.63516456,0.2330057,Data Collection|Third-Party Sharing
82_sheknows.com,39,Other/Unclear|Third-Party Sharing,3,0.51631695,0.30488098,0.47287098,0.50605583,0.09354631,0.72049564,0.2256827,Data Collection|Other/Unclear|Third-Party Sharing
82_sheknows.com,40,Other/Unclear|User Control & Deletion,3,0.45460078,0.31087655,0.14590688,0.49192557,0.27805048,0.29808554,0.84180444,User Control & Deletion
82_sheknows.com,41,User Control & Deletion,3,0.57002234,0.2853044,0.12869932,0.41496947,0.17356487,0.3508262,0.794282,Data Collection|User Control & Deletion
82_sheknows.com,42,Other/Unclear|User Control & Deletion,3,0.48833814,0.16233695,0.1535879,0.5021038,0.22489126,0.36610633,0.5163007,Other/Unclear|User Control & Deletion
82_sheknows.com,43,Other/Unclear,3,0.21625313,0.29828462,0.2379369,0.66047573,0.64545727,0.3470198,0.6553349,Other/Unclear|Policy Change|User Control & Deletion
82_sheknows.com,44,Policy Change,3,0.23676585,0.33451012,0.3343152,0.632268,0.93227077,0.29499367,0.4997947,Other/Unclear|Policy Change
82_sheknows.com,45,Other/Unclear,3,0.25889888,0.16107991,0.22988965,0.6651033,0.4222686,0.2814957,0.42318362,Other/Unclear
856_sciencemag.org,0,Other/Unclear,4,0.334872,0.4054758,0.80883545,0.6289079,0.2270902,0.5301475,0.20483835,Data Security|Other/Unclear|Third-Party Sharing
856_sciencemag.org,1,Data Collection,4,0.72289616,0.21636425,0.19313656,0.40307856,0.09438993,0.554251,0.28237143,Data Collection|Third-Party Sharing
856_sciencemag.org,2,Data Collection,4,0.7828045,0.24525432,0.16311046,0.33405527,0.09874842,0.577777,0.28934824,Data Collection|Third-Party Sharing
856_sciencemag.org,3,Data Collection,4,0.79488474,0.27277562,0.17060363,0.3258801,0.09654679,0.57750106,0.24219713,Data Collection|Third-Party Sharing
856_sciencemag.org,4,Data Retention|Other/Unclear|Third-Party Sharing,4,0.4517618,0.7818769,0.5336522,0.53797555,0.35321045,0.547878,0.5125937,Data Retention|Data Security|Other/Unclear|Third-Party Sharing|User Control & Deletion
856_sciencemag.org,5,Data Collection,4,0.7529104,0.20532882,0.19162768,0.35866514,0.124684684,0.56503105,0.2065532,Data Collection|Third-Party Sharing
856_sciencemag.org,6,Data Collection|Other/Unclear|Third-Party Sharing|User Control & Deletion,4,0.6316779,0.43508187,0.1289682,0.4165737,0.11965823,0.4496461,0.7773733,Data Collection|User Control & Deletion
856_sciencemag.org,7,Third-Party Sharing,4,0.7108245,0.25188774,0.3186712,0.36045146,0.10320309,0.6718253,0.16730368,Data Collection|Third-Party Sharing
856_sciencemag.org,8,User Control & Deletion,4,0.4394414,0.3186649,0.16121572,0.4985731,0.27088097,0.27730036,0.8116397,User Control & Deletion
856_sciencemag.org,9,Other/Unclear|User Control & Deletion,4,0.41298902,0.2613226,0.18613723,0.5566275,0.18586965,0.45294058,0.6878436,Other/Unclear|User Control & Deletion
856_sciencemag.org,10,User Control & Deletion,4,0.48064065,0.3051441,0.16336727,0.47870243,0.16220559,0.45357254,0.7454659,User Control & Deletion
856_sciencemag.org,11,Other/Unclear|User Control & Deletion,4,0.48503968,0.3489334,0.16223766,0.491357,0.14561191,0.39406604,0.7977042,User Control & Deletion
856_sciencemag.org,12,Other/Unclear|User Control & Deletion,4,0.523969,0.28401724,0.13797049,0.4936457,0.14866947,0.40948915,0.74332684,Data Collection|User Control & Deletion
856_sciencemag.org,13,Other/Unclear|User Control & Deletion,4,0.4041129,0.29368544,0.13806742,0.53331226,0.29001525,0.31007305,0.8178393,Other/Unclear|User Control & Deletion
856_sciencemag.org,14,Other/Unclear,4,0.75261587,0.29250276,0.118027315,0.36844727,0.11405318,0.46133462,0.48472834,Data Collection
856_sciencemag.org,15,Data Collection|Third-Party Sharing,4,0.6189851,0.24905403,0.30633926,0.4188411,0.116120964,0.7419111,0.21418223,Data Collection|Third-Party Sharing
856_sciencemag.org,16,Data Security|Third-Party Sharing,4,0.5811948,0.38496324,0.6482318,0.41072524,0.13800283,0.76683843,0.1675926,Data Collection|Data Security|Third-Party Sharing
856_sciencemag.org,17,Third-Party Sharing,4,0.5681295,0.24850775,0.38560164,0.43076646,0.11794393,0.6630445,0.18633342,Data Collection|Third-Party Sharing
856_sciencemag.org,18,Other/Unclear|Third-Party Sharing,4,0.5615058,0.3932234,0.49586877,0.42284453,0.2347952,0.7983867,0.24654095,Data Collection|Third-Party Sharing
856_sciencemag.org,19,Other/Unclear|Third-Party Sharing|User Control & Deletion,4,0.68162465,0.3332552,0.13073912,0.40163037,0.10392128,0.4110712,0.6870441,Data Collection|User Control & Deletion
856_sciencemag.org,20,Data Security|Other/Unclear|Third-Party Sharing|User Control & Deletion,4,0.39679202,0.7320823,0.7772761,0.5203068,0.24625672,0.6050138,0.39803815,Data Retention|Data Security|Other/Unclear|Third-Party Sharing
856_sciencemag.org,21,Other/Unclear,4,0.2953696,0.45830247,0.6644904,0.63395894,0.29052946,0.55803585,0.3104936,Data Security|Other/Unclear|Third-Party Sharing
856_sciencemag.org,22,Other/Unclear,4,0.3150863,0.5728738,0.4692936,0.6453414,0.40406618,0.39989382,0.45780605,Data Retention|Other/Unclear
856_sciencemag.org,23,Other/Unclear,4,0.42886123,0.1723884,0.15560336,0.5625045,0.24630886,0.42609408,0.5323885,Other/Unclear|User Control & Deletion
856_sciencemag.org,24,Data Collection|Other/Unclear,4,0.78672373,0.4140737,0.19233991,0.35951567,0.09113394,0.48026344,0.5108417,Data Collection|User Control & Deletion
856_sciencemag.org,25,User Control & Deletion,4,0.5126294,0.5504112,0.1726591,0.45528966,0.2460201,0.3396137,0.86928904,Data Collection|Data Retention|User Control & Deletion
856_sciencemag.org,26,Data Collection,4,0.7671408,0.28269127,0.25666255,0.37393087,0.081356,0.61399245,0.22545983,Data Collection|Third-Party Sharing
856_sciencemag.org,27,Other/Unclear,4,0.47268882,0.44118157,0.28859815,0.51970994,0.2955228,0.28621572,0.6480239,Other/Unclear|User Control & Deletion
856_sciencemag.org,28,Other/Unclear|User Control & Deletion,4,0.5430012,0.45522857,0.13142388,0.46190658,0.21426052,0.33628857,0.8287034,Data Collection|User Control & Deletion
856_sciencemag.org,29,Data Security|Other/Unclear,4,0.41205755,0.44772014,0.9017686,0.48609436,0.24996287,0.5149429,0.21765174,Data Security|Third-Party Sharing
856_sciencemag.org,30,Data Security,4,0.45814782,0.753692,0.65164626,0.503274,0.27706173,0.4799149,0.56906325,Data Retention|Data Security|Other/Unclear|User Control & Deletion
856_sciencemag.org,31,Other/Unclear,4,0.526342,0.19196786,0.32430586,0.5394981,0.12574425,0.4881787,0.24235487,Data Collection|Other/Unclear
856_sciencemag.org,32,Other/Unclear|Policy Change|User Control & Deletion,4,0.29999685,0.20414065,0.20843723,0.63718724,0.42181882,0.3319932,0.583697,Other/Unclear|User Control & Deletion
856_sciencemag.org,33,Other/Unclear|Policy Change,4,0.29114673,0.45140544,0.3524581,0.6342513,0.8986366,0.30279598,0.51264054,Other/Unclear|Policy Change|User Control & Deletion
856_sciencemag.org,34,Other/Unclear,4,0.2489697,0.2853187,0.46452072,0.69475937,0.67387116,0.2841255,0.38554463,Other/Unclear|Policy Change
856_sciencemag.org,35,Other/Unclear,4,0.3840517,0.17033948,0.28565124,0.6275332,0.29103798,0.3066856,0.33004078,Other/Unclear
862_disinfo.com,0,Other/Unclear,1,0.22328192,0.28475198,0.3826167,0.72399557,0.81232893,0.3098535,0.38487747,Other/Unclear|Policy Change
862_disinfo.com,1,Policy Change,1,0.25911045,0.4493645,0.33869186,0.6517128,0.9244605,0.28349233,0.54008466,Other/Unclear|Policy Change|User Control & Deletion
862_disinfo.com,2,Data Collection|Third-Party Sharing,1,0.6819843,0.20755218,0.3017382,0.3713253,0.08284558,0.6343471,0.20179267,Data Collection|Third-Party Sharing
862_disinfo.com,3,Data Collection,1,0.684412,0.2127181,0.24181291,0.41745108,0.07414404,0.57120997,0.30043876,Data Collection|Third-Party Sharing
862_disinfo.com,4,Data Collection|Third-Party Sharing,1,0.7598301,0.26588657,0.26510927,0.31494123,0.0728155,0.6607843,0.27609277,Data Collection|Third-Party Sharing
862_disinfo.com,5,Data Collection,1,0.5843898,0.32796204,0.4109771,0.43576935,0.079609334,0.5975147,0.26144627,Data Collection|Third-Party Sharing
862_disinfo.com,6,Data Collection|Third-Party Sharing,1,0.68828243,0.23333724,0.493099,0.3910105,0.08763166,0.6270153,0.15319677,Data Collection|Third-Party Sharing
862_disinfo.com,7,Data Collection,1,0.73392415,0.34656796,0.3442984,0.3393115,0.084008865,0.66884863,0.27587828,Data Collection|Third-Party Sharing
862_disinfo.com,8,Data Collection,1,0.7131205,0.25465226,0.28633124,0.3384938,0.08767654,0.69034064,0.21335834,Data Collection|Third-Party Sharing
862_disinfo.com,9,Data Collection|Third-Party Sharing,1,0.47404814,0.49688232,0.38688695,0.50389516,0.23183653,0.7091192,0.37994307,Other/Unclear|Third-Party Sharing
862_disinfo.com,10,Third-Party Sharing,1,0.5909611,0.20017678,0.4133062,0.38001102,0.10847663,0.66572016,0.17605174,Data Collection|Third-Party Sharing
862_disinfo.com,11,Third-Party Sharing,1,0.50512266,0.36866072,0.7543064,0.47663498,0.14005445,0.6790415,0.17850682,Data Collection|Data Security|Third-Party Sharing
862_disinfo.com,12,Third-Party Sharing,1,0.5968286,0.18275538,0.22577547,0.45566112,0.089183815,0.6346555,0.33563164,Data Collection|Third-Party Sharing
862_disinfo.com,13,Data Collection,1,0.7511702,0.24888402,0.25364235,0.37474608,0.06905192,0.52714986,0.35831982,Data Collection|Third-Party Sharing
862_disinfo.com,14,Other/Unclear,1,0.6937739,0.24258094,0.32111222,0.41135022,0.09682834,0.5768223,0.24936077,Data Collection|Third-Party Sharing
862_disinfo.com,15,Data Collection|Other/Unclear|Third-Party Sharing,1,0.5967327,0.17564118,0.3153706,0.4461193,0.09765834,0.5511804,0.224994,Data Collection|Third-Party Sharing
862_disinfo.com,16,Data Security,1,0.4332655,0.3666636,0.8526528,0.52523035,0.18188132,0.551134,0.17137246,Data Security|Other/Unclear|Third-Party Sharing
862_disinfo.com,17,Other/Unclear|Third-Party Sharing,1,0.51164645,0.35998222,0.5843316,0.52363265,0.100524746,0.6525657,0.24173354,Data Collection|Data Security|Other/Unclear|Third-Party Sharing
862_disinfo.com,18,Data Security,1,0.4210688,0.39369923,0.8948895,0.535248,0.2543729,0.44481015,0.20373178,Data Security|Other/Unclear
862_disinfo.com,19,Other/Unclear,1,0.24871984,0.20364377,0.32018712,0.692124,0.39216477,0.4468555,0.4140799,Other/Unclear
862_disinfo.com,20,Data Collection|Other/Unclear,1,0.3765353,0.6639573,0.45416552,0.62988937,0.28050506,0.43121955,0.5203248,Data Retention|Other/Unclear|User Control & Deletion
862_disinfo.com,21,Other/Unclear|User Control & Deletion,1,0.46093807,0.3905469,0.14658079,0.5030736,0.19300717,0.3632872,0.8139126,Other/Unclear|User Control & Deletion
862_disinfo.com,22,User Control & Deletion,1,0.5300321,0.42834836,0.13412999,0.44586426,0.20542727,0.34844407,0.86271477,Data Collection|User Control & Deletion
862_disinfo.com,23,Other/Unclear|Third-Party Sharing,1,0.31762886,0.21979916,0.3327422,0.6536337,0.21305527,0.53902686,0.37921348,Other/Unclear|Third-Party Sharing
862_disinfo.com,24,Other/Unclear,1,0.27141806,0.18693355,0.2671452,0.6946822,0.34160656,0.2705954,0.4684672,Other/Unclear
883_ted.com,0,Data Security|Other/Unclear,4,0.31938523,0.25414807,0.65672773,0.69839513,0.41512913,0.37893057,0.20919593,Data Security|Other/Unclear
883_ted.com,1,Data Collection,4,0.78690463,0.29468495,0.24958494,0.31988558,0.07894227,0.57486224,0.23918588,Data Collection|Third-Party Sharing
883_ted.com,2,Data Collection,4,0.69053406,0.23737928,0.12293436,0.3985883,0.12833683,0.38740727,0.548034,Data Collection|User Control & Deletion
883_ted.com,3,Data Collection|User Control & Deletion,4,0.70330507,0.35384417,0.13952143,0.3711937,0.106481105,0.39476442,0.71209097,Data Collection|User Control & Deletion
883_ted.com,4,Data Collection|User Control & Deletion,4,0.42522228,0.39603457,0.15037736,0.51817113,0.2512576,0.3178302,0.83733034,Other/Unclear|User Control & Deletion
883_ted.com,5,Data Collection|Data Retention|Data Security|Third-Party Sharing,4,0.63858044,0.57477987,0.47933665,0.38686538,0.119893886,0.7291055,0.3568723,Data Collection|Data Retention|Third-Party Sharing
883_ted.com,6,Other/Unclear|Third-Party Sharing,4,0.7441015,0.20358023,0.1297734,0.3862202,0.090882964,0.46692264,0.39819863,Data Collection
883_ted.com,7,Other/Unclear|User Control & Deletion,4,0.48426187,0.3975216,0.23654296,0.5936879,0.19850264,0.5089118,0.4652272,Other/Unclear|Third-Party Sharing
883_ted.com,8,Other/Unclear,4,0.3772741,0.18214962,0.24845509,0.59226215,0.253813,0.4511922,0.43186924,Other/Unclear
883_ted.com,9,Data Collection,4,0.7979591,0.29399702,0.26193383,0.34030122,0.09047039,0.53268903,0.23147649,Data Collection|Third-Party Sharing
883_ted.com,10,Data Collection|Other/Unclear,4,0.73247445,0.23913175,0.2594804,0.37006724,0.10329292,0.6157591,0.18761885,Data Collection|Third-Party Sharing
883_ted.com,11,Data Collection,4,0.77700806,0.25840843,0.23955685,0.3501344,0.0882565,0.5921454,0.2010054,Data Collection|Third-Party Sharing
883_ted.com,12,Data Collection,4,0.737474,0.19298476,0.1391389,0.36882827,0.093351,0.46320996,0.37025428,Data Collection
883_ted.com,13,Data Collection,4,0.81200755,0.30309165,0.20873316,0.30660805,0.09985141,0.60720915,0.2306711,Data Collection|Third-Party Sharing
883_ted.com,14,Data Collection|User Control & Deletion,4,0.63348246,0.5183586,0.123250045,0.41720524,0.17844,0.40813795,0.78453064,Data Collection|Data Retention|User Control & Deletion
883_ted.com,15,Data Collection|Third-Party Sharing,4,0.68715364,0.19691992,0.23664096,0.40672505,0.10581823,0.62905043,0.22687037,Data Collection|Third-Party Sharing
883_ted.com,16,Data Security|Third-Party Sharing,4,0.5732901,0.36791915,0.6451051,0.41304895,0.12988263,0.74925166,0.17520271,Data Collection|Data Security|Third-Party Sharing
883_ted.com,17,Data Collection,4,0.62600976,0.33787045,0.52018946,0.39060026,0.11673318,0.66663116,0.1512771,Data Collection|Data Security|Third-Party Sharing
883_ted.com,18,Data Collection|Other/Unclear,4,0.7392317,0.33634847,0.21876724,0.367741,0.1000432,0.6720917,0.23587582,Data Collection|Third-Party Sharing
883_ted.com,19,Other/Unclear|Third-Party Sharing,4,0.44110733,0.27889162,0.54537153,0.56968194,0.119027235,0.6481017,0.20545153,Data Security|Other/Unclear|Third-Party Sharing
883_ted.com,20,Data Security,4,0.37124702,0.4637053,0.89479667,0.524003,0.30488923,0.43091825,0.2512584,Data Security|Other/Unclear
883_ted.com,21,Other/Unclear,4,0.4136364,0.27929023,0.29855275,0.5627093,0.283151,0.40848672,0.41096494,Other/Unclear
883_ted.com,22,Other/Unclear,4,0.42747566,0.58161587,0.25512454,0.54622453,0.18766212,0.34953266,0.69414365,Data Retention|Other/Unclear|User Control & Deletion
883_ted.com,23,Policy Change,4,0.28131709,0.42766505,0.36568132,0.6263948,0.92206115,0.32129726,0.5030548,Other/Unclear|Policy Change|User Control & Deletion
883_ted.com,24,User Control & Deletion,4,0.4032251,0.60573846,0.18607712,0.52289754,0.3621591,0.27973711,0.8640385,Data Retention|Other/Unclear|User Control & Deletion
884_naturalnews.com,0,Data Collection|Third-Party Sharing,4,0.38816762,0.23480995,0.52677625,0.6342338,0.1768846,0.5603841,0.21980606,Data Security|Other/Unclear|Third-Party Sharing
884_naturalnews.com,1,Other/Unclear|User Control & Deletion,4,0.4958809,0.20715444,0.34436908,0.5971435,0.25668433,0.38988405,0.24808878,Other/Unclear
884_naturalnews.com,2,Other/Unclear,4,0.356943,0.19749573,0.31326503,0.6321552,0.32517347,0.2991285,0.40285656,Other/Unclear
884_naturalnews.com,3,User Control & Deletion,4,0.38934624,0.32237294,0.17346452,0.5351877,0.2341415,0.25876042,0.81557626,Other/Unclear|User Control & Deletion
884_naturalnews.com,4,Other/Unclear|User Control & Deletion,4,0.4813424,0.4389114,0.17449759,0.47912112,0.20248939,0.2590747,0.8277431,User Control & Deletion
891_everydayhealth.com,0,Other/Unclear|Policy Change,0,0.25657177,0.33604118,0.3620204,0.644069,0.90000343,0.27538958,0.46776617,Other/Unclear|Policy Change
891_everydayhealth.com,1,Other/Unclear,0,0.6140585,0.23632571,0.34851333,0.41106787,0.11175154,0.7028278,0.20344815,Data Collection|Third-Party Sharing
891_everydayhealth.com,2,Other/Unclear,0,0.5250208,0.19400913,0.18686551,0.54088897,0.15856001,0.46802267,0.38673747,Data Collection|Other/Unclear
891_everydayhealth.com,3,Other/Unclear,0,0.5686734,0.19741133,0.2478511,0.5128522,0.14307518,0.5395288,0.28527394,Data Collection|Other/Unclear|Third-Party Sharing
891_everydayhealth.com,4,Other/Unclear|Policy Change,0,0.31804714,0.21749455,0.18666126,0.61596364,0.4808603,0.347253,0.6045803,Other/Unclear|User Control & Deletion
891_everydayhealth.com,5,Other/Unclear,0,0.5169672,0.43212155,0.59147054,0.48880145,0.15756162,0.5619578,0.24138078,Data Collection|Data Security|Third-Party Sharing
891_everydayhealth.com,6,Other/Unclear,0,0.294409,0.30775687,0.4068188,0.622539,0.5202872,0.5029275,0.40972564,Other/Unclear|Policy Change|Third-Party Sharing
891_everydayhealth.com,7,Data Collection|Other/Unclear,0,0.6737565,0.20864834,0.2763728,0.43328306,0.116519995,0.54875,0.18631156,Data Collection|Third-Party Sharing
891_everydayhealth.com,8,Data Collection,0,0.7677831,0.27270395,0.1444697,0.32582557,0.090726554,0.60432696,0.43926507,Data Collection|Third-Party Sharing
891_everydayhealth.com,9,User Control & Deletion,0,0.5111538,0.37065783,0.15481538,0.4713005,0.27273345,0.31944302,0.84842116,Data Collection|User Control & Deletion
891_everydayhealth.com,10,Data Collection,0,0.76531124,0.22110967,0.19979477,0.36856362,0.08130795,0.63786215,0.24244672,Data Collection|Third-Party Sharing
891_everydayhealth.com,11,Data Collection,0,0.7275276,0.2797584,0.3085069,0.34334508,0.09229674,0.6990179,0.16791515,Data Collection|Third-Party Sharing
891_everydayhealth.com,12,Data Collection|Other/Unclear,0,0.71262896,0.25882655,0.20645484,0.41663644,0.120762505,0.5913138,0.27899978,Data Collection|Third-Party Sharing
891_everydayhealth.com,13,Data Collection,0,0.7450849,0.18974878,0.16568276,0.361932,0.09129405,0.6210221,0.2940503,Data Collection|Third-Party Sharing
891_everydayhealth.com,14,User Control & Deletion,0,0.49192518,0.4466645,0.15636152,0.5015586,0.3364167,0.3055692,0.86450917,Other/Unclear|User Control & Deletion
891_everydayhealth.com,15,Data Collection,0,0.7499297,0.29980156,0.23217124,0.31275937,0.130308,0.6470374,0.23408128,Data Collection|Third-Party Sharing
891_everydayhealth.com,16,Data Collection,0,0.76658434,0.29584453,0.16921234,0.35162622,0.07763179,0.6118644,0.38451245,Data Collection|Third-Party Sharing
891_everydayhealth.com,17,User Control & Deletion,0,0.5565648,0.49963418,0.17894068,0.46114564,0.21619654,0.38066965,0.84622633,Data Collection|User Control & Deletion
891_everydayhealth.com,18,Data Collection,0,0.77911526,0.26253557,0.19043957,0.35463247,0.08784101,0.6103801,0.24195503,Data Collection|Third-Party Sharing
891_everydayhealth.com,19,Data Collection|Third-Party Sharing,0,0.70303804,0.27375293,0.2753612,0.37671438,0.07776974,0.648215,0.23503079,Data Collection|Third-Party Sharing
891_everydayhealth.com,20,Data Collection,0,0.7411267,0.19238405,0.18309312,0.3469234,0.09803751,0.6123642,0.25418267,Data Collection|Third-Party Sharing
891_everydayhealth.com,21,Data Collection|Third-Party Sharing,0,0.7314218,0.24809897,0.21513171,0.3510157,0.08958951,0.70204645,0.2399511,Data Collection|Third-Party Sharing
891_everydayhealth.com,22,Other/Unclear|User Control & Deletion,0,0.44824138,0.4493335,0.1765459,0.5075155,0.2991825,0.32815856,0.85563415,Other/Unclear|User Control & Deletion
891_everydayhealth.com,23,Other/Unclear|Third-Party Sharing|User Control & Deletion,0,0.4856388,0.3718302,0.14813086,0.48034385,0.19804454,0.41245967,0.8369358,User Control & Deletion
891_everydayhealth.com,24,Third-Party Sharing|User Control & Deletion,0,0.47017276,0.22442704,0.19688626,0.53173757,0.13463926,0.62610984,0.44950205,Other/Unclear|Third-Party Sharing
891_everydayhealth.com,25,Third-Party Sharing,0,0.57763773,0.26748577,0.42106336,0.40530822,0.101364054,0.7205805,0.17113438,Data Collection|Third-Party Sharing
891_everydayhealth.com,26,Data Security|Third-Party Sharing,0,0.604162,0.35379997,0.5939646,0.39055154,0.10913848,0.71640986,0.16433585,Data Collection|Data Security|Third-Party Sharing
891_everydayhealth.com,27,Third-Party Sharing,0,0.7242303,0.22926527,0.19813076,0.3621515,0.085775666,0.651064,0.21343292,Data Collection|Third-Party Sharing
891_everydayhealth.com,28,Data Collection|Other/Unclear|Third-Party Sharing,0,0.57287455,0.26904267,0.33497578,0.45555016,0.109299,0.7211003,0.23521067,Data Collection|Third-Party Sharing
891_everydayhealth.com,29,Other/Unclear,0,0.38895118,0.22601777,0.19310674,0.58758223,0.27473018,0.39743665,0.64691883,Other/Unclear|User Control & Deletion
891_everydayhealth.com,30,Other/Unclear|Third-Party Sharing,0,0.3800708,0.20020628,0.33538345,0.6397984,0.1754035,0.59563494,0.32260403,Other/Unclear|Third-Party Sharing
891_everydayhealth.com,31,Data Collection|Other/Unclear|Third-Party Sharing,0,0.61693203,0.42025632,0.4842226,0.41327605,0.112191536,0.7646334,0.2160814,Data Collection|Third-Party Sharing
891_everydayhealth.com,32,Third-Party Sharing,0,0.43359348,0.48667163,0.22983767,0.5113721,0.5481188,0.559075,0.5731926,Other/Unclear|Policy Change|Third-Party Sharing|User Control & Deletion
891_everydayhealth.com,33,Other/Unclear|Third-Party Sharing,0,0.52395713,0.32038265,0.41932338,0.52076364,0.10064592,0.6614178,0.28021118,Data Collection|Other/Unclear|Third-Party Sharing
891_everydayhealth.com,34,Data Collection|Other/Unclear,0,0.39987412,0.3853352,0.23648624,0.59334505,0.18598023,0.3931867,0.6456645,Other/Unclear|User Control & Deletion
891_everydayhealth.com,35,User Control & Deletion,0,0.5103916,0.3606669,0.13451529,0.46728173,0.27694947,0.32221472,0.85716516,Data Collection|User Control & Deletion
891_everydayhealth.com,36,Other/Unclear|User Control & Deletion,0,0.41213876,0.35835183,0.15070602,0.5219664,0.3852864,0.2821805,0.8531231,Other/Unclear|User Control & Deletion
891_everydayhealth.com,37,Data Retention|Other/Unclear|Third-Party Sharing|User Control & Deletion,0,0.36412597,0.80956256,0.68037724,0.5457705,0.50383157,0.47639766,0.52064604,Data Retention|Data Security|Other/Unclear|Policy Change|User Control & Deletion
891_everydayhealth.com,38,Other/Unclear|Third-Party Sharing,0,0.34014508,0.22217189,0.24885006,0.64526635,0.39196384,0.52568454,0.4702294,Other/Unclear|Third-Party Sharing
891_everydayhealth.com,39,Other/Unclear,0,0.40385494,0.22784932,0.4211005,0.6169545,0.12807903,0.59440404,0.283436,Other/Unclear|Third-Party Sharing
891_everydayhealth.com,40,Data Security,0,0.39392963,0.4848546,0.8985583,0.5374363,0.27773753,0.47312275,0.25214285,Data Security|Other/Unclear
891_everydayhealth.com,41,Other/Unclear|Policy Change,0,0.2581066,0.37889895,0.3248735,0.60803574,0.9196382,0.286188,0.5451038,Other/Unclear|Policy Change|User Control & Deletion
898_uptodate.com,0,Data Collection|Other/Unclear|Third-Party Sharing,4,0.29054162,0.2580217,0.6470748,0.67700195,0.3038684,0.5141134,0.23105925,Data Security|Other/Unclear|Third-Party Sharing
898_uptodate.com,1,Other/Unclear,4,0.22504935,0.183165,0.32921314,0.69797415,0.6290821,0.27355888,0.39814115,Other/Unclear|Policy Change
898_uptodate.com,2,Data Collection,4,0.7215483,0.4943728,0.23790963,0.3651101,0.07674924,0.5932163,0.4587961,Data Collection|Third-Party Sharing
898_uptodate.com,3,Data Collection|User Control & Deletion,4,0.50635314,0.35718232,0.30396166,0.48014823,0.119228646,0.46017423,0.65195006,Data Collection|User Control & Deletion
898_uptodate.com,4,Data Collection|Third-Party Sharing,4,0.6045454,0.37375677,0.41511372,0.43063864,0.10809702,0.7501401,0.23585618,Data Collection|Third-Party Sharing
898_uptodate.com,5,Data Collection|Other/Unclear,4,0.7312453,0.23364341,0.1872324,0.37585154,0.093928985,0.5797332,0.2616433,Data Collection|Third-Party Sharing
898_uptodate.com,6,Data Collection|Third-Party Sharing,4,0.6963283,0.20311809,0.2315556,0.39620623,0.10833093,0.69497937,0.20725206,Data Collection|Third-Party Sharing
898_uptodate.com,7,Data Collection,4,0.7379779,0.3204067,0.14224775,0.3693521,0.08154395,0.44841343,0.6186246,Data Collection|User Control & Deletion
898_uptodate.com,8,Policy Change,4,0.265595,0.40593594,0.38344792,0.6254091,0.922209,0.33195853,0.4933577,Other/Unclear|Policy Change
898_uptodate.com,9,Other/Unclear,4,0.25926661,0.18795979,0.28903586,0.67979217,0.44511846,0.28673524,0.42814302,Other/Unclear
907_earthkam.org,0,Data Security|Other/Unclear,2,0.3648676,0.2686199,0.70283276,0.6502419,0.28337204,0.4074097,0.17845345,Data Security|Other/Unclear
907_earthkam.org,1,Data Security|Other/Unclear,2,0.2745359,0.41580057,0.77795684,0.6763896,0.39703733,0.41768,0.2620404,Data Security|Other/Unclear
907_earthkam.org,2,Data Collection|Other/Unclear,2,0.5651689,0.27452755,0.21382971,0.49505377,0.11218033,0.5222259,0.4286641,Data Collection|Third-Party Sharing
907_earthkam.org,3,Other/Unclear|Third-Party Sharing,2,0.6467127,0.18252866,0.22810464,0.40321323,0.10203039,0.67651707,0.20726842,Data Collection|Third-Party Sharing
907_earthkam.org,4,Data Collection|Third-Party Sharing,2,0.734706,0.21514389,0.1771839,0.3457373,0.09988193,0.61478215,0.26100412,Data Collection|Third-Party Sharing
907_earthkam.org,5,Other/Unclear|Third-Party Sharing|User Control & Deletion,2,0.28737187,0.44743064,0.71208143,0.63964313,0.30332163,0.5761124,0.31140792,Data Security|Other/Unclear|Third-Party Sharing
907_earthkam.org,6,Other/Unclear|User Control & Deletion,2,0.4514412,0.56214625,0.18010344,0.48879388,0.25950438,0.33424994,0.8408553,Data Retention|User Control & Deletion
907_earthkam.org,7,Other/Unclear|User Control & Deletion,2,0.36491886,0.6400703,0.20942777,0.5262858,0.39342138,0.31183818,0.8050941,Data Retention|Other/Unclear|User Control & Deletion
907_earthkam.org,8,Data Security|Other/Unclear,2,0.35461056,0.51698923,0.87743384,0.53141856,0.3069441,0.46172786,0.26669315,Data Retention|Data Security|Other/Unclear
907_earthkam.org,9,Data Retention|Data Security,2,0.3739909,0.48917478,0.91102284,0.5230153,0.2842854,0.44565022,0.24978088,Data Security|Other/Unclear
907_earthkam.org,10,Other/Unclear,2,0.26640457,0.18798088,0.2710242,0.7000569,0.54251736,0.2639573,0.39603868,Other/Unclear|Policy Change
919_uh.edu,0,Other/Unclear,1,0.23530795,0.23932245,0.4886909,0.7166076,0.56928015,0.35005802,0.32377407,Other/Unclear|Policy Change
919_uh.edu,1,Data Collection|Data Retention|Third-Party Sharing,1,0.73227215,0.23611161,0.32266116,0.4023903,0.08362768,0.61138767,0.25120753,Data Collection|Third-Party Sharing
919_uh.edu,2,Other/Unclear,1,0.7437502,0.21070582,0.21046032,0.35798463,0.083926216,0.5644564,0.3199211,Data Collection|Third-Party Sharing
919_uh.edu,3,Data Collection|Third-Party Sharing,1,0.7417801,0.39898354,0.1609281,0.33418918,0.08964253,0.5415046,0.56097966,Data Collection|Third-Party Sharing|User Control & Deletion
919_uh.edu,4,Data Collection|Data Retention|Third-Party Sharing,1,0.55677307,0.3662272,0.60645235,0.45851415,0.106816135,0.66973567,0.16966131,Data Collection|Data Security|Third-Party Sharing
919_uh.edu,5,Data Collection|Other/Unclear,1,0.71706396,0.20538245,0.36890528,0.3771231,0.112095036,0.5849591,0.17300671,Data Collection|Third-Party Sharing
919_uh.edu,6,Other/Unclear,1,0.24719387,0.19971417,0.34136635,0.708177,0.43852273,0.29687107,0.4032079,Other/Unclear
928_stlouisfed.org,0,Other/Unclear,3,0.2708124,0.20767327,0.47317338,0.7024207,0.41350174,0.31474575,0.2823889,Other/Unclear
928_stlouisfed.org,1,Data Collection|User Control & Deletion,3,0.5953035,0.38942274,0.20371844,0.44936013,0.092011824,0.51267165,0.6590839,Data Collection|Third-Party Sharing|User Control & Deletion
928_stlouisfed.org,2,Data Collection|User Control & Deletion,3,0.7437338,0.2370285,0.13452725,0.344802,0.09519624,0.45993054,0.55494153,Data Collection|User Control & Deletion
928_stlouisfed.org,3,Data Collection,3,0.7750123,0.263265,0.21028449,0.3559483,0.09436674,0.5527246,0.28387377,Data Collection|Third-Party Sharing
928_stlouisfed.org,4,Data Collection|User Control & Deletion,3,0.7848657,0.328666,0.1514809,0.31234512,0.089341395,0.51570123,0.51756567,Data Collection|Third-Party Sharing|User Control & Deletion
928_stlouisfed.org,5,Data Collection|Data Retention,3,0.66751534,0.31402886,0.12055012,0.3980603,0.15155534,0.38418838,0.72022486,Data Collection|User Control & Deletion
928_stlouisfed.org,6,Data Collection|Data Security,3,0.42220548,0.4510199,0.854067,0.55277234,0.1810843,0.4503726,0.28662613,Data Security|Other/Unclear
928_stlouisfed.org,7,Data Collection|Other/Unclear,3,0.7370339,0.22858638,0.17338866,0.37785876,0.086839795,0.47662848,0.4350711,Data Collection
928_stlouisfed.org,8,Data Collection,3,0.77039385,0.26683462,0.27793512,0.34107557,0.10692216,0.5789399,0.1887449,Data Collection|Third-Party Sharing
928_stlouisfed.org,9,Data Collection,3,0.65415627,0.2724784,0.33889318,0.43936458,0.122538224,0.5861329,0.19191422,Data Collection|Third-Party Sharing
928_stlouisfed.org,10,Data Collection|Data Retention|User Control & Deletion,3,0.57619023,0.60579515,0.28096098,0.4599548,0.18536854,0.4070638,0.8240158,Data Collection|Data Retention|User Control & Deletion
928_stlouisfed.org,11,Third-Party Sharing,3,0.70953584,0.3025074,0.34120098,0.3704862,0.09198496,0.7058378,0.20652953,Data Collection|Third-Party Sharing
928_stlouisfed.org,12,Other/Unclear|Third-Party Sharing,3,0.55314004,0.1781245,0.27747026,0.5121991,0.12146392,0.48722583,0.27759048,Data Collection|Other/Unclear
928_stlouisfed.org,13,Other/Unclear|Third-Party Sharing,3,0.3605245,0.23408559,0.5715763,0.66024643,0.1968773,0.38450643,0.2803205,Data Security|Other/Unclear
928_stlouisfed.org,14,User Control & Deletion,3,0.5823565,0.4028948,0.17434506,0.44759542,0.1679751,0.3331948,0.84417164,Data Collection|User Control & Deletion
928_stlouisfed.org,15,Data Collection|Third-Party Sharing,3,0.5111484,0.25893378,0.31637406,0.49249035,0.112547114,0.6856395,0.2403396,Data Collection|Third-Party Sharing
928_stlouisfed.org,16,Other/Unclear|User Control & Deletion,3,0.57155806,0.21299312,0.2677693,0.4582359,0.18194357,0.51917607,0.2974835,Data Collection|Third-Party Sharing
928_stlouisfed.org,17,Data Collection|Data Security|Third-Party Sharing,3,0.41279063,0.4114347,0.7999703,0.56032217,0.22139713,0.49478915,0.22870861,Data Security|Other/Unclear
928_stlouisfed.org,18,Data Security|Third-Party Sharing,3,0.40781918,0.56296396,0.8615214,0.56006444,0.26708108,0.53693885,0.27135086,Data Retention|Data Security|Other/Unclear|Third-Party Sharing
928_stlouisfed.org,19,Third-Party Sharing,3,0.6099056,0.31802633,0.45561486,0.37542975,0.116090715,0.72664344,0.16775626,Data Collection|Third-Party Sharing
928_stlouisfed.org,20,Other/Unclear|Third-Party Sharing|User Control & Deletion,3,0.54910046,0.43461525,0.191438,0.46489725,0.22460778,0.31012678,0.84939927,Data Collection|User Control & Deletion
928_stlouisfed.org,21,Data Collection|Other/Unclear,3,0.6344062,0.184147,0.14322536,0.4561589,0.123989314,0.42406029,0.4149635,Data Collection
928_stlouisfed.org,22,Other/Unclear,3,0.2994377,0.38447902,0.5588881,0.6515022,0.34125432,0.51755553,0.38762426,Data Security|Other/Unclear|Third-Party Sharing
928_stlouisfed.org,23,Other/Unclear,3,0.4964309,0.21730718,0.17727146,0.48622409,0.13313565,0.5592944,0.41013125,Third-Party Sharing
928_stlouisfed.org,24,Other/Unclear,3,0.5418163,0.19714302,0.16190441,0.46593612,0.13675632,0.4832182,0.4363781,Data Collection
928_stlouisfed.org,25,Data Collection|Other/Unclear|Third-Party Sharing,3,0.52384925,0.24916615,0.23349555,0.51209867,0.11938894,0.51795965,0.3931225,Data Collection|Other/Unclear|Third-Party Sharing
928_stlouisfed.org,26,Data Collection|Other/Unclear|Third-Party Sharing|User Control & Deletion,3,0.3050669,0.35660797,0.35953033,0.6163277,0.25968447,0.58723766,0.43444806,Other/Unclear|Third-Party Sharing
928_stlouisfed.org,27,Data Collection|Other/Unclear,3,0.43066818,0.23067304,0.18992634,0.57649726,0.21151827,0.43036705,0.4965601,Other/Unclear
928_stlouisfed.org,28,Other/Unclear,3,0.35173157,0.22523269,0.4423481,0.6937295,0.24457222,0.4112094,0.29563835,Other/Unclear
928_stlouisfed.org,29,Data Security,3,0.37900668,0.43899804,0.88596314,0.5622461,0.32987192,0.40775815,0.2430735,Data Security|Other/Unclear
928_stlouisfed.org,30,Data Collection|Other/Unclear|User Control & Deletion,3,0.3821658,0.3034428,0.15013692,0.5335285,0.34574443,0.23085247,0.78372365,Other/Unclear|User Control & Deletion
928_stlouisfed.org,31,Other/Unclear,3,0.3303669,0.14285806,0.22054414,0.6433012,0.28899932,0.33345246,0.35853043,Other/Unclear
940_internetbrands.com,0,Other/Unclear,0,0.40759024,0.1559891,0.31063503,0.63121456,0.28293186,0.38689792,0.25381318,Other/Unclear
940_internetbrands.com,1,Other/Unclear,0,0.5615873,0.20844086,0.4191553,0.4756164,0.11489622,0.6353391,0.17024891,Data Collection|Third-Party Sharing
940_internetbrands.com,2,Other/Unclear|Policy Change,0,0.30797586,0.31541273,0.5041184,0.6821934,0.5165215,0.49776933,0.32523745,Data Security|Other/Unclear|Policy Change
940_internetbrands.com,3,Other/Unclear|User Control & Deletion,0,0.23676044,0.24477966,0.27777237,0.7019628,0.6146956,0.3136558,0.576622,Other/Unclear|Policy Change|User Control & Deletion
940_internetbrands.com,4,Data Collection|Other/Unclear,0,0.7224832,0.2038269,0.17852612,0.3746677,0.077985816,0.5830197,0.3007904,Data Collection|Third-Party Sharing
940_internetbrands.com,5,Data Collection|Other/Unclear,0,0.6973538,0.1765157,0.1619561,0.39330342,0.08620724,0.5332342,0.32181785,Data Collection|Third-Party Sharing
940_internetbrands.com,6,Data Collection|Other/Unclear,0,0.66423184,0.29011345,0.35565764,0.36672768,0.10937673,0.5588477,0.26212344,Data Collection|Third-Party Sharing
940_internetbrands.com,7,Data Collection,0,0.7048345,0.16570538,0.16997676,0.3742909,0.10199971,0.5763301,0.2725331,Data Collection|Third-Party Sharing
940_internetbrands.com,8,Data Collection|Other/Unclear,0,0.711681,0.18472028,0.20345987,0.355662,0.11329617,0.5962895,0.21903263,Data Collection|Third-Party Sharing
940_internetbrands.com,9,Data Collection|Other/Unclear,0,0.67326105,0.27688533,0.1841695,0.37764856,0.08097645,0.49228528,0.4836439,Data Collection
940_internetbrands.com,10,Data Collection,0,0.6455394,0.18815342,0.20103972,0.36631912,0.11399949,0.619445,0.26380053,Data Collection|Third-Party Sharing
940_internetbrands.com,11,Data Collection,0,0.70709854,0.24157369,0.12739603,0.3775514,0.10258543,0.48195118,0.53721285,Data Collection|User Control & Deletion
940_internetbrands.com,12,Data Collection,0,0.69046164,0.20011383,0.11917817,0.37613037,0.104903944,0.50723577,0.49671257,Data Collection|Third-Party Sharing
940_internetbrands.com,13,Data Collection,0,0.62868845,0.20308268,0.11978432,0.40656918,0.123908,0.45288277,0.5638899,Data Collection|User Control & Deletion
940_internetbrands.com,14,Other/Unclear|User Control & Deletion,0,0.75713885,0.32313547,0.1663419,0.32437798,0.08740792,0.64153606,0.40459192,Data Collection|Third-Party Sharing
940_internetbrands.com,15,Data Collection,0,0.7317087,0.23919159,0.18740386,0.36018866,0.08499788,0.62930775,0.28118354,Data Collection|Third-Party Sharing
940_internetbrands.com,16,Data Collection|User Control & Deletion,0,0.7175822,0.23065351,0.22023372,0.39174917,0.08362842,0.61067843,0.27125308,Data Collection|Third-Party Sharing
940_internetbrands.com,17,Data Collection|Other/Unclear,0,0.6998702,0.18396936,0.18429412,0.3996445,0.10934331,0.55878824,0.2642013,Data Collection|Third-Party Sharing
940_internetbrands.com,18,Data Collection,0,0.7323623,0.21764556,0.12682408,0.34890288,0.114441305,0.52286947,0.4071087,Data Collection|Third-Party Sharing
940_internetbrands.com,19,Data Collection|Policy Change,0,0.56580853,0.2727107,0.13213833,0.4510852,0.2356502,0.47550553,0.4442328,Data Collection
940_internetbrands.com,20,Data Collection,0,0.73751014,0.19646043,0.17110741,0.34831366,0.11638146,0.55388814,0.23751226,Data Collection|Third-Party Sharing
940_internetbrands.com,21,Data Collection,0,0.7268947,0.19206053,0.17198364,0.346647,0.10031393,0.5577676,0.26510504,Data Collection|Third-Party Sharing
940_internetbrands.com,22,Data Collection,0,0.58293885,0.16844977,0.16049871,0.42421135,0.11193548,0.4764682,0.40148196,Data Collection
940_internetbrands.com,23,Data Collection,0,0.59833765,0.22003111,0.33145392,0.4146433,0.17599927,0.5811302,0.20065345,Data Collection|Third-Party Sharing
940_internetbrands.com,24,Data Collection,0,0.68978405,0.24934204,0.2134166,0.3546773,0.09688551,0.53756464,0.3185931,Data Collection|Third-Party Sharing
940_internetbrands.com,25,Data Collection,0,0.7118371,0.18217006,0.18283495,0.3536093,0.11456941,0.57919973,0.24123122,Data Collection|Third-Party Sharing
940_internetbrands.com,26,Data Collection,0,0.69776547,0.21461564,0.2534385,0.34544703,0.12009511,0.6435614,0.18220536,Data Collection|Third-Party Sharing
940_internetbrands.com,27,Data Collection,0,0.6221303,0.25827307,0.38725284,0.38286257,0.1597885,0.64668787,0.17303082,Data Collection|Third-Party Sharing
940_internetbrands.com,28,Data Collection,0,0.6991163,0.20630571,0.21186067,0.3392522,0.12087061,0.61562175,0.22834118,Data Collection|Third-Party Sharing
940_internetbrands.com,29,Data Collection,0,0.6154587,0.24807754,0.3555394,0.36748654,0.13361694,0.631307,0.17552678,Data Collection|Third-Party Sharing
940_internetbrands.com,30,Data Collection,0,0.6746534,0.22643195,0.32334697,0.36663422,0.12562016,0.6354152,0.1619558,Data Collection|Third-Party Sharing
940_internetbrands.com,31,Data Collection,0,0.6938757,0.19488528,0.12973619,0.3494204,0.10601382,0.5090853,0.47232053,Data Collection|Third-Party Sharing
940_internetbrands.com,32,Data Collection,0,0.6554252,0.18331276,0.13032879,0.3757669,0.12732318,0.48489523,0.44412604,Data Collection
940_internetbrands.com,33,Data Collection,0,0.72930926,0.21792677,0.21973324,0.3355549,0.115189046,0.6218143,0.21645692,Data Collection|Third-Party Sharing
940_internetbrands.com,34,Data Collection|Third-Party Sharing,0,0.70011383,0.19807723,0.21399982,0.3416945,0.10521843,0.6355824,0.20238446,Data Collection|Third-Party Sharing
940_internetbrands.com,35,Data Collection|Other/Unclear,0,0.7052631,0.26687023,0.2220073,0.38711044,0.091610804,0.6827513,0.21960351,Data Collection|Third-Party Sharing
940_internetbrands.com,36,Third-Party Sharing,0,0.63481843,0.18586412,0.22057648,0.41184863,0.11145486,0.6509446,0.20614702,Data Collection|Third-Party Sharing
940_internetbrands.com,37,Other/Unclear|Third-Party Sharing,0,0.62141234,0.32781717,0.54637045,0.3861486,0.12807398,0.7130149,0.15005961,Data Collection|Data Security|Third-Party Sharing
940_internetbrands.com,38,Third-Party Sharing,0,0.68478054,0.2276772,0.13366069,0.37470895,0.09390316,0.5661564,0.45462266,Data Collection|Third-Party Sharing
940_internetbrands.com,39,Data Collection|Third-Party Sharing,0,0.6044259,0.34202924,0.40172046,0.40868387,0.095723875,0.6910537,0.21431807,Data Collection|Third-Party Sharing
940_internetbrands.com,40,Data Collection|Third-Party Sharing,0,0.5725591,0.19303751,0.24354315,0.4139914,0.18228525,0.5270108,0.27522725,Data Collection|Third-Party Sharing
940_internetbrands.com,41,Data Collection|Third-Party Sharing,0,0.63488036,0.19001707,0.2694389,0.39548707,0.13793418,0.5996693,0.20518328,Data Collection|Third-Party Sharing
940_internetbrands.com,42,Data Collection|Third-Party Sharing,0,0.50471044,0.23804295,0.4551967,0.4568047,0.13834225,0.61202276,0.18196622,Data Collection|Third-Party Sharing
940_internetbrands.com,43,Data Collection|Third-Party Sharing,0,0.5788676,0.1877668,0.33803725,0.46072474,0.11406728,0.6060689,0.19899347,Data Collection|Third-Party Sharing
940_internetbrands.com,44,Data Collection|Third-Party Sharing,0,0.62413967,0.25217712,0.47020772,0.3822964,0.11526039,0.6551044,0.14648971,Data Collection|Third-Party Sharing
940_internetbrands.com,45,Data Collection|Third-Party Sharing,0,0.51605505,0.18234321,0.3469304,0.51125795,0.14022844,0.5175091,0.22309041,Data Collection|Other/Unclear|Third-Party Sharing
940_internetbrands.com,46,Third-Party Sharing,0,0.63535833,0.32969773,0.35163075,0.3928738,0.12956521,0.73320216,0.23994873,Data Collection|Third-Party Sharing
940_internetbrands.com,47,Third-Party Sharing,0,0.69150335,0.1825322,0.20438974,0.38590983,0.10131228,0.639611,0.19334555,Data Collection|Third-Party Sharing
940_internetbrands.com,48,Data Collection|Other/Unclear|Third-Party Sharing,0,0.47945747,0.18568192,0.255,0.5721687,0.1489965,0.61507356,0.35162657,Other/Unclear|Third-Party Sharing
940_internetbrands.com,49,Third-Party Sharing,0,0.6621723,0.2470553,0.20879869,0.37861836,0.10174416,0.6923927,0.24083357,Data Collection|Third-Party Sharing
940_internetbrands.com,50,Data Collection,0,0.77745736,0.34198183,0.22776854,0.33192497,0.079725124,0.6293248,0.30593753,Data Collection|Third-Party Sharing
940_internetbrands.com,51,Data Collection|Third-Party Sharing,0,0.77718925,0.33398378,0.20314386,0.33320105,0.09585112,0.6800251,0.29033032,Data Collection|Third-Party Sharing
940_internetbrands.com,52,Data Collection|Other/Unclear|User Control & Deletion,0,0.50751525,0.20058888,0.21735357,0.5482338,0.1310683,0.3814818,0.49974442,Data Collection|Other/Unclear
940_internetbrands.com,53,Other/Unclear,0,0.64483917,0.2720153,0.20272225,0.46167517,0.091083854,0.44661972,0.46510872,Data Collection
940_internetbrands.com,54,Other/Unclear|Third-Party Sharing|User Control & Deletion,0,0.5745579,0.21492887,0.19539738,0.49337235,0.089370705,0.60675305,0.410592,Data Collection|Third-Party Sharing
940_internetbrands.com,55,Other/Unclear|Third-Party Sharing,0,0.6246026,0.2502811,0.19921775,0.5055214,0.0981649,0.5322627,0.4384528,Data Collection|Other/Unclear|Third-Party Sharing
940_internetbrands.com,56,Other/Unclear|User Control & Deletion,0,0.55340725,0.40496355,0.14263028,0.45678073,0.23565756,0.3396904,0.82434326,Data Collection|User Control & Deletion
940_internetbrands.com,57,Other/Unclear|User Control & Deletion,0,0.52055526,0.3987193,0.14904469,0.47019154,0.303317,0.30400193,0.8422788,Data Collection|User Control & Deletion
940_internetbrands.com,58,User Control & Deletion,0,0.5297412,0.35682723,0.1314658,0.4562566,0.23435925,0.3150721,0.8357623,Data Collection|User Control & Deletion
940_internetbrands.com,59,User Control & Deletion,0,0.48601753,0.42758116,0.1560943,0.47640643,0.28304216,0.31606093,0.85400337,User Control & Deletion
940_internetbrands.com,60,User Control & Deletion,0,0.55621666,0.3686938,0.1333174,0.45033586,0.19793652,0.35442203,0.8311159,Data Collection|User Control & Deletion
940_internetbrands.com,61,User Control & Deletion,0,0.5481169,0.3407098,0.13707297,0.45443004,0.22819965,0.3200447,0.8252243,Data Collection|User Control & Deletion
940_internetbrands.com,62,User Control & Deletion,0,0.4547426,0.32818654,0.13463914,0.4827037,0.32399246,0.3070685,0.8347635,User Control & Deletion
940_internetbrands.com,63,Other/Unclear|User Control & Deletion,0,0.2875498,0.2560305,0.22013216,0.6449938,0.61304647,0.24927327,0.64527607,Other/Unclear|Policy Change|User Control & Deletion
940_internetbrands.com,64,Other/Unclear,0,0.48997346,0.24164501,0.14020807,0.4758217,0.1997202,0.30295956,0.71454024,User Control & Deletion
940_internetbrands.com,65,Data Security,0,0.3597335,0.46361166,0.87653285,0.5678661,0.3303353,0.4306595,0.26066667,Data Security|Other/Unclear
940_internetbrands.com,66,Data Retention|Other/Unclear,0,0.3281462,0.77450573,0.516002,0.6028088,0.5973667,0.40920046,0.6136079,Data Retention|Data Security|Other/Unclear|Policy Change|User Control & Deletion
940_internetbrands.com,67,Other/Unclear,0,0.54470336,0.43074256,0.3684886,0.510933,0.1409368,0.522022,0.43548772,Data Collection|Other/Unclear|Third-Party Sharing
940_internetbrands.com,68,Data Retention,0,0.30663946,0.7262566,0.49880403,0.5572628,0.75236225,0.39961317,0.57055557,Data Retention|Other/Unclear|Policy Change|User Control & Deletion
940_internetbrands.com,69,Other/Unclear,0,0.6956307,0.19968179,0.22324777,0.37688094,0.08480081,0.6442421,0.21421334,Data Collection|Third-Party Sharing
940_internetbrands.com,70,Other/Unclear|User Control & Deletion,0,0.50613135,0.38148132,0.14830044,0.47064728,0.24942513,0.31062347,0.8580864,Data Collection|User Control & Deletion
940_internetbrands.com,71,Other/Unclear|User Control & Deletion,0,0.6097159,0.43550995,0.15912847,0.43056569,0.1502489,0.45941263,0.79848486,Data Collection|User Control & Deletion
940_internetbrands.com,72,User Control & Deletion,0,0.48673707,0.28140983,0.1386785,0.47792062,0.22267015,0.3261438,0.8333976,User Control & Deletion
940_internetbrands.com,73,Data Security,0,0.3993619,0.48739773,0.8854165,0.5235904,0.29566365,0.47500703,0.24240415,Data Security|Other/Unclear
940_internetbrands.com,74,Data Retention|Data Security|Other/Unclear|Third-Party Sharing,0,0.44249824,0.56986153,0.8492259,0.50403094,0.18521343,0.59692425,0.25897685,Data Retention|Data Security|Other/Unclear|Third-Party Sharing
940_internetbrands.com,75,Data Security|Other/Unclear,0,0.3761183,0.5060446,0.89854217,0.5480107,0.29157946,0.49915648,0.27117074,Data Retention|Data Security|Other/Unclear
940_internetbrands.com,76,Data Security|Other/Unclear,0,0.54744375,0.5099043,0.6131022,0.51900744,0.1509293,0.45205197,0.4340367,Data Collection|Data Retention|Data Security|Other/Unclear
940_internetbrands.com,77,Data Security|Other/Unclear,0,0.5820149,0.2826891,0.4158487,0.45579895,0.11852902,0.49135286,0.2634196,Data Collection
940_internetbrands.com,78,Data Security|Other/Unclear,0,0.47673395,0.41193774,0.76572645,0.55392766,0.1554587,0.53764945,0.21766376,Data Security|Other/Unclear|Third-Party Sharing
940_internetbrands.com,79,Data Security|Other/Unclear,0,0.56150454,0.27088487,0.24437548,0.45833468,0.12619457,0.39923486,0.562857,Data Collection|User Control & Deletion
940_internetbrands.com,80,Data Security|Other/Unclear,0,0.5360873,0.4691461,0.24104026,0.4726661,0.17589374,0.3748164,0.7665496,Data Collection|User Control & Deletion
940_internetbrands.com,81,Data Security|Other/Unclear,0,0.48316276,0.19985214,0.17028697,0.5133625,0.19672623,0.35469595,0.6654732,Other/Unclear|User Control & Deletion
940_internetbrands.com,82,Data Security|Other/Unclear,0,0.5062924,0.279816,0.14462247,0.48587823,0.19711277,0.3430176,0.789152,Data Collection|User Control & Deletion
940_internetbrands.com,83,Data Security|Other/Unclear,0,0.4963029,0.23679407,0.36670378,0.53165585,0.1425702,0.39063552,0.44111255,Other/Unclear
940_internetbrands.com,84,Data Security|Other/Unclear,0,0.66485167,0.16738106,0.19406503,0.41774514,0.13064913,0.53955054,0.24832255,Data Collection|Third-Party Sharing
940_internetbrands.com,85,Other/Unclear,0,0.46534136,0.31519964,0.58900636,0.5522026,0.11803938,0.67202705,0.2043054,Data Security|Other/Unclear|Third-Party Sharing
940_internetbrands.com,86,Data Collection|Other/Unclear|Third-Party Sharing,0,0.6162572,0.15789571,0.15563165,0.4784228,0.12517466,0.531066,0.38776013,Data Collection|Third-Party Sharing
940_internetbrands.com,87,Data Security|Other/Unclear,0,0.50008345,0.30368626,0.5540707,0.5121254,0.11852786,0.6417164,0.17962326,Data Collection|Data Security|Other/Unclear|Third-Party Sharing
940_internetbrands.com,88,Data Collection|Other/Unclear|Third-Party Sharing,0,0.48698178,0.41835505,0.5760178,0.49209195,0.16870289,0.7457843,0.24903989,Data Security|Third-Party Sharing
940_internetbrands.com,89,Other/Unclear,0,0.42786646,0.34005472,0.58760244,0.5186998,0.18533385,0.6401593,0.25720385,Data Security|Other/Unclear|Third-Party Sharing
940_internetbrands.com,90,Other/Unclear,0,0.42942905,0.40207684,0.64176327,0.5762106,0.15443677,0.6495287,0.21395816,Data Security|Other/Unclear|Third-Party Sharing
940_internetbrands.com,91,Other/Unclear,0,0.22496833,0.2073881,0.39687744,0.71111876,0.5143368,0.3660875,0.40251735,Other/Unclear|Policy Change
940_internetbrands.com,92,Other/Unclear|User Control & Deletion,0,0.2706307,0.33989298,0.2737946,0.62934524,0.5250661,0.41640717,0.6365551,Other/Unclear|Policy Change|User Control & Deletion
940_internetbrands.com,93,Data Retention|Other/Unclear|User Control & Deletion,0,0.31312823,0.5754139,0.21644075,0.58290267,0.5561251,0.33640984,0.82734287,Data Retention|Other/Unclear|Policy Change|User Control & Deletion
940_internetbrands.com,94,Data Collection|Data Retention|Data Security|Other/Unclear|Third-Party Sharing,0,0.38428417,0.6747603,0.68992805,0.53670615,0.30139238,0.5993816,0.42945975,Data Retention|Data Security|Other/Unclear|Third-Party Sharing
940_internetbrands.com,95,Other/Unclear|Policy Change,0,0.28232712,0.51234835,0.43097246,0.6732085,0.54312223,0.3811741,0.4993583,Data Retention|Other/Unclear|Policy Change
940_internetbrands.com,96,Other/Unclear,0,0.3343096,0.70003927,0.4284644,0.6355962,0.59802467,0.42651403,0.6322154,Data Retention|Other/Unclear|Policy Change|User Control & Deletion
940_internetbrands.com,97,Other/Unclear,0,0.55480206,0.35772562,0.38481766,0.46047592,0.07570759,0.649551,0.33033392,Data Collection|Third-Party Sharing
940_internetbrands.com,98,Other/Unclear|Third-Party Sharing,0,0.4131888,0.28462508,0.30431053,0.6035636,0.1654647,0.6264787,0.51423347,Other/Unclear|Third-Party Sharing|User Control & Deletion
940_internetbrands.com,99,Other/Unclear,0,0.35686266,0.31890202,0.37868673,0.6062003,0.18345703,0.64606357,0.3967504,Other/Unclear|Third-Party Sharing
940_internetbrands.com,100,Other/Unclear,0,0.31282452,0.31259075,0.2374671,0.66009563,0.33548978,0.33517355,0.680718,Other/Unclear|User Control & Deletion
940_internetbrands.com,101,Other/Unclear,0,0.38276517,0.16736804,0.23732111,0.62311476,0.19533132,0.3381984,0.46133065,Other/Unclear
940_internetbrands.com,102,Policy Change,0,0.2813048,0.4415246,0.35937724,0.5987545,0.9321956,0.30030718,0.5521361,Other/Unclear|Policy Change|User Control & Deletion
940_internetbrands.com,103,Other/Unclear|Policy Change,0,0.2974892,0.3917052,0.3683085,0.64400285,0.8959423,0.2945365,0.46969974,Other/Unclear|Policy Change
962_lynda.com,0,Other/Unclear,3,0.34507796,0.15658733,0.27780133,0.6552753,0.3689685,0.30728957,0.28828144,Other/Unclear
962_lynda.com,1,Other/Unclear|Policy Change,3,0.2973146,0.3525251,0.35953626,0.6327512,0.8671303,0.29072157,0.45624053,Other/Unclear|Policy Change
962_lynda.com,2,Data Collection|Data Security|Other/Unclear,3,0.28284162,0.23893145,0.47865316,0.71042603,0.32997906,0.44961652,0.2682509,Other/Unclear
962_lynda.com,3,Other/Unclear,3,0.2789845,0.30395746,0.7565001,0.6933355,0.5077394,0.38895127,0.24756628,Data Security|Other/Unclear|Policy Change
962_lynda.com,4,Other/Unclear,3,0.65212005,0.22763738,0.35395136,0.47567388,0.12411143,0.49393076,0.19304238,Data Collection
962_lynda.com,5,Data Security|Other/Unclear,3,0.2888916,0.31378195,0.7903842,0.63776726,0.36809364,0.3948174,0.25265467,Data Security|Other/Unclear
962_lynda.com,6,Other/Unclear,3,0.2121134,0.19811465,0.39391622,0.6948872,0.6001777,0.32087892,0.33423823,Other/Unclear|Policy Change
962_lynda.com,7,Other/Unclear,3,0.40265998,0.3279754,0.18028736,0.5403593,0.19855739,0.38809994,0.74027145,Other/Unclear|User Control & Deletion
962_lynda.com,8,Other/Unclear|User Control & Deletion,3,0.22978489,0.18660522,0.2802898,0.6963097,0.5440749,0.28174558,0.4395163,Other/Unclear|Policy Change
962_lynda.com,9,Other/Unclear|User Control & Deletion,3,0.21831195,0.21728908,0.2660805,0.68057907,0.6540578,0.2691069,0.52313113,Other/Unclear|Policy Change|User Control & Deletion
962_lynda.com,10,Data Collection|Data Retention|Data Security|Other/Unclear|Policy Change|Third-Party Sharing|User Control & Deletion,3,0.39717716,0.37128502,0.21014696,0.60477954,0.3589199,0.26936916,0.62418807,Other/Unclear|User Control & Deletion
962_lynda.com,11,Data Collection,3,0.77471054,0.23983374,0.15364024,0.34664294,0.08271804,0.5216668,0.3719589,Data Collection|Third-Party Sharing
962_lynda.com,12,Data Collection|Third-Party Sharing,3,0.7291184,0.44160366,0.20397353,0.37206504,0.07353121,0.61219126,0.5720514,Data Collection|Third-Party Sharing|User Control & Deletion
962_lynda.com,13,Data Collection,3,0.7764039,0.28088537,0.29283178,0.32748544,0.08862298,0.5914281,0.20460103,Data Collection|Third-Party Sharing
962_lynda.com,14,Data Collection|Other/Unclear,3,0.599997,0.29375675,0.22336116,0.44782975,0.08390904,0.5620995,0.45860168,Data Collection|Third-Party Sharing
962_lynda.com,15,Data Collection|Third-Party Sharing,3,0.78544176,0.32213363,0.26574033,0.33750492,0.089160904,0.643049,0.24167801,Data Collection|Third-Party Sharing
962_lynda.com,16,Data Collection,3,0.72164845,0.41458818,0.24547553,0.36922583,0.08173972,0.44505054,0.5922228,Data Collection|User Control & Deletion
962_lynda.com,17,Data Collection|Data Retention|Data Security|Other/Unclear,3,0.43441907,0.50362766,0.67954546,0.50682026,0.16080256,0.64669126,0.2524372,Data Retention|Data Security|Other/Unclear|Third-Party Sharing
962_lynda.com,18,Data Collection,3,0.63943607,0.21823242,0.35816488,0.43600258,0.1426693,0.45556182,0.20288453,Data Collection
962_lynda.com,19,Data Collection,3,0.71188295,0.20607615,0.16578153,0.3486661,0.103381895,0.56412303,0.28676137,Data Collection|Third-Party Sharing
962_lynda.com,20,Data Collection,3,0.62470114,0.2890927,0.3413983,0.35876086,0.14643595,0.68341774,0.22047406,Data Collection|Third-Party Sharing
962_lynda.com,21,Data Collection|Third-Party Sharing,3,0.66416264,0.36837968,0.5136233,0.3927829,0.095415294,0.6260785,0.24791281,Data Collection|Data Security|Third-Party Sharing
962_lynda.com,22,Data Collection|User Control & Deletion,3,0.6816991,0.19498013,0.12536028,0.36938637,0.11887347,0.37827766,0.5954269,Data Collection|User Control & Deletion
962_lynda.com,23,Data Collection|Policy Change,3,0.3584604,0.23096275,0.19484705,0.58707654,0.48175716,0.24936178,0.49024123,Other/Unclear
962_lynda.com,24,Data Collection,3,0.7023012,0.23523629,0.19973639,0.40299764,0.12601453,0.5529024,0.33878717,Data Collection|Third-Party Sharing
962_lynda.com,25,Data Collection|Other/Unclear,3,0.74405336,0.31237385,0.19122411,0.36877587,0.06877567,0.55673784,0.45887738,Data Collection|Third-Party Sharing
962_lynda.com,26,Third-Party Sharing,3,0.5882402,0.39576885,0.27867967,0.4182556,0.08591887,0.6653705,0.45134947,Data Collection|Third-Party Sharing
962_lynda.com,27,Data Collection|Data Retention,3,0.3963054,0.52904207,0.24573413,0.53001237,0.3558423,0.26868033,0.81662875,Data Retention|Other/Unclear|User Control & Deletion
962_lynda.com,28,Other/Unclear|Third-Party Sharing|User Control & Deletion,3,0.3841455,0.29646048,0.3681547,0.59318715,0.16695765,0.70581645,0.32097033,Other/Unclear|Third-Party Sharing
962_lynda.com,29,Third-Party Sharing,3,0.6085728,0.3724584,0.576391,0.3807104,0.14517435,0.75200397,0.188711,Data Collection|Data Security|Third-Party Sharing
962_lynda.com,30,Third-Party Sharing,3,0.5716652,0.29925212,0.35280293,0.39999208,0.12617648,0.7482455,0.21667276,Data Collection|Third-Party Sharing
962_lynda.com,31,Third-Party Sharing,3,0.39241222,0.47869074,0.31760356,0.5350801,0.3511221,0.68101925,0.48589224,Other/Unclear|Third-Party Sharing
962_lynda.com,32,Third-Party Sharing,3,0.66798216,0.21372485,0.21602152,0.37232184,0.11454658,0.6591542,0.23286165,Data Collection|Third-Party Sharing
962_lynda.com,33,Other/Unclear,3,0.5212966,0.24715468,0.24240491,0.4964462,0.11167758,0.6624405,0.35542774,Data Collection|Third-Party Sharing
962_lynda.com,34,Other/Unclear|Third-Party Sharing,3,0.5705029,0.15657622,0.18772411,0.49605346,0.12770793,0.48377562,0.3405814,Data Collection
962_lynda.com,35,Other/Unclear,3,0.27321523,0.18238646,0.34467483,0.69996005,0.41983417,0.27162194,0.34973943,Other/Unclear
962_lynda.com,36,Other/Unclear|User Control & Deletion,3,0.46581566,0.41115758,0.14998071,0.48504198,0.3340757,0.28427875,0.8263175,User Control & Deletion
962_lynda.com,37,Other/Unclear|User Control & Deletion,3,0.44672027,0.35158202,0.1450773,0.49976385,0.28153548,0.2683061,0.83181393,User Control & Deletion
962_lynda.com,38,Data Retention|Other/Unclear|User Control & Deletion,3,0.45650172,0.64387727,0.25858158,0.50509346,0.34881678,0.31128892,0.85306555,Data Retention|Other/Unclear|User Control & Deletion
962_lynda.com,39,Other/Unclear|User Control & Deletion,3,0.5210399,0.43790787,0.16825742,0.46824524,0.26370004,0.31182206,0.85521305,Data Collection|User Control & Deletion
962_lynda.com,40,Other/Unclear|User Control & Deletion,3,0.38874447,0.3568067,0.16500996,0.5401347,0.36211613,0.24996018,0.825822,Other/Unclear|User Control & Deletion
962_lynda.com,41,Data Collection|Data Retention|Other/Unclear|User Control & Deletion,3,0.37268752,0.7645991,0.5472749,0.53933406,0.5112073,0.49384883,0.61071366,Data Retention|Data Security|Other/Unclear|Policy Change|User Control & Deletion
962_lynda.com,42,User Control & Deletion,3,0.6723503,0.26616475,0.13748159,0.3888617,0.11766384,0.37558365,0.7086922,Data Collection|User Control & Deletion
962_lynda.com,43,Other/Unclear|User Control & Deletion,3,0.52495766,0.44735226,0.16808936,0.45979014,0.264698,0.3046671,0.8756551,Data Collection|User Control & Deletion
962_lynda.com,44,Data Collection|Third-Party Sharing|User Control & Deletion,3,0.58571863,0.42061114,0.15847819,0.43183798,0.115510486,0.498676,0.7753957,Data Collection|User Control & Deletion
962_lynda.com,45,Data Collection|Other/Unclear|User Control & Deletion,3,0.45273572,0.43799737,0.22595397,0.52969515,0.14588733,0.5060579,0.76053,Other/Unclear|Third-Party Sharing|User Control & Deletion
962_lynda.com,46,Data Collection|User Control & Deletion,3,0.50378203,0.41367486,0.17693412,0.4691177,0.23652865,0.30308768,0.8648021,Data Collection|User Control & Deletion
962_lynda.com,47,Data Collection|Other/Unclear|Third-Party Sharing|User Control & Deletion,3,0.58905345,0.6104246,0.4633266,0.46945795,0.099134356,0.63089186,0.4488064,Data Collection|Data Retention|Third-Party Sharing
962_lynda.com,48,Data Retention,3,0.39556012,0.7151256,0.6991811,0.5465312,0.45628297,0.5740191,0.4426279,Data Retention|Data Security|Other/Unclear|Third-Party Sharing
962_lynda.com,49,Data Security,3,0.43432102,0.39460844,0.8518014,0.5411764,0.19835873,0.45096868,0.21821062,Data Security|Other/Unclear
962_lynda.com,50,Data Security|User Control & Deletion,3,0.50769085,0.36382923,0.677912,0.4782387,0.097384825,0.50333434,0.300227,Data Collection|Data Security|Third-Party Sharing
962_lynda.com,51,Data Security,3,0.39724144,0.5418177,0.85360694,0.5559031,0.21705359,0.46744853,0.3388847,Data Retention|Data Security|Other/Unclear
962_lynda.com,52,Data Security|Other/Unclear,3,0.42304525,0.324858,0.27833897,0.54366285,0.20006765,0.25773358,0.6456124,Other/Unclear|User Control & Deletion
962_lynda.com,53,Data Security|Other/Unclear,3,0.35615548,0.42341802,0.86671054,0.5706836,0.24729411,0.52022386,0.22333412,Data Security|Other/Unclear|Third-Party Sharing
962_lynda.com,54,Data Collection|Data Security|Other/Unclear,3,0.34595743,0.5471607,0.72721505,0.5696275,0.2738681,0.42306307,0.49395776,Data Retention|Data Security|Other/Unclear
962_lynda.com,55,Data Collection,3,0.72537637,0.19994546,0.14385709,0.3764449,0.102950685,0.48050004,0.3805039,Data Collection
962_lynda.com,56,Other/Unclear,3,0.7582614,0.23801127,0.21358998,0.363053,0.08383818,0.49051332,0.3235597,Data Collection
962_lynda.com,57,Data Collection,3,0.6840274,0.46128058,0.2648328,0.38846925,0.12509273,0.39128935,0.64600974,Data Collection|User Control & Deletion
962_lynda.com,58,Data Collection|Other/Unclear|Third-Party Sharing,3,0.42740035,0.36286882,0.6776618,0.607996,0.1327265,0.61219287,0.22069131,Data Security|Other/Unclear|Third-Party Sharing
962_lynda.com,59,Data Collection|Other/Unclear|User Control & Deletion,3,0.54134035,0.40309992,0.18441957,0.4725583,0.20300712,0.2977766,0.8605888,Data Collection|User Control & Deletion
962_lynda.com,60,Data Collection|Other/Unclear,3,0.7304625,0.31120571,0.25604638,0.43045264,0.09317718,0.47877407,0.40578166,Data Collection
962_lynda.com,61,Third-Party Sharing|User Control & Deletion,3,0.503396,0.5160552,0.19361179,0.48240057,0.16964999,0.4657601,0.82359207,Data Collection|Data Retention|User Control & Deletion
962_lynda.com,62,Data Collection|Other/Unclear|User Control & Deletion,3,0.68697006,0.31092155,0.19131747,0.4187735,0.08712284,0.41540414,0.6225754,Data Collection|User Control & Deletion
962_lynda.com,63,Data Collection,3,0.7451834,0.33353895,0.30307993,0.39890316,0.07879243,0.5810588,0.27611336,Data Collection|Third-Party Sharing
962_lynda.com,64,Other/Unclear|Third-Party Sharing,3,0.35766423,0.31140795,0.3683758,0.63328743,0.16407444,0.63250196,0.38249654,Other/Unclear|Third-Party Sharing
962_lynda.com,65,Data Collection|Other/Unclear|User Control & Deletion,3,0.35049123,0.26047817,0.15547103,0.5990597,0.24576701,0.35196364,0.6834002,Other/Unclear|User Control & Deletion
962_lynda.com,66,Other/Unclear|Third-Party Sharing|User Control & Deletion,3,0.3369691,0.5252592,0.33610183,0.5634959,0.22315934,0.68278086,0.6002867,Data Retention|Other/Unclear|Third-Party Sharing|User Control & Deletion
962_lynda.com,67,Policy Change,3,0.22649226,0.31974116,0.3402019,0.6493128,0.9301286,0.28688928,0.48535243,Other/Unclear|Policy Change
962_lynda.com,68,Policy Change|User Control & Deletion,3,0.20194119,0.31944397,0.26298013,0.64701456,0.84084404,0.29825264,0.54640794,Other/Unclear|Policy Change|User Control & Deletion
962_lynda.com,69,Other/Unclear|Policy Change,3,0.33473656,0.47725168,0.3071233,0.6581291,0.6460504,0.3249615,0.52064145,Other/Unclear|Policy Change|User Control & Deletion
962_lynda.com,70,Data Collection|Other/Unclear|Third-Party Sharing|User Control & Deletion,3,0.43161985,0.3884771,0.2166086,0.5563198,0.13742194,0.5149569,0.6704385,Other/Unclear|Third-Party Sharing|User Control & Deletion
962_lynda.com,71,Data Collection|Other/Unclear|Third-Party Sharing,3,0.68841463,0.24441323,0.21163757,0.42744341,0.07037105,0.6094033,0.32241502,Data Collection|Third-Party Sharing
962_lynda.com,72,Data Collection|Data Retention|Other/Unclear|User Control & Deletion,3,0.6444889,0.6127739,0.2249342,0.4277823,0.14043212,0.45055538,0.75436455,Data Collection|Data Retention|User Control & Deletion
962_lynda.com,73,Other/Unclear,3,0.2555238,0.17413351,0.24313007,0.699058,0.44427356,0.25080112,0.40222487,Other/Unclear
988_solarviews.com,0,Third-Party Sharing,4,0.66476893,0.20899525,0.21756187,0.43715793,0.07831664,0.62654126,0.36576152,Data Collection|Third-Party Sharing
98_neworleansonline.com,0,Other/Unclear,4,0.31982687,0.1908142,0.36262912,0.68260103,0.4574395,0.30233574,0.2880774,Other/Unclear
98_neworleansonline.com,1,Other/Unclear|Policy Change,4,0.30964515,0.40677857,0.3902911,0.6322921,0.87721795,0.29778272,0.47870106,Other/Unclear|Policy Change
98_neworleansonline.com,2,Data Collection|Other/Unclear|User Control & Deletion,4,0.22886832,0.18508777,0.33840057,0.712644,0.60761636,0.3513736,0.3891984,Other/Unclear|Policy Change
98_neworleansonline.com,3,Other/Unclear,4,0.32013506,0.3221565,0.60850734,0.6195088,0.23534994,0.58557713,0.298119,Data Security|Other/Unclear|Third-Party Sharing
98_neworleansonline.com,4,Policy Change,4,0.2508311,0.41867352,0.31552768,0.63465804,0.9157877,0.31742248,0.55129546,Other/Unclear|Policy Change|User Control & Deletion
98_neworleansonline.com,5,Data Collection|Data Security|Other/Unclear|Third-Party Sharing|User Control & Deletion,4,0.3733293,0.16550545,0.18830968,0.6397122,0.25590897,0.35351828,0.45212802,Other/Unclear
98_neworleansonline.com,6,Data Collection|Third-Party Sharing|User Control & Deletion,4,0.7834232,0.3168927,0.26326096,0.317571,0.08751545,0.6326266,0.21276875,Data Collection|Third-Party Sharing
98_neworleansonline.com,7,Data Collection,4,0.7723046,0.39033553,0.24907409,0.40224025,0.07591854,0.6332796,0.26879737,Data Collection|Third-Party Sharing
98_neworleansonline.com,8,Data Collection|Other/Unclear,4,0.67926186,0.20218521,0.21445777,0.42755383,0.101400554,0.6018995,0.23232915,Data Collection|Third-Party Sharing
98_neworleansonline.com,9,Data Collection,4,0.77000695,0.24203807,0.17600664,0.34709355,0.107391946,0.4586605,0.31135702,Data Collection
98_neworleansonline.com,10,Data Collection,4,0.74113137,0.21681502,0.13580555,0.36388135,0.11377417,0.44721603,0.3739426,Data Collection
98_neworleansonline.com,11,Data Collection,4,0.77304024,0.22718067,0.16067477,0.32745278,0.09981381,0.5420137,0.31108925,Data Collection|Third-Party Sharing
98_neworleansonline.com,12,Data Collection|Other/Unclear|Policy Change,4,0.63081753,0.29069385,0.13169701,0.42909,0.15876526,0.3368028,0.6037665,Data Collection|User Control & Deletion
98_neworleansonline.com,13,Data Collection,4,0.7655367,0.22459137,0.2046661,0.35187244,0.099389285,0.531649,0.24611565,Data Collection|Third-Party Sharing
98_neworleansonline.com,14,Data Collection,4,0.71477544,0.25264972,0.15317786,0.36261818,0.09341418,0.46381867,0.46087807,Data Collection
98_neworleansonline.com,15,Data Collection,4,0.6379408,0.24371092,0.42448536,0.3679465,0.17707258,0.63137966,0.17170961,Data Collection|Third-Party Sharing
98_neworleansonline.com,16,Data Collection,4,0.7156479,0.2335496,0.17501132,0.36246508,0.1874675,0.4730427,0.31748068,Data Collection
98_neworleansonline.com,17,Data Collection|User Control & Deletion,4,0.62207013,0.4222655,0.14258198,0.40822214,0.11029608,0.41464514,0.79174614,Data Collection|User Control & Deletion
98_neworleansonline.com,18,User Control & Deletion,4,0.27084386,0.37798733,0.22959995,0.6073074,0.43655196,0.3256531,0.8107974,Other/Unclear|User Control & Deletion
98_neworleansonline.com,19,Other/Unclear|Third-Party Sharing,4,0.49887702,0.3407031,0.60098433,0.53982604,0.11690702,0.67391694,0.17875378,Data Security|Other/Unclear|Third-Party Sharing
98_neworleansonline.com,20,Third-Party Sharing,4,0.63771766,0.27016997,0.47398353,0.4015477,0.106923684,0.71103156,0.15634759,Data Collection|Third-Party Sharing
98_neworleansonline.com,21,Third-Party Sharing,4,0.74394953,0.26607916,0.21867447,0.36361247,0.08143798,0.6724803,0.23603196,Data Collection|Third-Party Sharing
98_neworleansonline.com,22,Third-Party Sharing,4,0.7500581,0.2700682,0.23325889,0.34966782,0.08694113,0.629752,0.21521975,Data Collection|Third-Party Sharing
98_neworleansonline.com,23,Third-Party Sharing,4,0.54229456,0.35131857,0.28953525,0.44333035,0.23798695,0.7565732,0.29950452,Data Collection|Third-Party Sharing
98_neworleansonline.com,24,Data Collection|Third-Party Sharing,4,0.58185714,0.3071406,0.4665583,0.4026001,0.13009053,0.6920719,0.17662369,Data Collection|Third-Party Sharing
98_neworleansonline.com,25,Data Collection|Third-Party Sharing,4,0.71123075,0.32397708,0.3005433,0.3624405,0.09862349,0.7403089,0.2007694,Data Collection|Third-Party Sharing
98_neworleansonline.com,26,Data Collection,4,0.4573561,0.19753717,0.29799512,0.6031972,0.2518498,0.53190404,0.22993357,Other/Unclear|Third-Party Sharing
98_neworleansonline.com,27,User Control & Deletion,4,0.37585446,0.35537586,0.21275328,0.5493707,0.26958394,0.22950448,0.7110772,Other/Unclear|User Control & Deletion
98_neworleansonline.com,28,Data Security,4,0.370123,0.38355312,0.8678194,0.54078656,0.25823122,0.45758817,0.21239415,Data Security|Other/Unclear
98_neworleansonline.com,29,Data Security|Other/Unclear,4,0.3730873,0.44189417,0.88872963,0.5319301,0.29730937,0.42909688,0.27981555,Data Security|Other/Unclear
98_neworleansonline.com,30,Other/Unclear,4,0.7630805,0.3196897,0.19171867,0.35778522,0.07971344,0.5838272,0.33223197,Data Collection|Third-Party Sharing
98_neworleansonline.com,31,Data Collection,4,0.78662217,0.21462294,0.14590693,0.3610124,0.095353335,0.45437393,0.36164322,Data Collection
98_neworleansonline.com,32,Other/Unclear|User Control & Deletion,4,0.4622545,0.28208423,0.17265457,0.48669225,0.21113315,0.25475806,0.77478004,User Control & Deletion
98_neworleansonline.com,33,Data Collection|Third-Party Sharing,4,0.76379657,0.23510757,0.33078033,0.3871008,0.105516925,0.59215564,0.1832025,Data Collection|Third-Party Sharing
98_neworleansonline.com,34,Data Collection|Third-Party Sharing,4,0.73045987,0.23815766,0.31471324,0.37175682,0.13253896,0.6369307,0.17332806,Data Collection|Third-Party Sharing
98_neworleansonline.com,35,Other/Unclear|Third-Party Sharing,4,0.3290564,0.19293517,0.46453813,0.66824865,0.22177269,0.54291916,0.26834658,Other/Unclear|Third-Party Sharing
98_neworleansonline.com,36,Other/Unclear|User Control & Deletion,4,0.36470285,0.39494336,0.18768795,0.5936336,0.23451476,0.39496222,0.6974824,Other/Unclear|User Control & Deletion
98_neworleansonline.com,37,Other/Unclear,4,0.5161589,0.18956743,0.3502612,0.53797555,0.114033066,0.5438144,0.21286051,Data Collection|Other/Unclear|Third-Party Sharing
98_neworleansonline.com,38,Other/Unclear|User Control & Deletion,4,0.40832892,0.36223477,0.16895995,0.5560302,0.17359611,0.2973839,0.76420975,Other/Unclear|User Control & Deletion
98_neworleansonline.com,39,Other/Unclear,4,0.22899823,0.23411803,0.48093325,0.7092211,0.6094816,0.36257195,0.31694826,Other/Unclear|Policy Change
98_neworleansonline.com,40,Other/Unclear,4,0.283095,0.17609435,0.3142227,0.704033,0.33730987,0.2615268,0.41360486,Other/Unclear
